image_id,class_id,x_center,y_center,width,height,confidence
000003_jpg.rf.8511b9c219dbf9799a6d58900b15917d.jpg,7,0.5003288388252258,0.48041874170303345,0.456485778093338,0.6161643266677856,0.95450359582901
000006_jpg.rf.89610ec419ccfab22f8314026b90ee26.jpg,7,0.3767492473125458,0.1651550829410553,0.2695501148700714,0.3226778507232666,0.9585145711898804
000006_jpg.rf.89610ec419ccfab22f8314026b90ee26.jpg,1,0.8819934725761414,0.10993365198373795,0.018390949815511703,0.05867837369441986,0.005953949876129627
000006_jpg.rf.89610ec419ccfab22f8314026b90ee26.jpg,7,0.38286638259887695,0.4381519556045532,0.29437747597694397,0.8719481229782104,0.0019376286072656512
000006_jpg.rf.89610ec419ccfab22f8314026b90ee26.jpg,8,0.3781496286392212,0.5468885898590088,0.035106074064970016,0.04583212360739708,0.0012341417605057359
000006_jpg.rf.89610ec419ccfab22f8314026b90ee26.jpg,0,0.09908346086740494,0.24458815157413483,0.0367853119969368,0.024370744824409485,0.0011837459169328213
000006_jpg.rf.89610ec419ccfab22f8314026b90ee26.jpg,8,0.34297195076942444,0.5707780718803406,0.08877679705619812,0.08325547724962234,0.0010045665549114347
00000_00000_00003_png.rf.d18afc3c9625ffb1974029d3e3762aee.jpg,6,0.5246674418449402,0.5009792447090149,0.567103385925293,0.5720592141151428,0.9359638690948486
00000_00000_00005_png.rf.ab60a274676963d378f5014e89d9e2b1.jpg,6,0.5381181240081787,0.5290529727935791,0.6079239249229431,0.6285892128944397,0.9467180371284485
00000_00000_00006_png.rf.9d1ea68507aff6973a1dbcdc6f4422a8.jpg,6,0.5302666425704956,0.5537694096565247,0.5957730412483215,0.594380795955658,0.9343476891517639
00000_00000_00008_png.rf.ff305dcd6e9ceb9188937311a4a1b207.jpg,6,0.5110996961593628,0.505827784538269,0.6527949571609497,0.6441686749458313,0.9313571453094482
00000_00000_00008_png.rf.ff305dcd6e9ceb9188937311a4a1b207.jpg,6,0.06327284872531891,0.1125810369849205,0.1264013797044754,0.225162073969841,0.0015249750576913357
00000_00000_00013_png.rf.9076cbfc7f7811fa22547539a7e7ac02.jpg,6,0.5327856540679932,0.4964888095855713,0.7003938555717468,0.7101920247077942,0.9671472907066345
00000_00000_00017_png.rf.6c2381a6a103a041f23159fbd44868ed.jpg,6,0.532326877117157,0.5243399739265442,0.7426093220710754,0.7361397743225098,0.9551626443862915
00000_00000_00021_png.rf.0803f8eb5b4566c44100cfef9d0bfa8e.jpg,6,0.5295803546905518,0.5317828059196472,0.7801654934883118,0.7991856932640076,0.9646026492118835
00000_00000_00024_png.rf.8b21eb79678eed47df52a9ab4319bc08.jpg,6,0.5129587054252625,0.5109022855758667,0.8215838670730591,0.8251433968544006,0.95675128698349
00000_00001_00008_png.rf.936b0185c3b9131c96d42d60a5da1abb.jpg,6,0.5352621078491211,0.5335873365402222,0.5869846343994141,0.6136353611946106,0.9484811425209045
00000_00001_00013_png.rf.c2367f9d1b377597b2cc3706b70fa818.jpg,6,0.5166813135147095,0.5309228897094727,0.6446540951728821,0.6518121957778931,0.9525169134140015
00000_00001_00013_png.rf.c2367f9d1b377597b2cc3706b70fa818.jpg,0,0.3602880537509918,0.01661759801208973,0.09485861659049988,0.03302997350692749,0.008756531402468681
00000_00001_00016_png.rf.2818a0160369aa9d2465007de479d6d3.jpg,6,0.5186774134635925,0.5108758807182312,0.6434715390205383,0.6595172882080078,0.9443445801734924
00000_00001_00016_png.rf.2818a0160369aa9d2465007de479d6d3.jpg,6,0.8001046180725098,0.8591539263725281,0.3994925618171692,0.281692236661911,0.0016435907455161214
00000_00001_00020_png.rf.4fc3ed0f124f480c5152a541fff2dbf7.jpg,6,0.5297930836677551,0.4975999891757965,0.6876235604286194,0.7152378559112549,0.9651932120323181
00000_00001_00020_png.rf.af293e6651965d897c75935cf2084f7d.jpg,6,0.5297930836677551,0.4975999891757965,0.6876235604286194,0.7152378559112549,0.9651932120323181
00000_00001_00021_png.rf.beb4a4004ddd09e998abac6f77de0322.jpg,6,0.5242201685905457,0.5053512454032898,0.69913649559021,0.7347402572631836,0.9572063684463501
00000_00002_00012_png.rf.d345a307460a0fa32e159261cffa0e88.jpg,6,0.5196130871772766,0.5174376368522644,0.6110894083976746,0.6254357695579529,0.9561084508895874
00000_00002_00015_png.rf.9c6647dad127ad8ea26b08ef5e31f15f.jpg,6,0.5318552255630493,0.5205281972885132,0.6841038465499878,0.6852666735649109,0.9651336669921875
00000_00002_00026_png.rf.092c69361ef48fd43b479aa48fc829d9.jpg,6,0.5093666315078735,0.5017457604408264,0.8002999424934387,0.7856963276863098,0.9655721783638
00000_00002_00026_png.rf.092c69361ef48fd43b479aa48fc829d9.jpg,0,0.18456195294857025,0.007928009144961834,0.13873405754566193,0.01536758616566658,0.001913735643029213
00000_00003_00003_png.rf.cb1242e3f504fdf75084201d1d568a93.jpg,6,0.5391775965690613,0.5605911612510681,0.567720353603363,0.5527624487876892,0.9491301774978638
00000_00003_00003_png.rf.cb1242e3f504fdf75084201d1d568a93.jpg,1,0.7763359546661377,0.03344973176717758,0.44246670603752136,0.06689946353435516,0.007685861084610224
00000_00003_00003_png.rf.cb1242e3f504fdf75084201d1d568a93.jpg,1,0.7851298451423645,0.059533946216106415,0.42974036931991577,0.11906789243221283,0.0066546243615448475
00000_00003_00003_png.rf.cb1242e3f504fdf75084201d1d568a93.jpg,0,0.7275918126106262,0.0549430213868618,0.5448163747787476,0.1089373379945755,0.005492516793310642
00000_00003_00003_png.rf.cb1242e3f504fdf75084201d1d568a93.jpg,0,0.2566547989845276,0.06226105988025665,0.5124697685241699,0.12396690249443054,0.003939635585993528
00000_00003_00003_png.rf.cb1242e3f504fdf75084201d1d568a93.jpg,0,0.5660164952278137,0.055237267166376114,0.7558563351631165,0.1091904491186142,0.0037672531325370073
00000_00003_00003_png.rf.cb1242e3f504fdf75084201d1d568a93.jpg,1,0.6167218089103699,0.06900352984666824,0.4199864864349365,0.1380070596933365,0.003249597270041704
00000_00003_00003_png.rf.cb1242e3f504fdf75084201d1d568a93.jpg,1,0.27188557386398315,0.023621950298547745,0.30820509791374207,0.04706324264407158,0.003001042641699314
00000_00003_00003_png.rf.cb1242e3f504fdf75084201d1d568a93.jpg,1,0.22009971737861633,0.0627501979470253,0.38982897996902466,0.1254470944404602,0.0028298452962189913
00000_00003_00003_png.rf.cb1242e3f504fdf75084201d1d568a93.jpg,1,0.35183650255203247,0.07124593108892441,0.46956342458724976,0.14249186217784882,0.002642130246385932
00000_00003_00003_png.rf.cb1242e3f504fdf75084201d1d568a93.jpg,1,0.23597301542758942,0.03500157222151756,0.36523061990737915,0.07000314444303513,0.00247203279286623
00000_00003_00003_png.rf.cb1242e3f504fdf75084201d1d568a93.jpg,1,0.5135585069656372,0.07218760251998901,0.32361817359924316,0.14437520503997803,0.002311496529728174
00000_00003_00003_png.rf.cb1242e3f504fdf75084201d1d568a93.jpg,1,0.6208151578903198,0.061713121831417084,0.654937744140625,0.12316431105136871,0.0014489140594378114
00000_00003_00005_png.rf.91e4d86cd4241911356889c94ae3f5ee.jpg,6,0.5288762450218201,0.5376466512680054,0.5567057728767395,0.5701937675476074,0.9382840991020203
00000_00003_00005_png.rf.91e4d86cd4241911356889c94ae3f5ee.jpg,1,0.291670560836792,0.02955770678818226,0.263018399477005,0.05911541357636452,0.018446018919348717
00000_00003_00005_png.rf.91e4d86cd4241911356889c94ae3f5ee.jpg,1,0.6972517371177673,0.02090904489159584,0.6054965853691101,0.04181808978319168,0.013039174489676952
00000_00003_00005_png.rf.91e4d86cd4241911356889c94ae3f5ee.jpg,1,0.7617043852806091,0.02796204574406147,0.4703395664691925,0.05592409148812294,0.0076032537035644054
00000_00003_00005_png.rf.91e4d86cd4241911356889c94ae3f5ee.jpg,0,0.24966196715831757,0.031294409185647964,0.3420596718788147,0.062298569828271866,0.005769582465291023
00000_00003_00005_png.rf.91e4d86cd4241911356889c94ae3f5ee.jpg,1,0.3646392524242401,0.06135361269116402,0.46170932054519653,0.12270722538232803,0.004988211207091808
00000_00003_00005_png.rf.91e4d86cd4241911356889c94ae3f5ee.jpg,1,0.3252759575843811,0.04395155981183052,0.3387400805950165,0.08676502108573914,0.0033328814897686243
00000_00003_00005_png.rf.91e4d86cd4241911356889c94ae3f5ee.jpg,1,0.5147510766983032,0.04811051860451698,0.680126428604126,0.09483454376459122,0.0028098509646952152
00000_00003_00005_png.rf.91e4d86cd4241911356889c94ae3f5ee.jpg,1,0.49383819103240967,0.06787180155515671,0.4706246554851532,0.1350386142730713,0.002452401677146554
00000_00003_00005_png.rf.91e4d86cd4241911356889c94ae3f5ee.jpg,0,0.791060745716095,0.03876040503382683,0.4170123040676117,0.07725591212511063,0.0018540058517828584
00000_00003_00005_png.rf.91e4d86cd4241911356889c94ae3f5ee.jpg,1,0.22747546434402466,0.030928533524274826,0.44360601902008057,0.06185706704854965,0.001753786113113165
00000_00003_00005_png.rf.91e4d86cd4241911356889c94ae3f5ee.jpg,0,0.6913368701934814,0.04713166877627373,0.6173263788223267,0.09310425817966461,0.0015776311047375202
00000_00003_00005_png.rf.91e4d86cd4241911356889c94ae3f5ee.jpg,1,0.45978909730911255,0.06145377457141876,0.2787655293941498,0.12290754914283752,0.0012498332653194666
00000_00003_00011_png.rf.7d5f2a85458f70654be03f2a2cd47c06.jpg,6,0.5365414619445801,0.5148267149925232,0.61773681640625,0.6294388771057129,0.9541730880737305
00000_00003_00011_png.rf.7d5f2a85458f70654be03f2a2cd47c06.jpg,1,0.7653016448020935,0.022174851968884468,0.4663240313529968,0.044349703937768936,0.0134783536195755
00000_00003_00011_png.rf.7d5f2a85458f70654be03f2a2cd47c06.jpg,0,0.7749055027961731,0.03602614998817444,0.44911107420921326,0.07197900861501694,0.007281556259840727
00000_00003_00011_png.rf.7d5f2a85458f70654be03f2a2cd47c06.jpg,1,0.725676953792572,0.015189671888947487,0.3841013014316559,0.030379343777894974,0.002666846616193652
00000_00003_00011_png.rf.7d5f2a85458f70654be03f2a2cd47c06.jpg,0,0.13421404361724854,0.013085868209600449,0.25890296697616577,0.025998199358582497,0.0014715881552547216
00000_00003_00011_png.rf.7d5f2a85458f70654be03f2a2cd47c06.jpg,1,0.18664151430130005,0.013062131591141224,0.18462973833084106,0.026124263182282448,0.0013307667104527354
00000_00003_00011_png.rf.7d5f2a85458f70654be03f2a2cd47c06.jpg,0,0.5257282257080078,0.04592222720384598,0.6762648820877075,0.09040095657110214,0.0010383016197010875
00000_00003_00011_png.rf.7d5f2a85458f70654be03f2a2cd47c06.jpg,1,0.39023682475090027,0.028026549145579338,0.3328610956668854,0.056053098291158676,0.00100444455165416
00000_00003_00015_png.rf.a18e8c7a509b0f5f98fe6221bac9aee4.jpg,6,0.5287484526634216,0.5337139964103699,0.6887689828872681,0.700732409954071,0.9618995785713196
00000_00003_00015_png.rf.a18e8c7a509b0f5f98fe6221bac9aee4.jpg,0,0.42029738426208496,0.03804362937808037,0.5758992433547974,0.07535967975854874,0.0035993815399706364
00000_00003_00015_png.rf.a18e8c7a509b0f5f98fe6221bac9aee4.jpg,1,0.39552512764930725,0.04108565300703049,0.5320640206336975,0.08217130601406097,0.0025175127666443586
00000_00003_00015_png.rf.a18e8c7a509b0f5f98fe6221bac9aee4.jpg,1,0.7864880561828613,0.018188074231147766,0.41762736439704895,0.03637614846229553,0.002517304616048932
00000_00003_00017_png.rf.cb107aac6c3f74cfb122de76625c4abc.jpg,6,0.5036258101463318,0.5123955011367798,0.7382559180259705,0.6941109895706177,0.9565051794052124
00000_00003_00019_png.rf.d5f22619ed92e72b6d2ed7150b2db7c3.jpg,6,0.518266499042511,0.5110844373703003,0.7298902869224548,0.7163227200508118,0.9610183238983154
00000_00003_00019_png.rf.d5f22619ed92e72b6d2ed7150b2db7c3.jpg,1,0.8566619157791138,0.009273000992834568,0.25352272391319275,0.018313659355044365,0.0012213651789352298
00000_00004_00027_png.rf.339c3f63582ed2785e9d0740821e561e.jpg,6,0.5218737721443176,0.5194611549377441,0.8182478547096252,0.8117508888244629,0.9644155502319336
00000_00004_00027_png.rf.339c3f63582ed2785e9d0740821e561e.jpg,0,0.5363150835037231,0.05487074330449104,0.13790138065814972,0.10974148660898209,0.0011821576626971364
00000_00005_00000_png.rf.4b0a9b1409c4ee2cc880aa6e173d5e0e.jpg,6,0.5233818888664246,0.5152270197868347,0.5658218264579773,0.5619929432868958,0.9351529479026794
00000_00005_00003_png.rf.df858754a637fecb106924e9bc47a832.jpg,6,0.5568684935569763,0.5280065536499023,0.5470257997512817,0.5848044753074646,0.9404405951499939
00000_00005_00009_png.rf.318081408daa3bd6bd66422e94bd3dca.jpg,6,0.5359470248222351,0.5182620286941528,0.6198017597198486,0.6311883330345154,0.9551201462745667
00000_00005_00009_png.rf.318081408daa3bd6bd66422e94bd3dca.jpg,1,0.5389114022254944,0.019947286695241928,0.38360512256622314,0.039894573390483856,0.002552987774834037
00000_00005_00009_png.rf.318081408daa3bd6bd66422e94bd3dca.jpg,0,0.5671485066413879,0.017988521605730057,0.4073932468891144,0.035977043211460114,0.0011868146248161793
00000_00005_00016_png.rf.80996367c51768326648d4c53f8a1e63.jpg,6,0.5214181542396545,0.48994284868240356,0.6635404825210571,0.7011088132858276,0.96613609790802
00000_00005_00025_png.rf.f6c63209955abab1fc2ea39248553192.jpg,6,0.520477294921875,0.511064350605011,0.7734885811805725,0.8249622583389282,0.9541619420051575
00000_00005_00027_png.rf.397ea37e7f1f7c3029ef77da37b4d73a.jpg,6,0.5113919377326965,0.5037623643875122,0.8106039762496948,0.8136972784996033,0.9669682383537292
00000_00006_00000_png.rf.89204de3eb332a0f1dfbdbfeed2c4f19.jpg,6,0.4975506067276001,0.5540653467178345,0.4549892246723175,0.5854241251945496,0.9354127049446106
00000_00006_00000_png.rf.89204de3eb332a0f1dfbdbfeed2c4f19.jpg,6,0.6337227821350098,0.5287829637527466,0.73255455493927,0.6751615405082703,0.010470197536051273
00000_00006_00000_png.rf.89204de3eb332a0f1dfbdbfeed2c4f19.jpg,0,0.30308640003204346,0.026487337425351143,0.04290302097797394,0.05270502343773842,0.003456372069194913
00000_00006_00000_png.rf.89204de3eb332a0f1dfbdbfeed2c4f19.jpg,0,0.281264066696167,0.0282609686255455,0.03853636607527733,0.056521937251091,0.0023846193216741085
00000_00006_00000_png.rf.89204de3eb332a0f1dfbdbfeed2c4f19.jpg,0,0.287680447101593,0.02989025041460991,0.06081430986523628,0.05978050082921982,0.0018700634827837348
00000_00006_00004_png.rf.f3eaa594302a3387574994936ac8af80.jpg,6,0.4936120808124542,0.5128895044326782,0.5519087910652161,0.6022743582725525,0.938479483127594
00000_00006_00009_png.rf.69ada07a494f34af78f9cbb977bb1fe7.jpg,6,0.520105242729187,0.5304981470108032,0.6503933072090149,0.6428705453872681,0.9528810977935791
00000_00006_00009_png.rf.69ada07a494f34af78f9cbb977bb1fe7.jpg,0,0.4036172032356262,0.0172281451523304,0.2514026463031769,0.03412850946187973,0.004514073953032494
00000_00006_00009_png.rf.69ada07a494f34af78f9cbb977bb1fe7.jpg,1,0.3958159387111664,0.01695900969207287,0.25403714179992676,0.033812545239925385,0.0013809982920065522
00000_00006_00009_png.rf.abb45158e58a911f6eb8f4784f718205.jpg,6,0.520105242729187,0.5304981470108032,0.6503933072090149,0.6428705453872681,0.9528810977935791
00000_00006_00009_png.rf.abb45158e58a911f6eb8f4784f718205.jpg,0,0.4036172032356262,0.0172281451523304,0.2514026463031769,0.03412850946187973,0.004514073953032494
00000_00006_00009_png.rf.abb45158e58a911f6eb8f4784f718205.jpg,1,0.3958159387111664,0.01695900969207287,0.25403714179992676,0.033812545239925385,0.0013809982920065522
00000_00006_00014_png.rf.c18a9a99443ea933a462c18e7d9cc035.jpg,6,0.5097806453704834,0.4891524016857147,0.683881402015686,0.6756540536880493,0.959806501865387
00000_00006_00021_png.rf.ceba1690308218617be309fd8dd38971.jpg,6,0.5142350792884827,0.5115026235580444,0.7490089535713196,0.7246712446212769,0.9549522399902344
00000_00006_00022_png.rf.8a9524bcedd0aa85d431b5314bdaf179.jpg,6,0.503501832485199,0.5127230286598206,0.7492026090621948,0.7330896854400635,0.9594665169715881
00000_00006_00022_png.rf.ac6d1330d86c61ae4067afdd3a258ab3.jpg,6,0.503501832485199,0.5127230286598206,0.7492026090621948,0.7330896854400635,0.9594665169715881
000012_jpg.rf.a2e9009c1ca91c2272045589701123f0.jpg,9,0.4903406798839569,0.32545581459999084,0.7831000089645386,0.36433520913124084,0.6159849762916565
000012_jpg.rf.a2e9009c1ca91c2272045589701123f0.jpg,7,0.49393436312675476,0.34128671884536743,0.7847251892089844,0.37163683772087097,0.38074588775634766
000015_jpg.rf.1c60d15418d0291507def26c241ed27e.jpg,7,0.2575094699859619,0.37033501267433167,0.402969092130661,0.4641572833061218,0.9515724778175354
000015_jpg.rf.1c60d15418d0291507def26c241ed27e.jpg,0,0.5743324756622314,0.011062267236411572,0.06502782553434372,0.02202581986784935,0.06571517884731293
000015_jpg.rf.1c60d15418d0291507def26c241ed27e.jpg,0,0.7419912815093994,0.4206480383872986,0.024301236495375633,0.0589374415576458,0.003339058021083474
000015_jpg.rf.1c60d15418d0291507def26c241ed27e.jpg,0,0.703229546546936,0.4298180341720581,0.030117768794298172,0.03624138608574867,0.0014988211914896965
000015_jpg.rf.1c60d15418d0291507def26c241ed27e.jpg,1,0.7916882038116455,0.017592715099453926,0.033863507211208344,0.03427208587527275,0.0010336077539250255
00001_00006_00004_png.rf.d10a2232f001894c293a3899de728cad.jpg,7,0.5201722383499146,0.5259813666343689,0.7328492999076843,0.7629819512367249,0.9550167322158813
00001_00006_00026_png.rf.49d271a1ad59fd8fc3022b9d27fd55e2.jpg,7,0.5090457201004028,0.5051959156990051,0.7897802591323853,0.8205072283744812,0.9569485187530518
00001_00006_00026_png.rf.49d271a1ad59fd8fc3022b9d27fd55e2.jpg,1,0.009989837184548378,0.9017570614814758,0.01963004283607006,0.10328204929828644,0.0011981700081378222
00001_00010_00003_png.rf.7aafa0add84d32dae0f70c72f29be839.jpg,7,0.5304749608039856,0.566430389881134,0.5322974324226379,0.539027214050293,0.9582005739212036
00001_00010_00010_png.rf.0c717d1fcb47c63dc21133891c67058d.jpg,7,0.5499156713485718,0.5368526577949524,0.582639753818512,0.6152730584144592,0.951041042804718
00001_00011_00006_png.rf.b3c9ed7b58e8b06312406f5fb6ecb9cd.jpg,7,0.5165085196495056,0.5255310535430908,0.6491050124168396,0.6152448058128357,0.9519851803779602
00001_00014_00020_png.rf.dae49e781829147dd4dfd5b4812d0068.jpg,6,0.5184804201126099,0.5107003450393677,0.7833614349365234,0.8022597432136536,0.9156104922294617
00001_00019_00006_png.rf.ba8186909430430fb44e7eea3282a96b.jpg,7,0.535768985748291,0.5099626779556274,0.5965309143066406,0.6040569543838501,0.9532822370529175
00001_00020_00001_png.rf.558285df18ab5e029ed28ae9b0442173.jpg,7,0.4839714765548706,0.5332316160202026,0.6145097017288208,0.7490686774253845,0.9540212750434875
00001_00020_00009_png.rf.70d380dd904a8b782ac06daf41622bc8.jpg,7,0.49077296257019043,0.5106518864631653,0.7038019299507141,0.7744723558425903,0.9627965092658997
00001_00021_00006_png.rf.c24e2e36491660b540a9b81687c16bc3.jpg,7,0.5232895612716675,0.5473716855049133,0.5662218332290649,0.6053767800331116,0.9462977647781372
00001_00021_00006_png.rf.c24e2e36491660b540a9b81687c16bc3.jpg,9,0.5319329500198364,0.5461165308952332,0.5765078663825989,0.5979264378547668,0.8518196940422058
00001_00021_00006_png.rf.c24e2e36491660b540a9b81687c16bc3.jpg,11,0.6071429252624512,0.9370057582855225,0.30932044982910156,0.12598852813243866,0.001863154349848628
00001_00021_00007_png.rf.7054b7fcb56980bcabcf57e0f1cb9182.jpg,7,0.5426455736160278,0.508335292339325,0.577144205570221,0.6326397061347961,0.9420695304870605
00001_00021_00007_png.rf.7054b7fcb56980bcabcf57e0f1cb9182.jpg,11,0.6036477088928223,0.9147862792015076,0.29589682817459106,0.1703915297985077,0.005598572548478842
00001_00022_00001_png.rf.f68bab926df5c93b7a8baf9d168955d1.jpg,7,0.5220291018486023,0.5187122225761414,0.6336674094200134,0.5591623187065125,0.9485572576522827
00001_00023_00007_png.rf.f20610daefe32091399ce0ee1b9799f6.jpg,7,0.5705187320709229,0.5650348663330078,0.5444954037666321,0.6006333231925964,0.9591569304466248
00001_00023_00007_png.rf.f20610daefe32091399ce0ee1b9799f6.jpg,11,0.5814682841300964,0.9331637024879456,0.16558779776096344,0.13362665474414825,0.003466831985861063
00001_00025_00025_png.rf.9556a94e4da441bd05e548d86099c3c0.jpg,7,0.5099099278450012,0.5084747076034546,0.7523239254951477,0.7776808738708496,0.9559986591339111
00001_00028_00017_png.rf.ff6c0bf1f57a58c63e706c5a59b9b55e.jpg,7,0.526054322719574,0.47914835810661316,0.6725521087646484,0.7764859199523926,0.9630374312400818
00001_00028_00017_png.rf.ff6c0bf1f57a58c63e706c5a59b9b55e.jpg,14,0.971758246421814,0.40715110301971436,0.056483712047338486,0.6848515868186951,0.16726841032505035
00001_00028_00017_png.rf.ff6c0bf1f57a58c63e706c5a59b9b55e.jpg,6,0.9767215847969055,0.4115621745586395,0.04655684158205986,0.5954184532165527,0.050039295107126236
00001_00028_00017_png.rf.ff6c0bf1f57a58c63e706c5a59b9b55e.jpg,14,0.9794557094573975,0.37342044711112976,0.04108869284391403,0.49972447752952576,0.0017956310184672475
00001_00029_00011_png.rf.8778f18a5af227481b72a0bd897cb144.jpg,7,0.5341729521751404,0.5288916826248169,0.6440021991729736,0.6525177359580994,0.9540792107582092
00001_00029_00011_png.rf.8778f18a5af227481b72a0bd897cb144.jpg,0,0.07566177099943161,0.01948368549346924,0.15132354199886322,0.038061078637838364,0.0011522455606609583
00001_00030_00008_png.rf.f42a5ab100ba2300ff2ef3273198a629.jpg,7,0.5308446884155273,0.5267421007156372,0.5385439991950989,0.6587275266647339,0.953407883644104
00001_00031_00011_png.rf.d92d0588e5bfd7f8ced37d558e0efd54.jpg,7,0.5411959886550903,0.49688804149627686,0.5659913420677185,0.5928305387496948,0.9478833079338074
00001_00032_00012_png.rf.e30cf3974f41a7316dff0477b7c4c589.jpg,7,0.506742000579834,0.5367857813835144,0.6670639514923096,0.6771583557128906,0.9607451558113098
00001_00032_00012_png.rf.e30cf3974f41a7316dff0477b7c4c589.jpg,1,0.2608867287635803,0.019713809713721275,0.0995171070098877,0.039050716906785965,0.0032024651300162077
00001_00033_00010_png.rf.4b1b4602c3c04f4aa72ce1f952cce126.jpg,7,0.5215893983840942,0.5096130967140198,0.6096693873405457,0.6073688864707947,0.9528444409370422
00001_00033_00013_png.rf.7df949e59990e9dabfbc631176beada9.jpg,7,0.552299976348877,0.5607522130012512,0.6193583607673645,0.6374545693397522,0.9624782204627991
00001_00035_00012_png.rf.ef688824fa8eae681376cbaa7708a2dd.jpg,7,0.5296230912208557,0.538144052028656,0.638217568397522,0.5910062193870544,0.9507278203964233
00001_00038_00012_png.rf.769276765c04567a8afdd2300298c7cb.jpg,7,0.49553316831588745,0.48862046003341675,0.5770877003669739,0.5831021070480347,0.9533007144927979
00001_00038_00013_png.rf.9bea2c6ade7591cafa7a3ee2d6447b63.jpg,7,0.512413501739502,0.4901442229747772,0.5950213670730591,0.5951604247093201,0.9580177068710327
00001_00042_00000_png.rf.ac8cef49708d26776dd018e63c08ee29.jpg,7,0.5160117149353027,0.5293076634407043,0.5602002143859863,0.6003686785697937,0.9521992802619934
00001_00042_00000_png.rf.ac8cef49708d26776dd018e63c08ee29.jpg,1,0.5608987212181091,0.009680178947746754,0.14078950881958008,0.019261477515101433,0.006099831312894821
00001_00042_00000_png.rf.ac8cef49708d26776dd018e63c08ee29.jpg,11,0.6668755412101746,0.9155831336975098,0.2871982753276825,0.16883380711078644,0.0025329128839075565
00001_00059_00004_png.rf.74b0bb0dc2200bf50c665e4b2017a9cf.jpg,7,0.5359743237495422,0.5103936791419983,0.6294777393341064,0.6426685452461243,0.9543237686157227
00001_00060_00007_png.rf.1bf10fd8b24b215fba58ab5975968559.jpg,7,0.501802921295166,0.5402493476867676,0.6786038875579834,0.6738963723182678,0.9476109147071838
00001_00063_00003_png.rf.e87ae69015487ca78a229870bc3ed27f.jpg,7,0.5670424699783325,0.565420925617218,0.5792031288146973,0.6259481310844421,0.9520278573036194
00001_00063_00003_png.rf.e87ae69015487ca78a229870bc3ed27f.jpg,11,0.04052472114562988,0.46395987272262573,0.08099068701267242,0.25703686475753784,0.003194919554516673
00001_00063_00003_png.rf.e87ae69015487ca78a229870bc3ed27f.jpg,0,0.5463780164718628,0.020757896825671196,0.12502868473529816,0.04151579365134239,0.0010976619087159634
00001_00064_00019_png.rf.135e30aa3fe9209e095eb3ff5e304ebb.jpg,7,0.5303040742874146,0.49504318833351135,0.6903485655784607,0.718989908695221,0.9393011927604675
00001_00065_00006_png.rf.161dc86f1aaaf56ceadeedb9920c11ec.jpg,7,0.5577506422996521,0.5034087300300598,0.6176765561103821,0.6223303079605103,0.9572638273239136
00001_00066_00015_png.rf.e1adfeb91011dcf5d548147d1acc30eb.jpg,7,0.49102887511253357,0.5138052701950073,0.7487640380859375,0.7607284188270569,0.9524264931678772
00001_00066_00015_png.rf.e1adfeb91011dcf5d548147d1acc30eb.jpg,14,0.9665723443031311,0.45896127820014954,0.06685535609722137,0.5878331065177917,0.08994577825069427
00001_00066_00015_png.rf.e1adfeb91011dcf5d548147d1acc30eb.jpg,11,0.9726011157035828,0.48244816064834595,0.054797906428575516,0.5538986325263977,0.078000009059906
00001_00066_00015_png.rf.e1adfeb91011dcf5d548147d1acc30eb.jpg,6,0.9778934717178345,0.47126808762550354,0.04406415671110153,0.487481951713562,0.011974100023508072
00001_00066_00015_png.rf.e1adfeb91011dcf5d548147d1acc30eb.jpg,7,0.9762988686561584,0.46135565638542175,0.047402381896972656,0.5555083155632019,0.006172562949359417
00001_00066_00015_png.rf.e1adfeb91011dcf5d548147d1acc30eb.jpg,14,0.9761309623718262,0.4631311595439911,0.047738149762153625,0.4849867522716522,0.0019208969315513968
00001_00068_00007_png.rf.4bb41a90249c981be7a87239ef7d4288.jpg,7,0.4802228808403015,0.519804060459137,0.5802236795425415,0.5789930820465088,0.9570398330688477
00001_00068_00007_png.rf.4bb41a90249c981be7a87239ef7d4288.jpg,1,0.5059630274772644,0.05384911224246025,0.05255068466067314,0.10659302771091461,0.001062507275491953
00002_00000_00005_png.rf.6a3d73b59a12500d97c5ad071900f3e8.jpg,9,0.5273445248603821,0.5077936053276062,0.6334067583084106,0.7388308644294739,0.949263870716095
00002_00000_00005_png.rf.6a3d73b59a12500d97c5ad071900f3e8.jpg,1,0.1770113706588745,0.4546794593334198,0.035653263330459595,0.0916706994175911,0.023299725726246834
00002_00000_00005_png.rf.6a3d73b59a12500d97c5ad071900f3e8.jpg,1,0.17547476291656494,0.4535669982433319,0.024122826755046844,0.07604709267616272,0.013016905635595322
00002_00000_00005_png.rf.6a3d73b59a12500d97c5ad071900f3e8.jpg,1,0.15078024566173553,0.45992276072502136,0.03270087018609047,0.08579555153846741,0.008821955882012844
00002_00000_00005_png.rf.6a3d73b59a12500d97c5ad071900f3e8.jpg,1,0.16867060959339142,0.4605477452278137,0.04120349884033203,0.0939650908112526,0.002313985489308834
00002_00000_00005_png.rf.6a3d73b59a12500d97c5ad071900f3e8.jpg,1,0.19228290021419525,0.44974541664123535,0.022711241617798805,0.07615794241428375,0.0012782709673047066
00002_00000_00005_png.rf.6a3d73b59a12500d97c5ad071900f3e8.jpg,1,0.14231322705745697,0.46450579166412354,0.026609018445014954,0.09406280517578125,0.0012097107246518135
00002_00000_00008_png.rf.fef84220cd4e8886da3b88267904e21d.jpg,9,0.5358781218528748,0.5097193717956543,0.6609711647033691,0.7681158781051636,0.9520983099937439
00002_00000_00008_png.rf.fef84220cd4e8886da3b88267904e21d.jpg,1,0.09903152287006378,0.5067319273948669,0.03330577537417412,0.11407258361577988,0.08561281114816666
00002_00000_00008_png.rf.fef84220cd4e8886da3b88267904e21d.jpg,1,0.11856461316347122,0.5105108022689819,0.03746570274233818,0.12152056396007538,0.00410493602976203
00002_00000_00016_png.rf.5c98b3aeaa1ebc1ebc1afb2b2e8d9750.jpg,9,0.5021741986274719,0.5174468159675598,0.7140794992446899,0.7975406646728516,0.9538432955741882
00002_00004_00025_png.rf.088e01a14aec1e026c95b0b5ab8b08ec.jpg,9,0.5150553584098816,0.5248770713806152,0.7875546216964722,0.771641731262207,0.9514811635017395
00002_00004_00025_png.rf.088e01a14aec1e026c95b0b5ab8b08ec.jpg,9,0.9371678829193115,0.5424099564552307,0.022147253155708313,0.19004331529140472,0.0012241743970662355
00002_00006_00028_png.rf.70f98b1fc1d0c548e37ffe7968c81a40.jpg,9,0.4931398332118988,0.5230668783187866,0.7167736291885376,0.7815035581588745,0.9576296806335449
00002_00007_00012_png.rf.cda4cec2b68cd6819ec43a7799d667a5.jpg,9,0.5303050875663757,0.5097140073776245,0.6273934245109558,0.6679593920707703,0.9353235960006714
00002_00010_00029_png.rf.526a5527eafd2cdc74e872afe9fb8276.jpg,9,0.4867655634880066,0.5147601962089539,0.773892879486084,0.8171109557151794,0.9599583745002747
00002_00011_00028_png.rf.4b4e80fab739c206b44c9d195a2f08e0.jpg,9,0.500418484210968,0.493723601102829,0.688123881816864,0.7682841420173645,0.9654424786567688
00002_00015_00017_png.rf.81a2cb9a7cc2d150109c3af756943d8e.jpg,9,0.4990742802619934,0.5170577168464661,0.7333711981773376,0.7426130175590515,0.9507349133491516
00002_00016_00002_png.rf.c2bf6b0c65f3f2b845d281aef33328e0.jpg,9,0.517714262008667,0.5319225192070007,0.6055048108100891,0.62743079662323,0.9442060589790344
00002_00017_00020_png.rf.1a27fc5910f7ff6cd9e5ecad10609fe4.jpg,9,0.5176494717597961,0.5087258815765381,0.7103074193000793,0.7169667482376099,0.9567610025405884
00002_00017_00020_png.rf.1a27fc5910f7ff6cd9e5ecad10609fe4.jpg,10,0.48136207461357117,0.9635520577430725,0.3813633620738983,0.07249362766742706,0.13569770753383636
00002_00017_00020_png.rf.1a27fc5910f7ff6cd9e5ecad10609fe4.jpg,11,0.4856289029121399,0.962611734867096,0.3844093382358551,0.07457909733057022,0.08510865271091461
00002_00017_00026_png.rf.0e0c876d62e868e7b8bbea45c2854b90.jpg,9,0.49810388684272766,0.5111905336380005,0.7549167275428772,0.7955426573753357,0.9613269567489624
00002_00017_00026_png.rf.0e0c876d62e868e7b8bbea45c2854b90.jpg,10,0.48712924122810364,0.9768598079681396,0.42708441615104675,0.045591797679662704,0.0022576453629881144
00002_00028_00013_png.rf.4c1b88702f75ba47a05c979c6a1a24af.jpg,9,0.5304341316223145,0.5177907347679138,0.632351815700531,0.6276584267616272,0.957148551940918
00002_00029_00020_png.rf.92b3fdd9df0a753fcf7dd9e098f54ca5.jpg,9,0.4882643222808838,0.5113031268119812,0.7517774105072021,0.7336361408233643,0.9591764211654663
00002_00029_00020_png.rf.92b3fdd9df0a753fcf7dd9e098f54ca5.jpg,1,0.9763064980506897,0.01989579200744629,0.03463803976774216,0.03894970193505287,0.001688953721895814
00002_00032_00021_png.rf.45636f29d1c772fb421d516a9741145a.jpg,9,0.49535733461380005,0.5353370904922485,0.6447650790214539,0.6659036874771118,0.9526734352111816
00002_00032_00021_png.rf.45636f29d1c772fb421d516a9741145a.jpg,14,0.522661030292511,0.960745632648468,0.35588589310646057,0.0780583918094635,0.0036662749480456114
00002_00032_00021_png.rf.45636f29d1c772fb421d516a9741145a.jpg,5,0.5131834745407104,0.9601560235023499,0.3541024327278137,0.07968800514936447,0.003053504042327404
00002_00032_00021_png.rf.45636f29d1c772fb421d516a9741145a.jpg,11,0.521619439125061,0.9612217545509338,0.35045433044433594,0.07673557102680206,0.001126323826611042
00002_00032_00021_png.rf.45636f29d1c772fb421d516a9741145a.jpg,1,0.6370235681533813,0.011150366626679897,0.05103360861539841,0.022051479667425156,0.0011165703181177378
00002_00032_00021_png.rf.45636f29d1c772fb421d516a9741145a.jpg,1,0.426971971988678,0.008281789720058441,0.05764015018939972,0.01626344583928585,0.0010808483930304646
00002_00057_00023_png.rf.c8c4e00edf84e93fdca59e89ca4480e8.jpg,9,0.5061128735542297,0.5213473439216614,0.7803661227226257,0.7719104886054993,0.9603424072265625
00002_00063_00008_png.rf.42b7f6b82f752ce45b8a4128928bea6b.jpg,9,0.5237076878547668,0.5307968258857727,0.5830303430557251,0.5835354924201965,0.937776505947113
00002_00065_00004_png.rf.dd58840a036850f03da5f6bbdd1940d2.jpg,9,0.5306994915008545,0.5440883636474609,0.6659636497497559,0.7284698486328125,0.9497852921485901
00002_00065_00004_png.rf.dd58840a036850f03da5f6bbdd1940d2.jpg,0,0.2856091856956482,0.05360803380608559,0.04445325583219528,0.04262647405266762,0.004232652485370636
00002_00065_00004_png.rf.dd58840a036850f03da5f6bbdd1940d2.jpg,0,0.21829994022846222,0.11503010988235474,0.11506227403879166,0.044849030673503876,0.0014788241824135184
00002_00065_00004_png.rf.dd58840a036850f03da5f6bbdd1940d2.jpg,0,0.2678101360797882,0.054000116884708405,0.07756204158067703,0.04458454251289368,0.0010157469660043716
00002_00065_00005_png.rf.f156b51c34d4fe59f4f1981ecab62ed0.jpg,9,0.5227968692779541,0.5218532681465149,0.6465247273445129,0.6912821531295776,0.9544366002082825
00002_00065_00005_png.rf.f156b51c34d4fe59f4f1981ecab62ed0.jpg,1,0.17573805153369904,0.016938941553235054,0.34701019525527954,0.03387788310647011,0.008988405577838421
00003_00000_00008_png.rf.976bc2ecdc3e69167320fc22712ec43d.jpg,10,0.521407961845398,0.48904111981391907,0.593791663646698,0.6059321165084839,0.9519182443618774
00003_00002_00016_png.rf.f31757e4e66bdf3dd7c10888f14ba7c6.jpg,10,0.5478894114494324,0.5018346905708313,0.6549557447433472,0.69386887550354,0.9574398398399353
00003_00002_00023_png.rf.4d47dbf061aedff7277a91be6a5bbc6b.jpg,10,0.5278034210205078,0.5322680473327637,0.7250466346740723,0.7393568754196167,0.9507265090942383
00003_00010_00012_png.rf.992b5dc958856171d8218c027b672b12.jpg,10,0.4956907331943512,0.49360087513923645,0.609248697757721,0.6050062775611877,0.9438153505325317
00003_00014_00015_png.rf.4a4854b32d96279361db09f8b4d4bbcf.jpg,10,0.5520661473274231,0.5326747894287109,0.6146669387817383,0.6364907622337341,0.9558199048042297
00003_00014_00015_png.rf.4a4854b32d96279361db09f8b4d4bbcf.jpg,10,0.2946947515010834,0.53863126039505,0.10738274455070496,0.698915421962738,0.002058155834674835
00003_00019_00004_png.rf.0e5e854d48614cdc5bef09b4b3085a03.jpg,10,0.5080088376998901,0.5036129951477051,0.6042590141296387,0.5812656879425049,0.9466843605041504
00003_00019_00004_png.rf.0e5e854d48614cdc5bef09b4b3085a03.jpg,1,0.30295270681381226,0.02139241434633732,0.0789070874452591,0.042534783482551575,0.3289564251899719
00003_00019_00004_png.rf.0e5e854d48614cdc5bef09b4b3085a03.jpg,0,0.30476388335227966,0.02109677530825138,0.08648286014795303,0.042019277811050415,0.05311042442917824
00003_00019_00004_png.rf.0e5e854d48614cdc5bef09b4b3085a03.jpg,1,0.5679969787597656,0.03534577041864395,0.031025227159261703,0.037796247750520706,0.027494892477989197
00003_00019_00004_png.rf.0e5e854d48614cdc5bef09b4b3085a03.jpg,1,0.5512407422065735,0.015036179684102535,0.026383694261312485,0.02970644272863865,0.02731274627149105
00003_00019_00004_png.rf.0e5e854d48614cdc5bef09b4b3085a03.jpg,1,0.5699998140335083,0.010089720599353313,0.050962742418050766,0.019931523129343987,0.011861350387334824
00003_00019_00004_png.rf.0e5e854d48614cdc5bef09b4b3085a03.jpg,1,0.5512691736221313,0.02365092746913433,0.028619326651096344,0.04730185493826866,0.0111395800486207
00003_00019_00004_png.rf.0e5e854d48614cdc5bef09b4b3085a03.jpg,1,0.5679497718811035,0.04372794181108475,0.017483199015259743,0.038549114018678665,0.0061533511616289616
00003_00019_00004_png.rf.0e5e854d48614cdc5bef09b4b3085a03.jpg,0,0.29943394660949707,0.02754092402756214,0.061726681888103485,0.05508184805512428,0.004885658156126738
00003_00019_00004_png.rf.0e5e854d48614cdc5bef09b4b3085a03.jpg,1,0.5963665246963501,0.01151047833263874,0.11423764377832413,0.022499240934848785,0.004825678188353777
00003_00019_00004_png.rf.0e5e854d48614cdc5bef09b4b3085a03.jpg,1,0.4570063650608063,0.01821221224963665,0.06318767368793488,0.03626247122883797,0.0032243106979876757
00003_00019_00004_png.rf.0e5e854d48614cdc5bef09b4b3085a03.jpg,1,0.58134526014328,0.019922105595469475,0.07528775185346603,0.03889431431889534,0.0032056039199233055
00003_00019_00004_png.rf.0e5e854d48614cdc5bef09b4b3085a03.jpg,1,0.47689902782440186,0.022181827574968338,0.03564424067735672,0.04396948590874672,0.0018270687432959676
00003_00019_00004_png.rf.0e5e854d48614cdc5bef09b4b3085a03.jpg,1,0.5765706300735474,0.013493948616087437,0.0699172392487526,0.02668788842856884,0.001692468416877091
00003_00019_00004_png.rf.0e5e854d48614cdc5bef09b4b3085a03.jpg,0,0.5245050191879272,0.01936730183660984,0.047791481018066406,0.03864574432373047,0.001422502682544291
00003_00019_00004_png.rf.0e5e854d48614cdc5bef09b4b3085a03.jpg,1,0.43835389614105225,0.018183212727308273,0.08861453831195831,0.03636642545461655,0.0012124791974201798
00003_00019_00004_png.rf.0e5e854d48614cdc5bef09b4b3085a03.jpg,1,0.6471280455589294,0.011083311401307583,0.056170832365751266,0.02168152667582035,0.0011431598104536533
00003_00019_00004_png.rf.0e5e854d48614cdc5bef09b4b3085a03.jpg,1,0.21254833042621613,0.01692510023713112,0.07649572193622589,0.033433157950639725,0.001136808772571385
00003_00019_00004_png.rf.0e5e854d48614cdc5bef09b4b3085a03.jpg,0,0.5040783882141113,0.022349059581756592,0.042575106024742126,0.044698119163513184,0.0011279108002781868
00003_00019_00004_png.rf.0e5e854d48614cdc5bef09b4b3085a03.jpg,1,0.5679834485054016,0.019357169046998024,0.046102967113256454,0.0383327379822731,0.0010217786766588688
00003_00026_00011_png.rf.33d98e9ee599a39d6f2b819682707a5a.jpg,10,0.5328060984611511,0.5401943325996399,0.5677840113639832,0.5934876799583435,0.9483058452606201
00003_00026_00022_png.rf.f67190b7724f3871c19569e098d5cc02.jpg,10,0.5314639806747437,0.5084220767021179,0.661372721195221,0.6896202564239502,0.9554633498191833
00003_00027_00025_png.rf.4c1fd45a0b5f0f724237f83b7d47c499.jpg,10,0.5298721194267273,0.5040236711502075,0.7334533929824829,0.7568873763084412,0.9518268704414368
00003_00034_00015_png.rf.16921ba926f31008a26ba58d2337527f.jpg,10,0.5039728283882141,0.5078070759773254,0.659309983253479,0.6645843386650085,0.9521364569664001
00003_00034_00015_png.rf.16921ba926f31008a26ba58d2337527f.jpg,1,0.35218262672424316,0.015352434478700161,0.045543525367975235,0.030467228963971138,0.01585983857512474
00003_00034_00015_png.rf.16921ba926f31008a26ba58d2337527f.jpg,1,0.32119879126548767,0.016486573964357376,0.03155972436070442,0.03297314792871475,0.004237303510308266
00003_00034_00015_png.rf.16921ba926f31008a26ba58d2337527f.jpg,1,0.34694284200668335,0.015164857730269432,0.07910222560167313,0.03023594245314598,0.003757151775062084
00003_00034_00015_png.rf.16921ba926f31008a26ba58d2337527f.jpg,1,0.3676343560218811,0.016488341614603996,0.05756128951907158,0.03266802430152893,0.0021823146380484104
00003_00035_00028_png.rf.ee8da916ee92d6dc7e62eedaf09a79e4.jpg,10,0.5013765692710876,0.4869355857372284,0.7552739381790161,0.7640796899795532,0.954749345779419
00003_00036_00017_png.rf.8ac2d0085877d733785436132fdc938e.jpg,10,0.5151606798171997,0.49577224254608154,0.6726059913635254,0.6520372629165649,0.9544801115989685
00003_00036_00028_png.rf.b1c4322c721873c9caa6ed9fd25eeb07.jpg,10,0.5033069849014282,0.49415332078933716,0.7719842791557312,0.7858157753944397,0.9449734687805176
00003_00036_00028_png.rf.b1c4322c721873c9caa6ed9fd25eeb07.jpg,1,0.8784841895103455,0.021877266466617584,0.018257874995470047,0.04337608814239502,0.01977463811635971
00003_00036_00028_png.rf.b1c4322c721873c9caa6ed9fd25eeb07.jpg,1,0.9912564754486084,0.14459411799907684,0.017487158998847008,0.05504626780748367,0.016433032229542732
00003_00036_00028_png.rf.b1c4322c721873c9caa6ed9fd25eeb07.jpg,1,0.8774453997612,0.013697587884962559,0.016669493168592453,0.027221597731113434,0.010892510414123535
00003_00036_00028_png.rf.b1c4322c721873c9caa6ed9fd25eeb07.jpg,1,0.9407649636268616,0.025325803086161613,0.021435078233480453,0.046453818678855896,0.0019514070590958
00003_00036_00028_png.rf.b1c4322c721873c9caa6ed9fd25eeb07.jpg,1,0.9863852262496948,0.14403073489665985,0.02586071379482746,0.060472968965768814,0.0017402387456968427
00003_00036_00028_png.rf.b1c4322c721873c9caa6ed9fd25eeb07.jpg,1,0.993552029132843,0.054043177515268326,0.012895951047539711,0.04391470551490784,0.00109041016548872
00003_00036_00028_png.rf.b3b837a4ff3803383e94a13fe8fc748b.jpg,10,0.5033069849014282,0.49415332078933716,0.7719842791557312,0.7858157753944397,0.9449734687805176
00003_00036_00028_png.rf.b3b837a4ff3803383e94a13fe8fc748b.jpg,1,0.8784841895103455,0.021877266466617584,0.018257874995470047,0.04337608814239502,0.01977463811635971
00003_00036_00028_png.rf.b3b837a4ff3803383e94a13fe8fc748b.jpg,1,0.9912564754486084,0.14459411799907684,0.017487158998847008,0.05504626780748367,0.016433032229542732
00003_00036_00028_png.rf.b3b837a4ff3803383e94a13fe8fc748b.jpg,1,0.8774453997612,0.013697587884962559,0.016669493168592453,0.027221597731113434,0.010892510414123535
00003_00036_00028_png.rf.b3b837a4ff3803383e94a13fe8fc748b.jpg,1,0.9407649636268616,0.025325803086161613,0.021435078233480453,0.046453818678855896,0.0019514070590958
00003_00036_00028_png.rf.b3b837a4ff3803383e94a13fe8fc748b.jpg,1,0.9863852262496948,0.14403073489665985,0.02586071379482746,0.060472968965768814,0.0017402387456968427
00003_00036_00028_png.rf.b3b837a4ff3803383e94a13fe8fc748b.jpg,1,0.993552029132843,0.054043177515268326,0.012895951047539711,0.04391470551490784,0.00109041016548872
00003_00038_00015_png.rf.68af73eb3c3267953582146c619d7c25.jpg,10,0.5356473922729492,0.5001859068870544,0.660304605960846,0.6693244576454163,0.9591036438941956
00003_00038_00026_png.rf.a69d0576816db3c4d315d0dce5b99721.jpg,10,0.5077710151672363,0.5091084241867065,0.7818472385406494,0.8064199090003967,0.9459443688392639
00003_00040_00029_png.rf.7d37fc566ece4627cb04b2b8d32dc473.jpg,10,0.5218392014503479,0.515810489654541,0.6660352349281311,0.6623001098632812,0.9552157521247864
00003_00042_00029_png.rf.d0d6dd339d2be42128efbae34d3f541a.jpg,10,0.49298545718193054,0.5043796300888062,0.7461731433868408,0.7220543026924133,0.9556891322135925
00003_00042_00029_png.rf.d0d6dd339d2be42128efbae34d3f541a.jpg,11,0.20085103809833527,0.9111154079437256,0.4013633131980896,0.1777692288160324,0.002438209718093276
00003_00044_00003_png.rf.2b73723d27b25434c3de6ca04adbe574.jpg,10,0.5492700338363647,0.5281370282173157,0.49667367339134216,0.4843326210975647,0.9559866786003113
00003_00044_00011_png.rf.9f723b9e228efc8339bf51faa590a58e.jpg,10,0.5465825200080872,0.5430501103401184,0.5697135329246521,0.5647203326225281,0.947930097579956
00003_00044_00013_png.rf.24a211df9596dccf36b448483be5f663.jpg,10,0.5398136973381042,0.5146784782409668,0.6066358685493469,0.6103127002716064,0.9536720514297485
00003_00044_00013_png.rf.24a211df9596dccf36b448483be5f663.jpg,1,0.16768404841423035,0.019433215260505676,0.07348578423261642,0.03886643052101135,0.0014601147267967463
00003_00044_00020_png.rf.dc91d31ec81c700753fe335f3fc42cf8.jpg,10,0.5280585289001465,0.5150970220565796,0.6941313743591309,0.694839596748352,0.9510661363601685
00003_00045_00010_png.rf.1eb0ead62274ff3e76b12140d0f4399b.jpg,10,0.5382581949234009,0.5349371433258057,0.6034515500068665,0.5923377871513367,0.9577631950378418
00003_00045_00019_png.rf.3120c19400c889f8dfd507e2f6f16995.jpg,10,0.5144513249397278,0.5164123773574829,0.7231332659721375,0.7082591652870178,0.9476218223571777
00003_00046_00010_png.rf.891f75f30b9f3db0a566b63a5d08287f.jpg,10,0.5227919816970825,0.5029720067977905,0.6107523441314697,0.6135459542274475,0.9424561262130737
000041_jpg.rf.89c814e3db33e70112e3447d54bb42c6.jpg,7,0.5355086922645569,0.3108983635902405,0.26420775055885315,0.46099063754081726,0.9522331953048706
000041_jpg.rf.89c814e3db33e70112e3447d54bb42c6.jpg,1,0.18497763574123383,0.029888657853007317,0.040633972734212875,0.05977731570601463,0.05906772240996361
000041_jpg.rf.89c814e3db33e70112e3447d54bb42c6.jpg,0,0.4411855638027191,0.8463016152381897,0.053338125348091125,0.03433462232351303,0.03506796061992645
000041_jpg.rf.89c814e3db33e70112e3447d54bb42c6.jpg,0,0.17375656962394714,0.03029783070087433,0.06915795803070068,0.06018620356917381,0.03083880804479122
000041_jpg.rf.89c814e3db33e70112e3447d54bb42c6.jpg,1,0.4137997329235077,0.019457370042800903,0.08162616193294525,0.038584936410188675,0.014417559839785099
000041_jpg.rf.89c814e3db33e70112e3447d54bb42c6.jpg,1,0.16587498784065247,0.029732462018728256,0.05092661455273628,0.05946492403745651,0.00817678403109312
000041_jpg.rf.89c814e3db33e70112e3447d54bb42c6.jpg,8,0.9654661417007446,0.7739417552947998,0.06894713640213013,0.26958540081977844,0.0034948973916471004
000041_jpg.rf.89c814e3db33e70112e3447d54bb42c6.jpg,0,0.9897974729537964,0.17707966268062592,0.020405109971761703,0.049370765686035156,0.0031346511095762253
000041_jpg.rf.89c814e3db33e70112e3447d54bb42c6.jpg,0,0.9793766140937805,0.33261188864707947,0.040505629032850266,0.04897088557481766,0.0022624291013926268
000041_jpg.rf.89c814e3db33e70112e3447d54bb42c6.jpg,8,0.9618315696716309,0.7194359302520752,0.07633693516254425,0.2069363296031952,0.0022518665064126253
000041_jpg.rf.89c814e3db33e70112e3447d54bb42c6.jpg,1,0.41627395153045654,0.017156783491373062,0.034887608140707016,0.0342702753841877,0.0022375774569809437
000041_jpg.rf.89c814e3db33e70112e3447d54bb42c6.jpg,0,0.6247548460960388,0.8798032402992249,0.051185354590415955,0.24039357900619507,0.001749665243551135
000041_jpg.rf.89c814e3db33e70112e3447d54bb42c6.jpg,0,0.15889571607112885,0.6815977096557617,0.025277404114603996,0.01828223094344139,0.0016568296123296022
000041_jpg.rf.89c814e3db33e70112e3447d54bb42c6.jpg,0,0.8779043555259705,0.9809628129005432,0.04112771898508072,0.037914570420980453,0.0016021255869418383
000041_jpg.rf.89c814e3db33e70112e3447d54bb42c6.jpg,0,0.9054932594299316,0.09277376532554626,0.040012069046497345,0.028156336396932602,0.0013921128120273352
000041_jpg.rf.89c814e3db33e70112e3447d54bb42c6.jpg,1,0.1731378585100174,0.029031924903392792,0.08387767523527145,0.05788985639810562,0.0013435410801321268
000041_jpg.rf.89c814e3db33e70112e3447d54bb42c6.jpg,1,0.0392744280397892,0.036843445152044296,0.0279032364487648,0.060678575187921524,0.0010878614848479629
000041_jpg.rf.89c814e3db33e70112e3447d54bb42c6.jpg,0,0.9298156499862671,0.10626263171434402,0.06446486711502075,0.022657431662082672,0.001077776774764061
000041_jpg.rf.89c814e3db33e70112e3447d54bb42c6.jpg,6,0.9533399343490601,0.7788005471229553,0.0931307002902031,0.440542995929718,0.001039502676576376
000041_jpg.rf.89c814e3db33e70112e3447d54bb42c6.jpg,0,0.8749008774757385,0.9861226081848145,0.030971234664320946,0.027368253096938133,0.0010138017823919654
00004_00002_00014_png.rf.66ae4730024327a8ff79210c980a4667.jpg,11,0.5147727727890015,0.5153258442878723,0.6774684190750122,0.6704027056694031,0.949505090713501
00004_00003_00014_png.rf.fbd79a43c27ae3464c7be84d785ed5e2.jpg,11,0.5489917993545532,0.5125687718391418,0.6290224194526672,0.6010963320732117,0.9516277313232422
00004_00004_00006_png.rf.779cd44893dd231e6e05b680dc9bef9a.jpg,11,0.5031135082244873,0.500878632068634,0.6741800308227539,0.6843633651733398,0.9064204096794128
00004_00004_00006_png.rf.779cd44893dd231e6e05b680dc9bef9a.jpg,9,0.12977677583694458,0.05274761840701103,0.25289386510849,0.10521327704191208,0.0014635692350566387
00004_00004_00006_png.rf.779cd44893dd231e6e05b680dc9bef9a.jpg,9,0.19552022218704224,0.02200714685022831,0.08537480235099792,0.04369249567389488,0.001300173462368548
00004_00004_00006_png.rf.779cd44893dd231e6e05b680dc9bef9a.jpg,9,0.13753516972064972,0.023935897275805473,0.20522242784500122,0.04787179455161095,0.0011503224959596992
00004_00004_00006_png.rf.779cd44893dd231e6e05b680dc9bef9a.jpg,9,0.8783808350563049,0.07578657567501068,0.24323846399784088,0.15144331753253937,0.0011057668598368764
00004_00004_00009_png.rf.fc4e5787fbeb0511656710884dc88284.jpg,11,0.5291569828987122,0.5146086812019348,0.6775308847427368,0.6961567401885986,0.9552484750747681
00004_00004_00009_png.rf.fc4e5787fbeb0511656710884dc88284.jpg,9,0.057045068591833115,0.14040419459342957,0.11390236765146255,0.28080838918685913,0.0028230692259967327
00004_00004_00009_png.rf.fc4e5787fbeb0511656710884dc88284.jpg,9,0.06265535205602646,0.07467498630285263,0.1251731812953949,0.14934997260570526,0.0018170729745179415
00004_00006_00002_png.rf.e126eb56f28cf1c98809239babe89334.jpg,11,0.5211542248725891,0.5361127853393555,0.5631210207939148,0.5605748295783997,0.9443110823631287
00004_00006_00002_png.rf.e126eb56f28cf1c98809239babe89334.jpg,11,0.530662477016449,0.9433728456497192,0.49895113706588745,0.11325440555810928,0.134966641664505
00004_00006_00002_png.rf.e126eb56f28cf1c98809239babe89334.jpg,1,0.611890435218811,0.027249423786997795,0.06794416159391403,0.054476913064718246,0.03600064292550087
00004_00006_00002_png.rf.e126eb56f28cf1c98809239babe89334.jpg,11,0.4130173921585083,0.07752226293087006,0.44679856300354004,0.15477433800697327,0.001292328117415309
00004_00009_00021_png.rf.0f8628e061118cfeaad9228b32489e7c.jpg,11,0.4955950677394867,0.5398442149162292,0.6680251359939575,0.6531938910484314,0.9582008719444275
00004_00010_00020_png.rf.8985cbdd62ef877bd3b91429c517b515.jpg,11,0.5284323692321777,0.5086252093315125,0.6867963671684265,0.6769952178001404,0.9612553119659424
00004_00022_00020_png.rf.56c34e7fb6ec15747810e3706fb11e4a.jpg,11,0.5175479650497437,0.508989691734314,0.6048538684844971,0.6109022498130798,0.9524363875389099
00004_00030_00003_png.rf.31ed58359e92300b61de2440b5f38d1a.jpg,11,0.5411089658737183,0.5361843109130859,0.5499259829521179,0.5208314061164856,0.9496678709983826
00004_00030_00010_png.rf.c35b9a70b784be1bcd6b28d9ac1e12f5.jpg,11,0.5345908999443054,0.49551746249198914,0.5792027115821838,0.587456226348877,0.955432116985321
00004_00032_00009_png.rf.ea892d563594cad9d6d9ae8e8c9e9780.jpg,11,0.5181905627250671,0.4972040355205536,0.6001901626586914,0.5863615870475769,0.9571579694747925
00004_00032_00009_png.rf.ea892d563594cad9d6d9ae8e8c9e9780.jpg,1,0.627843976020813,0.012628649361431599,0.05193299800157547,0.025257298722863197,0.0021947964560240507
00004_00035_00005_png.rf.b222e7d3ff032a58afdfb10ad73d6911.jpg,11,0.5197805166244507,0.5182010531425476,0.5417442917823792,0.5386888384819031,0.9517620801925659
00004_00036_00014_png.rf.de499ca97d9e6307ab9f8e859dd43336.jpg,11,0.5223798751831055,0.5161358118057251,0.6747118234634399,0.6866776943206787,0.9583591818809509
00004_00036_00014_png.rf.de499ca97d9e6307ab9f8e859dd43336.jpg,0,0.978873074054718,0.6606354713439941,0.04225393757224083,0.6548969745635986,0.0020440181251615286
00004_00036_00014_png.rf.de499ca97d9e6307ab9f8e859dd43336.jpg,1,0.9869131445884705,0.2191009670495987,0.02539561502635479,0.17224863171577454,0.0012356890365481377
00004_00036_00029_png.rf.f55502d5bebf262101364b930e187143.jpg,11,0.5089450478553772,0.5021489262580872,0.7987568378448486,0.7970523834228516,0.9607565999031067
00004_00037_00007_png.rf.223e842f5027e61ac59e32979ca930d6.jpg,11,0.5313318967819214,0.51032555103302,0.5714134573936462,0.5603776574134827,0.9558441638946533
00004_00038_00011_png.rf.e8a8cb47ee1d09d447e63dd630056862.jpg,11,0.5051997900009155,0.4943206012248993,0.5345520973205566,0.5562899708747864,0.9515872597694397
00004_00038_00016_png.rf.91ed21fee2978def3dd315ee735fc1c0.jpg,11,0.5244309902191162,0.4901875853538513,0.5849872827529907,0.6166853308677673,0.9527442455291748
00004_00038_00016_png.rf.91ed21fee2978def3dd315ee735fc1c0.jpg,1,0.7538615465164185,0.010216682218015194,0.04725661873817444,0.020166950300335884,0.005278856959193945
00004_00038_00023_png.rf.d7f850098ec568f71506f85f920d6eb3.jpg,11,0.49713584780693054,0.5149965286254883,0.6778537034988403,0.6884779334068298,0.9555018544197083
00004_00039_00028_png.rf.b088fe4f42e92367b13ca2fe401844ac.jpg,11,0.5221913456916809,0.49456995725631714,0.7668007016181946,0.760159432888031,0.9616246819496155
00004_00044_00016_png.rf.21f8e05be871f651648f89b58c3f20c7.jpg,11,0.5306939482688904,0.5171005129814148,0.6693035960197449,0.6633437275886536,0.9589836597442627
00004_00044_00016_png.rf.21f8e05be871f651648f89b58c3f20c7.jpg,1,0.642686128616333,0.17467451095581055,0.047339074313640594,0.025406287983059883,0.0010992728639394045
00004_00046_00013_png.rf.6c04ac5c1dc478a3d929f9f1446d90b0.jpg,11,0.5193368792533875,0.5157453417778015,0.6628321409225464,0.6408031582832336,0.9537891745567322
00004_00049_00008_png.rf.92e7b20cb3ae99c683fc6a1a09ce836b.jpg,11,0.5338308215141296,0.5038185119628906,0.5526230931282043,0.5340189337730408,0.9645372033119202
00004_00050_00020_png.rf.5b1bab0bf6b9284c2c1cffcbe35b12ed.jpg,11,0.5051206350326538,0.5264245271682739,0.6218903660774231,0.6238152384757996,0.9588649272918701
00004_00052_00006_png.rf.17e668414f18071d605e3327513528de.jpg,11,0.5539920926094055,0.553402304649353,0.5505029559135437,0.519375205039978,0.9335120916366577
00004_00052_00016_png.rf.bfe7cf72a069a7a4347a21a300041156.jpg,11,0.5342649817466736,0.5046948194503784,0.612855851650238,0.5945104956626892,0.955779492855072
00004_00052_00016_png.rf.bfe7cf72a069a7a4347a21a300041156.jpg,10,0.09117724001407623,0.9050418138504028,0.18235448002815247,0.189207524061203,0.032933495938777924
00004_00052_00016_png.rf.bfe7cf72a069a7a4347a21a300041156.jpg,9,0.09113513678312302,0.9058235883712769,0.18227027356624603,0.18835288286209106,0.004058458376675844
00004_00052_00016_png.rf.bfe7cf72a069a7a4347a21a300041156.jpg,1,0.7483787536621094,0.02360156551003456,0.03843953087925911,0.04720313102006912,0.0031832417007535696
00004_00059_00010_png.rf.501920c3ea0f3537120f7b2835fcdc82.jpg,11,0.4992225468158722,0.5114505887031555,0.6137039661407471,0.6422034502029419,0.9536570906639099
00004_00059_00010_png.rf.501920c3ea0f3537120f7b2835fcdc82.jpg,11,0.6502198576927185,0.8510562181472778,0.6995603442192078,0.2978876531124115,0.0018153672572225332
00004_00060_00021_png.rf.eb99d667b724b14132452c88d3674738.jpg,11,0.519098162651062,0.5212140083312988,0.6823129057884216,0.6825172901153564,0.9610938429832458
00005_00000_00019_png.rf.fb70e266857ce9ceea9b772edb452ab4.jpg,12,0.5294304490089417,0.5240247845649719,0.6729068160057068,0.6675280332565308,0.966033935546875
00005_00001_00016_png.rf.da02434245fde3214475aa75e6d4e2b6.jpg,12,0.5128744840621948,0.5587526559829712,0.5702231526374817,0.5992971658706665,0.9467791318893433
00005_00003_00012_png.rf.77d9df57d17122641644da65c80d2f0e.jpg,12,0.5294360518455505,0.5459479093551636,0.6218766570091248,0.6535903215408325,0.9554438591003418
00005_00004_00005_png.rf.53f4cde1da9ac0094d8c0d9fd968beb1.jpg,12,0.556911826133728,0.5387974977493286,0.619097888469696,0.5909550786018372,0.9444619417190552
00005_00004_00005_png.rf.53f4cde1da9ac0094d8c0d9fd968beb1.jpg,9,0.5601301193237305,0.537019670009613,0.6238346099853516,0.6007840037345886,0.2899686396121979
00005_00012_00025_png.rf.f8b1c97fbb9d575b38ad20cb4fc6e3b3.jpg,12,0.5184321999549866,0.5082207918167114,0.7707995176315308,0.7645438313484192,0.9462029933929443
00005_00014_00005_png.rf.0e24dd3583d580dadb9d69e73a08e78c.jpg,12,0.48919108510017395,0.5055029392242432,0.5765800476074219,0.5974217057228088,0.9629934430122375
00005_00014_00005_png.rf.0e24dd3583d580dadb9d69e73a08e78c.jpg,11,0.5198349356651306,0.9336994886398315,0.5323287844657898,0.1326010823249817,0.005896986462175846
00005_00014_00005_png.rf.0e24dd3583d580dadb9d69e73a08e78c.jpg,5,0.506015419960022,0.9336196780204773,0.5140384435653687,0.13276071846485138,0.003182264044880867
00005_00014_00017_png.rf.ed92831e745be7167ec08c3f6d416b7d.jpg,12,0.5182859301567078,0.48889821767807007,0.665205180644989,0.6944684386253357,0.9701796770095825
00005_00014_00017_png.rf.ed92831e745be7167ec08c3f6d416b7d.jpg,11,0.5890699028968811,0.9439970254898071,0.7034587860107422,0.11195109784603119,0.019502049311995506
00005_00014_00017_png.rf.ed92831e745be7167ec08c3f6d416b7d.jpg,10,0.5827224850654602,0.9447042346000671,0.7056511640548706,0.11049535125494003,0.006320974323898554
00005_00016_00001_png.rf.fabe47d765e1b050e861dbb93b32167e.jpg,12,0.5353187322616577,0.5385361909866333,0.5690639615058899,0.5677870512008667,0.9353784918785095
00005_00044_00001_png.rf.b18c5a51d57be6cfa719c741ecba5d63.jpg,12,0.5283991098403931,0.5190151333808899,0.5915985107421875,0.6279444098472595,0.9473850727081299
00005_00056_00008_png.rf.ce009bd4c68dbecc1d8f76f80550034d.jpg,12,0.5212572813034058,0.5346404910087585,0.6231475472450256,0.6370410919189453,0.952560305595398
00005_00056_00012_png.rf.1125a7436050023f0b75206acb088f2a.jpg,12,0.5029448866844177,0.5219473838806152,0.6086909174919128,0.6150118708610535,0.948531448841095
000069_jpg.rf.24da8297fff40a7760a8751ac763b821.jpg,7,0.439328134059906,0.4510089159011841,0.32891568541526794,0.4929506778717041,0.9475136995315552
000076_jpg.rf.0066537c077a3d460d354c5de1fef980.jpg,7,0.6039434671401978,0.4377618730068207,0.14738860726356506,0.20654216408729553,0.9590182900428772
000076_jpg.rf.0066537c077a3d460d354c5de1fef980.jpg,9,0.603744626045227,0.4357922077178955,0.14711835980415344,0.19693037867546082,0.6712496280670166
000076_jpg.rf.0066537c077a3d460d354c5de1fef980.jpg,10,0.6030152440071106,0.4378770887851715,0.1483200192451477,0.1980079561471939,0.3030800521373749
000076_jpg.rf.0066537c077a3d460d354c5de1fef980.jpg,13,0.9633374214172363,0.2526312470436096,0.01726502738893032,0.04254693537950516,0.0018891808576881886
000079_jpg.rf.4f001472f7893131e04b4bc151a1bbe6.jpg,7,0.4791666269302368,0.42589181661605835,0.45205363631248474,0.6092731952667236,0.9499719142913818
00007_00002_00021_png.rf.3e8282102bcbc3465886670d060ce78f.jpg,3,0.5141063928604126,0.5222573280334473,0.7554576992988586,0.7775206565856934,0.963335394859314
00007_00016_00010_png.rf.06129e0dcd04b8601e57009dce36f893.jpg,3,0.5276176333427429,0.5108450651168823,0.6497969031333923,0.646134614944458,0.9734923839569092
00007_00024_00027_png.rf.566faa37c8dd33d7cd4145572d744276.jpg,3,0.5026800036430359,0.50982266664505,0.7423406839370728,0.7285841107368469,0.9698759317398071
00007_00027_00020_png.rf.1c1be801a97cd5152cb9bcceaf08f5cd.jpg,3,0.5090619921684265,0.50786954164505,0.7211915850639343,0.7083234190940857,0.9697120189666748
00007_00028_00022_png.rf.6c2e0f03a47cf5fa2fabb3ecec47124a.jpg,3,0.5367044806480408,0.5307810306549072,0.6973828077316284,0.7562310695648193,0.9577054381370544
00007_00028_00022_png.rf.6c2e0f03a47cf5fa2fabb3ecec47124a.jpg,1,0.22170616686344147,0.03482133150100708,0.04302153363823891,0.06964266300201416,0.0017271609976887703
00007_00029_00014_png.rf.cc543e257165aa17476435f594aa76d1.jpg,3,0.5318940281867981,0.5140078067779541,0.6592211127281189,0.6621076464653015,0.971271276473999
00007_00029_00014_png.rf.cc543e257165aa17476435f594aa76d1.jpg,1,0.4816904664039612,0.010904897004365921,0.034051310271024704,0.021809794008731842,0.002501825103536248
00007_00033_00014_png.rf.73a43aaa12af693eff052e2fb710db31.jpg,3,0.5593897104263306,0.5166509747505188,0.6135544180870056,0.6515721678733826,0.9643496870994568
00007_00040_00020_png.rf.845babcc2b4638d89980330cf6c5bcb2.jpg,3,0.513820469379425,0.5075253844261169,0.6411030292510986,0.6458582282066345,0.9647632837295532
00007_00040_00020_png.rf.845babcc2b4638d89980330cf6c5bcb2.jpg,1,0.7620097398757935,0.014200321398675442,0.09303607046604156,0.027928242459893227,0.001278171082958579
00007_00040_00027_png.rf.8479c71333ccd871fbed5311de8ceaf8.jpg,3,0.530076265335083,0.5128763318061829,0.6725565195083618,0.6702665686607361,0.9689266085624695
00007_00040_00027_png.rf.8479c71333ccd871fbed5311de8ceaf8.jpg,1,0.460928738117218,0.013338795863091946,0.05160243809223175,0.02562675252556801,0.021216267719864845
00007_00040_00027_png.rf.8479c71333ccd871fbed5311de8ceaf8.jpg,0,0.4685978293418884,0.013531134463846684,0.04011792689561844,0.026414979249238968,0.01546533964574337
00007_00040_00027_png.rf.8479c71333ccd871fbed5311de8ceaf8.jpg,11,0.9417957067489624,0.12165026366710663,0.11640872061252594,0.24330052733421326,0.01300994772464037
00007_00040_00027_png.rf.8479c71333ccd871fbed5311de8ceaf8.jpg,1,0.42539238929748535,0.011364312842488289,0.12261449545621872,0.02196878008544445,0.006413436960428953
00007_00040_00027_png.rf.8479c71333ccd871fbed5311de8ceaf8.jpg,0,0.38351815938949585,0.018202083185315132,0.17278175055980682,0.03640379011631012,0.005824190564453602
00007_00040_00027_png.rf.8479c71333ccd871fbed5311de8ceaf8.jpg,1,0.3903196156024933,0.009551024995744228,0.19974665343761444,0.01847350038588047,0.003815695643424988
00007_00040_00027_png.rf.8479c71333ccd871fbed5311de8ceaf8.jpg,1,0.4456183910369873,0.013123132288455963,0.09027048945426941,0.026186728850007057,0.002860032021999359
00007_00040_00027_png.rf.8479c71333ccd871fbed5311de8ceaf8.jpg,0,0.34691518545150757,0.023077664896845818,0.10292719304561615,0.046155329793691635,0.0026062289252877235
00007_00040_00027_png.rf.8479c71333ccd871fbed5311de8ceaf8.jpg,1,0.17636071145534515,0.05932067334651947,0.03204694390296936,0.036665406078100204,0.002003370551392436
00007_00040_00027_png.rf.8479c71333ccd871fbed5311de8ceaf8.jpg,1,0.32121601700782776,0.020540254190564156,0.05288373678922653,0.04104521498084068,0.0016095142345875502
00007_00040_00027_png.rf.8479c71333ccd871fbed5311de8ceaf8.jpg,1,0.575398325920105,0.020304586738348007,0.058810602873563766,0.040609173476696014,0.0015784137649461627
00007_00041_00000_png.rf.45f1f53954863a0d12d1cd00c092939b.jpg,3,0.5537875890731812,0.5414621233940125,0.5555773377418518,0.5722386240959167,0.9505083560943604
00007_00041_00002_png.rf.02df629489fd7c902fdbd6c1dd2f78ae.jpg,3,0.5469799041748047,0.5263846516609192,0.5606876015663147,0.5489598512649536,0.9576396346092224
00007_00042_00000_png.rf.b6fa9ef6ce63f92b01992d4ea8d63f5a.jpg,3,0.5069133043289185,0.5225558280944824,0.576570987701416,0.5520976781845093,0.9347310066223145
00007_00043_00010_png.rf.b292148f880510d6254fec1a3d3bed44.jpg,3,0.5118945240974426,0.5169545412063599,0.6035540699958801,0.602931797504425,0.9596141576766968
000080_jpg.rf.254656b428b79e343e536f6ee51a24fc.jpg,7,0.7370145916938782,0.3752920627593994,0.34419751167297363,0.4906045198440552,0.937811553478241
000086_jpg.rf.b654137b1cae075367f483dd2b5bac85.jpg,7,0.32193008065223694,0.48951464891433716,0.4327743351459503,0.5980866551399231,0.9649337530136108
00008_00003_00002_png.rf.70816dfa48b29ed84d1abcb9bb09bf70.jpg,12,0.56974858045578,0.5398678779602051,0.5387314558029175,0.534983217716217,0.892489492893219
00008_00003_00002_png.rf.70816dfa48b29ed84d1abcb9bb09bf70.jpg,5,0.5644381046295166,0.5350973606109619,0.5248071551322937,0.5333744883537292,0.8878151774406433
00008_00003_00002_png.rf.70816dfa48b29ed84d1abcb9bb09bf70.jpg,5,0.582882821559906,0.9292696118354797,0.5099339485168457,0.1414608657360077,0.1598592847585678
00008_00003_00002_png.rf.70816dfa48b29ed84d1abcb9bb09bf70.jpg,11,0.5652161836624146,0.9246882200241089,0.4793023467063904,0.13753466308116913,0.021913345903158188
00008_00004_00016_png.rf.3ba26e964ab9827715594ec40609937e.jpg,5,0.5263960957527161,0.517829954624176,0.6510948538780212,0.703443169593811,0.9606918096542358
00008_00004_00016_png.rf.3ba26e964ab9827715594ec40609937e.jpg,1,0.2397693395614624,0.19129519164562225,0.030025850981473923,0.07900039106607437,0.002227257704362273
00008_00004_00016_png.rf.3ba26e964ab9827715594ec40609937e.jpg,1,0.4250611662864685,0.01532796211540699,0.08194439858198166,0.03065592423081398,0.002042661653831601
00008_00004_00016_png.rf.3ba26e964ab9827715594ec40609937e.jpg,1,0.26333189010620117,0.191453754901886,0.0256717037409544,0.08206488937139511,0.0015748851001262665
00008_00004_00016_png.rf.3ba26e964ab9827715594ec40609937e.jpg,1,0.4221208691596985,0.023330269381403923,0.091036356985569,0.046660538762807846,0.0014599235728383064
00008_00005_00014_png.rf.31eccab502c0a10e9e32f0718618105e.jpg,5,0.5199020504951477,0.50516676902771,0.6719187498092651,0.6632661819458008,0.9567829370498657
00008_00005_00014_png.rf.31eccab502c0a10e9e32f0718618105e.jpg,3,0.49661123752593994,0.9423623085021973,0.7240602374076843,0.11527545750141144,0.0010574758052825928
00008_00006_00026_png.rf.cb433297defc6e2a91fd89685c39f39f.jpg,5,0.5189558267593384,0.5352174639701843,0.6862743496894836,0.7026746273040771,0.9585114121437073
00008_00006_00026_png.rf.cb433297defc6e2a91fd89685c39f39f.jpg,1,0.9874125123023987,0.018923865631222725,0.025175096467137337,0.037623755633831024,0.009818639606237411
00008_00006_00026_png.rf.cb433297defc6e2a91fd89685c39f39f.jpg,1,0.6050941944122314,0.011949224397540092,0.024931101128458977,0.02336643636226654,0.005026958882808685
00008_00006_00026_png.rf.cb433297defc6e2a91fd89685c39f39f.jpg,1,0.5759307146072388,0.018459273502230644,0.026048295199871063,0.03659330680966377,0.0045559341087937355
00008_00006_00026_png.rf.cb433297defc6e2a91fd89685c39f39f.jpg,1,0.9669328331947327,0.018336445093154907,0.04585926607251167,0.03653790429234505,0.0041523040272295475
00008_00006_00026_png.rf.cb433297defc6e2a91fd89685c39f39f.jpg,1,0.5959680080413818,0.010796871036291122,0.03127105534076691,0.021483389660716057,0.0039759143255651
00008_00006_00026_png.rf.cb433297defc6e2a91fd89685c39f39f.jpg,0,0.6137892007827759,0.009076586924493313,0.034206245094537735,0.017942095175385475,0.003898296505212784
00008_00006_00026_png.rf.cb433297defc6e2a91fd89685c39f39f.jpg,1,0.9580856561660767,0.014585483819246292,0.03959567844867706,0.02895893156528473,0.0016268132021650672
00008_00006_00026_png.rf.cb433297defc6e2a91fd89685c39f39f.jpg,0,0.9179527759552002,0.014115973375737667,0.028445318341255188,0.02790646068751812,0.0013189135352149606
00008_00006_00026_png.rf.cb433297defc6e2a91fd89685c39f39f.jpg,5,0.8921107649803162,0.3448885977268219,0.21577849984169006,0.6891614198684692,0.0010802652686834335
00008_00006_00026_png.rf.cb433297defc6e2a91fd89685c39f39f.jpg,1,0.9107438921928406,0.014621107839047909,0.032731276005506516,0.029242215678095818,0.0010685618035495281
00008_00007_00009_png.rf.8289199643586993b107ff888e950eab.jpg,5,0.589981734752655,0.51698237657547,0.5772483944892883,0.5784128308296204,0.9672473073005676
00008_00007_00009_png.rf.8289199643586993b107ff888e950eab.jpg,5,0.6392577290534973,0.9326618909835815,0.5826839208602905,0.1346762776374817,0.016517948359251022
00008_00007_00009_png.rf.8289199643586993b107ff888e950eab.jpg,1,0.6886446475982666,0.010753070004284382,0.07892051339149475,0.021506140008568764,0.0018962702015414834
00008_00007_00009_png.rf.8289199643586993b107ff888e950eab.jpg,1,0.5176622867584229,0.010317374020814896,0.04289187118411064,0.02052191272377968,0.0017969203181564808
00008_00007_00009_png.rf.8289199643586993b107ff888e950eab.jpg,1,0.5295208692550659,0.012228123843669891,0.05070231854915619,0.024420224130153656,0.0015455008251592517
00008_00007_00009_png.rf.8289199643586993b107ff888e950eab.jpg,1,0.4787715971469879,0.008787372149527073,0.06609491258859634,0.017530838027596474,0.0011941344710066915
00008_00007_00010_png.rf.d2dc382f864442f6d8551cc9f41e0bc7.jpg,5,0.5587328672409058,0.5155650973320007,0.5884879231452942,0.5838767290115356,0.9671891927719116
00008_00007_00010_png.rf.d2dc382f864442f6d8551cc9f41e0bc7.jpg,5,0.5978391170501709,0.9411270022392273,0.5343140363693237,0.11774606257677078,0.08770612627267838
00008_00007_00010_png.rf.d2dc382f864442f6d8551cc9f41e0bc7.jpg,11,0.5979538559913635,0.940941333770752,0.531592071056366,0.11739496886730194,0.02753235213458538
00008_00009_00012_png.rf.fa47f1ade7b6ffafc8c23e106e4ec0a9.jpg,5,0.5186705589294434,0.5126182436943054,0.5876580476760864,0.5873218774795532,0.9530677795410156
00008_00009_00012_png.rf.fa47f1ade7b6ffafc8c23e106e4ec0a9.jpg,11,0.5402001142501831,0.9317559599876404,0.5953950881958008,0.13648810982704163,0.04701540991663933
00008_00009_00012_png.rf.fa47f1ade7b6ffafc8c23e106e4ec0a9.jpg,5,0.547635555267334,0.9319879412651062,0.5445170998573303,0.1360241174697876,0.01162954606115818
00008_00009_00012_png.rf.fa47f1ade7b6ffafc8c23e106e4ec0a9.jpg,1,0.5221365094184875,0.011462775990366936,0.09035426378250122,0.022851068526506424,0.0010696632089093328
00008_00011_00006_png.rf.416887ff8fd6e24fc585ce1838c632a4.jpg,5,0.5030401945114136,0.5386613011360168,0.5464352369308472,0.5506971478462219,0.9633561968803406
00008_00011_00006_png.rf.416887ff8fd6e24fc585ce1838c632a4.jpg,11,0.512761116027832,0.9349218010902405,0.5119016766548157,0.13015644252300262,0.24334916472434998
00008_00011_00006_png.rf.416887ff8fd6e24fc585ce1838c632a4.jpg,1,0.5877367854118347,0.012474183924496174,0.0493091456592083,0.024948367848992348,0.002183932811021805
00008_00011_00006_png.rf.416887ff8fd6e24fc585ce1838c632a4.jpg,5,0.5029973387718201,0.7253303527832031,0.5300445556640625,0.177808478474617,0.001153683173470199
00008_00012_00022_png.rf.a76810c64a1c1a3def5cc808bb562890.jpg,5,0.5142251253128052,0.5112934112548828,0.7190878987312317,0.7239086627960205,0.9631550908088684
00008_00014_00012_png.rf.a62ba5f792b061df92e0177a04931c7b.jpg,5,0.5143851637840271,0.5266818404197693,0.6267223358154297,0.6169931292533875,0.9441853165626526
00008_00019_00004_png.rf.b716b893116e783e1bd33e79d972b5ae.jpg,5,0.5336049199104309,0.5430153608322144,0.5665650367736816,0.5917240977287292,0.9639456868171692
00008_00020_00007_png.rf.956ee64b06ed8ea4354a07ebb0c979a1.jpg,5,0.5307976007461548,0.5312030911445618,0.5621547698974609,0.5749394297599792,0.9591048359870911
00008_00020_00007_png.rf.956ee64b06ed8ea4354a07ebb0c979a1.jpg,1,0.6264402270317078,0.009136274456977844,0.054747987538576126,0.018122123554348946,0.001180862309411168
00008_00020_00007_png.rf.956ee64b06ed8ea4354a07ebb0c979a1.jpg,1,0.6364315152168274,0.00769985094666481,0.051074691116809845,0.015354824252426624,0.001018358743749559
00008_00020_00015_png.rf.1815b3c75c86dd9d26141470c0c8542b.jpg,5,0.5231726169586182,0.519743025302887,0.524023711681366,0.536885142326355,0.9600438475608826
00008_00020_00015_png.rf.1815b3c75c86dd9d26141470c0c8542b.jpg,1,0.6233531832695007,0.007249122951179743,0.06288616359233856,0.014442598447203636,0.0010675503872334957
00008_00034_00008_png.rf.811d6bdaab24c4e03281dd023835def5.jpg,5,0.5307577848434448,0.4994184374809265,0.5860196948051453,0.5713149309158325,0.9595625400543213
00008_00034_00008_png.rf.811d6bdaab24c4e03281dd023835def5.jpg,11,0.5416963696479797,0.9200014472007751,0.5819941163063049,0.1599971354007721,0.10909104347229004
00008_00034_00008_png.rf.811d6bdaab24c4e03281dd023835def5.jpg,5,0.5338127017021179,0.9219339489936829,0.5729142427444458,0.15613219141960144,0.011746697127819061
00008_00043_00018_png.rf.cb403d912587a88325e095df6ab3f1df.jpg,5,0.5290670394897461,0.5478179454803467,0.6342281699180603,0.6751524806022644,0.962175726890564
00008_00043_00018_png.rf.cb403d912587a88325e095df6ab3f1df.jpg,1,0.493010550737381,0.012511994689702988,0.05159246176481247,0.025023989379405975,0.001317476504482329
00008_00043_00018_png.rf.cb403d912587a88325e095df6ab3f1df.jpg,1,0.4843796491622925,0.00950735341757536,0.04908158257603645,0.01871572807431221,0.0012087362119928002
00008_00045_00006_png.rf.04585cc625839dc38c94a4357ec9d19c.jpg,5,0.5244066715240479,0.5109704732894897,0.6078525185585022,0.6378819346427917,0.9691333770751953
00008_00045_00006_png.rf.04585cc625839dc38c94a4357ec9d19c.jpg,11,0.5405017137527466,0.9491714239120483,0.6013250350952148,0.10101964324712753,0.0042186155915260315
00008_00045_00006_png.rf.04585cc625839dc38c94a4357ec9d19c.jpg,5,0.5391265153884888,0.9491804242134094,0.5937166213989258,0.10163924098014832,0.0023374331649392843
00008_00045_00006_png.rf.04585cc625839dc38c94a4357ec9d19c.jpg,10,0.5464785099029541,0.949674665927887,0.569158136844635,0.10019904375076294,0.001328645390458405
00008_00046_00015_png.rf.fca28beca2d7c7a733ca865755be6dbc.jpg,5,0.5279117822647095,0.5110615491867065,0.6513060331344604,0.6603191494941711,0.9633561968803406
000091_jpg.rf.9762d3529d876b77e9d99aa8027e449c.jpg,7,0.47329428791999817,0.5016301274299622,0.5436139106750488,0.7722835540771484,0.9663552641868591
000091_jpg.rf.9762d3529d876b77e9d99aa8027e449c.jpg,11,0.7725592851638794,0.47802332043647766,0.04356281831860542,0.067164346575737,0.007458796724677086
000091_jpg.rf.9762d3529d876b77e9d99aa8027e449c.jpg,5,0.7716847658157349,0.4778752028942108,0.04375751316547394,0.06825850903987885,0.00712913041934371
000091_jpg.rf.9762d3529d876b77e9d99aa8027e449c.jpg,3,0.7731974720954895,0.47764891386032104,0.04524935409426689,0.06838270276784897,0.004151182249188423
000091_jpg.rf.9762d3529d876b77e9d99aa8027e449c.jpg,8,0.7733368277549744,0.47812846302986145,0.04398581013083458,0.06929963082075119,0.0036081222351640463
000099_jpg.rf.cc64c31e94947e188ec07796f1f590a2.jpg,7,0.6576040983200073,0.4008229970932007,0.4341981112957001,0.7656643986701965,0.9564370512962341
000099_jpg.rf.cc64c31e94947e188ec07796f1f590a2.jpg,0,0.11655117571353912,0.6872079372406006,0.022087372839450836,0.022021515294909477,0.0018045417964458466
000100_jpg.rf.8948ed8c132dae637b8dde18d0c5be7b.jpg,9,0.7238266468048096,0.22580765187740326,0.1629500836133957,0.2110244780778885,0.9938210844993591
000117_jpg.rf.c63f6b715b912a6e219500db2c4dd6fc.jpg,9,0.39430180191993713,0.44819608330726624,0.28687962889671326,0.19566836953163147,0.9956121444702148
000121_jpg.rf.c26ea4c0be18ece889414f12976c49f2.jpg,9,0.49964234232902527,0.25092819333076477,0.23751135170459747,0.3463580310344696,0.9892376661300659
000129_jpg.rf.549b104a7fd5f8171f046d77ca7ddae7.jpg,9,0.6445760130882263,0.5359223484992981,0.5285474061965942,0.5634118914604187,0.9570786952972412
000130_jpg.rf.21da097324e3450bb8ab634399961e84.jpg,9,0.490371435880661,0.3662504255771637,0.24654550850391388,0.1574060022830963,0.9832772016525269
000130_jpg.rf.21da097324e3450bb8ab634399961e84.jpg,14,0.4104030728340149,0.19955496490001678,0.093454509973526,0.15773355960845947,0.0043582916259765625
000130_jpg.rf.21da097324e3450bb8ab634399961e84.jpg,1,0.04281991347670555,0.009573748335242271,0.08385235071182251,0.019104912877082825,0.001431256183423102
000130_jpg.rf.21da097324e3450bb8ab634399961e84.jpg,7,0.49001652002334595,0.1973830610513687,0.2534223794937134,0.1621413230895996,0.0013577439822256565
000132_jpg.rf.6da2ad3a8754fb97cfa5a54b1fa794dd.jpg,9,0.35752540826797485,0.2990199625492096,0.21835467219352722,0.19016024470329285,0.9857043027877808
000145_jpg.rf.e37be0ff8c6d10e897956e8599346f71.jpg,9,0.49325087666511536,0.3797546923160553,0.7851253151893616,0.4986102283000946,0.9750094413757324
000147_jpg.rf.bca55a14814a6d3a2554145932eb5490.jpg,9,0.5148919224739075,0.15422005951404572,0.3771563172340393,0.1561986207962036,0.9785282015800476
00014_00001_00006_png.rf.98b02c00237d76518ece14a1bdc194e9.jpg,14,0.5181962251663208,0.5141741037368774,0.6463936567306519,0.6556881070137024,0.9527806639671326
00014_00001_00006_png.rf.98b02c00237d76518ece14a1bdc194e9.jpg,0,0.5105419158935547,0.07839243859052658,0.07663331180810928,0.15648053586483002,0.019926130771636963
00014_00001_00006_png.rf.98b02c00237d76518ece14a1bdc194e9.jpg,1,0.498106449842453,0.07919658720493317,0.08069024235010147,0.15839317440986633,0.001399310422129929
00014_00001_00009_png.rf.e13fd9f6dce4c523d54929047f528a21.jpg,14,0.5192168951034546,0.518528938293457,0.6812012195587158,0.6935396194458008,0.9602024555206299
00014_00001_00009_png.rf.e13fd9f6dce4c523d54929047f528a21.jpg,0,0.512195348739624,0.07293825596570969,0.07314462214708328,0.14500972628593445,0.003247554413974285
00014_00001_00009_png.rf.e13fd9f6dce4c523d54929047f528a21.jpg,1,0.5174955129623413,0.07590426504611969,0.0804290771484375,0.15180853009223938,0.0013349246000871062
00014_00001_00011_png.rf.3484d601f5012f5329eece492b0e69fa.jpg,14,0.5272974967956543,0.5259814858436584,0.6914925575256348,0.7411839962005615,0.956417977809906
00014_00001_00011_png.rf.3484d601f5012f5329eece492b0e69fa.jpg,0,0.5357308387756348,0.058924928307533264,0.07816006988286972,0.11784985661506653,0.0027253259904682636
00014_00001_00011_png.rf.3484d601f5012f5329eece492b0e69fa.jpg,1,0.5327790975570679,0.06067533791065216,0.08645564317703247,0.12072286754846573,0.002153537003323436
00014_00001_00019_png.rf.b23da2fc3bd75fcd44441c5f1e724952.jpg,14,0.5065490007400513,0.5099223852157593,0.7971107959747314,0.8008307218551636,0.9678264856338501
00014_00001_00019_png.rf.b23da2fc3bd75fcd44441c5f1e724952.jpg,1,0.5102811455726624,0.038925327360630035,0.13038429617881775,0.07714559882879257,0.14231492578983307
00014_00001_00019_png.rf.b23da2fc3bd75fcd44441c5f1e724952.jpg,0,0.06013732776045799,0.5424149036407471,0.12015222012996674,0.4078121483325958,0.00298016844317317
00014_00001_00019_png.rf.b23da2fc3bd75fcd44441c5f1e724952.jpg,1,0.9500181674957275,0.006154749076813459,0.022042201831936836,0.012111124582588673,0.0021110204979777336
00014_00001_00019_png.rf.b23da2fc3bd75fcd44441c5f1e724952.jpg,0,0.10115537792444229,0.8650480508804321,0.19972673058509827,0.26952627301216125,0.0015646733809262514
00014_00002_00029_png.rf.39fe8d27d845bd7b01172c8fe6e4f766.jpg,14,0.5114869475364685,0.5059412121772766,0.7609100341796875,0.7855000495910645,0.9665424227714539
00014_00003_00001_png.rf.54c82cd619fe6dfe68ff0e9d0de201bd.jpg,14,0.5290629267692566,0.520122766494751,0.6852174997329712,0.7109892964363098,0.9655052423477173
00014_00003_00001_png.rf.54c82cd619fe6dfe68ff0e9d0de201bd.jpg,1,0.08357858657836914,0.012498157098889351,0.023860931396484375,0.024910923093557358,0.009171659126877785
00014_00003_00001_png.rf.54c82cd619fe6dfe68ff0e9d0de201bd.jpg,1,0.0725928544998169,0.011482350528240204,0.02567935921251774,0.022512920200824738,0.001707443967461586
00014_00003_00001_png.rf.54c82cd619fe6dfe68ff0e9d0de201bd.jpg,1,0.11010069400072098,0.013421403244137764,0.03383244201540947,0.02648819424211979,0.001580319949425757
00014_00003_00007_png.rf.4a4b5bfabfe079ec34b2bf1142a0461b.jpg,14,0.5115731358528137,0.49248749017715454,0.7379169464111328,0.7617605924606323,0.963657557964325
00014_00003_00009_png.rf.1e49e9f368c48bc8051b5d9f131171c3.jpg,14,0.5317263007164001,0.5108599066734314,0.7306610345840454,0.7807087302207947,0.9622673392295837
00014_00004_00010_png.rf.d35020e5fb797eed8b025b0dca4fe434.jpg,14,0.5141708254814148,0.5335912704467773,0.7424652576446533,0.732056736946106,0.9582542777061462
00014_00004_00020_png.rf.e3b35f3ca153fde99af4db4a67d2a564.jpg,14,0.5073891878128052,0.5121305584907532,0.7988388538360596,0.7860429286956787,0.9629456996917725
00014_00004_00020_png.rf.e3b35f3ca153fde99af4db4a67d2a564.jpg,0,0.7034605741500854,0.0156569741666317,0.014677048660814762,0.03109722025692463,0.002038715174421668
00014_00004_00020_png.rf.e3b35f3ca153fde99af4db4a67d2a564.jpg,14,0.20365503430366516,0.5271692276000977,0.166148379445076,0.7369060516357422,0.0013952851295471191
00014_00005_00004_png.rf.a5fc79eb6e949f3b096df8ccc70d188f.jpg,14,0.5124567151069641,0.5212092399597168,0.7597636580467224,0.7715309262275696,0.9657011032104492
00014_00005_00025_png.rf.297d8a9543fcea575965086bb06f4890.jpg,14,0.5041652321815491,0.5182558298110962,0.8065701127052307,0.803364098072052,0.9661897420883179
00014_00006_00015_png.rf.5cb649de18ff690e33a86445aca080dd.jpg,14,0.5275019407272339,0.5253264307975769,0.7090580463409424,0.734318733215332,0.9623624086380005
00014_00007_00002_png.rf.280a89db2cae24714734ae7f443731ba.jpg,14,0.5150154232978821,0.5186373591423035,0.6150633692741394,0.6091285943984985,0.9578493237495422
00014_00007_00002_png.rf.280a89db2cae24714734ae7f443731ba.jpg,14,0.6500140428543091,0.8358092904090881,0.6999720335006714,0.3283815383911133,0.0015091239474713802
00014_00007_00002_png.rf.280a89db2cae24714734ae7f443731ba.jpg,14,0.33914729952812195,0.4179217517375946,0.6782945990562439,0.8339871764183044,0.0011247387155890465
00014_00007_00006_png.rf.d3261be1ac6d7605e46470fb8e4940f4.jpg,14,0.512881875038147,0.5155629515647888,0.6490756869316101,0.666503369808197,0.9597398638725281
00014_00007_00006_png.rf.d3261be1ac6d7605e46470fb8e4940f4.jpg,1,0.43047091364860535,0.014529583975672722,0.025159837678074837,0.02888317033648491,0.0026222027372568846
00014_00007_00013_png.rf.bd8b36832e03b17e904c7a1a33f8937e.jpg,14,0.5188144445419312,0.5210700035095215,0.739472508430481,0.7598400115966797,0.9633727669715881
00014_00007_00013_png.rf.bd8b36832e03b17e904c7a1a33f8937e.jpg,1,0.20659834146499634,0.027928609400987625,0.02627314068377018,0.055471934378147125,0.005540718324482441
00014_00007_00013_png.rf.bd8b36832e03b17e904c7a1a33f8937e.jpg,1,0.2155068963766098,0.028178803622722626,0.037976302206516266,0.05634656548500061,0.0018818374956026673
00014_00007_00013_png.rf.bd8b36832e03b17e904c7a1a33f8937e.jpg,1,0.8664049506187439,0.05888954550027847,0.03727428987622261,0.08456096798181534,0.0017445690464228392
00014_00007_00013_png.rf.bd8b36832e03b17e904c7a1a33f8937e.jpg,1,0.9886310696601868,0.6884902119636536,0.022255824878811836,0.10061748325824738,0.0011711011175066233
00014_00008_00004_png.rf.ce893afcdfcca67343de52c60d510a98.jpg,14,0.5439509153366089,0.5436742901802063,0.602590024471283,0.669275164604187,0.9742535948753357
00014_00008_00013_png.rf.a9f7b30283b689f1a5808560a69c0f7c.jpg,14,0.5027820467948914,0.5247979760169983,0.6764384508132935,0.7162776589393616,0.961629331111908
00014_00008_00013_png.rf.a9f7b30283b689f1a5808560a69c0f7c.jpg,14,0.7827931642532349,0.5346736311912537,0.126988485455513,0.6974263191223145,0.0016139892395585775
00014_00008_00028_png.rf.41dc94b1892472b66d391791d753bb84.jpg,14,0.5061565041542053,0.5061389803886414,0.8116402626037598,0.7808087468147278,0.9719393253326416
00014_00009_00009_png.rf.b4d1b6a8d582e147ba85747dd85cc451.jpg,14,0.5363433957099915,0.5243930816650391,0.6293922066688538,0.6421858668327332,0.9644765257835388
00014_00009_00014_png.rf.5998ff1f31bd52e787eaa23bb04f06d2.jpg,14,0.5092350840568542,0.5095800161361694,0.7423057556152344,0.7400950193405151,0.960433840751648
00014_00009_00022_png.rf.c59286af8197704e8e88c3efdbf7b9d5.jpg,14,0.5197740197181702,0.5032115578651428,0.8076077103614807,0.818472683429718,0.964282751083374
00014_00009_00022_png.rf.c59286af8197704e8e88c3efdbf7b9d5.jpg,14,0.8201109170913696,0.5071112513542175,0.19204317033290863,0.8119933605194092,0.004775052424520254
00014_00009_00022_png.rf.c59286af8197704e8e88c3efdbf7b9d5.jpg,10,0.9700707793235779,0.4897029995918274,0.05927526205778122,0.30155453085899353,0.0024430195335298777
00014_00010_00014_png.rf.3f9712dbd32c574c45bf9dbb8517dd9f.jpg,14,0.5209081768989563,0.5299869179725647,0.7929049730300903,0.7907430529594421,0.9651610851287842
00014_00010_00014_png.rf.3f9712dbd32c574c45bf9dbb8517dd9f.jpg,14,0.8124708533287048,0.5145024657249451,0.18709300458431244,0.6492617726325989,0.0024447098840028048
00014_00010_00017_png.rf.10f5ad5e297030721e4521481f8ca702.jpg,14,0.5092305541038513,0.5151631236076355,0.7830638885498047,0.7653062343597412,0.9696369767189026
00014_00010_00017_png.rf.10f5ad5e297030721e4521481f8ca702.jpg,14,0.21620817482471466,0.5204336643218994,0.16266079246997833,0.7240754961967468,0.0012044290779158473
00014_00011_00027_png.rf.c81a4600612fc1eb5cc21661de7ef62b.jpg,14,0.5019885897636414,0.5019108057022095,0.7876917123794556,0.7838734984397888,0.9604448676109314
00014_00012_00028_png.rf.7e4a7979b1766d76ca5628991607b48c.jpg,14,0.5181401968002319,0.5148957967758179,0.7854549884796143,0.7751227617263794,0.9631913900375366
00014_00013_00000_png.rf.230606f2f715a2bde5a237acafa3604b.jpg,14,0.5045846104621887,0.5829685926437378,0.6164308786392212,0.4901922941207886,0.959143877029419
00014_00013_00001_png.rf.e01f34bee93788d71a9ca127de49b201.jpg,14,0.4938660264015198,0.523151695728302,0.5705196261405945,0.5463655591011047,0.9641976356506348
00014_00013_00003_png.rf.774d46f2b5700aec9e78f1959fd3030f.jpg,14,0.5079947710037231,0.537672758102417,0.614166796207428,0.6190667748451233,0.9588062167167664
00014_00022_00002_png.rf.067f3be88afec79842f718b26732c307.jpg,14,0.5281801223754883,0.5060988664627075,0.6354494094848633,0.6698407530784607,0.9512689113616943
00014_00023_00018_png.rf.7f4df748842e9a2b90d343c5612ff812.jpg,14,0.5178202390670776,0.5089870691299438,0.7638676166534424,0.7634192705154419,0.9506599307060242
00014_00023_00018_png.rf.7f4df748842e9a2b90d343c5612ff812.jpg,5,0.5178906917572021,0.05615460127592087,0.7715849876403809,0.11230920255184174,0.05992758646607399
00014_00023_00018_png.rf.7f4df748842e9a2b90d343c5612ff812.jpg,10,0.5187991261482239,0.053454432636499405,0.7435731291770935,0.10690886527299881,0.03188970685005188
00014_00023_00018_png.rf.7f4df748842e9a2b90d343c5612ff812.jpg,12,0.5345476269721985,0.058345090597867966,0.7012324333190918,0.11651305854320526,0.0018119454616680741
00014_00024_00018_png.rf.1b7a484113cbc1f29d56a8f50156948a.jpg,14,0.5176699161529541,0.529070258140564,0.7437059283256531,0.7264825105667114,0.9593586325645447
000163_jpg.rf.55c9537881a01c071eb6c3b46008b884.jpg,9,0.18910497426986694,0.1435917168855667,0.3355879485607147,0.27705907821655273,0.941993772983551
000163_jpg.rf.55c9537881a01c071eb6c3b46008b884.jpg,9,0.18834085762500763,0.3696860373020172,0.3422984480857849,0.7362657189369202,0.0022270733024924994
000163_jpg.rf.55c9537881a01c071eb6c3b46008b884.jpg,0,0.9804189205169678,0.01173471286892891,0.03814007714390755,0.022338982671499252,0.0021853079088032246
000166_jpg.rf.f37d1c743a28243f0e0f2482f2a67290.jpg,9,0.5025066137313843,0.4782096743583679,0.3651019334793091,0.6324414610862732,0.9403189420700073
000166_jpg.rf.f37d1c743a28243f0e0f2482f2a67290.jpg,14,0.9209926128387451,0.955178439617157,0.15709730982780457,0.08964318782091141,0.006512104067951441
000166_jpg.rf.f37d1c743a28243f0e0f2482f2a67290.jpg,14,0.9177234768867493,0.9773476123809814,0.16455306112766266,0.044935669749975204,0.0026609115302562714
000166_jpg.rf.f37d1c743a28243f0e0f2482f2a67290.jpg,14,0.9078635573387146,0.981540858745575,0.1105484664440155,0.0362909771502018,0.002231258200481534
000174_jpg.rf.4f68fb9dc24d6b51af78e847b1e30c10.jpg,9,0.6042697429656982,0.3973400890827179,0.2780982553958893,0.41470521688461304,0.9439235329627991
000174_jpg.rf.4f68fb9dc24d6b51af78e847b1e30c10.jpg,0,0.30603477358818054,0.8486449718475342,0.036704063415527344,0.04172692075371742,0.003455036785453558
000174_jpg.rf.4f68fb9dc24d6b51af78e847b1e30c10.jpg,9,0.5126766562461853,0.39449673891067505,0.45422694087028503,0.40539413690567017,0.002200610237196088
000174_jpg.rf.4f68fb9dc24d6b51af78e847b1e30c10.jpg,0,0.29630789160728455,0.8558329343795776,0.028012679889798164,0.035083480179309845,0.001805581501685083
000174_jpg.rf.4f68fb9dc24d6b51af78e847b1e30c10.jpg,9,0.05653022229671478,0.9521708488464355,0.04484765604138374,0.05930592864751816,0.001280204625800252
000174_jpg.rf.4f68fb9dc24d6b51af78e847b1e30c10.jpg,7,0.09918822348117828,0.9541957974433899,0.028999842703342438,0.0400342233479023,0.001266333507373929
000175_jpg.rf.3690880bd7e62c2260306322a3762cc7.jpg,9,0.6043726205825806,0.4032624065876007,0.2787247598171234,0.41880762577056885,0.94549560546875
000178_jpg.rf.0b4d8766b1bfcd897098e2f8b9bbe5d1.jpg,9,0.47536247968673706,0.506515383720398,0.774682343006134,0.5355597734451294,0.9519222378730774
000191_jpg.rf.055356915ad47ae7e1c0ded839d6c748.jpg,9,0.6882123947143555,0.41753968596458435,0.3461393713951111,0.5037479400634766,0.9490455389022827
000193_jpg.rf.334b364417849eb38db4d2275dc85838.jpg,9,0.5032111406326294,0.3494270443916321,0.6669318079948425,0.4384627044200897,0.9619804620742798
000198_jpg.rf.9f156753fda46dd6fe9848a1440afd1b.jpg,9,0.40724584460258484,0.4597397744655609,0.24566328525543213,0.382454514503479,0.9884737133979797
000198_jpg.rf.9f156753fda46dd6fe9848a1440afd1b.jpg,0,0.6404628157615662,0.7608640193939209,0.04292326793074608,0.023970678448677063,0.006678777746856213
000198_jpg.rf.9f156753fda46dd6fe9848a1440afd1b.jpg,1,0.6190888285636902,0.012204273603856564,0.05536413565278053,0.023108666762709618,0.0042353239841759205
000198_jpg.rf.9f156753fda46dd6fe9848a1440afd1b.jpg,0,0.5145488381385803,0.01197989471256733,0.033975750207901,0.02337489277124405,0.002930062124505639
000198_jpg.rf.9f156753fda46dd6fe9848a1440afd1b.jpg,1,0.5180033445358276,0.012851038947701454,0.03274756297469139,0.02535809949040413,0.0022070063278079033
000198_jpg.rf.9f156753fda46dd6fe9848a1440afd1b.jpg,0,0.5095322132110596,0.1288134604692459,0.03313277289271355,0.02986101061105728,0.0016695283120498061
000198_jpg.rf.9f156753fda46dd6fe9848a1440afd1b.jpg,9,0.26410847902297974,0.33892592787742615,0.5282169580459595,0.6775574088096619,0.001006638864055276
000202_jpg.rf.7b9c03e897bab9b7a170deae87d31266.jpg,8,0.4528418183326721,0.23707401752471924,0.33602312207221985,0.20122426748275757,0.9712756872177124
000204_jpg.rf.0ea9da72e384254681f268a305a35eb6.jpg,8,0.4513011574745178,0.49735337495803833,0.4522661566734314,0.550524890422821,0.9763466119766235
000216_jpg.rf.ba4ecb747ec69d54c3a1690dcf5f5b3a.jpg,8,0.4675246477127075,0.28026941418647766,0.38934746384620667,0.22828485071659088,0.9732710719108582
000216_jpg.rf.ba4ecb747ec69d54c3a1690dcf5f5b3a.jpg,0,0.3949959874153137,0.565694272518158,0.2729521691799164,0.2045469433069229,0.0021387548185884953
000220_jpg.rf.07bc310baa1bbe3fe3ba7117b874ff64.jpg,8,0.5157281160354614,0.36686384677886963,0.39365750551223755,0.24746645987033844,0.9604485034942627
000223_jpg.rf.dbc866e5b7c69cf418e6bcca0e66e50b.jpg,8,0.6476635336875916,0.44239625334739685,0.5731892585754395,0.7441003322601318,0.98049396276474
000231_jpg.rf.71b28020e16b2c6b5aa86d24726609c8.jpg,8,0.502055823802948,0.7823913097381592,0.20578810572624207,0.13855963945388794,0.9730014204978943
000231_jpg.rf.71b28020e16b2c6b5aa86d24726609c8.jpg,8,0.4997306168079376,0.8354626893997192,0.21391142904758453,0.24890783429145813,0.0011846928391605616
000238_jpg.rf.dd14162743767963400cffffaea73ac9.jpg,8,0.64454585313797,0.495608925819397,0.5870103240013123,0.9573692083358765,0.9701235890388489
000239_jpg.rf.9c2470be6d2e5443f4db1ababb992587.jpg,8,0.5161628723144531,0.342971533536911,0.5623407363891602,0.4201553165912628,0.9761107563972473
000257_jpg.rf.6f63b8fd63b0d875247ba0e3d776bd4f.jpg,8,0.2617809772491455,0.2153838723897934,0.4275781214237213,0.2742225229740143,0.9652962684631348
000261_jpg.rf.7c97ab6d968e742c9cc124edd2630e3c.jpg,8,0.5048942565917969,0.2551269829273224,0.4381711184978485,0.28944745659828186,0.942207396030426
000267_jpg.rf.45d318ba9ef48ae9327bb408eb24438e.jpg,8,0.6716906428337097,0.49202486872673035,0.279884934425354,0.18053320050239563,0.8394771218299866
000267_jpg.rf.45d318ba9ef48ae9327bb408eb24438e.jpg,10,0.6730718016624451,0.49983376264572144,0.27273765206336975,0.17874732613563538,0.25952577590942383
000267_jpg.rf.45d318ba9ef48ae9327bb408eb24438e.jpg,1,0.2334214597940445,0.15677762031555176,0.07964974641799927,0.032520513981580734,0.00541840773075819
000267_jpg.rf.45d318ba9ef48ae9327bb408eb24438e.jpg,1,0.43949341773986816,0.8835663199424744,0.01957695372402668,0.06227390840649605,0.0037460876628756523
000267_jpg.rf.45d318ba9ef48ae9327bb408eb24438e.jpg,1,0.8802132606506348,0.8567419648170471,0.028865521773695946,0.08320441842079163,0.003541588317602873
000267_jpg.rf.45d318ba9ef48ae9327bb408eb24438e.jpg,3,0.3208024799823761,0.5361326932907104,0.05870724096894264,0.04958358407020569,0.0027233348228037357
000267_jpg.rf.45d318ba9ef48ae9327bb408eb24438e.jpg,1,0.8485057950019836,0.8613066673278809,0.027710549533367157,0.05809461325407028,0.0026794816367328167
000267_jpg.rf.45d318ba9ef48ae9327bb408eb24438e.jpg,0,0.0268371794372797,0.14853112399578094,0.03360205516219139,0.030963055789470673,0.0026023981627076864
000267_jpg.rf.45d318ba9ef48ae9327bb408eb24438e.jpg,14,0.3212704360485077,0.5356254577636719,0.05676660314202309,0.05075851082801819,0.0025902611669152975
000267_jpg.rf.45d318ba9ef48ae9327bb408eb24438e.jpg,1,0.452722430229187,0.8837857246398926,0.023495454341173172,0.06576596945524216,0.002203158335760236
000267_jpg.rf.45d318ba9ef48ae9327bb408eb24438e.jpg,1,0.8811902403831482,0.8688820004463196,0.037471480667591095,0.11309609562158585,0.0014142508152872324
000267_jpg.rf.45d318ba9ef48ae9327bb408eb24438e.jpg,0,0.23385433852672577,0.15951429307460785,0.08329597115516663,0.03295912221074104,0.0013233551289886236
000282_jpg.rf.26ad0708d13674c6d8cfce6f6bd40cdb.jpg,8,0.4997304677963257,0.481807678937912,0.8619425296783447,0.5519704818725586,0.9911752939224243
000282_jpg.rf.26ad0708d13674c6d8cfce6f6bd40cdb.jpg,1,0.22407247126102448,0.007982082664966583,0.14317359030246735,0.015900442376732826,0.006005826406180859
000286_jpg.rf.48a1be45c5db5656f2bacf687164c529.jpg,11,0.38073402643203735,0.47990408539772034,0.4584909677505493,0.8419291973114014,0.8403979539871216
000287_jpg.rf.a4143ed52df9779f0f27104daf6a8762.jpg,8,0.7631421685218811,0.3547024726867676,0.26718655228614807,0.3407730162143707,0.965745210647583
000287_jpg.rf.a4143ed52df9779f0f27104daf6a8762.jpg,14,0.3366931974887848,0.4656299352645874,0.4150349795818329,0.521430492401123,0.9408406615257263
000288_jpg.rf.2764018cfc726e02916e1739c8f35b5e.jpg,8,0.48479369282722473,0.6598679423332214,0.4478512108325958,0.2791220247745514,0.9830318689346313
000288_jpg.rf.2764018cfc726e02916e1739c8f35b5e.jpg,8,0.810060977935791,0.5386268496513367,0.05951426923274994,0.049472223967313766,0.0029364197980612516
000289_jpg.rf.5bcff3507297a43a567fd64d593fd533.jpg,8,0.4915350079536438,0.27395445108413696,0.48546770215034485,0.3071478009223938,0.9817472100257874
000289_jpg.rf.5bcff3507297a43a567fd64d593fd533.jpg,1,0.40213292837142944,0.6543062329292297,0.28119197487831116,0.24189963936805725,0.0012372107012197375
000295_jpg.rf.3940d624bf6e15926480dad000dd8fa4.jpg,8,0.530178964138031,0.7138969302177429,0.5013246536254883,0.3391079604625702,0.981373131275177
000300_jpg.rf.5013849426466f43fb71333c9d7e208b.jpg,10,0.29415422677993774,0.6725172400474548,0.2339918315410614,0.37850865721702576,0.9842783808708191
000300_jpg.rf.5013849426466f43fb71333c9d7e208b.jpg,0,0.5968785285949707,0.16552135348320007,0.055202633142471313,0.08983864635229111,0.00977286882698536
000300_jpg.rf.5013849426466f43fb71333c9d7e208b.jpg,8,0.2854899764060974,0.8095226883888245,0.1942237764596939,0.10907628387212753,0.001793181523680687
000300_jpg.rf.5013849426466f43fb71333c9d7e208b.jpg,0,0.8159700632095337,0.59013831615448,0.021255934610962868,0.06329448521137238,0.0015466726617887616
000300_jpg.rf.5013849426466f43fb71333c9d7e208b.jpg,14,0.6769105792045593,0.2703250050544739,0.08982732146978378,0.20798364281654358,0.0015114680863916874
000300_jpg.rf.5013849426466f43fb71333c9d7e208b.jpg,11,0.9450904726982117,0.693543553352356,0.05390945076942444,0.1006469801068306,0.001196042401716113
000300_jpg.rf.5013849426466f43fb71333c9d7e208b.jpg,1,0.8440748453140259,0.5284813046455383,0.02571370080113411,0.04072343558073044,0.0011624934850260615
000300_jpg.rf.5013849426466f43fb71333c9d7e208b.jpg,0,0.9282383918762207,0.44642403721809387,0.022223547101020813,0.059736914932727814,0.0010989352595061064
000336_jpg.rf.be0bfe39579236b8f1710a54065f106c.jpg,12,0.8439144492149353,0.2726229131221771,0.17691084742546082,0.28393757343292236,0.9135062098503113
000336_jpg.rf.be0bfe39579236b8f1710a54065f106c.jpg,7,0.8456299304962158,0.27412813901901245,0.18306586146354675,0.2862924635410309,0.6929777264595032
000336_jpg.rf.be0bfe39579236b8f1710a54065f106c.jpg,10,0.8480811715126038,0.2741994559764862,0.18628165125846863,0.2894914448261261,0.144555002450943
000336_jpg.rf.be0bfe39579236b8f1710a54065f106c.jpg,0,0.7840224504470825,0.6160786151885986,0.030412528663873672,0.0546875037252903,0.0028381231240928173
000338_jpg.rf.69f491edc3091d390af673d2da54e080.jpg,10,0.23654517531394958,0.15781423449516296,0.07091335207223892,0.1311018019914627,0.970137357711792
000338_jpg.rf.69f491edc3091d390af673d2da54e080.jpg,12,0.23767340183258057,0.1587745100259781,0.07163447886705399,0.13908353447914124,0.19141076505184174
000338_jpg.rf.69f491edc3091d390af673d2da54e080.jpg,13,0.23865781724452972,0.161225825548172,0.07118632644414902,0.14168405532836914,0.12829405069351196
000338_jpg.rf.69f491edc3091d390af673d2da54e080.jpg,11,0.23824098706245422,0.16027498245239258,0.0720728412270546,0.13920696079730988,0.04818302392959595
000338_jpg.rf.69f491edc3091d390af673d2da54e080.jpg,5,0.07579245418310165,0.2629406750202179,0.1515849083662033,0.5258813500404358,0.002048820024356246
000344_jpg.rf.86a946abb84be97bc833636b8b47b779.jpg,10,0.21933263540267944,0.4424440562725067,0.23796573281288147,0.35712486505508423,0.9729055762290955
000359_jpg.rf.767bed64e2ff0d34ec7b1db1d0e6c398.jpg,10,0.6634117960929871,0.4193542003631592,0.317693293094635,0.4883924126625061,0.9407292604446411
000361_jpg.rf.373518288e417cc551b309d3533c6d0f.jpg,10,0.6678370833396912,0.4444037675857544,0.34575626254081726,0.5034363865852356,0.9490152597427368
000380_jpg.rf.7216ac7b95b9137ab398250ae08e026c.jpg,10,0.5527671575546265,0.44430238008499146,0.16897828876972198,0.2718524932861328,0.9803563356399536
000380_jpg.rf.7216ac7b95b9137ab398250ae08e026c.jpg,9,0.03504132106900215,0.5557600855827332,0.05716897174715996,0.09691979736089706,0.0022879980970174074
000380_jpg.rf.7216ac7b95b9137ab398250ae08e026c.jpg,10,0.4324972927570343,0.4896794557571411,0.4061560332775116,0.40041640400886536,0.0011827885173261166
000383_jpg.rf.070efbd57b6f1e61ece84acca33ec797.jpg,10,0.5948735475540161,0.43183156847953796,0.15701906383037567,0.22727064788341522,0.9765457510948181
000383_jpg.rf.070efbd57b6f1e61ece84acca33ec797.jpg,9,0.5981669425964355,0.43348178267478943,0.15848970413208008,0.2274027019739151,0.0076825120486319065
000384_jpg.rf.0bd20cbc913cf806be9769b408f6e5d6.jpg,10,0.3757784366607666,0.3486221134662628,0.09570401161909103,0.12280765175819397,0.9571947455406189
000384_jpg.rf.0bd20cbc913cf806be9769b408f6e5d6.jpg,9,0.3739110231399536,0.34886258840560913,0.09121117740869522,0.1212349534034729,0.5695602297782898
000412_jpg.rf.4201db338b39b5c120994db37fbf058f.jpg,7,0.6320924758911133,0.4194939136505127,0.49410000443458557,0.6439048051834106,0.9598855972290039
000443_jpg.rf.a212d740b71445278e52aec90cdd3e47.jpg,7,0.6141918301582336,0.310878723859787,0.25858592987060547,0.38634955883026123,0.9452881217002869
000443_jpg.rf.a212d740b71445278e52aec90cdd3e47.jpg,0,0.8236643075942993,0.952825129032135,0.023251168429851532,0.08266478776931763,0.14055845141410828
000443_jpg.rf.a212d740b71445278e52aec90cdd3e47.jpg,8,0.04186146333813667,0.9445701241493225,0.04118682071566582,0.06461598724126816,0.0034143782686442137
000446_jpg.rf.6c9f95ad6ab51802829691fd907953e2.jpg,7,0.6394965052604675,0.486416757106781,0.4406869113445282,0.6289722919464111,0.9573752284049988
000446_jpg.rf.6c9f95ad6ab51802829691fd907953e2.jpg,0,0.21211595833301544,0.8754793405532837,0.047829702496528625,0.023275816813111305,0.0014610916841775179
000446_jpg.rf.6c9f95ad6ab51802829691fd907953e2.jpg,1,0.39393851161003113,0.006858838722109795,0.042799219489097595,0.013500986620783806,0.0013839553575962782
000464_jpg.rf.e5b8f6d9c318c1ad7e34ee049bd64988.jpg,11,0.31662440299987793,0.2817724049091339,0.2845073342323303,0.527468204498291,0.9538445472717285
000464_jpg.rf.e5b8f6d9c318c1ad7e34ee049bd64988.jpg,0,0.2622700333595276,0.7271966338157654,0.014190491288900375,0.03580709919333458,0.015025253407657146
000464_jpg.rf.e5b8f6d9c318c1ad7e34ee049bd64988.jpg,1,0.6761632561683655,0.7995409369468689,0.03422282263636589,0.045932184904813766,0.00480641657486558
000464_jpg.rf.e5b8f6d9c318c1ad7e34ee049bd64988.jpg,1,0.6683368682861328,0.7876521348953247,0.049457259476184845,0.026811160147190094,0.0025881724432110786
000466_jpg.rf.f609fd155d77826a456bb83ec2fba973.jpg,11,0.5007659196853638,0.44352832436561584,0.3410957157611847,0.20510931313037872,0.9800214171409607
000466_jpg.rf.f609fd155d77826a456bb83ec2fba973.jpg,11,0.5038039684295654,0.5623654723167419,0.3473557233810425,0.4305685758590698,0.0027482190635055304
000466_jpg.rf.f609fd155d77826a456bb83ec2fba973.jpg,12,0.8060517311096191,0.5347471833229065,0.06375254690647125,0.04655427485704422,0.0022843002807348967
000475_jpg.rf.b44fe1a1d53315f7ff81d3bea0277189.jpg,11,0.5860678553581238,0.2116422802209854,0.28587469458580017,0.3496110141277313,0.9783182144165039
000475_jpg.rf.b44fe1a1d53315f7ff81d3bea0277189.jpg,1,0.3017868995666504,0.49402502179145813,0.6035737991333008,0.892239511013031,0.0029621385037899017
000478_jpg.rf.ea1348c002d93944315cd4db7cccc0ed.jpg,11,0.6781033277511597,0.3525199592113495,0.1934114694595337,0.2973322570323944,0.9853312969207764
000478_jpg.rf.ea1348c002d93944315cd4db7cccc0ed.jpg,0,0.2366807758808136,0.4088350534439087,0.03697703406214714,0.023911403492093086,0.03650495409965515
000478_jpg.rf.ea1348c002d93944315cd4db7cccc0ed.jpg,0,0.35011205077171326,0.551129937171936,0.042359501123428345,0.01907378062605858,0.0053972844034433365
000478_jpg.rf.ea1348c002d93944315cd4db7cccc0ed.jpg,0,0.2596099376678467,0.4856630563735962,0.028913205489516258,0.023952338844537735,0.00218053231947124
000478_jpg.rf.ea1348c002d93944315cd4db7cccc0ed.jpg,0,0.6301555633544922,0.839589536190033,0.018339011818170547,0.04323871433734894,0.0015377135714516044
000478_jpg.rf.ea1348c002d93944315cd4db7cccc0ed.jpg,11,0.36065465211868286,0.5165314674377441,0.7213093042373657,0.6716924905776978,0.0015185594093054533
000485_jpg.rf.af7e94cba40a41c54db6ce2495de5789.jpg,11,0.5185138583183289,0.6415345072746277,0.15582209825515747,0.21572788059711456,0.986564040184021
000485_jpg.rf.af7e94cba40a41c54db6ce2495de5789.jpg,14,0.9200186133384705,0.9596797823905945,0.1595112830400467,0.08064050227403641,0.0013154298067092896
000485_jpg.rf.af7e94cba40a41c54db6ce2495de5789.jpg,0,0.9922362565994263,0.1003279983997345,0.015527505427598953,0.05575268343091011,0.0010963398963212967
000488_jpg.rf.39fb3e780926eca95137e27b755f19af.jpg,11,0.6870386004447937,0.6427421569824219,0.35825157165527344,0.2366764396429062,0.9623913168907166
000488_jpg.rf.39fb3e780926eca95137e27b755f19af.jpg,3,0.25867563486099243,0.5423688888549805,0.07707761228084564,0.052196651697158813,0.0015219389460980892
000495_jpg.rf.62cc333852734fdf12c38fb00d5a8273.jpg,11,0.2267053723335266,0.5110784769058228,0.27003157138824463,0.4358896315097809,0.9450367093086243
000500_jpg.rf.b742528d52c611a0eb6f2d0453a3c81a.jpg,11,0.8230870366096497,0.4403710961341858,0.09144578129053116,0.12951014935970306,0.9061108827590942
000500_jpg.rf.b742528d52c611a0eb6f2d0453a3c81a.jpg,9,0.821725606918335,0.4391305446624756,0.08920449763536453,0.12968246638774872,0.5549815893173218
000500_jpg.rf.b742528d52c611a0eb6f2d0453a3c81a.jpg,11,0.7692498564720154,0.4420032203197479,0.15492689609527588,0.13907615840435028,0.0015955696580931544
000507_jpg.rf.cef3041f8b255c4cea0070fe8e2c04e4.jpg,11,0.672537624835968,0.34608468413352966,0.3479338586330414,0.2779451012611389,0.8999773859977722
000507_jpg.rf.cef3041f8b255c4cea0070fe8e2c04e4.jpg,11,0.9643718600273132,0.6471232771873474,0.04996197298169136,0.057961978018283844,0.002642750972881913
000512_jpg.rf.e2e180ced9b44c98c59556fef04838bd.jpg,11,0.8306585550308228,0.1973649114370346,0.20129145681858063,0.24773190915584564,0.9726542830467224
000512_jpg.rf.e2e180ced9b44c98c59556fef04838bd.jpg,11,0.3804788589477539,0.4690817892551422,0.5696943998336792,0.7016523480415344,0.9548133015632629
000512_jpg.rf.e2e180ced9b44c98c59556fef04838bd.jpg,7,0.2994300425052643,0.9596377611160278,0.04276745393872261,0.05481793358922005,0.0010065266396850348
000514_jpg.rf.b0d6f6a9a9a1c36ac223b9185a3cfed6.jpg,9,0.7141963243484497,0.2628496289253235,0.07856545597314835,0.10916665941476822,0.8982223272323608
000514_jpg.rf.b0d6f6a9a9a1c36ac223b9185a3cfed6.jpg,10,0.7154768705368042,0.2632448375225067,0.07990411669015884,0.10916486382484436,0.25031599402427673
000514_jpg.rf.b0d6f6a9a9a1c36ac223b9185a3cfed6.jpg,0,0.23066715896129608,0.045588281005620956,0.08222910016775131,0.03272397071123123,0.08048483729362488
000514_jpg.rf.b0d6f6a9a9a1c36ac223b9185a3cfed6.jpg,10,0.1430799812078476,0.2415546178817749,0.035291582345962524,0.04644434526562691,0.03594741225242615
000514_jpg.rf.b0d6f6a9a9a1c36ac223b9185a3cfed6.jpg,0,0.23250368237495422,0.05626222491264343,0.07455793023109436,0.028675749897956848,0.022357188165187836
000514_jpg.rf.b0d6f6a9a9a1c36ac223b9185a3cfed6.jpg,1,0.6513007283210754,0.16426539421081543,0.03110240213572979,0.022633370012044907,0.019125351682305336
000514_jpg.rf.b0d6f6a9a9a1c36ac223b9185a3cfed6.jpg,1,0.23046603798866272,0.05568976700305939,0.0752926617860794,0.031675249338150024,0.007936911657452583
000514_jpg.rf.b0d6f6a9a9a1c36ac223b9185a3cfed6.jpg,1,0.3970327377319336,0.05113287270069122,0.05699913576245308,0.02603096328675747,0.005901613738387823
000514_jpg.rf.b0d6f6a9a9a1c36ac223b9185a3cfed6.jpg,1,0.8939146399497986,0.01937774196267128,0.14170236885547638,0.03843475505709648,0.0042032175697386265
000514_jpg.rf.b0d6f6a9a9a1c36ac223b9185a3cfed6.jpg,1,0.04699381813406944,0.02166890725493431,0.09308597445487976,0.04292632266879082,0.0035697342827916145
000514_jpg.rf.b0d6f6a9a9a1c36ac223b9185a3cfed6.jpg,0,0.5940749645233154,0.15253210067749023,0.022144464775919914,0.018912481144070625,0.003552186768501997
000514_jpg.rf.b0d6f6a9a9a1c36ac223b9185a3cfed6.jpg,0,0.23934654891490936,0.030812207609415054,0.10284490138292313,0.047306690365076065,0.003048800164833665
000514_jpg.rf.b0d6f6a9a9a1c36ac223b9185a3cfed6.jpg,0,0.5516719818115234,0.026006465777754784,0.16152165830135345,0.05066502466797829,0.002842094749212265
000514_jpg.rf.b0d6f6a9a9a1c36ac223b9185a3cfed6.jpg,1,0.4088541269302368,0.048140574246644974,0.08154832571744919,0.028552468866109848,0.002273975405842066
000514_jpg.rf.b0d6f6a9a9a1c36ac223b9185a3cfed6.jpg,1,0.5442458391189575,0.02072388492524624,0.17533735930919647,0.04054119065403938,0.002188608516007662
000514_jpg.rf.b0d6f6a9a9a1c36ac223b9185a3cfed6.jpg,9,0.7516217231750488,0.2558352053165436,0.1461356282234192,0.10048074275255203,0.0021471709478646517
000514_jpg.rf.b0d6f6a9a9a1c36ac223b9185a3cfed6.jpg,1,0.27714022994041443,0.013186306692659855,0.12197326123714447,0.025960203260183334,0.0021173630375415087
000514_jpg.rf.b0d6f6a9a9a1c36ac223b9185a3cfed6.jpg,0,0.6189043521881104,0.16211117804050446,0.025989973917603493,0.017472771927714348,0.002071700058877468
000514_jpg.rf.b0d6f6a9a9a1c36ac223b9185a3cfed6.jpg,0,0.604180097579956,0.15740299224853516,0.038527198135852814,0.01704307831823826,0.00202067568898201
000514_jpg.rf.b0d6f6a9a9a1c36ac223b9185a3cfed6.jpg,0,0.1584652066230774,0.2071971595287323,0.04983844235539436,0.02508060820400715,0.001720631611533463
000514_jpg.rf.b0d6f6a9a9a1c36ac223b9185a3cfed6.jpg,1,0.2330857813358307,0.0391533188521862,0.07989410310983658,0.05036824569106102,0.0015592151321470737
000514_jpg.rf.b0d6f6a9a9a1c36ac223b9185a3cfed6.jpg,1,0.4114632308483124,0.031851284205913544,0.07201693952083588,0.04197613522410393,0.001450770883820951
000514_jpg.rf.b0d6f6a9a9a1c36ac223b9185a3cfed6.jpg,0,0.37246713042259216,0.023362962529063225,0.17501135170459747,0.045367490500211716,0.001250628032721579
000514_jpg.rf.b0d6f6a9a9a1c36ac223b9185a3cfed6.jpg,1,0.3929367959499359,0.061510153114795685,0.048267513513565063,0.028649918735027313,0.0012346202274784446
000514_jpg.rf.b0d6f6a9a9a1c36ac223b9185a3cfed6.jpg,1,0.7254745960235596,0.02274744026362896,0.11876444518566132,0.04295264929533005,0.0010235313093289733
000534_jpg.rf.fc7a9c184c96044637a59a8abbc842d2.jpg,11,0.8089998960494995,0.46258485317230225,0.13504967093467712,0.1793193221092224,0.9704763293266296
000534_jpg.rf.fc7a9c184c96044637a59a8abbc842d2.jpg,0,0.5197409391403198,0.303241103887558,0.019150441512465477,0.04490162804722786,0.0020757794845849276
000534_jpg.rf.fc7a9c184c96044637a59a8abbc842d2.jpg,1,0.20855002105236053,0.011013400740921497,0.049856849014759064,0.02181023359298706,0.0017190915532410145
000534_jpg.rf.fc7a9c184c96044637a59a8abbc842d2.jpg,0,0.9882912635803223,0.5172507762908936,0.01669340953230858,0.021089700981974602,0.001397090731188655
000534_jpg.rf.fc7a9c184c96044637a59a8abbc842d2.jpg,1,0.19069190323352814,0.006033687852323055,0.03293851763010025,0.011918425559997559,0.0011260369792580605
000558_jpg.rf.40c69cee11121c32100bc0ec9dc29849.jpg,12,0.7933659553527832,0.3583129644393921,0.3160805404186249,0.38982531428337097,0.9582647085189819
000558_jpg.rf.40c69cee11121c32100bc0ec9dc29849.jpg,12,0.7888472676277161,0.5644901394844055,0.3471411466598511,0.7864192128181458,0.0024747198913246393
000566_jpg.rf.85d938d7ad9b91799d8732111b98cc79.jpg,12,0.3993370234966278,0.22557760775089264,0.17918315529823303,0.28480908274650574,0.97352534532547
000566_jpg.rf.85d938d7ad9b91799d8732111b98cc79.jpg,0,0.5786541104316711,0.6607691049575806,0.024174325168132782,0.07009976357221603,0.08284283429384232
000566_jpg.rf.85d938d7ad9b91799d8732111b98cc79.jpg,12,0.15908733010292053,0.4143671691417694,0.3179810047149658,0.8102590441703796,0.0012314937775954604
000592_jpg.rf.7264e25a590f878fcb39467d550219de.jpg,12,0.7154626846313477,0.38548436760902405,0.4906488358974457,0.7596964836120605,0.9727856516838074
000592_jpg.rf.7264e25a590f878fcb39467d550219de.jpg,0,0.08038323372602463,0.2549004554748535,0.01632954180240631,0.039215970784425735,0.0020355151500552893
000595_jpg.rf.5b549a5e1f209899e21445383698e00d.jpg,12,0.6964183449745178,0.6877086162567139,0.3804093897342682,0.5907390713691711,0.9533690810203552
000596_jpg.rf.eb635457db0d42d1d585000296f83145.jpg,12,0.7806988954544067,0.38851115107536316,0.3833705186843872,0.716262698173523,0.9602444171905518
000599_jpg.rf.87f4886233a457df94743a34ee410218.jpg,12,0.8061452507972717,0.2442455142736435,0.2982070744037628,0.462729811668396,0.9635077714920044
000599_jpg.rf.87f4886233a457df94743a34ee410218.jpg,12,0.8135599493980408,0.4858524203300476,0.29131290316581726,0.9414616227149963,0.0014009925071150064
000599_jpg.rf.87f4886233a457df94743a34ee410218.jpg,1,0.1680588573217392,0.5189817547798157,0.06223132461309433,0.05068118870258331,0.001352547318674624
000626_jpg.rf.844a2fbefbe88499e977a640a50441c8.jpg,12,0.5078641176223755,0.24924804270267487,0.1996966153383255,0.37140369415283203,0.976642370223999
000626_jpg.rf.844a2fbefbe88499e977a640a50441c8.jpg,8,0.2473386526107788,0.4604235589504242,0.22224503755569458,0.17625971138477325,0.01521158404648304
000626_jpg.rf.844a2fbefbe88499e977a640a50441c8.jpg,11,0.06559324264526367,0.37077802419662476,0.13118648529052734,0.25399890542030334,0.003143956419080496
000629_jpg.rf.7fc79b6ca0f85116dc5588dd6869900c.jpg,12,0.44918885827064514,0.3427641689777374,0.452762246131897,0.31089088320732117,0.9560413360595703
000629_jpg.rf.7fc79b6ca0f85116dc5588dd6869900c.jpg,0,0.35755276679992676,0.9895867705345154,0.019888952374458313,0.02019970305263996,0.00942193903028965
000629_jpg.rf.7fc79b6ca0f85116dc5588dd6869900c.jpg,0,0.3560299575328827,0.9793802499771118,0.023728517815470695,0.040406156331300735,0.0031488966196775436
000635_jpg.rf.add3c9544fc93e8ad88fcb67fbb714cb.jpg,12,0.4926410913467407,0.16438539326190948,0.10440313071012497,0.14149291813373566,0.7924672365188599
000635_jpg.rf.add3c9544fc93e8ad88fcb67fbb714cb.jpg,10,0.49056294560432434,0.16397497057914734,0.10561202466487885,0.14183051884174347,0.6436710357666016
000635_jpg.rf.add3c9544fc93e8ad88fcb67fbb714cb.jpg,13,0.4958168864250183,0.16458946466445923,0.107156902551651,0.13992427289485931,0.43133437633514404
000635_jpg.rf.add3c9544fc93e8ad88fcb67fbb714cb.jpg,1,0.9305546283721924,0.012323987670242786,0.11857371032238007,0.024206841364502907,0.005827827844768763
000635_jpg.rf.add3c9544fc93e8ad88fcb67fbb714cb.jpg,1,0.7821084856987,0.007100885733962059,0.06254842132329941,0.014201771467924118,0.0025799847207963467
000635_jpg.rf.add3c9544fc93e8ad88fcb67fbb714cb.jpg,1,0.7590190172195435,0.9594740271568298,0.14786002039909363,0.08065326511859894,0.0018199423793703318
000635_jpg.rf.add3c9544fc93e8ad88fcb67fbb714cb.jpg,1,0.7247126698493958,0.9668999314308167,0.09424092620611191,0.06583625078201294,0.001660830806940794
000635_jpg.rf.add3c9544fc93e8ad88fcb67fbb714cb.jpg,12,0.6671102643013,0.16431313753128052,0.6657795906066895,0.32862627506256104,0.001325798686593771
000644_jpg.rf.e150fedf356c73b528bb6943f267e094.jpg,7,0.37109068036079407,0.21158026158809662,0.3372665047645569,0.20833496749401093,0.9566486477851868
000644_jpg.rf.e150fedf356c73b528bb6943f267e094.jpg,10,0.37303197383880615,0.21236427128314972,0.3318654000759125,0.21109545230865479,0.5507107377052307
000644_jpg.rf.e150fedf356c73b528bb6943f267e094.jpg,13,0.37609004974365234,0.21175014972686768,0.33824554085731506,0.21032164990901947,0.48750755190849304
000644_jpg.rf.e150fedf356c73b528bb6943f267e094.jpg,8,0.7591071724891663,0.25409990549087524,0.10289735347032547,0.1055460050702095,0.001369574572890997
000644_jpg.rf.e150fedf356c73b528bb6943f267e094.jpg,7,0.3757234513759613,0.34705236554145813,0.3423628509044647,0.4682897627353668,0.001066689845174551
000649_jpg.rf.f86b7d2974091d1956dedec6e79cbf61.jpg,12,0.27694374322891235,0.1664130687713623,0.11772288382053375,0.1603931337594986,0.94898521900177
000649_jpg.rf.f86b7d2974091d1956dedec6e79cbf61.jpg,7,0.2763628363609314,0.16244156658649445,0.11716681718826294,0.16625775396823883,0.491060733795166
000652_jpg.rf.2d13be3464e928dde8d4e3a7ed638236.jpg,12,0.6371229290962219,0.5301680564880371,0.07817914336919785,0.11624366044998169,0.8356505036354065
000652_jpg.rf.2d13be3464e928dde8d4e3a7ed638236.jpg,11,0.6332798004150391,0.530499279499054,0.07467343658208847,0.12401830404996872,0.5088820457458496
000652_jpg.rf.2d13be3464e928dde8d4e3a7ed638236.jpg,4,0.6367856860160828,0.5314704775810242,0.0745372399687767,0.12141690403223038,0.021154871210455894
000652_jpg.rf.2d13be3464e928dde8d4e3a7ed638236.jpg,10,0.6372601389884949,0.5309658050537109,0.07671807706356049,0.12042023986577988,0.016787182539701462
000652_jpg.rf.2d13be3464e928dde8d4e3a7ed638236.jpg,0,0.09506482630968094,0.614264726638794,0.10627816617488861,0.042776841670274734,0.0020180533174425364
000654_jpg.rf.d267c50f2def671a3af6c7816a990548.jpg,12,0.4559996724128723,0.36905190348625183,0.1825171262025833,0.28375500440597534,0.975246012210846
000654_jpg.rf.d267c50f2def671a3af6c7816a990548.jpg,12,0.268223375082016,0.5817641019821167,0.536446750164032,0.7874691486358643,0.008760381489992142
000654_jpg.rf.d267c50f2def671a3af6c7816a990548.jpg,12,0.61115562915802,0.4928481876850128,0.7776888012886047,0.9593004584312439,0.003114290302619338
000654_jpg.rf.d267c50f2def671a3af6c7816a990548.jpg,12,0.41263461112976074,0.2797675132751465,0.8252692222595215,0.5591021776199341,0.00149377656634897
000656_jpg.rf.2bfcb3a401a6cd59986f442316903cca.jpg,12,0.8481959700584412,0.34677138924598694,0.22551009058952332,0.231625497341156,0.9332818388938904
000656_jpg.rf.2bfcb3a401a6cd59986f442316903cca.jpg,1,0.37053513526916504,0.6364737749099731,0.01969381608068943,0.024285830557346344,0.023406075313687325
000656_jpg.rf.2bfcb3a401a6cd59986f442316903cca.jpg,8,0.6577125191688538,0.8484326004981995,0.06595450639724731,0.044261202216148376,0.0030078154522925615
000656_jpg.rf.2bfcb3a401a6cd59986f442316903cca.jpg,0,0.3885843753814697,0.6578213572502136,0.020691871643066406,0.01647655852138996,0.0017500268295407295
000656_jpg.rf.2bfcb3a401a6cd59986f442316903cca.jpg,11,0.6435402631759644,0.8508222103118896,0.025386957451701164,0.039292555302381516,0.0014673923142254353
000656_jpg.rf.2bfcb3a401a6cd59986f442316903cca.jpg,1,0.38144370913505554,0.6576674580574036,0.024702953174710274,0.018569359555840492,0.0012241114163771272
000656_jpg.rf.2bfcb3a401a6cd59986f442316903cca.jpg,1,0.36847570538520813,0.6374640464782715,0.013002396561205387,0.014922362752258778,0.0011090164771303535
000656_jpg.rf.2bfcb3a401a6cd59986f442316903cca.jpg,13,0.6525833606719971,0.8509148955345154,0.04526549205183983,0.03592139109969139,0.0010742269223555923
000656_jpg.rf.2bfcb3a401a6cd59986f442316903cca.jpg,1,0.376983642578125,0.6450681090354919,0.024183200672268867,0.028876526281237602,0.0010490418644621968
000658_jpg.rf.305458475fd66b31a8b2796cceb9f511.jpg,12,0.5638619661331177,0.45424821972846985,0.12754718959331512,0.1862211972475052,0.9518104195594788
000658_jpg.rf.305458475fd66b31a8b2796cceb9f511.jpg,7,0.5634937882423401,0.45191484689712524,0.12635180354118347,0.18950851261615753,0.7036592960357666
000658_jpg.rf.305458475fd66b31a8b2796cceb9f511.jpg,9,0.5618955492973328,0.45278722047805786,0.12765781581401825,0.18927142024040222,0.4310251474380493
000658_jpg.rf.305458475fd66b31a8b2796cceb9f511.jpg,10,0.5632401704788208,0.4540138840675354,0.12410886585712433,0.18733274936676025,0.007440339773893356
000664_jpg.rf.882fdd90b90c7f1af1fc37a7467443cf.jpg,9,0.2357192188501358,0.3328011631965637,0.2354002147912979,0.3141469359397888,0.9820757508277893
000664_jpg.rf.882fdd90b90c7f1af1fc37a7467443cf.jpg,12,0.2320503145456314,0.7254303097724915,0.23624743521213531,0.31089988350868225,0.9809666872024536
000664_jpg.rf.882fdd90b90c7f1af1fc37a7467443cf.jpg,0,0.77064049243927,0.802649736404419,0.030117036774754524,0.08508477360010147,0.005093806888908148
000670_jpg.rf.9b82f265d8e858e1ac239f550bb09315.jpg,12,0.7881925702095032,0.2533167004585266,0.25189298391342163,0.36673030257225037,0.9717748165130615
000680_jpg.rf.10f9a8b0c68fd4c3a3f991673e8be240.jpg,12,0.7853038311004639,0.3200136423110962,0.30858129262924194,0.40402135252952576,0.9561811685562134
000680_jpg.rf.10f9a8b0c68fd4c3a3f991673e8be240.jpg,1,0.6080554127693176,0.7807495594024658,0.021721400320529938,0.04754917696118355,0.0027487853076308966
000680_jpg.rf.10f9a8b0c68fd4c3a3f991673e8be240.jpg,5,0.9104033708572388,0.09922552108764648,0.17919328808784485,0.19845104217529297,0.0013434125576168299
000684_jpg.rf.da8d58e5754b48f640c2521ce190912e.jpg,12,0.37519147992134094,0.45303061604499817,0.5759006142616272,0.7182721495628357,0.9698696136474609
000684_jpg.rf.da8d58e5754b48f640c2521ce190912e.jpg,12,0.8296079039573669,0.19144809246063232,0.2044484168291092,0.25283899903297424,0.9466530680656433
000689_jpg.rf.e7eb671b04e54cabccbc491dc3087e13.jpg,12,0.5000375509262085,0.4912888705730438,0.32492950558662415,0.5813924670219421,0.9333949685096741
000695_jpg.rf.5433ef9bdff69bb898a98f69af622064.jpg,12,0.2235560119152069,0.322130024433136,0.199796661734581,0.2913093566894531,0.9746339321136475
000700_jpg.rf.4abc8faa3c8f0970d53095fa9218cf8a.jpg,13,0.9096615314483643,0.5500910878181458,0.07979070395231247,0.12274214625358582,0.5380823612213135
000700_jpg.rf.4abc8faa3c8f0970d53095fa9218cf8a.jpg,12,0.9099584221839905,0.5507469177246094,0.07854153960943222,0.12313138693571091,0.5044757127761841
000700_jpg.rf.4abc8faa3c8f0970d53095fa9218cf8a.jpg,3,0.9098659753799438,0.5503873229026794,0.08015412837266922,0.12263445556163788,0.17517392337322235
000700_jpg.rf.4abc8faa3c8f0970d53095fa9218cf8a.jpg,10,0.9113708138465881,0.5492294430732727,0.07867828011512756,0.12171459943056107,0.15041303634643555
000700_jpg.rf.4abc8faa3c8f0970d53095fa9218cf8a.jpg,11,0.9108765125274658,0.5499827861785889,0.07622968405485153,0.12146033346652985,0.14207255840301514
000700_jpg.rf.4abc8faa3c8f0970d53095fa9218cf8a.jpg,5,0.9073255658149719,0.5479900240898132,0.08118424564599991,0.12137208133935928,0.13742412626743317
000700_jpg.rf.4abc8faa3c8f0970d53095fa9218cf8a.jpg,1,0.41190871596336365,0.49412256479263306,0.026403648778796196,0.05802837014198303,0.09824356436729431
000700_jpg.rf.4abc8faa3c8f0970d53095fa9218cf8a.jpg,4,0.9098978638648987,0.5505040287971497,0.07949946820735931,0.12079547345638275,0.028593234717845917
000700_jpg.rf.4abc8faa3c8f0970d53095fa9218cf8a.jpg,8,0.9118063449859619,0.5499234199523926,0.08070594072341919,0.12648817896842957,0.02334347553551197
000700_jpg.rf.4abc8faa3c8f0970d53095fa9218cf8a.jpg,0,0.3738135099411011,0.5093876123428345,0.026159066706895828,0.03135490417480469,0.011924933642148972
000700_jpg.rf.4abc8faa3c8f0970d53095fa9218cf8a.jpg,0,0.37865111231803894,0.5058687329292297,0.032039716839790344,0.040126215666532516,0.011087845079600811
000700_jpg.rf.4abc8faa3c8f0970d53095fa9218cf8a.jpg,0,0.37593814730644226,0.5085479617118835,0.029935838654637337,0.019190862774848938,0.00606249924749136
000700_jpg.rf.4abc8faa3c8f0970d53095fa9218cf8a.jpg,1,0.4110211730003357,0.5192731618881226,0.03299001604318619,0.09178601950407028,0.0020183606538921595
000700_jpg.rf.4abc8faa3c8f0970d53095fa9218cf8a.jpg,0,0.38322749733924866,0.5468341708183289,0.02487916313111782,0.029213540256023407,0.0019302626606076956
000700_jpg.rf.4abc8faa3c8f0970d53095fa9218cf8a.jpg,12,0.39143797755241394,0.6362887620925903,0.7828759551048279,0.7274226546287537,0.0018955104751512408
000700_jpg.rf.4abc8faa3c8f0970d53095fa9218cf8a.jpg,12,0.1369815319776535,0.6197483539581299,0.273963063955307,0.7605032920837402,0.0013408367522060871
000700_jpg.rf.4abc8faa3c8f0970d53095fa9218cf8a.jpg,9,0.9093076586723328,0.5490713119506836,0.07878509163856506,0.12068381905555725,0.0013312053633853793
000700_jpg.rf.4abc8faa3c8f0970d53095fa9218cf8a.jpg,5,0.5354520082473755,0.6983316540718079,0.9281920194625854,0.6033368110656738,0.0011172182857990265
000700_jpg.rf.4abc8faa3c8f0970d53095fa9218cf8a.jpg,3,0.9378889799118042,0.55240398645401,0.12422209978103638,0.11555100232362747,0.001093406928703189
000703_jpg.rf.2999e1a86a880c30b97644b227648d36.jpg,13,0.49943873286247253,0.37618979811668396,0.5072996020317078,0.5675519108772278,0.9921514987945557
000711_jpg.rf.0a584e00809f5da1be911472ba1f8e7b.jpg,9,0.9185011386871338,0.595891535282135,0.061941441148519516,0.1115015521645546,0.35446253418922424
000711_jpg.rf.0a584e00809f5da1be911472ba1f8e7b.jpg,1,0.2590578496456146,0.12429500371217728,0.061935536563396454,0.022310441359877586,0.19239187240600586
000711_jpg.rf.0a584e00809f5da1be911472ba1f8e7b.jpg,12,0.9194546341896057,0.5953183174133301,0.06350737810134888,0.11304921656847,0.16281244158744812
000711_jpg.rf.0a584e00809f5da1be911472ba1f8e7b.jpg,11,0.9184514880180359,0.5911915302276611,0.06212586909532547,0.10306109488010406,0.14094644784927368
000711_jpg.rf.0a584e00809f5da1be911472ba1f8e7b.jpg,4,0.07883923500776291,0.5537543296813965,0.04048868641257286,0.07077642530202866,0.11837086826562881
000711_jpg.rf.0a584e00809f5da1be911472ba1f8e7b.jpg,4,0.9197339415550232,0.5949118137359619,0.06126917526125908,0.10931664705276489,0.10700001567602158
000711_jpg.rf.0a584e00809f5da1be911472ba1f8e7b.jpg,10,0.9195745587348938,0.5976309776306152,0.05985803157091141,0.10793796181678772,0.10400216281414032
000711_jpg.rf.0a584e00809f5da1be911472ba1f8e7b.jpg,13,0.9183264970779419,0.5950900912284851,0.063258096575737,0.11211329698562622,0.08257743716239929
000711_jpg.rf.0a584e00809f5da1be911472ba1f8e7b.jpg,8,0.07874796539545059,0.5539522767066956,0.041160713881254196,0.07057755440473557,0.05397842824459076
000711_jpg.rf.0a584e00809f5da1be911472ba1f8e7b.jpg,9,0.07982996851205826,0.5529142022132874,0.03938092291355133,0.0683489590883255,0.023816363885998726
000711_jpg.rf.0a584e00809f5da1be911472ba1f8e7b.jpg,1,0.24396230280399323,0.1319076120853424,0.045072704553604126,0.035097215324640274,0.015403935685753822
000711_jpg.rf.0a584e00809f5da1be911472ba1f8e7b.jpg,0,0.33928948640823364,0.13905484974384308,0.02985081449151039,0.017815573140978813,0.011247143149375916
000711_jpg.rf.0a584e00809f5da1be911472ba1f8e7b.jpg,1,0.25912895798683167,0.13251300156116486,0.06372730433940887,0.0358368456363678,0.004365960136055946
000711_jpg.rf.0a584e00809f5da1be911472ba1f8e7b.jpg,0,0.04527994617819786,0.2030806839466095,0.01869388483464718,0.019937552511692047,0.0037568628322333097
000711_jpg.rf.0a584e00809f5da1be911472ba1f8e7b.jpg,1,0.2739376127719879,0.12540800869464874,0.032838307321071625,0.029538394883275032,0.0027299150824546814
000711_jpg.rf.0a584e00809f5da1be911472ba1f8e7b.jpg,1,0.28966179490089417,0.01711864583194256,0.02355979196727276,0.030004985630512238,0.0022871983237564564
000711_jpg.rf.0a584e00809f5da1be911472ba1f8e7b.jpg,1,0.2624692916870117,0.11206641793251038,0.04874086380004883,0.021563200280070305,0.0021173772402107716
000711_jpg.rf.0a584e00809f5da1be911472ba1f8e7b.jpg,1,0.24110713601112366,0.1408597230911255,0.025627760216593742,0.04613438993692398,0.0020613374654203653
000711_jpg.rf.0a584e00809f5da1be911472ba1f8e7b.jpg,1,0.2711426019668579,0.1101146712899208,0.03892752155661583,0.02470269612967968,0.001833778922446072
000711_jpg.rf.0a584e00809f5da1be911472ba1f8e7b.jpg,1,0.23231463134288788,0.13235914707183838,0.025744182989001274,0.03611988574266434,0.001685159164480865
000711_jpg.rf.0a584e00809f5da1be911472ba1f8e7b.jpg,0,0.3460233509540558,0.1392778903245926,0.035579241812229156,0.019901974126696587,0.0016544586978852749
000711_jpg.rf.0a584e00809f5da1be911472ba1f8e7b.jpg,0,0.47621288895606995,0.12530308961868286,0.030379075556993484,0.013476959429681301,0.0015691403532400727
000711_jpg.rf.0a584e00809f5da1be911472ba1f8e7b.jpg,5,0.4948359429836273,0.5167683959007263,0.7896919250488281,0.9664632678031921,0.001547722495160997
000711_jpg.rf.0a584e00809f5da1be911472ba1f8e7b.jpg,0,0.3255715072154999,0.13842511177062988,0.030543841421604156,0.01846984773874283,0.0014566710451617837
000711_jpg.rf.0a584e00809f5da1be911472ba1f8e7b.jpg,1,0.853455126285553,0.10323983430862427,0.017503885552287102,0.02570842020213604,0.0012609624536707997
000711_jpg.rf.0a584e00809f5da1be911472ba1f8e7b.jpg,12,0.9458756446838379,0.4346332848072052,0.10824878513813019,0.8597633838653564,0.0012445636093616486
000711_jpg.rf.0a584e00809f5da1be911472ba1f8e7b.jpg,0,0.04774551838636398,0.1909499615430832,0.019796857610344887,0.030811456963419914,0.001138867111876607
000711_jpg.rf.0a584e00809f5da1be911472ba1f8e7b.jpg,10,0.8312033414840698,0.16292181611061096,0.02722886949777603,0.06639103591442108,0.0010799143929034472
000713_jpg.rf.ea540b12ec46dd3f2dad786ab321c3a3.jpg,7,0.5260817408561707,0.4559613764286041,0.32207295298576355,0.23915526270866394,0.9571552276611328
000713_jpg.rf.ea540b12ec46dd3f2dad786ab321c3a3.jpg,7,0.5301107168197632,0.5423069000244141,0.33660170435905457,0.4136500060558319,0.0013597237411886454
000722_jpg.rf.9bee48a5dc22112fb5a705192fd54d45.jpg,8,0.4994906485080719,0.6264905333518982,0.1576126664876938,0.192619189620018,0.9342324733734131
000722_jpg.rf.9bee48a5dc22112fb5a705192fd54d45.jpg,7,0.5066651701927185,0.32504549622535706,0.16062040627002716,0.2323381006717682,0.032207220792770386
000722_jpg.rf.9bee48a5dc22112fb5a705192fd54d45.jpg,8,0.5066829323768616,0.3245866000652313,0.16346441209316254,0.23231123387813568,0.021446214988827705
000722_jpg.rf.9bee48a5dc22112fb5a705192fd54d45.jpg,0,0.20736661553382874,0.25499433279037476,0.01733420602977276,0.025337807834148407,0.018320219591259956
000722_jpg.rf.9bee48a5dc22112fb5a705192fd54d45.jpg,11,0.5047555565834045,0.3260924518108368,0.16595077514648438,0.23341724276542664,0.010119248181581497
000722_jpg.rf.9bee48a5dc22112fb5a705192fd54d45.jpg,12,0.5050033330917358,0.324495792388916,0.16084158420562744,0.23444777727127075,0.008028682321310043
000722_jpg.rf.9bee48a5dc22112fb5a705192fd54d45.jpg,8,0.2102826088666916,0.2528684735298157,0.017959779128432274,0.02881659008562565,0.005060072522610426
000722_jpg.rf.9bee48a5dc22112fb5a705192fd54d45.jpg,0,0.5056189298629761,0.3246382176876068,0.16158214211463928,0.23286065459251404,0.00257654651068151
000722_jpg.rf.9bee48a5dc22112fb5a705192fd54d45.jpg,0,0.5075558423995972,0.12549665570259094,0.009902147576212883,0.016672538593411446,0.0023227029014378786
000722_jpg.rf.9bee48a5dc22112fb5a705192fd54d45.jpg,0,0.4957393407821655,0.14134833216667175,0.011153221130371094,0.016457008197903633,0.0022309927735477686
000722_jpg.rf.9bee48a5dc22112fb5a705192fd54d45.jpg,0,0.32939714193344116,0.9821800589561462,0.030971968546509743,0.03524487093091011,0.0020928452722728252
000722_jpg.rf.9bee48a5dc22112fb5a705192fd54d45.jpg,9,0.504803478717804,0.3255135715007782,0.1648027002811432,0.23306898772716522,0.0018735789926722646
000722_jpg.rf.9bee48a5dc22112fb5a705192fd54d45.jpg,0,0.5883859395980835,0.15694543719291687,0.014287509024143219,0.035962700843811035,0.001634057960473001
000722_jpg.rf.9bee48a5dc22112fb5a705192fd54d45.jpg,0,0.5098584294319153,0.11415747553110123,0.00836445763707161,0.017882054671645164,0.0015080150915309787
000722_jpg.rf.9bee48a5dc22112fb5a705192fd54d45.jpg,0,0.47443926334381104,0.14310160279273987,0.009004446677863598,0.01355985552072525,0.0014504111604765058
000722_jpg.rf.9bee48a5dc22112fb5a705192fd54d45.jpg,0,0.5072265267372131,0.14025352895259857,0.010480147786438465,0.01983090676367283,0.0011079352116212249
000722_jpg.rf.9bee48a5dc22112fb5a705192fd54d45.jpg,0,0.3396779000759125,0.0832582637667656,0.008931967429816723,0.02106516622006893,0.0010046479292213917
000729_jpg.rf.7b1a28094ac79f94f38e0ca9d4037037.jpg,12,0.8549838662147522,0.239972323179245,0.2576123774051666,0.41219064593315125,0.9766656756401062
000735_jpg.rf.8927d1a7914f3b404d59d7afb8238ce4.jpg,13,0.5416691303253174,0.28449100255966187,0.20682404935359955,0.3672136962413788,0.97378009557724
000735_jpg.rf.8927d1a7914f3b404d59d7afb8238ce4.jpg,1,0.7100775241851807,0.6923463344573975,0.01721704937517643,0.024623578414320946,0.04949833080172539
000735_jpg.rf.8927d1a7914f3b404d59d7afb8238ce4.jpg,0,0.3096173405647278,0.7329874038696289,0.017388949170708656,0.02080022357404232,0.004602951928973198
000735_jpg.rf.8927d1a7914f3b404d59d7afb8238ce4.jpg,1,0.3130757808685303,0.7274391651153564,0.01675150915980339,0.01427063625305891,0.002179657109081745
000735_jpg.rf.8927d1a7914f3b404d59d7afb8238ce4.jpg,0,0.7996981739997864,0.7968302965164185,0.016774985939264297,0.024894127622246742,0.0014901329996064305
000735_jpg.rf.8927d1a7914f3b404d59d7afb8238ce4.jpg,0,0.29705312848091125,0.776320219039917,0.023731673136353493,0.016946205869317055,0.0013156728819012642
000735_jpg.rf.8927d1a7914f3b404d59d7afb8238ce4.jpg,1,0.7001357674598694,0.7594857811927795,0.028794802725315094,0.028883568942546844,0.0011139907874166965
000735_jpg.rf.8927d1a7914f3b404d59d7afb8238ce4.jpg,1,0.7103404998779297,0.6991283893585205,0.011775530874729156,0.03155282884836197,0.0010708470363169909
000735_jpg.rf.8927d1a7914f3b404d59d7afb8238ce4.jpg,13,0.478907972574234,0.2987331449985504,0.3296104371547699,0.39616528153419495,0.0010542696109041572
000736_jpg.rf.228d17ea85d8e4b2f1fd5a1fec7582d9.jpg,13,0.44678860902786255,0.2511759102344513,0.2536388635635376,0.15588948130607605,0.9642658829689026
000736_jpg.rf.228d17ea85d8e4b2f1fd5a1fec7582d9.jpg,11,0.4505179226398468,0.41866496205329895,0.25085392594337463,0.152501180768013,0.8158621191978455
000736_jpg.rf.228d17ea85d8e4b2f1fd5a1fec7582d9.jpg,8,0.451200395822525,0.41808000206947327,0.24812853336334229,0.15385811030864716,0.13282224535942078
000736_jpg.rf.228d17ea85d8e4b2f1fd5a1fec7582d9.jpg,9,0.4449698030948639,0.2528213858604431,0.25051894783973694,0.1615535467863083,0.08159522712230682
000736_jpg.rf.228d17ea85d8e4b2f1fd5a1fec7582d9.jpg,10,0.4506739377975464,0.4177321791648865,0.24857625365257263,0.15081405639648438,0.02653493359684944
000736_jpg.rf.228d17ea85d8e4b2f1fd5a1fec7582d9.jpg,7,0.44956839084625244,0.4189877212047577,0.24383443593978882,0.14901550114154816,0.012040788307785988
000736_jpg.rf.228d17ea85d8e4b2f1fd5a1fec7582d9.jpg,12,0.5169678926467896,0.9771262407302856,0.16655071079730988,0.04237072542309761,0.0019809496589004993
000736_jpg.rf.228d17ea85d8e4b2f1fd5a1fec7582d9.jpg,5,0.45195257663726807,0.4190672039985657,0.25198203325271606,0.1503700166940689,0.0019284759182482958
000736_jpg.rf.228d17ea85d8e4b2f1fd5a1fec7582d9.jpg,1,0.5207644104957581,0.9778560400009155,0.15072889626026154,0.042382463812828064,0.001591394073329866
000741_jpg.rf.48077831b42aa2a01691cd30be5da048.jpg,13,0.6769224405288696,0.3343530297279358,0.3945654630661011,0.6687060594558716,0.988004744052887
000741_jpg.rf.48077831b42aa2a01691cd30be5da048.jpg,5,0.711277186870575,0.8057135939598083,0.27787017822265625,0.2296023815870285,0.004274472594261169
000741_jpg.rf.48077831b42aa2a01691cd30be5da048.jpg,1,0.502518355846405,0.6882507801055908,0.016547277569770813,0.02236894518136978,0.003626661840826273
000753_jpg.rf.23d05489386c3399c5d26ac779015d26.jpg,13,0.6493752002716064,0.7376605868339539,0.10167162865400314,0.15422190725803375,0.9579421281814575
000753_jpg.rf.23d05489386c3399c5d26ac779015d26.jpg,10,0.6485568881034851,0.7368155717849731,0.10356566309928894,0.15436995029449463,0.5288941264152527
000753_jpg.rf.23d05489386c3399c5d26ac779015d26.jpg,9,0.6461491584777832,0.7359564900398254,0.10489361733198166,0.1545127034187317,0.39982810616493225
000753_jpg.rf.23d05489386c3399c5d26ac779015d26.jpg,7,0.5839454531669617,0.30726829171180725,0.06642928719520569,0.04489561542868614,0.0021345720160752535
000753_jpg.rf.23d05489386c3399c5d26ac779015d26.jpg,0,0.7206541299819946,0.5219596028327942,0.03220529109239578,0.028860166668891907,0.001840699347667396
000753_jpg.rf.23d05489386c3399c5d26ac779015d26.jpg,0,0.5878408551216125,0.304617315530777,0.05930585414171219,0.038648899644613266,0.0014899189118295908
000762_jpg.rf.ea6102293c9b38d9f90158f1a4cc33f7.jpg,13,0.6796680092811584,0.40577784180641174,0.21626664698123932,0.2611199915409088,0.9729450941085815
000762_jpg.rf.ea6102293c9b38d9f90158f1a4cc33f7.jpg,1,0.9056309461593628,0.02477913722395897,0.13915912806987762,0.04912871867418289,0.027753636240959167
000762_jpg.rf.ea6102293c9b38d9f90158f1a4cc33f7.jpg,0,0.575908362865448,0.22693154215812683,0.02198036015033722,0.04920460656285286,0.002525465330109
000762_jpg.rf.ea6102293c9b38d9f90158f1a4cc33f7.jpg,7,0.24351420998573303,0.5296405553817749,0.48702841997146606,0.9407190084457397,0.001571195898577571
000762_jpg.rf.ea6102293c9b38d9f90158f1a4cc33f7.jpg,1,0.14722485840320587,0.5139949321746826,0.013387130573391914,0.01874777115881443,0.0011070726905018091
000763_jpg.rf.6018d10dd3889ec0579a386c052fb6ff.jpg,13,0.4623604714870453,0.3209405839443207,0.08472112566232681,0.1532014161348343,0.6446276307106018
000763_jpg.rf.6018d10dd3889ec0579a386c052fb6ff.jpg,10,0.45968830585479736,0.32117363810539246,0.08038491755723953,0.1494310200214386,0.3906719386577606
000763_jpg.rf.6018d10dd3889ec0579a386c052fb6ff.jpg,9,0.45979252457618713,0.3213628828525543,0.08077511936426163,0.1498376429080963,0.30902838706970215
000763_jpg.rf.6018d10dd3889ec0579a386c052fb6ff.jpg,12,0.45818766951560974,0.31895747780799866,0.07987117767333984,0.14665603637695312,0.029027802869677544
000763_jpg.rf.6018d10dd3889ec0579a386c052fb6ff.jpg,1,0.4579803943634033,0.11741629242897034,0.06858260929584503,0.06254053115844727,0.003974889405071735
000763_jpg.rf.6018d10dd3889ec0579a386c052fb6ff.jpg,1,0.014224809594452381,0.16146281361579895,0.028227586299180984,0.033422838896512985,0.0025193155743181705
000763_jpg.rf.6018d10dd3889ec0579a386c052fb6ff.jpg,1,0.8477681279182434,0.14293114840984344,0.038654327392578125,0.02292073704302311,0.0023411959409713745
000763_jpg.rf.6018d10dd3889ec0579a386c052fb6ff.jpg,1,0.6217934489250183,0.10328133404254913,0.06152736395597458,0.0314016155898571,0.0019280692795291543
000763_jpg.rf.6018d10dd3889ec0579a386c052fb6ff.jpg,1,0.021542266011238098,0.1565355509519577,0.043084532022476196,0.03403107076883316,0.0018540649907663465
000763_jpg.rf.6018d10dd3889ec0579a386c052fb6ff.jpg,1,0.9781200289726257,0.15672504901885986,0.043292999267578125,0.03295612335205078,0.0017469923477619886
000763_jpg.rf.6018d10dd3889ec0579a386c052fb6ff.jpg,1,0.4968513250350952,0.12132731080055237,0.13337913155555725,0.06963608413934708,0.0014942865818738937
000763_jpg.rf.6018d10dd3889ec0579a386c052fb6ff.jpg,1,0.7127761840820312,0.1062941923737526,0.028643975034356117,0.033671122044324875,0.001373174018226564
000763_jpg.rf.6018d10dd3889ec0579a386c052fb6ff.jpg,1,0.5967435240745544,0.1069546714425087,0.0431409627199173,0.03933928534388542,0.0012681668158620596
000763_jpg.rf.6018d10dd3889ec0579a386c052fb6ff.jpg,1,0.8338422179222107,0.14890316128730774,0.06163729354739189,0.030993077903985977,0.001258654403500259
000769_jpg.rf.1df4a76b3e7055f19fd63f71a3d4ab3f.jpg,13,0.785080075263977,0.4970906376838684,0.2761356830596924,0.21247394382953644,0.9761444926261902
000769_jpg.rf.1df4a76b3e7055f19fd63f71a3d4ab3f.jpg,1,0.41847512125968933,0.5002236366271973,0.020138300955295563,0.018752319738268852,0.00937284529209137
000769_jpg.rf.1df4a76b3e7055f19fd63f71a3d4ab3f.jpg,1,0.4259018301963806,0.5022387504577637,0.01984654925763607,0.023441975936293602,0.009363189339637756
000769_jpg.rf.1df4a76b3e7055f19fd63f71a3d4ab3f.jpg,1,0.22454269230365753,0.5391238331794739,0.012509126216173172,0.014533116482198238,0.001725949696265161
000769_jpg.rf.1df4a76b3e7055f19fd63f71a3d4ab3f.jpg,1,0.37086209654808044,0.5283997654914856,0.018508104607462883,0.020670965313911438,0.0015080795856192708
000769_jpg.rf.1df4a76b3e7055f19fd63f71a3d4ab3f.jpg,0,0.3661990761756897,0.5757764577865601,0.027378376573324203,0.018260588869452477,0.0013887864770367742
000769_jpg.rf.1df4a76b3e7055f19fd63f71a3d4ab3f.jpg,1,0.4353811740875244,0.5165103673934937,0.012734927237033844,0.043893963098526,0.001183154759928584
000783_jpg.rf.0f12070feb6f7bc91c48aa93a65d2e93.jpg,13,0.6480231881141663,0.267714262008667,0.2554641664028168,0.44596153497695923,0.9795237183570862
000783_jpg.rf.0f12070feb6f7bc91c48aa93a65d2e93.jpg,1,0.4714354872703552,0.26927265524864197,0.02347021922469139,0.033760733902454376,0.0018481373554095626
000783_jpg.rf.0f12070feb6f7bc91c48aa93a65d2e93.jpg,1,0.11615317314863205,0.35898637771606445,0.03839815780520439,0.025609090924263,0.0017603029264137149
000783_jpg.rf.0f12070feb6f7bc91c48aa93a65d2e93.jpg,9,0.19238431751728058,0.3069690763950348,0.15209844708442688,0.07412503659725189,0.0012269351864233613
000786_jpg.rf.60798d12643d9be450731115c76bd86c.jpg,10,0.787433385848999,0.10157462954521179,0.13593292236328125,0.1302102506160736,0.9618688225746155
000786_jpg.rf.60798d12643d9be450731115c76bd86c.jpg,9,0.7858707904815674,0.10064287483692169,0.13002879917621613,0.13502897322177887,0.9021280407905579
000786_jpg.rf.60798d12643d9be450731115c76bd86c.jpg,1,0.3734051287174225,0.5065602660179138,0.034881591796875,0.017110679298639297,0.3349001407623291
000786_jpg.rf.60798d12643d9be450731115c76bd86c.jpg,1,0.37770310044288635,0.5034810304641724,0.03300498053431511,0.017945876345038414,0.14970123767852783
000786_jpg.rf.60798d12643d9be450731115c76bd86c.jpg,1,0.78522789478302,0.8851071000099182,0.025747446343302727,0.031666096299886703,0.0747511088848114
000786_jpg.rf.60798d12643d9be450731115c76bd86c.jpg,1,0.7959675788879395,0.8887696862220764,0.043036241084337234,0.03738638386130333,0.04986231029033661
000786_jpg.rf.60798d12643d9be450731115c76bd86c.jpg,0,0.7892137169837952,0.8872367143630981,0.029219407588243484,0.040711622685194016,0.047655560076236725
000786_jpg.rf.60798d12643d9be450731115c76bd86c.jpg,1,0.06107677146792412,0.5495598316192627,0.014334403909742832,0.015380419790744781,0.0389900766313076
000786_jpg.rf.60798d12643d9be450731115c76bd86c.jpg,1,0.8129714131355286,0.8864932656288147,0.046978291124105453,0.03758181259036064,0.03116627223789692
000786_jpg.rf.60798d12643d9be450731115c76bd86c.jpg,1,0.3885182738304138,0.5178739428520203,0.04925581440329552,0.030994417145848274,0.018019095063209534
000786_jpg.rf.60798d12643d9be450731115c76bd86c.jpg,1,0.36567044258117676,0.5353182554244995,0.05034124106168747,0.05022137239575386,0.015834560617804527
000786_jpg.rf.60798d12643d9be450731115c76bd86c.jpg,0,0.3416415750980377,0.5434089303016663,0.022650059312582016,0.0427350290119648,0.008631139993667603
000786_jpg.rf.60798d12643d9be450731115c76bd86c.jpg,1,0.36652588844299316,0.515021800994873,0.04359876364469528,0.02559390477836132,0.006566314492374659
000786_jpg.rf.60798d12643d9be450731115c76bd86c.jpg,1,0.37611111998558044,0.515126645565033,0.046425748616456985,0.03510453179478645,0.006411334965378046
000786_jpg.rf.60798d12643d9be450731115c76bd86c.jpg,1,0.4013890027999878,0.5267763137817383,0.03469834104180336,0.03965158015489578,0.005703386384993792
000786_jpg.rf.60798d12643d9be450731115c76bd86c.jpg,1,0.3760756850242615,0.5275704860687256,0.041141364723443985,0.05218799412250519,0.0052965865470469
000786_jpg.rf.60798d12643d9be450731115c76bd86c.jpg,0,0.36639782786369324,0.5263634920120239,0.03362809866666794,0.05431168153882027,0.0031778174452483654
000786_jpg.rf.60798d12643d9be450731115c76bd86c.jpg,1,0.05974684655666351,0.5517175793647766,0.013195203617215157,0.02321874350309372,0.0030887520406395197
000786_jpg.rf.60798d12643d9be450731115c76bd86c.jpg,1,0.3923551142215729,0.5093833208084106,0.045243263244628906,0.02367115020751953,0.0027628999669104815
000786_jpg.rf.60798d12643d9be450731115c76bd86c.jpg,1,0.37180912494659424,0.5049195289611816,0.03542137145996094,0.03053298406302929,0.002588897477835417
000786_jpg.rf.60798d12643d9be450731115c76bd86c.jpg,1,0.3553721606731415,0.5392257571220398,0.04739849641919136,0.045176729559898376,0.0025405646301805973
000786_jpg.rf.60798d12643d9be450731115c76bd86c.jpg,1,0.8226621150970459,0.8829846978187561,0.04409819468855858,0.03436822444200516,0.0021603372879326344
000786_jpg.rf.60798d12643d9be450731115c76bd86c.jpg,1,0.4053393304347992,0.5223969221115112,0.025868196040391922,0.03243989497423172,0.0019188092555850744
000786_jpg.rf.60798d12643d9be450731115c76bd86c.jpg,0,0.9778397083282471,0.8015104532241821,0.04284198582172394,0.02386709488928318,0.0017384238308295608
000786_jpg.rf.60798d12643d9be450731115c76bd86c.jpg,1,0.3937050402164459,0.6075272560119629,0.01678738370537758,0.02300768718123436,0.0014585839817300439
000786_jpg.rf.60798d12643d9be450731115c76bd86c.jpg,0,0.34877485036849976,0.5243963003158569,0.031467877328395844,0.05249185115098953,0.0013275272212922573
000786_jpg.rf.60798d12643d9be450731115c76bd86c.jpg,10,0.40128448605537415,0.4870365858078003,0.6212910413742065,0.9567897915840149,0.0010363660985603929
000790_jpg.rf.ddb1d679830f7cafbcbec2013a6ff2fc.jpg,13,0.7638694047927856,0.09300719946622849,0.23318013548851013,0.16692610085010529,0.9574628472328186
000792_jpg.rf.3899b0ef3229b4f18a7954698cc40c92.jpg,1,0.34300336241722107,0.2378878891468048,0.016603324562311172,0.0690729096531868,0.7998924255371094
000792_jpg.rf.3899b0ef3229b4f18a7954698cc40c92.jpg,1,0.21353545784950256,0.5331085920333862,0.028022216632962227,0.0825941413640976,0.6549535989761353
000792_jpg.rf.3899b0ef3229b4f18a7954698cc40c92.jpg,0,0.3671170175075531,0.23512884974479675,0.01661909557878971,0.06582047790288925,0.5085278749465942
000792_jpg.rf.3899b0ef3229b4f18a7954698cc40c92.jpg,1,0.012825599871575832,0.5279057621955872,0.019003042951226234,0.07380955666303635,0.4384334087371826
000792_jpg.rf.3899b0ef3229b4f18a7954698cc40c92.jpg,0,0.5980159640312195,0.25936266779899597,0.016705146059393883,0.05511372163891792,0.3926902413368225
000792_jpg.rf.3899b0ef3229b4f18a7954698cc40c92.jpg,0,0.5947198271751404,0.26344144344329834,0.01612098515033722,0.05845029652118683,0.2012123167514801
000792_jpg.rf.3899b0ef3229b4f18a7954698cc40c92.jpg,0,0.3583868741989136,0.2350430190563202,0.0054473876953125,0.0661686435341835,0.16006770730018616
000792_jpg.rf.3899b0ef3229b4f18a7954698cc40c92.jpg,0,0.35627996921539307,0.2355259507894516,0.002180833136662841,0.06594665348529816,0.09035182744264603
000792_jpg.rf.3899b0ef3229b4f18a7954698cc40c92.jpg,0,0.5910404324531555,0.259080171585083,0.01494855247437954,0.05859173461794853,0.0752008706331253
000792_jpg.rf.3899b0ef3229b4f18a7954698cc40c92.jpg,1,0.5892223715782166,0.2585800290107727,0.014866462908685207,0.059865955263376236,0.06466701626777649
000792_jpg.rf.3899b0ef3229b4f18a7954698cc40c92.jpg,0,0.2135954052209854,0.2936316132545471,0.024854294955730438,0.050956543534994125,0.06282968819141388
000792_jpg.rf.3899b0ef3229b4f18a7954698cc40c92.jpg,0,0.6024737358093262,0.26500263810157776,0.013096810318529606,0.05980103090405464,0.04680520296096802
000792_jpg.rf.3899b0ef3229b4f18a7954698cc40c92.jpg,1,0.31773170828819275,0.5100845098495483,0.022706417366862297,0.07113200426101685,0.04626638814806938
000792_jpg.rf.3899b0ef3229b4f18a7954698cc40c92.jpg,0,0.35435977578163147,0.23651309311389923,0.006291683297604322,0.06748592108488083,0.043720975518226624
000792_jpg.rf.3899b0ef3229b4f18a7954698cc40c92.jpg,0,0.36229443550109863,0.2323683798313141,0.02681233361363411,0.06278394162654877,0.016613131389021873
000792_jpg.rf.3899b0ef3229b4f18a7954698cc40c92.jpg,0,0.3617419898509979,0.23619066178798676,0.016247162595391273,0.0698748379945755,0.014230898581445217
000792_jpg.rf.3899b0ef3229b4f18a7954698cc40c92.jpg,0,0.5101072192192078,0.3626772463321686,0.016956329345703125,0.012284278869628906,0.011385327205061913
000792_jpg.rf.3899b0ef3229b4f18a7954698cc40c92.jpg,0,0.3751501739025116,0.2374633252620697,0.021811779588460922,0.0660804957151413,0.010911396704614162
000792_jpg.rf.3899b0ef3229b4f18a7954698cc40c92.jpg,1,0.7269437313079834,0.009334420785307884,0.019649947062134743,0.01866884157061577,0.009551452472805977
000792_jpg.rf.3899b0ef3229b4f18a7954698cc40c92.jpg,0,0.34140896797180176,0.23561932146549225,0.02892809733748436,0.06629705429077148,0.0065541635267436504
000792_jpg.rf.3899b0ef3229b4f18a7954698cc40c92.jpg,1,0.5760783553123474,0.2602473497390747,0.01490138191729784,0.06436572223901749,0.006526047829538584
000792_jpg.rf.3899b0ef3229b4f18a7954698cc40c92.jpg,1,0.01601998321712017,0.5352780222892761,0.030549611896276474,0.1098189726471901,0.0064917318522930145
000792_jpg.rf.3899b0ef3229b4f18a7954698cc40c92.jpg,0,0.6943355202674866,0.3594224452972412,0.015848306939005852,0.017866943031549454,0.005859524477273226
000792_jpg.rf.3899b0ef3229b4f18a7954698cc40c92.jpg,1,0.5974134802818298,0.3023993968963623,0.015201276168227196,0.04366280511021614,0.0045859552919864655
000792_jpg.rf.3899b0ef3229b4f18a7954698cc40c92.jpg,0,0.44086402654647827,0.3623349964618683,0.019194677472114563,0.017338166013360023,0.004119229968637228
000792_jpg.rf.3899b0ef3229b4f18a7954698cc40c92.jpg,0,0.8547565937042236,0.2272094041109085,0.014657681807875633,0.045024432241916656,0.0040896059945225716
000792_jpg.rf.3899b0ef3229b4f18a7954698cc40c92.jpg,0,0.14616328477859497,0.520592212677002,0.014868699945509434,0.060369785875082016,0.003873042995110154
000792_jpg.rf.3899b0ef3229b4f18a7954698cc40c92.jpg,0,0.6859714984893799,0.09729601442813873,0.010418085381388664,0.026900017634034157,0.003496747463941574
000792_jpg.rf.3899b0ef3229b4f18a7954698cc40c92.jpg,0,0.5148957371711731,0.3631702959537506,0.020485585555434227,0.013190783560276031,0.0033647920936346054
000792_jpg.rf.3899b0ef3229b4f18a7954698cc40c92.jpg,1,0.012656468898057938,0.21984754502773285,0.018989311531186104,0.04441283643245697,0.0032760920003056526
000792_jpg.rf.3899b0ef3229b4f18a7954698cc40c92.jpg,0,0.6086181998252869,0.26281556487083435,0.019434012472629547,0.056985124945640564,0.0029393406584858894
000792_jpg.rf.3899b0ef3229b4f18a7954698cc40c92.jpg,8,0.3964741826057434,0.24382716417312622,0.0173825491219759,0.04436537250876427,0.0026047108694911003
000792_jpg.rf.3899b0ef3229b4f18a7954698cc40c92.jpg,0,0.7066872119903564,0.10082939267158508,0.015791967511177063,0.026146138086915016,0.002345918444916606
000792_jpg.rf.3899b0ef3229b4f18a7954698cc40c92.jpg,1,0.593147337436676,0.23919710516929626,0.018231099471449852,0.044088587164878845,0.0022027913946658373
000792_jpg.rf.3899b0ef3229b4f18a7954698cc40c92.jpg,1,0.3404192626476288,0.23490744829177856,0.02686280570924282,0.06359144300222397,0.002139112912118435
000792_jpg.rf.3899b0ef3229b4f18a7954698cc40c92.jpg,0,0.21543218195438385,0.2715117931365967,0.030113404616713524,0.0982278510928154,0.001981687732040882
000792_jpg.rf.3899b0ef3229b4f18a7954698cc40c92.jpg,0,0.6387091875076294,0.34122973680496216,0.0072125657461583614,0.024059150367975235,0.0014058133820071816
000792_jpg.rf.3899b0ef3229b4f18a7954698cc40c92.jpg,0,0.992821216583252,0.1616756170988083,0.014357640407979488,0.05419107899069786,0.001296380301937461
000792_jpg.rf.3899b0ef3229b4f18a7954698cc40c92.jpg,0,0.6878119707107544,0.3479522466659546,0.007093576714396477,0.03155847638845444,0.0011108260368928313
000792_jpg.rf.3899b0ef3229b4f18a7954698cc40c92.jpg,1,0.596165657043457,0.27002957463264465,0.019876040518283844,0.08091504871845245,0.0010571993188932538
000792_jpg.rf.3899b0ef3229b4f18a7954698cc40c92.jpg,0,0.026316337287425995,0.2289181500673294,0.011133808642625809,0.04041305184364319,0.0010082522640004754
000797_jpg.rf.3d78d9d11140e03357ddde30e7e7e98e.jpg,7,0.5247557759284973,0.45993363857269287,0.32979366183280945,0.5972829461097717,0.9448804259300232
000808_jpg.rf.8007590175a593bc5b4408a31ade3f3a.jpg,0,0.5437072515487671,0.23556183278560638,0.017595145851373672,0.06419072300195694,0.8372698426246643
000808_jpg.rf.8007590175a593bc5b4408a31ade3f3a.jpg,0,0.36236846446990967,0.24978186190128326,0.01672583445906639,0.06617843359708786,0.292263001203537
000808_jpg.rf.8007590175a593bc5b4408a31ade3f3a.jpg,1,0.3637399673461914,0.2481054663658142,0.017913158982992172,0.06692607700824738,0.2398798167705536
000808_jpg.rf.8007590175a593bc5b4408a31ade3f3a.jpg,1,0.9373594522476196,0.6367927193641663,0.012883993797004223,0.02970079332590103,0.05920884758234024
000808_jpg.rf.8007590175a593bc5b4408a31ade3f3a.jpg,0,0.5992442965507507,0.2676360607147217,0.01826491765677929,0.05662998929619789,0.0327480286359787
000808_jpg.rf.8007590175a593bc5b4408a31ade3f3a.jpg,0,0.5509397387504578,0.2363923192024231,0.020636558532714844,0.06044512614607811,0.03069951944053173
000808_jpg.rf.8007590175a593bc5b4408a31ade3f3a.jpg,0,0.3686732053756714,0.24601754546165466,0.014460637234151363,0.06510140746831894,0.01893461123108864
000808_jpg.rf.8007590175a593bc5b4408a31ade3f3a.jpg,1,0.5991193652153015,0.29029160737991333,0.012895657680928707,0.058622270822525024,0.012749514542520046
000808_jpg.rf.8007590175a593bc5b4408a31ade3f3a.jpg,0,0.6080269813537598,0.29291847348213196,0.020123226568102837,0.060610994696617126,0.01165887713432312
000808_jpg.rf.8007590175a593bc5b4408a31ade3f3a.jpg,1,0.3088957965373993,0.02426448091864586,0.0192461758852005,0.04852896183729172,0.009856164455413818
000808_jpg.rf.8007590175a593bc5b4408a31ade3f3a.jpg,0,0.2896069884300232,0.020620988681912422,0.041566722095012665,0.0407562255859375,0.004734159912914038
000808_jpg.rf.8007590175a593bc5b4408a31ade3f3a.jpg,1,0.2980624735355377,0.024305123835802078,0.033900611102581024,0.048610247671604156,0.003767578862607479
000808_jpg.rf.8007590175a593bc5b4408a31ade3f3a.jpg,1,0.02268967591226101,0.020575080066919327,0.031920403242111206,0.03550582751631737,0.003267369931563735
000808_jpg.rf.8007590175a593bc5b4408a31ade3f3a.jpg,1,0.9382358193397522,0.647405207157135,0.01442073006182909,0.050675615668296814,0.002862984547391534
000808_jpg.rf.8007590175a593bc5b4408a31ade3f3a.jpg,0,0.5958258509635925,0.28811195492744446,0.013773404993116856,0.0676245167851448,0.0025657913647592068
000808_jpg.rf.8007590175a593bc5b4408a31ade3f3a.jpg,0,0.6023396849632263,0.2925775349140167,0.01882956735789776,0.06294683367013931,0.0024783634580671787
000808_jpg.rf.8007590175a593bc5b4408a31ade3f3a.jpg,0,0.5352223515510559,0.23360176384449005,0.022236092016100883,0.062172818928956985,0.0023188607301563025
000808_jpg.rf.8007590175a593bc5b4408a31ade3f3a.jpg,8,0.5718933343887329,0.2367928922176361,0.0322016216814518,0.03883655369281769,0.002056419150903821
000808_jpg.rf.8007590175a593bc5b4408a31ade3f3a.jpg,0,0.7572068572044373,0.2871973514556885,0.012430631555616856,0.055693645030260086,0.0017035631462931633
000808_jpg.rf.8007590175a593bc5b4408a31ade3f3a.jpg,0,0.15236115455627441,0.07717359066009521,0.01651221141219139,0.05639635771512985,0.0015778314555063844
000808_jpg.rf.8007590175a593bc5b4408a31ade3f3a.jpg,1,0.2739969491958618,0.020864475518465042,0.030208222568035126,0.041586101055145264,0.0013994744513183832
000808_jpg.rf.8007590175a593bc5b4408a31ade3f3a.jpg,0,0.7567929029464722,0.2742219865322113,0.009490086697041988,0.038789052516222,0.001379418303258717
000808_jpg.rf.8007590175a593bc5b4408a31ade3f3a.jpg,1,0.6093360185623169,0.29116570949554443,0.017844457179307938,0.06119335815310478,0.0013162618270143867
000808_jpg.rf.8007590175a593bc5b4408a31ade3f3a.jpg,0,0.15621702373027802,0.08116312325000763,0.01603802479803562,0.05602596700191498,0.0012905532494187355
000808_jpg.rf.8007590175a593bc5b4408a31ade3f3a.jpg,0,0.9909992814064026,0.978756308555603,0.017741864547133446,0.0269546527415514,0.001242274884134531
000808_jpg.rf.8007590175a593bc5b4408a31ade3f3a.jpg,0,0.6084804534912109,0.334205687046051,0.01871398836374283,0.03442881628870964,0.0010618394007906318
000809_jpg.rf.dcd99922c592f3b634ddb443bf40dce1.jpg,1,0.33850276470184326,0.15351425111293793,0.02277323044836521,0.09566813707351685,0.6446992754936218
000809_jpg.rf.dcd99922c592f3b634ddb443bf40dce1.jpg,1,0.8325396776199341,0.27083152532577515,0.021385781466960907,0.080644391477108,0.5382039546966553
000809_jpg.rf.dcd99922c592f3b634ddb443bf40dce1.jpg,1,0.5512022972106934,0.12675181031227112,0.021598156541585922,0.08899503946304321,0.4741898477077484
000809_jpg.rf.dcd99922c592f3b634ddb443bf40dce1.jpg,1,0.8224666118621826,0.03830595314502716,0.02916981652379036,0.0758664458990097,0.2558281421661377
000809_jpg.rf.dcd99922c592f3b634ddb443bf40dce1.jpg,1,0.7386053800582886,0.030889742076396942,0.02440907433629036,0.06121835485100746,0.08718694746494293
000809_jpg.rf.dcd99922c592f3b634ddb443bf40dce1.jpg,8,0.5760729908943176,0.1361899971961975,0.028805073350667953,0.058812253177165985,0.07752317935228348
000809_jpg.rf.dcd99922c592f3b634ddb443bf40dce1.jpg,7,0.5752653479576111,0.1327216476202011,0.03419780731201172,0.06803494691848755,0.0427890382707119
000809_jpg.rf.dcd99922c592f3b634ddb443bf40dce1.jpg,9,0.5722516179084778,0.1312747597694397,0.030348852276802063,0.07182946801185608,0.04197866842150688
000809_jpg.rf.dcd99922c592f3b634ddb443bf40dce1.jpg,12,0.5764594674110413,0.13619549572467804,0.030149167403578758,0.05739599093794823,0.029776757583022118
000809_jpg.rf.dcd99922c592f3b634ddb443bf40dce1.jpg,0,0.8311558961868286,0.2673332095146179,0.021586639806628227,0.08730056136846542,0.027061190456151962
000809_jpg.rf.dcd99922c592f3b634ddb443bf40dce1.jpg,1,0.5601916313171387,0.1251666396856308,0.030943650752305984,0.08447875082492828,0.019745580852031708
000809_jpg.rf.dcd99922c592f3b634ddb443bf40dce1.jpg,1,0.7760772705078125,0.030171770602464676,0.03728720173239708,0.06034354120492935,0.01904800347983837
000809_jpg.rf.dcd99922c592f3b634ddb443bf40dce1.jpg,1,0.8796817064285278,0.01345970667898655,0.02658580057322979,0.026615727692842484,0.013696491718292236
000809_jpg.rf.dcd99922c592f3b634ddb443bf40dce1.jpg,1,0.8882784843444824,0.014080948196351528,0.0302963275462389,0.027926765382289886,0.012926537543535233
000809_jpg.rf.dcd99922c592f3b634ddb443bf40dce1.jpg,1,0.7613493204116821,0.030219970270991325,0.04998735338449478,0.06043994054198265,0.012100516818463802
000809_jpg.rf.dcd99922c592f3b634ddb443bf40dce1.jpg,0,0.7625560164451599,0.029318127781152725,0.052137523889541626,0.05745390057563782,0.007485747803002596
000809_jpg.rf.dcd99922c592f3b634ddb443bf40dce1.jpg,7,0.567268967628479,0.12827104330062866,0.04023698717355728,0.08038801699876785,0.0070969159714877605
000809_jpg.rf.dcd99922c592f3b634ddb443bf40dce1.jpg,1,0.3212686777114868,0.3185657560825348,0.024609345942735672,0.029075862839818,0.006194707006216049
000809_jpg.rf.dcd99922c592f3b634ddb443bf40dce1.jpg,1,0.8970974683761597,0.014759944751858711,0.027614301070570946,0.029066884890198708,0.006002423819154501
000809_jpg.rf.dcd99922c592f3b634ddb443bf40dce1.jpg,0,0.8229906558990479,0.0306150633841753,0.027746934443712234,0.06020914390683174,0.0055754901841282845
000809_jpg.rf.dcd99922c592f3b634ddb443bf40dce1.jpg,0,0.0060248710215091705,0.41086551547050476,0.01180728618055582,0.026556162163615227,0.005053685978055
000809_jpg.rf.dcd99922c592f3b634ddb443bf40dce1.jpg,0,0.5778183341026306,0.13259242475032806,0.03528081625699997,0.07045922428369522,0.004763131961226463
000809_jpg.rf.dcd99922c592f3b634ddb443bf40dce1.jpg,1,0.8116154074668884,0.03329508379101753,0.03138791769742966,0.06659016758203506,0.0042457361705601215
000809_jpg.rf.dcd99922c592f3b634ddb443bf40dce1.jpg,0,0.03483143821358681,0.4439678490161896,0.013485955074429512,0.035261303186416626,0.0037247564177960157
000809_jpg.rf.dcd99922c592f3b634ddb443bf40dce1.jpg,10,0.5779238939285278,0.13462094962596893,0.03449190780520439,0.06329019367694855,0.003680375637486577
000809_jpg.rf.dcd99922c592f3b634ddb443bf40dce1.jpg,1,0.18937090039253235,0.040153998881578445,0.03499852865934372,0.08030799776315689,0.002946913708001375
000809_jpg.rf.dcd99922c592f3b634ddb443bf40dce1.jpg,1,0.9101935029029846,0.014550802297890186,0.016109174117445946,0.028858821839094162,0.0022354796528816223
000809_jpg.rf.dcd99922c592f3b634ddb443bf40dce1.jpg,1,0.8932614326477051,0.015073297545313835,0.052867159247398376,0.026940351352095604,0.0020342282950878143
000809_jpg.rf.dcd99922c592f3b634ddb443bf40dce1.jpg,1,0.9467350244522095,0.018329907208681107,0.024220246821641922,0.03243252635002136,0.0018686186522245407
000809_jpg.rf.dcd99922c592f3b634ddb443bf40dce1.jpg,1,0.9259740114212036,0.015951920300722122,0.032093048095703125,0.03153974190354347,0.0018410515040159225
000809_jpg.rf.dcd99922c592f3b634ddb443bf40dce1.jpg,0,0.03806484490633011,0.4441138803958893,0.020647352561354637,0.030790623277425766,0.0017379896016791463
000809_jpg.rf.dcd99922c592f3b634ddb443bf40dce1.jpg,0,0.9431459903717041,0.01255013421177864,0.018624672666192055,0.023752281442284584,0.0016645335126668215
000809_jpg.rf.dcd99922c592f3b634ddb443bf40dce1.jpg,0,0.8981823921203613,0.011649036779999733,0.0214385986328125,0.022934196516871452,0.0016415336867794394
000809_jpg.rf.dcd99922c592f3b634ddb443bf40dce1.jpg,0,0.8277902007102966,0.14972539246082306,0.024992577731609344,0.08783704042434692,0.0015436081448569894
000809_jpg.rf.dcd99922c592f3b634ddb443bf40dce1.jpg,1,0.7446575164794922,0.02934373915195465,0.06456521898508072,0.057974331080913544,0.0013229051837697625
000809_jpg.rf.dcd99922c592f3b634ddb443bf40dce1.jpg,1,0.8281930088996887,0.15001676976680756,0.02697269804775715,0.08784965425729752,0.001232106238603592
000809_jpg.rf.dcd99922c592f3b634ddb443bf40dce1.jpg,0,0.8815897107124329,0.12139028310775757,0.022487934678792953,0.031099284067749977,0.0011261157924309373
000809_jpg.rf.dcd99922c592f3b634ddb443bf40dce1.jpg,0,0.006568870972841978,0.4294573962688446,0.012894686311483383,0.04054040461778641,0.0010789704974740744
000809_jpg.rf.dcd99922c592f3b634ddb443bf40dce1.jpg,1,0.9407716989517212,0.01636999286711216,0.03339899703860283,0.032283492386341095,0.0010415333090350032
000811_jpg.rf.142d78a345147dc179446aa8ec1191ce.jpg,1,0.30472657084465027,0.2842952013015747,0.013798714615404606,0.051713138818740845,0.6301116347312927
000811_jpg.rf.142d78a345147dc179446aa8ec1191ce.jpg,1,0.30176398158073425,0.28826993703842163,0.016902318224310875,0.057986315339803696,0.3987436592578888
000811_jpg.rf.142d78a345147dc179446aa8ec1191ce.jpg,1,0.30776575207710266,0.2887185513973236,0.01751875877380371,0.058999136090278625,0.22209537029266357
000811_jpg.rf.142d78a345147dc179446aa8ec1191ce.jpg,1,0.5030273199081421,0.2811656892299652,0.014018205925822258,0.05244394764304161,0.16862674057483673
000811_jpg.rf.142d78a345147dc179446aa8ec1191ce.jpg,0,0.5496708750724792,0.1430709958076477,0.022396381944417953,0.0652792900800705,0.10572464019060135
000811_jpg.rf.142d78a345147dc179446aa8ec1191ce.jpg,9,0.4754735827445984,0.28721579909324646,0.015888508409261703,0.04343077167868614,0.0663844496011734
000811_jpg.rf.142d78a345147dc179446aa8ec1191ce.jpg,0,0.409509539604187,0.29283928871154785,0.00749008497223258,0.019718170166015625,0.03923727944493294
000811_jpg.rf.142d78a345147dc179446aa8ec1191ce.jpg,0,0.5565999746322632,0.1433551162481308,0.01895860582590103,0.056149668991565704,0.03721145540475845
000811_jpg.rf.142d78a345147dc179446aa8ec1191ce.jpg,0,0.5618176460266113,0.14369960129261017,0.019921669736504555,0.06433242559432983,0.03238862752914429
000811_jpg.rf.142d78a345147dc179446aa8ec1191ce.jpg,1,0.4704670011997223,0.2899080812931061,0.012409137561917305,0.027813546359539032,0.02337324619293213
000811_jpg.rf.142d78a345147dc179446aa8ec1191ce.jpg,9,0.5023190379142761,0.2857697904109955,0.015541370958089828,0.05341823399066925,0.021407799795269966
000811_jpg.rf.142d78a345147dc179446aa8ec1191ce.jpg,1,0.436702162027359,0.2928244471549988,0.009680528193712234,0.02485506422817707,0.01825382560491562
000811_jpg.rf.142d78a345147dc179446aa8ec1191ce.jpg,9,0.4964524209499359,0.28708615899086,0.012514554895460606,0.04935433343052864,0.01737341843545437
000811_jpg.rf.142d78a345147dc179446aa8ec1191ce.jpg,7,0.47170355916023254,0.2857851982116699,0.01457992009818554,0.03638384863734245,0.01391255296766758
000811_jpg.rf.142d78a345147dc179446aa8ec1191ce.jpg,0,0.1376408040523529,0.2075376659631729,0.014247216284275055,0.02976182848215103,0.011588876135647297
000811_jpg.rf.142d78a345147dc179446aa8ec1191ce.jpg,1,0.3820855915546417,0.2887851297855377,0.01010146550834179,0.025280842557549477,0.011174822226166725
000811_jpg.rf.142d78a345147dc179446aa8ec1191ce.jpg,0,0.3971715569496155,0.29593372344970703,0.013550612144172192,0.013540121726691723,0.009776722639799118
000811_jpg.rf.142d78a345147dc179446aa8ec1191ce.jpg,1,0.3005236089229584,0.38462191820144653,0.012504614889621735,0.04601273313164711,0.008037676103413105
000811_jpg.rf.142d78a345147dc179446aa8ec1191ce.jpg,1,0.45969197154045105,0.2901085913181305,0.013019268400967121,0.024365901947021484,0.007986918091773987
000811_jpg.rf.142d78a345147dc179446aa8ec1191ce.jpg,1,0.4776851534843445,0.28720009326934814,0.010587546043097973,0.0422290675342083,0.007376725319772959
000811_jpg.rf.142d78a345147dc179446aa8ec1191ce.jpg,0,0.4142283797264099,0.2938673794269562,0.010456672869622707,0.020264700055122375,0.007218910846859217
000811_jpg.rf.142d78a345147dc179446aa8ec1191ce.jpg,1,0.4402499794960022,0.2872724235057831,0.007707889657467604,0.03383577987551689,0.0062195416539907455
000811_jpg.rf.142d78a345147dc179446aa8ec1191ce.jpg,1,0.47211703658103943,0.29802703857421875,0.014183118008077145,0.03861691430211067,0.005758171435445547
000811_jpg.rf.142d78a345147dc179446aa8ec1191ce.jpg,1,0.7979813814163208,0.3453654944896698,0.034656085073947906,0.03904012590646744,0.005608041770756245
000811_jpg.rf.142d78a345147dc179446aa8ec1191ce.jpg,0,0.40267524123191833,0.3239278793334961,0.014596352353692055,0.03668212890625,0.00555451912805438
000811_jpg.rf.142d78a345147dc179446aa8ec1191ce.jpg,1,0.5081154704093933,0.2845452129840851,0.016150401905179024,0.03987675532698631,0.004656919743865728
000811_jpg.rf.142d78a345147dc179446aa8ec1191ce.jpg,8,0.5310484766960144,0.28307339549064636,0.020189432427287102,0.04766317829489708,0.004644728731364012
000811_jpg.rf.142d78a345147dc179446aa8ec1191ce.jpg,0,0.23905615508556366,0.06034979969263077,0.019132541492581367,0.03419801965355873,0.0038827238604426384
000811_jpg.rf.142d78a345147dc179446aa8ec1191ce.jpg,8,0.7184500694274902,0.23961180448532104,0.02598806656897068,0.07313255220651627,0.0038093426264822483
000811_jpg.rf.142d78a345147dc179446aa8ec1191ce.jpg,8,0.4990139603614807,0.2854331135749817,0.017925849184393883,0.05483143404126167,0.0033471498172730207
000811_jpg.rf.142d78a345147dc179446aa8ec1191ce.jpg,1,0.4371193051338196,0.30506452918052673,0.011655734851956367,0.045154720544815063,0.003202918916940689
000811_jpg.rf.142d78a345147dc179446aa8ec1191ce.jpg,0,0.26504209637641907,0.37899407744407654,0.01423124223947525,0.06577719748020172,0.0031015747226774693
000811_jpg.rf.142d78a345147dc179446aa8ec1191ce.jpg,7,0.49623462557792664,0.28601837158203125,0.012151718139648438,0.05044588819146156,0.002420809119939804
000811_jpg.rf.142d78a345147dc179446aa8ec1191ce.jpg,0,0.6504626870155334,0.27389854192733765,0.015424875542521477,0.036706119775772095,0.0022417467553168535
000811_jpg.rf.142d78a345147dc179446aa8ec1191ce.jpg,1,0.40737831592559814,0.30625057220458984,0.007311821449548006,0.04407864436507225,0.002212849212810397
000811_jpg.rf.142d78a345147dc179446aa8ec1191ce.jpg,0,0.3782772719860077,0.2529448866844177,0.009474534541368484,0.025601021945476532,0.0020772526040673256
000811_jpg.rf.142d78a345147dc179446aa8ec1191ce.jpg,1,0.5214731097221375,0.2798633575439453,0.010973564349114895,0.0505451075732708,0.0019629960879683495
000811_jpg.rf.142d78a345147dc179446aa8ec1191ce.jpg,0,0.5955801010131836,0.2891373634338379,0.02874205820262432,0.03949165344238281,0.0018597992602735758
000811_jpg.rf.142d78a345147dc179446aa8ec1191ce.jpg,0,0.4161093831062317,0.2879016399383545,0.008185753598809242,0.01913173496723175,0.0018544738413766026
000811_jpg.rf.142d78a345147dc179446aa8ec1191ce.jpg,1,0.7982484698295593,0.3674895465373993,0.03577995300292969,0.07642988115549088,0.0018502919701859355
000811_jpg.rf.142d78a345147dc179446aa8ec1191ce.jpg,0,0.3602867126464844,0.24477079510688782,0.010276648215949535,0.021948669105768204,0.0018336819484829903
000811_jpg.rf.142d78a345147dc179446aa8ec1191ce.jpg,8,0.6863219738006592,0.2344060242176056,0.020081300288438797,0.07109136134386063,0.0018245009705424309
000811_jpg.rf.142d78a345147dc179446aa8ec1191ce.jpg,0,0.4292363226413727,0.3032170534133911,0.008444786071777344,0.0365028940141201,0.001808116678148508
000811_jpg.rf.142d78a345147dc179446aa8ec1191ce.jpg,0,0.6642400622367859,0.23151132464408875,0.01498530525714159,0.07316435873508453,0.0017534546786919236
000811_jpg.rf.142d78a345147dc179446aa8ec1191ce.jpg,0,0.18239040672779083,0.2527148723602295,0.013851460069417953,0.027761204168200493,0.0016121723456308246
000811_jpg.rf.142d78a345147dc179446aa8ec1191ce.jpg,8,0.5338137745857239,0.27626723051071167,0.015161954797804356,0.04907909035682678,0.0016105643007904291
000811_jpg.rf.142d78a345147dc179446aa8ec1191ce.jpg,1,0.4601914882659912,0.3089982569217682,0.012408183887600899,0.042845141142606735,0.001595142763108015
000811_jpg.rf.142d78a345147dc179446aa8ec1191ce.jpg,1,0.4916438162326813,0.27665966749191284,0.015272507444024086,0.04058093577623367,0.0015919170109555125
000811_jpg.rf.142d78a345147dc179446aa8ec1191ce.jpg,9,0.4452871084213257,0.28486475348472595,0.015873689204454422,0.042390238493680954,0.0015012837247923017
000811_jpg.rf.142d78a345147dc179446aa8ec1191ce.jpg,0,0.26679641008377075,0.29644089937210083,0.013256990350782871,0.041973281651735306,0.0014950651675462723
000811_jpg.rf.142d78a345147dc179446aa8ec1191ce.jpg,0,0.3937487006187439,0.3280429244041443,0.01685810089111328,0.028525719419121742,0.0014455759664997458
000811_jpg.rf.142d78a345147dc179446aa8ec1191ce.jpg,0,0.4390128254890442,0.28761178255081177,0.013588539324700832,0.03589688986539841,0.0014136112295091152
000811_jpg.rf.142d78a345147dc179446aa8ec1191ce.jpg,0,0.1764947474002838,0.2575754225254059,0.01947740465402603,0.025019390508532524,0.0014010492013767362
000811_jpg.rf.142d78a345147dc179446aa8ec1191ce.jpg,0,0.3761664032936096,0.24911771714687347,0.009108397178351879,0.02285480499267578,0.0013659779215231538
000811_jpg.rf.142d78a345147dc179446aa8ec1191ce.jpg,0,0.6867731809616089,0.23434129357337952,0.01684335619211197,0.073880635201931,0.0013487732503563166
000811_jpg.rf.142d78a345147dc179446aa8ec1191ce.jpg,1,0.7677825093269348,0.11415868997573853,0.02817491441965103,0.09575393050909042,0.0011916272342205048
000811_jpg.rf.142d78a345147dc179446aa8ec1191ce.jpg,1,0.38643544912338257,0.30864110589027405,0.005753884091973305,0.035962529480457306,0.0011741152266040444
000811_jpg.rf.142d78a345147dc179446aa8ec1191ce.jpg,0,0.6631412506103516,0.2153857797384262,0.008716143667697906,0.04604347050189972,0.0011549497721716762
000811_jpg.rf.142d78a345147dc179446aa8ec1191ce.jpg,0,0.27132806181907654,0.2886192500591278,0.020795125514268875,0.054779019206762314,0.0010937632760033011
000811_jpg.rf.142d78a345147dc179446aa8ec1191ce.jpg,10,0.30025115609169006,0.3804616332054138,0.017892837524414062,0.06166854500770569,0.001056008622981608
000815_jpg.rf.29afabe5f464c19bf77856ba5a90bd1e.jpg,8,0.6395772099494934,0.5738194584846497,0.20765788853168488,0.3081045150756836,0.9510188102722168
000815_jpg.rf.29afabe5f464c19bf77856ba5a90bd1e.jpg,0,0.809890627861023,0.9710816740989685,0.01637796312570572,0.021334722638130188,0.003989080898463726
000815_jpg.rf.29afabe5f464c19bf77856ba5a90bd1e.jpg,8,0.6466855406761169,0.13333013653755188,0.1817561388015747,0.1532907485961914,0.0011156975524500012
000815_jpg.rf.29afabe5f464c19bf77856ba5a90bd1e.jpg,0,0.28556543588638306,0.9886993169784546,0.020779499784111977,0.02183033898472786,0.0010852287523448467
000822_jpg.rf.63b8e6ec737487b4e7e9e2ed48754226.jpg,13,0.6476950645446777,0.7371065020561218,0.10553477704524994,0.15612001717090607,0.9541762471199036
000822_jpg.rf.63b8e6ec737487b4e7e9e2ed48754226.jpg,9,0.6454691290855408,0.7353866100311279,0.1051865741610527,0.15319693088531494,0.809229850769043
000822_jpg.rf.63b8e6ec737487b4e7e9e2ed48754226.jpg,7,0.5833156704902649,0.30997076630592346,0.06945889443159103,0.041964974254369736,0.008689283393323421
000822_jpg.rf.63b8e6ec737487b4e7e9e2ed48754226.jpg,7,0.5668647885322571,0.31091731786727905,0.03511590510606766,0.04041576385498047,0.004243107978254557
000822_jpg.rf.63b8e6ec737487b4e7e9e2ed48754226.jpg,0,0.5864240527153015,0.3067348301410675,0.06421272456645966,0.0406012199819088,0.004032677039504051
000822_jpg.rf.63b8e6ec737487b4e7e9e2ed48754226.jpg,9,0.6205375790596008,0.29858502745628357,0.7578620910644531,0.5971700549125671,0.0010331976227462292
000825_jpg.rf.dd850d3ac847bd61179c2191ebc02b37.jpg,1,0.2845517694950104,0.2667447328567505,0.011611608788371086,0.054251160472631454,0.6832122802734375
000825_jpg.rf.dd850d3ac847bd61179c2191ebc02b37.jpg,1,0.6190113425254822,0.2583155333995819,0.012791267596185207,0.048765845596790314,0.5417048335075378
000825_jpg.rf.dd850d3ac847bd61179c2191ebc02b37.jpg,1,0.3113004267215729,0.2650650143623352,0.013062532991170883,0.04908158257603645,0.44190070033073425
000825_jpg.rf.dd850d3ac847bd61179c2191ebc02b37.jpg,1,0.6436960101127625,0.24716831743717194,0.01806904748082161,0.027043050155043602,0.34654951095581055
000825_jpg.rf.dd850d3ac847bd61179c2191ebc02b37.jpg,1,0.6452659964561462,0.2642368674278259,0.012969090603291988,0.060608867555856705,0.3323313593864441
000825_jpg.rf.dd850d3ac847bd61179c2191ebc02b37.jpg,1,0.28814566135406494,0.2664198875427246,0.010851787403225899,0.05331490933895111,0.23702067136764526
000825_jpg.rf.dd850d3ac847bd61179c2191ebc02b37.jpg,1,0.9139816761016846,0.05527352914214134,0.030993683263659477,0.10627764463424683,0.18575382232666016
000825_jpg.rf.dd850d3ac847bd61179c2191ebc02b37.jpg,0,0.9459700584411621,0.051316384226083755,0.043473757803440094,0.10130307078361511,0.18506842851638794
000825_jpg.rf.dd850d3ac847bd61179c2191ebc02b37.jpg,1,0.6164750456809998,0.2652601897716522,0.0123011888936162,0.06157581880688667,0.1635730117559433
000825_jpg.rf.dd850d3ac847bd61179c2191ebc02b37.jpg,0,0.9107113480567932,0.05385879427194595,0.02966807596385479,0.10606608539819717,0.12252172827720642
000825_jpg.rf.dd850d3ac847bd61179c2191ebc02b37.jpg,0,0.9884613156318665,0.05884629115462303,0.022795312106609344,0.11601752787828445,0.11257638037204742
000825_jpg.rf.dd850d3ac847bd61179c2191ebc02b37.jpg,1,0.2934563457965851,0.2651853561401367,0.009938093833625317,0.04871009290218353,0.0739797055721283
000825_jpg.rf.dd850d3ac847bd61179c2191ebc02b37.jpg,1,0.6418545246124268,0.2576623558998108,0.015501169487833977,0.049724508076906204,0.05583135783672333
000825_jpg.rf.dd850d3ac847bd61179c2191ebc02b37.jpg,1,0.6139586567878723,0.25863951444625854,0.016417210921645164,0.04647397994995117,0.04690077528357506
000825_jpg.rf.dd850d3ac847bd61179c2191ebc02b37.jpg,1,0.30695289373397827,0.26118555665016174,0.02030438743531704,0.04167197272181511,0.04628429934382439
000825_jpg.rf.dd850d3ac847bd61179c2191ebc02b37.jpg,1,0.6291185617446899,0.2527497708797455,0.017449600622057915,0.03644319996237755,0.043076466768980026
000825_jpg.rf.dd850d3ac847bd61179c2191ebc02b37.jpg,1,0.2913556694984436,0.2680526673793793,0.006925839930772781,0.05445433035492897,0.0422217883169651
000825_jpg.rf.dd850d3ac847bd61179c2191ebc02b37.jpg,0,0.568627655506134,0.2840110659599304,0.01324477605521679,0.0684603601694107,0.03583628311753273
000825_jpg.rf.dd850d3ac847bd61179c2191ebc02b37.jpg,0,0.990513265132904,0.029361125081777573,0.018973572179675102,0.05243401601910591,0.028562428429722786
000825_jpg.rf.dd850d3ac847bd61179c2191ebc02b37.jpg,0,0.9527862668037415,0.033052489161491394,0.04182932898402214,0.04349204897880554,0.016956180334091187
000825_jpg.rf.dd850d3ac847bd61179c2191ebc02b37.jpg,0,0.005541458260267973,0.26619404554367065,0.011031595058739185,0.04582768306136131,0.016102014109492302
000825_jpg.rf.dd850d3ac847bd61179c2191ebc02b37.jpg,1,0.3002610504627228,0.2653387188911438,0.011811844073235989,0.05153674632310867,0.015455353073775768
000825_jpg.rf.dd850d3ac847bd61179c2191ebc02b37.jpg,1,0.6549628376960754,0.25814783573150635,0.01902477629482746,0.05275513604283333,0.012093518860638142
000825_jpg.rf.dd850d3ac847bd61179c2191ebc02b37.jpg,1,0.9270796775817871,0.05013840273022652,0.04675249010324478,0.09983029961585999,0.011994216591119766
000825_jpg.rf.dd850d3ac847bd61179c2191ebc02b37.jpg,0,0.27931177616119385,0.26814040541648865,0.018607471138238907,0.057602956891059875,0.01150510087609291
000825_jpg.rf.dd850d3ac847bd61179c2191ebc02b37.jpg,0,0.9258348345756531,0.05163370072841644,0.04788164049386978,0.10326740145683289,0.010563867166638374
000825_jpg.rf.dd850d3ac847bd61179c2191ebc02b37.jpg,5,0.5899802446365356,0.41848430037498474,0.05900596082210541,0.03351028263568878,0.009649483487010002
000825_jpg.rf.dd850d3ac847bd61179c2191ebc02b37.jpg,0,0.9506921172142029,0.04139592871069908,0.043879877775907516,0.06813384592533112,0.006629951763898134
000825_jpg.rf.dd850d3ac847bd61179c2191ebc02b37.jpg,1,0.49381953477859497,0.3941143751144409,0.015984168276190758,0.011840454302728176,0.005856869742274284
000825_jpg.rf.dd850d3ac847bd61179c2191ebc02b37.jpg,1,0.6513997912406921,0.24309875071048737,0.02873259410262108,0.020535800606012344,0.0057416269555687904
000825_jpg.rf.dd850d3ac847bd61179c2191ebc02b37.jpg,0,0.4125531017780304,0.2954133450984955,0.009358406066894531,0.022251717746257782,0.005367064382880926
000825_jpg.rf.dd850d3ac847bd61179c2191ebc02b37.jpg,1,0.6216598153114319,0.27137911319732666,0.017747879028320312,0.07482147216796875,0.005352991167455912
000825_jpg.rf.dd850d3ac847bd61179c2191ebc02b37.jpg,0,0.9851635098457336,0.030711278319358826,0.020564446225762367,0.058167245239019394,0.005148205440491438
000825_jpg.rf.dd850d3ac847bd61179c2191ebc02b37.jpg,0,0.8741072416305542,0.22191978991031647,0.012348175048828125,0.027299294248223305,0.004525301046669483
000825_jpg.rf.dd850d3ac847bd61179c2191ebc02b37.jpg,1,0.2799438536167145,0.2643163800239563,0.01985274814069271,0.05363963544368744,0.0037972433492541313
000825_jpg.rf.dd850d3ac847bd61179c2191ebc02b37.jpg,0,0.2606721818447113,0.26946333050727844,0.010078944265842438,0.04284088686108589,0.003768310649320483
000825_jpg.rf.dd850d3ac847bd61179c2191ebc02b37.jpg,1,0.28532639145851135,0.26977255940437317,0.017555823549628258,0.06758825480937958,0.003765097353607416
000825_jpg.rf.dd850d3ac847bd61179c2191ebc02b37.jpg,1,0.9911679625511169,0.05989822372794151,0.01766417734324932,0.109232597053051,0.002961330348625779
000825_jpg.rf.dd850d3ac847bd61179c2191ebc02b37.jpg,8,0.258415162563324,0.26399704813957214,0.012368899770081043,0.03555048629641533,0.0029255396220833063
000825_jpg.rf.dd850d3ac847bd61179c2191ebc02b37.jpg,0,0.9734243750572205,0.13560596108436584,0.034822024405002594,0.02019416354596615,0.0029180673882365227
000825_jpg.rf.dd850d3ac847bd61179c2191ebc02b37.jpg,0,0.73399817943573,0.18874338269233704,0.05711306259036064,0.026557520031929016,0.0028723219875246286
000825_jpg.rf.dd850d3ac847bd61179c2191ebc02b37.jpg,5,0.9690168499946594,0.40308240056037903,0.025074152275919914,0.0180362556129694,0.0027219688054174185
000825_jpg.rf.dd850d3ac847bd61179c2191ebc02b37.jpg,0,0.44896236062049866,0.28992199897766113,0.013999499380588531,0.010071424767374992,0.0026008007116615772
000825_jpg.rf.dd850d3ac847bd61179c2191ebc02b37.jpg,0,0.730815052986145,0.18398816883563995,0.04534120112657547,0.02272774651646614,0.0024127892684191465
000825_jpg.rf.dd850d3ac847bd61179c2191ebc02b37.jpg,0,0.5723719596862793,0.2789761424064636,0.014033977873623371,0.06423293799161911,0.002325190231204033
000825_jpg.rf.dd850d3ac847bd61179c2191ebc02b37.jpg,0,0.9569762945175171,0.142997145652771,0.03257061913609505,0.031013619154691696,0.0020708898082375526
000825_jpg.rf.dd850d3ac847bd61179c2191ebc02b37.jpg,0,0.43535110354423523,0.29351574182510376,0.009976460598409176,0.01590728759765625,0.0019794455729424953
000825_jpg.rf.dd850d3ac847bd61179c2191ebc02b37.jpg,7,0.6409549713134766,0.2673482298851013,0.014569503255188465,0.06765805929899216,0.001862794510088861
000825_jpg.rf.dd850d3ac847bd61179c2191ebc02b37.jpg,0,0.9884885549545288,0.049932703375816345,0.02302301861345768,0.0992560088634491,0.0018605253426358104
000825_jpg.rf.dd850d3ac847bd61179c2191ebc02b37.jpg,7,0.24650482833385468,0.2616101801395416,0.014729500748217106,0.03754953294992447,0.001773831550963223
000825_jpg.rf.dd850d3ac847bd61179c2191ebc02b37.jpg,1,0.6343803405761719,0.4459897577762604,0.015734747052192688,0.025047816336154938,0.0016622403636574745
000825_jpg.rf.dd850d3ac847bd61179c2191ebc02b37.jpg,0,0.24503973126411438,0.26833340525627136,0.0164031982421875,0.03319912776350975,0.0016278264811262488
000825_jpg.rf.dd850d3ac847bd61179c2191ebc02b37.jpg,0,0.5911826491355896,0.2732800543308258,0.012032803148031235,0.05322658270597458,0.0015570948598906398
000825_jpg.rf.dd850d3ac847bd61179c2191ebc02b37.jpg,0,0.31983962655067444,0.3103446364402771,0.011074066162109375,0.03195901960134506,0.0014637636486440897
000825_jpg.rf.dd850d3ac847bd61179c2191ebc02b37.jpg,0,0.6107507944107056,0.2519005239009857,0.020554397255182266,0.03908216208219528,0.0014546072343364358
000825_jpg.rf.dd850d3ac847bd61179c2191ebc02b37.jpg,12,0.3587612807750702,0.3704236149787903,0.7175225615501404,0.7075461149215698,0.0014257024740800261
000825_jpg.rf.dd850d3ac847bd61179c2191ebc02b37.jpg,0,0.04241684451699257,0.2639298439025879,0.013142375275492668,0.040473390370607376,0.0014226767234504223
000825_jpg.rf.dd850d3ac847bd61179c2191ebc02b37.jpg,0,0.22355036437511444,0.23388777673244476,0.019207295030355453,0.04439585283398628,0.001408158801496029
000825_jpg.rf.dd850d3ac847bd61179c2191ebc02b37.jpg,0,0.911347508430481,0.05288304015994072,0.050204940140247345,0.10433826595544815,0.0013650663895532489
000825_jpg.rf.dd850d3ac847bd61179c2191ebc02b37.jpg,0,0.42000457644462585,0.34191107749938965,0.02037782035768032,0.018733171746134758,0.00132282346021384
000825_jpg.rf.dd850d3ac847bd61179c2191ebc02b37.jpg,1,0.6289225816726685,0.27056530117988586,0.021238474175333977,0.07229665666818619,0.0012536089634522796
000825_jpg.rf.dd850d3ac847bd61179c2191ebc02b37.jpg,0,0.44518157839775085,0.29234933853149414,0.014825968071818352,0.013929697684943676,0.0011893230257555842
000825_jpg.rf.dd850d3ac847bd61179c2191ebc02b37.jpg,0,0.030942531302571297,0.26629704236984253,0.013251475058495998,0.042418040335178375,0.0011437289649620652
000825_jpg.rf.dd850d3ac847bd61179c2191ebc02b37.jpg,0,0.03513931855559349,0.2640041410923004,0.013099102303385735,0.039924658834934235,0.0011256481520831585
000825_jpg.rf.dd850d3ac847bd61179c2191ebc02b37.jpg,7,0.6439928412437439,0.27495354413986206,0.013721172697842121,0.06407862901687622,0.0011230834061279893
000825_jpg.rf.dd850d3ac847bd61179c2191ebc02b37.jpg,0,0.007631531450897455,0.27736201882362366,0.015173740684986115,0.05799095705151558,0.0011019553057849407
000825_jpg.rf.dd850d3ac847bd61179c2191ebc02b37.jpg,1,0.615510106086731,0.24938906729221344,0.021869806572794914,0.028546957299113274,0.0010897736065089703
000825_jpg.rf.dd850d3ac847bd61179c2191ebc02b37.jpg,5,0.8404762744903564,0.5149336457252502,0.07199199497699738,0.049083419144153595,0.0010639643296599388
000825_jpg.rf.dd850d3ac847bd61179c2191ebc02b37.jpg,0,0.9838377237319946,0.13703016936779022,0.02303343638777733,0.020805561915040016,0.0010016241576522589
000831_jpg.rf.09392428bf69f0de8c937caec3590319.jpg,9,0.5068923830986023,0.16571295261383057,0.08473565429449081,0.16720420122146606,0.8555967211723328
000831_jpg.rf.09392428bf69f0de8c937caec3590319.jpg,9,0.5045769214630127,0.3853723704814911,0.08407057821750641,0.16270704567432404,0.7886126041412354
000831_jpg.rf.09392428bf69f0de8c937caec3590319.jpg,7,0.5054422616958618,0.16480138897895813,0.08152478188276291,0.1669072061777115,0.6541815400123596
000831_jpg.rf.09392428bf69f0de8c937caec3590319.jpg,10,0.506549060344696,0.38727718591690063,0.08141870051622391,0.16919107735157013,0.6456997990608215
000831_jpg.rf.09392428bf69f0de8c937caec3590319.jpg,13,0.5074360370635986,0.3866173028945923,0.08516150712966919,0.17360348999500275,0.11068420112133026
000831_jpg.rf.09392428bf69f0de8c937caec3590319.jpg,1,0.1952313333749771,0.006256917491555214,0.09166907519102097,0.0124875633046031,0.06700979918241501
000831_jpg.rf.09392428bf69f0de8c937caec3590319.jpg,7,0.5065680146217346,0.3821912407875061,0.08263610303401947,0.16388872265815735,0.0029456934425979853
000831_jpg.rf.09392428bf69f0de8c937caec3590319.jpg,0,0.9906314611434937,0.3360306918621063,0.017529120668768883,0.047161765396595,0.0023301912005990744
000831_jpg.rf.09392428bf69f0de8c937caec3590319.jpg,1,0.19689840078353882,0.010570317506790161,0.09523259103298187,0.020624220371246338,0.00185821030754596
000831_jpg.rf.09392428bf69f0de8c937caec3590319.jpg,8,0.6518176198005676,0.01254514791071415,0.0659366026520729,0.024935442954301834,0.0012135548749938607
000833_jpg.rf.a774fb7c4620c050e43d66a0062137af.jpg,11,0.7390654683113098,0.444100022315979,0.07474811375141144,0.15823908150196075,0.9487195014953613
000833_jpg.rf.a774fb7c4620c050e43d66a0062137af.jpg,4,0.7382268905639648,0.4448327124118805,0.07270930707454681,0.15429702401161194,0.32926470041275024
000833_jpg.rf.a774fb7c4620c050e43d66a0062137af.jpg,9,0.7381444573402405,0.4433545768260956,0.07512650638818741,0.14894141256809235,0.30464762449264526
000833_jpg.rf.a774fb7c4620c050e43d66a0062137af.jpg,5,0.7381747364997864,0.4444190561771393,0.07525752484798431,0.156402587890625,0.07905420660972595
000833_jpg.rf.a774fb7c4620c050e43d66a0062137af.jpg,9,0.33277225494384766,0.3361280858516693,0.012750038877129555,0.025066377595067024,0.05478866398334503
000833_jpg.rf.a774fb7c4620c050e43d66a0062137af.jpg,12,0.33124396204948425,0.33444181084632874,0.014211361296474934,0.022556893527507782,0.034903109073638916
000833_jpg.rf.a774fb7c4620c050e43d66a0062137af.jpg,10,0.7389814853668213,0.4424292743206024,0.07800307869911194,0.15001891553401947,0.01754775084555149
000833_jpg.rf.a774fb7c4620c050e43d66a0062137af.jpg,12,0.3323507308959961,0.3421363830566406,0.013207729905843735,0.031266212463378906,0.00479724258184433
000833_jpg.rf.a774fb7c4620c050e43d66a0062137af.jpg,11,0.339708536863327,0.9092519283294678,0.4743536710739136,0.181496262550354,0.0024998984299600124
000833_jpg.rf.a774fb7c4620c050e43d66a0062137af.jpg,7,0.742551326751709,0.4435557723045349,0.08378499001264572,0.15176436305046082,0.0012490554945543408
000836_jpg.rf.c262dc2f875c2d27c5358091bec7f23c.jpg,13,0.8791810870170593,0.1362840086221695,0.13869476318359375,0.2580661177635193,0.9666305184364319
000836_jpg.rf.c262dc2f875c2d27c5358091bec7f23c.jpg,10,0.8781243562698364,0.13364432752132416,0.1351042538881302,0.25659921765327454,0.7045738101005554
000836_jpg.rf.c262dc2f875c2d27c5358091bec7f23c.jpg,0,0.6554536819458008,0.6176714897155762,0.6890926361083984,0.7646571397781372,0.024566618725657463
000836_jpg.rf.c262dc2f875c2d27c5358091bec7f23c.jpg,1,0.6069454550743103,0.61429363489151,0.786109209060669,0.7714127898216248,0.013607043772935867
000836_jpg.rf.c262dc2f875c2d27c5358091bec7f23c.jpg,9,0.4221278131008148,0.7715674638748169,0.03587877005338669,0.06054482236504555,0.010434051975607872
000836_jpg.rf.c262dc2f875c2d27c5358091bec7f23c.jpg,10,0.4229348301887512,0.7708160281181335,0.037509407848119736,0.061514489352703094,0.006831016391515732
000836_jpg.rf.c262dc2f875c2d27c5358091bec7f23c.jpg,12,0.8758646249771118,0.1322987675666809,0.13915884494781494,0.2539307475090027,0.005575180985033512
000836_jpg.rf.c262dc2f875c2d27c5358091bec7f23c.jpg,10,0.537882387638092,0.5940027236938477,0.9204655289649963,0.8119946718215942,0.001929665682837367
000836_jpg.rf.c262dc2f875c2d27c5358091bec7f23c.jpg,9,0.03292403370141983,0.071221262216568,0.028690220788121223,0.07222608476877213,0.001617167261429131
000836_jpg.rf.c262dc2f875c2d27c5358091bec7f23c.jpg,1,0.2065485268831253,0.07495590299367905,0.014785069972276688,0.07772016525268555,0.0014090972254052758
000841_jpg.rf.82ac37a263cc3771094f878f75519d3c.jpg,7,0.7136271595954895,0.6141501665115356,0.27401015162467957,0.4247191548347473,0.9536632895469666
000841_jpg.rf.82ac37a263cc3771094f878f75519d3c.jpg,5,0.33698663115501404,0.572758138179779,0.6738461852073669,0.8544838428497314,0.0010260561248287559
000854_JPG_jpg.rf.c2dbb2abedf6e49d74effc7a8945ed99.jpg,0,0.8348650336265564,0.30514729022979736,0.0817093476653099,0.04279489070177078,0.7721027135848999
000854_JPG_jpg.rf.c2dbb2abedf6e49d74effc7a8945ed99.jpg,0,0.03545683994889259,0.4190572500228882,0.07091367989778519,0.03768099471926689,0.7617486715316772
000854_JPG_jpg.rf.c2dbb2abedf6e49d74effc7a8945ed99.jpg,0,0.5532236695289612,0.5681931376457214,0.019150661304593086,0.019460678100585938,0.08092031627893448
000854_JPG_jpg.rf.c2dbb2abedf6e49d74effc7a8945ed99.jpg,0,0.8537728786468506,0.48623740673065186,0.05616467073559761,0.01934036985039711,0.03761182725429535
000854_JPG_jpg.rf.c2dbb2abedf6e49d74effc7a8945ed99.jpg,0,0.5749063491821289,0.5717883110046387,0.03306477144360542,0.015417980030179024,0.027386266738176346
000854_JPG_jpg.rf.c2dbb2abedf6e49d74effc7a8945ed99.jpg,1,0.6283515095710754,0.5957871675491333,0.02304047904908657,0.03137464076280594,0.027311770245432854
000854_JPG_jpg.rf.c2dbb2abedf6e49d74effc7a8945ed99.jpg,1,0.8464065790176392,0.3020647168159485,0.09132752567529678,0.04278691112995148,0.02299613319337368
000854_JPG_jpg.rf.c2dbb2abedf6e49d74effc7a8945ed99.jpg,1,0.30320021510124207,0.49050265550613403,0.02090960368514061,0.024012712761759758,0.016377318650484085
000854_JPG_jpg.rf.c2dbb2abedf6e49d74effc7a8945ed99.jpg,0,0.5986894369125366,0.30139899253845215,0.023751992732286453,0.12642553448677063,0.015339369885623455
000854_JPG_jpg.rf.c2dbb2abedf6e49d74effc7a8945ed99.jpg,0,0.6016276478767395,0.35259291529655457,0.020095093175768852,0.025363042950630188,0.014573611319065094
000854_JPG_jpg.rf.c2dbb2abedf6e49d74effc7a8945ed99.jpg,0,0.2579016387462616,0.4778706729412079,0.057017840445041656,0.03854304179549217,0.014553915709257126
000854_JPG_jpg.rf.c2dbb2abedf6e49d74effc7a8945ed99.jpg,0,0.8554289937019348,0.48023277521133423,0.060532499104738235,0.023317117244005203,0.012478388845920563
000854_JPG_jpg.rf.c2dbb2abedf6e49d74effc7a8945ed99.jpg,0,0.25977641344070435,0.48882555961608887,0.054859016090631485,0.029598897323012352,0.009481274522840977
000854_JPG_jpg.rf.c2dbb2abedf6e49d74effc7a8945ed99.jpg,0,0.9928979277610779,0.4228503704071045,0.014204245992004871,0.06384211778640747,0.009011276997625828
000854_JPG_jpg.rf.c2dbb2abedf6e49d74effc7a8945ed99.jpg,7,0.8959013223648071,0.31106024980545044,0.0368596613407135,0.06742551177740097,0.008214306086301804
000854_JPG_jpg.rf.c2dbb2abedf6e49d74effc7a8945ed99.jpg,0,0.5846571922302246,0.5759126543998718,0.022954575717449188,0.021113837137818336,0.006527472287416458
000854_JPG_jpg.rf.c2dbb2abedf6e49d74effc7a8945ed99.jpg,0,0.27886104583740234,0.48515045642852783,0.056684862822294235,0.032795026898384094,0.005908589344471693
000854_JPG_jpg.rf.c2dbb2abedf6e49d74effc7a8945ed99.jpg,0,0.7396327257156372,0.47747746109962463,0.056730274111032486,0.028845274820923805,0.0052474988624453545
000854_JPG_jpg.rf.c2dbb2abedf6e49d74effc7a8945ed99.jpg,0,0.5535701513290405,0.5525821447372437,0.0164365042001009,0.034862078726291656,0.005074446089565754
000854_JPG_jpg.rf.c2dbb2abedf6e49d74effc7a8945ed99.jpg,0,0.058562640100717545,0.4160599410533905,0.09138964116573334,0.04413105919957161,0.004733413923531771
000854_JPG_jpg.rf.c2dbb2abedf6e49d74effc7a8945ed99.jpg,0,0.860861599445343,0.47592976689338684,0.05701402574777603,0.021884331479668617,0.004714221693575382
000854_JPG_jpg.rf.c2dbb2abedf6e49d74effc7a8945ed99.jpg,0,0.572331964969635,0.5835070013999939,0.02947213128209114,0.022298593074083328,0.0036889901384711266
000854_JPG_jpg.rf.c2dbb2abedf6e49d74effc7a8945ed99.jpg,1,0.5317949652671814,0.5439332723617554,0.027930406853556633,0.027322623878717422,0.003274056129157543
000854_JPG_jpg.rf.c2dbb2abedf6e49d74effc7a8945ed99.jpg,0,0.7171007394790649,0.4921426475048065,0.04785435274243355,0.026508919894695282,0.003196298610419035
000854_JPG_jpg.rf.c2dbb2abedf6e49d74effc7a8945ed99.jpg,0,0.5862769484519958,0.5847077369689941,0.018042419105768204,0.026376578956842422,0.0031833688262850046
000854_JPG_jpg.rf.c2dbb2abedf6e49d74effc7a8945ed99.jpg,0,0.35645627975463867,0.5301846265792847,0.037677913904190063,0.022859500721096992,0.0030171703547239304
000854_JPG_jpg.rf.c2dbb2abedf6e49d74effc7a8945ed99.jpg,0,0.5687922835350037,0.5507408380508423,0.028008535504341125,0.02338438853621483,0.00279584270901978
000854_JPG_jpg.rf.c2dbb2abedf6e49d74effc7a8945ed99.jpg,0,0.03163464739918709,0.42507705092430115,0.06326929479837418,0.0592322014272213,0.0027913872618228197
000854_JPG_jpg.rf.c2dbb2abedf6e49d74effc7a8945ed99.jpg,0,0.6645051836967468,0.5652480721473694,0.033351313322782516,0.019815592095255852,0.002643205923959613
000854_JPG_jpg.rf.c2dbb2abedf6e49d74effc7a8945ed99.jpg,0,0.7365365624427795,0.49077966809272766,0.05746504291892052,0.023962534964084625,0.0024297451600432396
000854_JPG_jpg.rf.c2dbb2abedf6e49d74effc7a8945ed99.jpg,10,0.19014933705329895,0.4776794910430908,0.05345077067613602,0.06563304364681244,0.0021881142165511847
000854_JPG_jpg.rf.c2dbb2abedf6e49d74effc7a8945ed99.jpg,0,0.5516706705093384,0.5717882513999939,0.01899176463484764,0.01807939074933529,0.0021773111075162888
000854_JPG_jpg.rf.c2dbb2abedf6e49d74effc7a8945ed99.jpg,0,0.5673715472221375,0.5390194654464722,0.029760362580418587,0.022995948791503906,0.0020674988627433777
000854_JPG_jpg.rf.c2dbb2abedf6e49d74effc7a8945ed99.jpg,0,0.7686727643013,0.20714543759822845,0.06905937194824219,0.03388185054063797,0.0020325370132923126
000854_JPG_jpg.rf.c2dbb2abedf6e49d74effc7a8945ed99.jpg,1,0.9373153448104858,0.520135760307312,0.057775791734457016,0.02234414964914322,0.002024243585765362
000854_JPG_jpg.rf.c2dbb2abedf6e49d74effc7a8945ed99.jpg,1,0.6289843320846558,0.6084663271903992,0.01929723285138607,0.026386408135294914,0.0019781694281846285
000854_JPG_jpg.rf.c2dbb2abedf6e49d74effc7a8945ed99.jpg,0,0.5719882249832153,0.5496943593025208,0.03461390361189842,0.015186604112386703,0.001896199770271778
000854_JPG_jpg.rf.c2dbb2abedf6e49d74effc7a8945ed99.jpg,1,0.02648591250181198,0.021516425535082817,0.05297182500362396,0.04302978515625,0.0017447118880227208
000854_JPG_jpg.rf.c2dbb2abedf6e49d74effc7a8945ed99.jpg,0,0.3478165864944458,0.5831373333930969,0.027958944439888,0.016905345022678375,0.001710156793706119
000854_JPG_jpg.rf.c2dbb2abedf6e49d74effc7a8945ed99.jpg,0,0.6008645296096802,0.3788292706012726,0.019827403128147125,0.03599849343299866,0.001674165017902851
000854_JPG_jpg.rf.c2dbb2abedf6e49d74effc7a8945ed99.jpg,0,0.8457325100898743,0.4857628643512726,0.07833510637283325,0.02351144701242447,0.0016102568479254842
000854_JPG_jpg.rf.c2dbb2abedf6e49d74effc7a8945ed99.jpg,0,0.5535531640052795,0.5855373740196228,0.020379433408379555,0.02408622018992901,0.0015283668180927634
000854_JPG_jpg.rf.c2dbb2abedf6e49d74effc7a8945ed99.jpg,8,0.1901416778564453,0.4666038155555725,0.05227841064333916,0.046026453375816345,0.0014587354380637407
000854_JPG_jpg.rf.c2dbb2abedf6e49d74effc7a8945ed99.jpg,0,0.27580001950263977,0.2820579707622528,0.04525434225797653,0.053127363324165344,0.001442039618268609
000854_JPG_jpg.rf.c2dbb2abedf6e49d74effc7a8945ed99.jpg,0,0.6614658832550049,0.6311043500900269,0.029612910002470016,0.02538285031914711,0.0013714879751205444
000854_JPG_jpg.rf.c2dbb2abedf6e49d74effc7a8945ed99.jpg,0,0.602024495601654,0.33248305320739746,0.02035808563232422,0.06367969512939453,0.0013635915238410234
000854_JPG_jpg.rf.c2dbb2abedf6e49d74effc7a8945ed99.jpg,7,0.6052942276000977,0.11691886931657791,0.7894116640090942,0.22536684572696686,0.001330892788246274
000854_JPG_jpg.rf.c2dbb2abedf6e49d74effc7a8945ed99.jpg,0,0.2608295977115631,0.5844354629516602,0.03135982155799866,0.015277570113539696,0.0012371281627565622
000854_JPG_jpg.rf.c2dbb2abedf6e49d74effc7a8945ed99.jpg,0,0.27906110882759094,0.4927936792373657,0.05050916224718094,0.02132393792271614,0.001195221208035946
000854_JPG_jpg.rf.c2dbb2abedf6e49d74effc7a8945ed99.jpg,0,0.7827614545822144,0.6022985577583313,0.041164107620716095,0.027110321447253227,0.001170243020169437
000854_JPG_jpg.rf.c2dbb2abedf6e49d74effc7a8945ed99.jpg,0,0.4895901083946228,0.6494228839874268,0.019422825425863266,0.014871744439005852,0.0010622016852721572
000854_JPG_jpg.rf.c2dbb2abedf6e49d74effc7a8945ed99.jpg,0,0.5808395743370056,0.5783960819244385,0.026442822068929672,0.021841783076524734,0.0010086053516715765
000860_jpg.rf.96ab0958df78e7af07071f6d1dd7b6e6.jpg,1,0.2919847071170807,0.22077706456184387,0.014693444594740868,0.06016559153795242,0.6171482801437378
000860_jpg.rf.96ab0958df78e7af07071f6d1dd7b6e6.jpg,1,0.25856897234916687,0.22431518137454987,0.012574562802910805,0.06055105850100517,0.551956295967102
000860_jpg.rf.96ab0958df78e7af07071f6d1dd7b6e6.jpg,1,0.7173694968223572,0.20816852152347565,0.014120102860033512,0.047542721033096313,0.5317878723144531
000860_jpg.rf.96ab0958df78e7af07071f6d1dd7b6e6.jpg,1,0.6882057189941406,0.2097615897655487,0.013782648369669914,0.05196039751172066,0.3716306686401367
000860_jpg.rf.96ab0958df78e7af07071f6d1dd7b6e6.jpg,1,0.719576358795166,0.20084317028522491,0.015044726431369781,0.03870982676744461,0.27373161911964417
000860_jpg.rf.96ab0958df78e7af07071f6d1dd7b6e6.jpg,1,0.7248206734657288,0.20680151879787445,0.017525453120470047,0.039583977311849594,0.21805833280086517
000860_jpg.rf.96ab0958df78e7af07071f6d1dd7b6e6.jpg,1,0.7033202648162842,0.20644782483577728,0.014266528189182281,0.04299633577466011,0.10289504379034042
000860_jpg.rf.96ab0958df78e7af07071f6d1dd7b6e6.jpg,1,0.26230183243751526,0.22315235435962677,0.01658524014055729,0.05596304312348366,0.06639328598976135
000860_jpg.rf.96ab0958df78e7af07071f6d1dd7b6e6.jpg,0,0.9155817627906799,0.20586621761322021,0.01295735314488411,0.026356514543294907,0.03667628765106201
000860_jpg.rf.96ab0958df78e7af07071f6d1dd7b6e6.jpg,0,0.012246641330420971,0.19376817345619202,0.02212839014828205,0.030618082731962204,0.027582287788391113
000860_jpg.rf.96ab0958df78e7af07071f6d1dd7b6e6.jpg,0,0.889329195022583,0.1520371288061142,0.013305370695888996,0.053189996629953384,0.022482367232441902
000860_jpg.rf.96ab0958df78e7af07071f6d1dd7b6e6.jpg,0,0.3335505425930023,0.276432603597641,0.013580323196947575,0.023514270782470703,0.015485048294067383
000860_jpg.rf.96ab0958df78e7af07071f6d1dd7b6e6.jpg,0,0.32383862137794495,0.2823924124240875,0.01712058112025261,0.02364177070558071,0.013659038580954075
000860_jpg.rf.96ab0958df78e7af07071f6d1dd7b6e6.jpg,1,0.25516778230667114,0.22087247669696808,0.014801026321947575,0.055146440863609314,0.013394562527537346
000860_jpg.rf.96ab0958df78e7af07071f6d1dd7b6e6.jpg,1,0.2888196110725403,0.2328503578901291,0.01898842677474022,0.08534754812717438,0.009355301968753338
000860_jpg.rf.96ab0958df78e7af07071f6d1dd7b6e6.jpg,1,0.08589880913496017,0.353668212890625,0.014019269496202469,0.03329203650355339,0.008016974665224552
000860_jpg.rf.96ab0958df78e7af07071f6d1dd7b6e6.jpg,0,0.7492351531982422,0.2121659517288208,0.01590200699865818,0.032117586582899094,0.0072782509960234165
000860_jpg.rf.96ab0958df78e7af07071f6d1dd7b6e6.jpg,1,0.725397527217865,0.21676640212535858,0.017136940732598305,0.06283235549926758,0.007234147284179926
000860_jpg.rf.96ab0958df78e7af07071f6d1dd7b6e6.jpg,1,0.28758347034454346,0.2202794849872589,0.0179495457559824,0.05718422308564186,0.006860252004116774
000860_jpg.rf.96ab0958df78e7af07071f6d1dd7b6e6.jpg,0,0.8885906934738159,0.2833518087863922,0.013096736744046211,0.036300111562013626,0.006155447568744421
000860_jpg.rf.96ab0958df78e7af07071f6d1dd7b6e6.jpg,0,0.9163695573806763,0.21261216700077057,0.013062257319688797,0.034829139709472656,0.00591861130669713
000860_jpg.rf.96ab0958df78e7af07071f6d1dd7b6e6.jpg,0,0.3191414773464203,0.27248868346214294,0.011857986450195312,0.02013096585869789,0.004711396526545286
000860_jpg.rf.96ab0958df78e7af07071f6d1dd7b6e6.jpg,0,0.3322845697402954,0.2816152274608612,0.015361346304416656,0.026910122483968735,0.0045276000164449215
000860_jpg.rf.96ab0958df78e7af07071f6d1dd7b6e6.jpg,0,0.9896432161331177,0.10936309397220612,0.019411234185099602,0.028396662324666977,0.004038183018565178
000860_jpg.rf.96ab0958df78e7af07071f6d1dd7b6e6.jpg,1,0.7429744005203247,0.20890596508979797,0.013059617020189762,0.03089156560599804,0.0037747230380773544
000860_jpg.rf.96ab0958df78e7af07071f6d1dd7b6e6.jpg,0,0.9491750597953796,0.09692193567752838,0.03268872946500778,0.03009350597858429,0.00360227283090353
000860_jpg.rf.96ab0958df78e7af07071f6d1dd7b6e6.jpg,1,0.7506721019744873,0.20560544729232788,0.013160118833184242,0.026409151032567024,0.0032927540596574545
000860_jpg.rf.96ab0958df78e7af07071f6d1dd7b6e6.jpg,1,0.7084952592849731,0.2319861799478531,0.015192032791674137,0.08441907167434692,0.0032103031408041716
000860_jpg.rf.96ab0958df78e7af07071f6d1dd7b6e6.jpg,5,0.41210752725601196,0.53037029504776,0.8218145966529846,0.9392594695091248,0.0031658948864787817
000860_jpg.rf.96ab0958df78e7af07071f6d1dd7b6e6.jpg,1,0.7211763262748718,0.2226046919822693,0.018061712384223938,0.08032277971506119,0.0031015039421617985
000860_jpg.rf.96ab0958df78e7af07071f6d1dd7b6e6.jpg,0,0.04586702585220337,0.18270054459571838,0.022267792373895645,0.0251015517860651,0.0028277833480387926
000860_jpg.rf.96ab0958df78e7af07071f6d1dd7b6e6.jpg,0,0.8825494647026062,0.15704195201396942,0.015387315303087234,0.041796695441007614,0.0024946113117039204
000860_jpg.rf.96ab0958df78e7af07071f6d1dd7b6e6.jpg,1,0.690790593624115,0.2161063700914383,0.018131697550415993,0.065892294049263,0.00246134283952415
000860_jpg.rf.96ab0958df78e7af07071f6d1dd7b6e6.jpg,0,0.8929848074913025,0.14992336928844452,0.011855052784085274,0.055263374000787735,0.002218661131337285
000860_jpg.rf.96ab0958df78e7af07071f6d1dd7b6e6.jpg,0,0.8861444592475891,0.28990083932876587,0.00948451180011034,0.028838489204645157,0.0018108943477272987
000860_jpg.rf.96ab0958df78e7af07071f6d1dd7b6e6.jpg,0,0.0194101519882679,0.18915122747421265,0.034414369612932205,0.0451531782746315,0.0016999565996229649
000860_jpg.rf.96ab0958df78e7af07071f6d1dd7b6e6.jpg,0,0.2827480137348175,0.2918078601360321,0.021122712641954422,0.025398805737495422,0.001669830409809947
000860_jpg.rf.96ab0958df78e7af07071f6d1dd7b6e6.jpg,0,0.9909168481826782,0.1182875782251358,0.017688751220703125,0.030793337151408195,0.0014969839248806238
000860_jpg.rf.96ab0958df78e7af07071f6d1dd7b6e6.jpg,0,0.8800649046897888,0.16716167330741882,0.01614409312605858,0.02549050562083721,0.0014717633603140712
000860_jpg.rf.96ab0958df78e7af07071f6d1dd7b6e6.jpg,1,0.6910220384597778,0.2505112290382385,0.01728542149066925,0.05269281938672066,0.0014553462387993932
000860_jpg.rf.96ab0958df78e7af07071f6d1dd7b6e6.jpg,1,0.26096081733703613,0.23421646654605865,0.01924888975918293,0.08429568260908127,0.001442275824956596
000860_jpg.rf.96ab0958df78e7af07071f6d1dd7b6e6.jpg,0,0.9165998697280884,0.199640691280365,0.010729276575148106,0.021870393306016922,0.0014052705373615026
000860_jpg.rf.96ab0958df78e7af07071f6d1dd7b6e6.jpg,0,0.8876614570617676,0.16787190735340118,0.016198525205254555,0.031102191656827927,0.0012722584651783109
000860_jpg.rf.96ab0958df78e7af07071f6d1dd7b6e6.jpg,1,0.9870991110801697,0.21321125328540802,0.01758575439453125,0.03316369652748108,0.0012486826162785292
000860_jpg.rf.96ab0958df78e7af07071f6d1dd7b6e6.jpg,0,0.8972048163414001,0.14166359603405,0.014871451072394848,0.06683877855539322,0.0011994712986052036
000860_jpg.rf.96ab0958df78e7af07071f6d1dd7b6e6.jpg,12,0.40839627385139465,0.4740106463432312,0.7782275676727295,0.9313533902168274,0.0011580763384699821
000860_jpg.rf.96ab0958df78e7af07071f6d1dd7b6e6.jpg,0,0.3228895962238312,0.29240137338638306,0.015203109942376614,0.02454005926847458,0.0011064164573326707
000860_jpg.rf.96ab0958df78e7af07071f6d1dd7b6e6.jpg,5,0.13776478171348572,0.8103403449058533,0.16886700689792633,0.379319429397583,0.0010939784115180373
000860_jpg.rf.96ab0958df78e7af07071f6d1dd7b6e6.jpg,0,0.2563461363315582,0.22340263426303864,0.01780935563147068,0.06220850721001625,0.0010727655608206987
000860_jpg.rf.96ab0958df78e7af07071f6d1dd7b6e6.jpg,12,0.5753018260002136,0.612550675868988,0.034844618290662766,0.06372495740652084,0.0010368633083999157
000866_JPG_jpg.rf.585d575b53d2e6e316c8abb2d07e4c17.jpg,0,0.3677429258823395,0.28525087237358093,0.11162009835243225,0.04729645326733589,0.8922860622406006
000866_JPG_jpg.rf.585d575b53d2e6e316c8abb2d07e4c17.jpg,0,0.3520631194114685,0.2805512845516205,0.08758361637592316,0.042214687913656235,0.25416892766952515
000866_JPG_jpg.rf.585d575b53d2e6e316c8abb2d07e4c17.jpg,0,0.6848392486572266,0.5300706028938293,0.03352121263742447,0.04048090800642967,0.1328229159116745
000866_JPG_jpg.rf.585d575b53d2e6e316c8abb2d07e4c17.jpg,0,0.6695337295532227,0.5363157987594604,0.03848692402243614,0.026307547464966774,0.11766131967306137
000866_JPG_jpg.rf.585d575b53d2e6e316c8abb2d07e4c17.jpg,0,0.6643847227096558,0.5458601713180542,0.030712129548192024,0.015796661376953125,0.02921147085726261
000866_JPG_jpg.rf.585d575b53d2e6e316c8abb2d07e4c17.jpg,1,0.5826784372329712,0.007179205305874348,0.17105109989643097,0.014353986829519272,0.021495966240763664
000866_JPG_jpg.rf.585d575b53d2e6e316c8abb2d07e4c17.jpg,1,0.6453391313552856,0.43498465418815613,0.03017161600291729,0.04550178349018097,0.010520396754145622
000866_JPG_jpg.rf.585d575b53d2e6e316c8abb2d07e4c17.jpg,0,0.6456084847450256,0.5522425770759583,0.04104555770754814,0.01989738829433918,0.006394640542566776
000866_JPG_jpg.rf.585d575b53d2e6e316c8abb2d07e4c17.jpg,0,0.8938208818435669,0.5696112513542175,0.021973976865410805,0.012105648405849934,0.005071433261036873
000866_JPG_jpg.rf.585d575b53d2e6e316c8abb2d07e4c17.jpg,0,0.6767280697822571,0.528671383857727,0.04910454526543617,0.0331830270588398,0.00505085289478302
000866_JPG_jpg.rf.585d575b53d2e6e316c8abb2d07e4c17.jpg,0,0.8354750275611877,0.4677886664867401,0.026005525141954422,0.035775333642959595,0.004164831712841988
000866_JPG_jpg.rf.585d575b53d2e6e316c8abb2d07e4c17.jpg,10,0.8524504899978638,0.6015284657478333,0.019694989547133446,0.025284769013524055,0.0038905609399080276
000866_JPG_jpg.rf.585d575b53d2e6e316c8abb2d07e4c17.jpg,0,0.521782398223877,0.0066144331358373165,0.04223889857530594,0.01304920855909586,0.00375511241145432
000866_JPG_jpg.rf.585d575b53d2e6e316c8abb2d07e4c17.jpg,1,0.5954190492630005,0.010677743703126907,0.20885512232780457,0.021041307598352432,0.00373985362239182
000866_JPG_jpg.rf.585d575b53d2e6e316c8abb2d07e4c17.jpg,0,0.9002007842063904,0.5910090208053589,0.018492478877305984,0.020452940836548805,0.003699671244248748
000866_JPG_jpg.rf.585d575b53d2e6e316c8abb2d07e4c17.jpg,0,0.3171031177043915,0.2739439904689789,0.15894252061843872,0.03918248042464256,0.0036608290392905474
000866_JPG_jpg.rf.585d575b53d2e6e316c8abb2d07e4c17.jpg,0,0.6489138007164001,0.5606609582901001,0.033984992653131485,0.027850518003106117,0.003376995911821723
000866_JPG_jpg.rf.585d575b53d2e6e316c8abb2d07e4c17.jpg,1,0.903931736946106,0.5121660232543945,0.02795116789638996,0.026139039546251297,0.002794465748593211
000866_JPG_jpg.rf.585d575b53d2e6e316c8abb2d07e4c17.jpg,0,0.9069615602493286,0.5949180722236633,0.018904613330960274,0.02102896012365818,0.0023969998583197594
000866_JPG_jpg.rf.585d575b53d2e6e316c8abb2d07e4c17.jpg,10,0.8184844851493835,0.6021848917007446,0.018184661865234375,0.029699180275201797,0.0021646935492753983
000866_JPG_jpg.rf.585d575b53d2e6e316c8abb2d07e4c17.jpg,0,0.9352489113807678,0.5927954912185669,0.014042488299310207,0.017967738211154938,0.0018813872011378407
000866_JPG_jpg.rf.585d575b53d2e6e316c8abb2d07e4c17.jpg,0,0.8810020089149475,0.5706745982170105,0.018337544053792953,0.014286188408732414,0.001766837202012539
000866_JPG_jpg.rf.585d575b53d2e6e316c8abb2d07e4c17.jpg,1,0.6406987309455872,0.4274359345436096,0.04260943830013275,0.03485320135951042,0.0015414210502058268
000866_JPG_jpg.rf.585d575b53d2e6e316c8abb2d07e4c17.jpg,0,0.9092533588409424,0.600927472114563,0.0173520315438509,0.01736479625105858,0.0014558787224814296
000866_JPG_jpg.rf.585d575b53d2e6e316c8abb2d07e4c17.jpg,6,0.3891812860965729,0.59175044298172,0.48270314931869507,0.6856541633605957,0.0014423485845327377
000866_JPG_jpg.rf.585d575b53d2e6e316c8abb2d07e4c17.jpg,1,0.6290707588195801,0.5515163540840149,0.03431188315153122,0.01635962352156639,0.0013708175392821431
000866_JPG_jpg.rf.585d575b53d2e6e316c8abb2d07e4c17.jpg,10,0.8537128567695618,0.6081241965293884,0.017723964527249336,0.025243466719985008,0.0013260329142212868
000866_JPG_jpg.rf.585d575b53d2e6e316c8abb2d07e4c17.jpg,6,0.26786503195762634,0.5235345959663391,0.5357300639152527,0.8384749889373779,0.0013251921627670527
000866_JPG_jpg.rf.585d575b53d2e6e316c8abb2d07e4c17.jpg,0,0.3933810591697693,0.28960826992988586,0.10065842419862747,0.04691679775714874,0.001301860436797142
000866_JPG_jpg.rf.585d575b53d2e6e316c8abb2d07e4c17.jpg,1,0.5801946520805359,0.019042130559682846,0.1514676958322525,0.03808426111936569,0.0012759537203237414
000866_JPG_jpg.rf.585d575b53d2e6e316c8abb2d07e4c17.jpg,0,0.9736456274986267,0.5728530883789062,0.014684530906379223,0.013513712212443352,0.0012189443223178387
000866_JPG_jpg.rf.585d575b53d2e6e316c8abb2d07e4c17.jpg,1,0.6172338724136353,0.5648610591888428,0.031429439783096313,0.025974862277507782,0.0011209670919924974
000866_JPG_jpg.rf.585d575b53d2e6e316c8abb2d07e4c17.jpg,6,0.45265331864356995,0.5381906032562256,0.8630632758140564,0.7967970371246338,0.0011028880253434181
000866_JPG_jpg.rf.585d575b53d2e6e316c8abb2d07e4c17.jpg,0,0.9913887977600098,0.5535726547241211,0.016998291015625,0.017284540459513664,0.0010678173275664449
000866_JPG_jpg.rf.585d575b53d2e6e316c8abb2d07e4c17.jpg,1,0.848554253578186,0.4567907452583313,0.037557896226644516,0.027936937287449837,0.001010786509141326
000867_JPG_jpg.rf.0961b153fd2cdd7f71455ca70b9226fc.jpg,0,0.3819599151611328,0.1149861291050911,0.1559455841779709,0.05596300587058067,0.806034505367279
000867_JPG_jpg.rf.0961b153fd2cdd7f71455ca70b9226fc.jpg,7,0.8653765916824341,0.4198707640171051,0.05137253180146217,0.059901680797338486,0.01339684333652258
000867_JPG_jpg.rf.0961b153fd2cdd7f71455ca70b9226fc.jpg,0,0.805979311466217,0.4700954258441925,0.04442493990063667,0.034724749624729156,0.01251276396214962
000867_JPG_jpg.rf.0961b153fd2cdd7f71455ca70b9226fc.jpg,10,0.8653176426887512,0.41912123560905457,0.05451950803399086,0.06206263229250908,0.007708453573286533
000867_JPG_jpg.rf.0961b153fd2cdd7f71455ca70b9226fc.jpg,0,0.43002450466156006,0.1162227913737297,0.08828713744878769,0.05985291302204132,0.004426831379532814
000867_JPG_jpg.rf.0961b153fd2cdd7f71455ca70b9226fc.jpg,12,0.8662064075469971,0.41568586230278015,0.052984241396188736,0.052427660673856735,0.003984867595136166
000867_JPG_jpg.rf.0961b153fd2cdd7f71455ca70b9226fc.jpg,14,0.9188892841339111,0.9738997220993042,0.16102366149425507,0.052173323929309845,0.003071100916713476
000867_JPG_jpg.rf.0961b153fd2cdd7f71455ca70b9226fc.jpg,0,0.8589998483657837,0.4193074405193329,0.05979655683040619,0.061595406383275986,0.001344189397059381
000872_JPG_jpg.rf.618811525dae8c1799c5093046e551c5.jpg,0,0.5248006582260132,0.2086557000875473,0.08988622575998306,0.04313300549983978,0.758704423904419
000872_JPG_jpg.rf.618811525dae8c1799c5093046e551c5.jpg,0,0.20373423397541046,0.4030567407608032,0.035916879773139954,0.020448097959160805,0.6123857498168945
000872_JPG_jpg.rf.618811525dae8c1799c5093046e551c5.jpg,0,0.7421422004699707,0.2559947967529297,0.06638101488351822,0.04345710575580597,0.48828959465026855
000872_JPG_jpg.rf.618811525dae8c1799c5093046e551c5.jpg,0,0.20848868787288666,0.4059722125530243,0.034470487385988235,0.021001815795898438,0.4580039978027344
000872_JPG_jpg.rf.618811525dae8c1799c5093046e551c5.jpg,0,0.41285327076911926,0.3814576268196106,0.0443742461502552,0.025493256747722626,0.3244435489177704
000872_JPG_jpg.rf.618811525dae8c1799c5093046e551c5.jpg,0,0.21211229264736176,0.4033222496509552,0.047263551503419876,0.024080203846096992,0.30966493487358093
000872_JPG_jpg.rf.618811525dae8c1799c5093046e551c5.jpg,0,0.1708507537841797,0.01584773324429989,0.24633356928825378,0.03169546648859978,0.17782507836818695
000872_JPG_jpg.rf.618811525dae8c1799c5093046e551c5.jpg,0,0.20611083507537842,0.01587076671421528,0.10808908194303513,0.030811673030257225,0.10967765003442764
000872_JPG_jpg.rf.618811525dae8c1799c5093046e551c5.jpg,0,0.23534834384918213,0.016542905941605568,0.10306395590305328,0.032981473952531815,0.10657667368650436
000872_JPG_jpg.rf.618811525dae8c1799c5093046e551c5.jpg,1,0.16152477264404297,0.014736565761268139,0.24293416738510132,0.029260315001010895,0.08133728802204132
000872_JPG_jpg.rf.618811525dae8c1799c5093046e551c5.jpg,0,0.2957924008369446,0.4911000430583954,0.024011025205254555,0.013920564204454422,0.06811175495386124
000872_JPG_jpg.rf.618811525dae8c1799c5093046e551c5.jpg,0,0.18757319450378418,0.01874101161956787,0.14725381135940552,0.03748202323913574,0.05377550050616264
000872_JPG_jpg.rf.618811525dae8c1799c5093046e551c5.jpg,0,0.12330053746700287,0.4147881865501404,0.04067578911781311,0.01939626969397068,0.03459223359823227
000872_JPG_jpg.rf.618811525dae8c1799c5093046e551c5.jpg,0,0.4034983813762665,0.37997233867645264,0.05344654992222786,0.019733283668756485,0.033563852310180664
000872_JPG_jpg.rf.618811525dae8c1799c5093046e551c5.jpg,0,0.19748318195343018,0.39652562141418457,0.05186682567000389,0.02655748277902603,0.02714989334344864
000872_JPG_jpg.rf.618811525dae8c1799c5093046e551c5.jpg,0,0.22808897495269775,0.40220481157302856,0.07877757400274277,0.03070838749408722,0.02255861647427082
000872_JPG_jpg.rf.618811525dae8c1799c5093046e551c5.jpg,0,0.38161933422088623,0.4316807687282562,0.027614595368504524,0.029138712212443352,0.014508072286844254
000872_JPG_jpg.rf.618811525dae8c1799c5093046e551c5.jpg,0,0.22449186444282532,0.39936530590057373,0.06291543692350388,0.022737063467502594,0.012475475668907166
000872_JPG_jpg.rf.618811525dae8c1799c5093046e551c5.jpg,0,0.4036830961704254,0.3922508955001831,0.044170089066028595,0.013992603868246078,0.009672860614955425
000872_JPG_jpg.rf.618811525dae8c1799c5093046e551c5.jpg,1,0.20952077209949493,0.014687084592878819,0.1288537234067917,0.029126755893230438,0.00840227585285902
000872_JPG_jpg.rf.618811525dae8c1799c5093046e551c5.jpg,0,0.19996781647205353,0.4069620370864868,0.050288569182157516,0.02334103360772133,0.00829262938350439
000872_JPG_jpg.rf.618811525dae8c1799c5093046e551c5.jpg,0,0.3830377161502838,0.41643673181533813,0.03800781071186066,0.015874862670898438,0.007995656691491604
000872_JPG_jpg.rf.618811525dae8c1799c5093046e551c5.jpg,0,0.2221640944480896,0.4075809121131897,0.06274480372667313,0.024183567613363266,0.007884441874921322
000872_JPG_jpg.rf.618811525dae8c1799c5093046e551c5.jpg,0,0.28220710158348083,0.49288615584373474,0.02608680911362171,0.013735698536038399,0.0073850820772349834
000872_JPG_jpg.rf.618811525dae8c1799c5093046e551c5.jpg,0,0.41649043560028076,0.38127782940864563,0.04011286422610283,0.017942722886800766,0.0068532065488398075
000872_JPG_jpg.rf.618811525dae8c1799c5093046e551c5.jpg,1,0.16948118805885315,0.012898695655167103,0.15823446214199066,0.02557080239057541,0.006603186018764973
000872_JPG_jpg.rf.618811525dae8c1799c5093046e551c5.jpg,0,0.3953293561935425,0.41460949182510376,0.04062351956963539,0.011949099600315094,0.005246821790933609
000872_JPG_jpg.rf.618811525dae8c1799c5093046e551c5.jpg,0,0.40946540236473083,0.3878139555454254,0.04519814997911453,0.019774364307522774,0.005041636060923338
000872_JPG_jpg.rf.618811525dae8c1799c5093046e551c5.jpg,0,0.3306998908519745,0.43712735176086426,0.029920579865574837,0.026482803747057915,0.0048959506675601006
000872_JPG_jpg.rf.618811525dae8c1799c5093046e551c5.jpg,0,0.15662811696529388,0.01377295795828104,0.0903787612915039,0.02734757401049137,0.00445898249745369
000872_JPG_jpg.rf.618811525dae8c1799c5093046e551c5.jpg,0,0.3916580379009247,0.4340805113315582,0.03451009839773178,0.015354303643107414,0.0038005115929991007
000872_JPG_jpg.rf.618811525dae8c1799c5093046e551c5.jpg,0,0.4083602726459503,0.3962460458278656,0.04066995531320572,0.022949660196900368,0.0036074677482247353
000872_JPG_jpg.rf.618811525dae8c1799c5093046e551c5.jpg,0,0.4154801070690155,0.37457242608070374,0.039112385362386703,0.031858593225479126,0.00352938543073833
000872_JPG_jpg.rf.618811525dae8c1799c5093046e551c5.jpg,0,0.5272892713546753,0.19759006798267365,0.07992055267095566,0.059242986142635345,0.0034553699661046267
000872_JPG_jpg.rf.618811525dae8c1799c5093046e551c5.jpg,0,0.026035970076918602,0.4370609223842621,0.052071940153837204,0.02863282524049282,0.0029207488987594843
000872_JPG_jpg.rf.618811525dae8c1799c5093046e551c5.jpg,0,0.08110982179641724,0.407447874546051,0.04164093732833862,0.024349946528673172,0.002478522714227438
000872_JPG_jpg.rf.618811525dae8c1799c5093046e551c5.jpg,1,0.18566003441810608,0.45522910356521606,0.055277019739151,0.02909821830689907,0.002439117059111595
000872_JPG_jpg.rf.618811525dae8c1799c5093046e551c5.jpg,0,0.19910064339637756,0.40241456031799316,0.027949627488851547,0.028371738269925117,0.0024159844033420086
000872_JPG_jpg.rf.618811525dae8c1799c5093046e551c5.jpg,1,0.1462704986333847,0.013880515471100807,0.09266585856676102,0.02746131643652916,0.0021976616699248552
000872_JPG_jpg.rf.618811525dae8c1799c5093046e551c5.jpg,0,0.38161593675613403,0.4336438477039337,0.030727241188287735,0.01731645129621029,0.002186849247664213
000872_JPG_jpg.rf.618811525dae8c1799c5093046e551c5.jpg,0,0.38750338554382324,0.4025271236896515,0.03640042990446091,0.01502095814794302,0.0019671819172799587
000872_JPG_jpg.rf.618811525dae8c1799c5093046e551c5.jpg,0,0.223946213722229,0.5125229954719543,0.03931056708097458,0.01874542236328125,0.0019301708089187741
000872_JPG_jpg.rf.618811525dae8c1799c5093046e551c5.jpg,0,0.3855307102203369,0.37690168619155884,0.046792253851890564,0.021438011899590492,0.0019254274666309357
000872_JPG_jpg.rf.618811525dae8c1799c5093046e551c5.jpg,1,0.7885435223579407,0.49214592576026917,0.025066377595067024,0.01976768858730793,0.0018581209005787969
000872_JPG_jpg.rf.618811525dae8c1799c5093046e551c5.jpg,0,0.5216369032859802,0.41252943873405457,0.040058135986328125,0.011955995112657547,0.0018343261908739805
000872_JPG_jpg.rf.618811525dae8c1799c5093046e551c5.jpg,1,0.7575236558914185,0.4899059534072876,0.02059643156826496,0.01437392644584179,0.001748659648001194
000872_JPG_jpg.rf.618811525dae8c1799c5093046e551c5.jpg,0,0.05151580274105072,0.29171010851860046,0.058664944022893906,0.034125495702028275,0.001732106669805944
000872_JPG_jpg.rf.618811525dae8c1799c5093046e551c5.jpg,0,0.3031352460384369,0.4555148184299469,0.041027914732694626,0.028040960431098938,0.001727605820633471
000872_JPG_jpg.rf.618811525dae8c1799c5093046e551c5.jpg,0,0.26620325446128845,0.37429341673851013,0.03693074733018875,0.01574428379535675,0.0016444933135062456
000872_JPG_jpg.rf.618811525dae8c1799c5093046e551c5.jpg,0,0.29711097478866577,0.4768868386745453,0.031953077763319016,0.017312197014689445,0.001617688569240272
000872_JPG_jpg.rf.618811525dae8c1799c5093046e551c5.jpg,1,0.48239636421203613,0.4505522847175598,0.04365495592355728,0.019255859777331352,0.0015529741067439318
000872_JPG_jpg.rf.618811525dae8c1799c5093046e551c5.jpg,0,0.9044845104217529,0.4414776563644409,0.03434049338102341,0.05753583461046219,0.0015361519763246179
000872_JPG_jpg.rf.618811525dae8c1799c5093046e551c5.jpg,1,0.6157641410827637,0.5708599090576172,0.02016962505877018,0.028400935232639313,0.0014951491029933095
000872_JPG_jpg.rf.618811525dae8c1799c5093046e551c5.jpg,0,0.2168629765510559,0.3953089118003845,0.056650128215551376,0.02829933352768421,0.0013998482609167695
000872_JPG_jpg.rf.618811525dae8c1799c5093046e551c5.jpg,0,0.5733814239501953,0.38726526498794556,0.04115603491663933,0.026200369000434875,0.001399731612764299
000872_JPG_jpg.rf.618811525dae8c1799c5093046e551c5.jpg,0,0.11575105786323547,0.4687553644180298,0.03981494903564453,0.016666412353515625,0.0013841682812198997
000872_JPG_jpg.rf.618811525dae8c1799c5093046e551c5.jpg,1,0.49427324533462524,0.44897106289863586,0.03495451435446739,0.020452721044421196,0.0013574317563325167
000872_JPG_jpg.rf.618811525dae8c1799c5093046e551c5.jpg,0,0.2562956213951111,0.3919854760169983,0.03162171319127083,0.02673061192035675,0.0013362760655581951
000872_JPG_jpg.rf.618811525dae8c1799c5093046e551c5.jpg,0,0.23300908505916595,0.4686194360256195,0.02218136563897133,0.01806141808629036,0.0012806302402168512
000872_JPG_jpg.rf.618811525dae8c1799c5093046e551c5.jpg,0,0.7643052935600281,0.24770261347293854,0.09734330326318741,0.04238297417759895,0.0012789431493729353
000872_JPG_jpg.rf.618811525dae8c1799c5093046e551c5.jpg,1,0.29234373569488525,0.14546392858028412,0.043183326721191406,0.028546683490276337,0.0012632983271032572
000872_JPG_jpg.rf.618811525dae8c1799c5093046e551c5.jpg,1,0.558416485786438,0.16171224415302277,0.044077068567276,0.04132766276597977,0.0012060990557074547
000872_JPG_jpg.rf.618811525dae8c1799c5093046e551c5.jpg,0,0.5700090527534485,0.4023526906967163,0.037410151213407516,0.035849425941705704,0.0012059048749506474
000872_JPG_jpg.rf.618811525dae8c1799c5093046e551c5.jpg,0,0.44625550508499146,0.38245099782943726,0.049531206488609314,0.01718154363334179,0.0010918081970885396
000872_JPG_jpg.rf.618811525dae8c1799c5093046e551c5.jpg,1,0.26457148790359497,0.3752800226211548,0.039958663284778595,0.018875855952501297,0.0010856775334104896
000872_JPG_jpg.rf.618811525dae8c1799c5093046e551c5.jpg,0,0.239674910902977,0.514112114906311,0.02552553452551365,0.02081247605383396,0.0010679841507226229
000872_JPG_jpg.rf.618811525dae8c1799c5093046e551c5.jpg,0,0.35160109400749207,0.43568679690361023,0.028339240700006485,0.022093407809734344,0.0010202786652371287
000883_JPG_jpg.rf.bcfbe7999ec1b4e660a155e0e145e234.jpg,0,0.30432048439979553,0.2238178700208664,0.08642468601465225,0.04431306570768356,0.8435369729995728
000883_JPG_jpg.rf.bcfbe7999ec1b4e660a155e0e145e234.jpg,1,0.05404310300946236,0.012116590514779091,0.053487155586481094,0.02422090247273445,0.07320518046617508
000883_JPG_jpg.rf.bcfbe7999ec1b4e660a155e0e145e234.jpg,0,0.22316637635231018,0.466270387172699,0.037014082074165344,0.018484409898519516,0.0099270548671484
000883_JPG_jpg.rf.bcfbe7999ec1b4e660a155e0e145e234.jpg,1,0.29036661982536316,0.4976850748062134,0.03946473076939583,0.02921530045568943,0.009440453723073006
000883_JPG_jpg.rf.bcfbe7999ec1b4e660a155e0e145e234.jpg,0,0.8106520175933838,0.5087073445320129,0.047626495361328125,0.023485038429498672,0.008136780001223087
000883_JPG_jpg.rf.bcfbe7999ec1b4e660a155e0e145e234.jpg,0,0.2804240584373474,0.34177839756011963,0.039993323385715485,0.043159119784832,0.006467229686677456
000883_JPG_jpg.rf.bcfbe7999ec1b4e660a155e0e145e234.jpg,1,0.5223948359489441,0.4143771827220917,0.03678556904196739,0.018130376935005188,0.006079504266381264
000883_JPG_jpg.rf.bcfbe7999ec1b4e660a155e0e145e234.jpg,0,0.1442061811685562,0.3102923333644867,0.05246290937066078,0.032036855816841125,0.005258197896182537
000883_JPG_jpg.rf.bcfbe7999ec1b4e660a155e0e145e234.jpg,0,0.2393316924571991,0.2207164317369461,0.03782111033797264,0.03366903215646744,0.004085930529981852
000883_JPG_jpg.rf.bcfbe7999ec1b4e660a155e0e145e234.jpg,1,0.04465056210756302,0.016185197979211807,0.061367880553007126,0.032370395958423615,0.003616293193772435
000883_JPG_jpg.rf.bcfbe7999ec1b4e660a155e0e145e234.jpg,0,0.08217445015907288,0.28720781207084656,0.08308935165405273,0.026868710294365883,0.002673679729923606
000883_JPG_jpg.rf.bcfbe7999ec1b4e660a155e0e145e234.jpg,1,0.44109243154525757,0.4175076186656952,0.03962883725762367,0.01784280687570572,0.0025706894230097532
000883_JPG_jpg.rf.bcfbe7999ec1b4e660a155e0e145e234.jpg,0,0.4353511333465576,0.41528332233428955,0.042758870869874954,0.018057823181152344,0.0024997959844768047
000883_JPG_jpg.rf.bcfbe7999ec1b4e660a155e0e145e234.jpg,1,0.8123401999473572,0.5092658400535583,0.04487346112728119,0.025377128273248672,0.002455876674503088
000883_JPG_jpg.rf.bcfbe7999ec1b4e660a155e0e145e234.jpg,0,0.2119785100221634,0.467703640460968,0.044544514268636703,0.022011244669556618,0.0022570223081856966
000883_JPG_jpg.rf.bcfbe7999ec1b4e660a155e0e145e234.jpg,0,0.0835430920124054,0.3046841025352478,0.08944103121757507,0.03291570395231247,0.001766204135492444
000883_JPG_jpg.rf.bcfbe7999ec1b4e660a155e0e145e234.jpg,1,0.2836107313632965,0.49353691935539246,0.03638619929552078,0.022696642205119133,0.0013802738394588232
000883_JPG_jpg.rf.bcfbe7999ec1b4e660a155e0e145e234.jpg,1,0.22259527444839478,0.4576984643936157,0.026774773374199867,0.030822021886706352,0.0013646958395838737
000883_JPG_jpg.rf.bcfbe7999ec1b4e660a155e0e145e234.jpg,0,0.8236833810806274,0.32834258675575256,0.029297463595867157,0.03472328186035156,0.001275612274184823
000883_JPG_jpg.rf.bcfbe7999ec1b4e660a155e0e145e234.jpg,1,0.28778427839279175,0.023521341383457184,0.04145633429288864,0.04704268276691437,0.001034590881317854
000883_JPG_jpg.rf.bcfbe7999ec1b4e660a155e0e145e234.jpg,1,0.7255704402923584,0.5110791921615601,0.03373131528496742,0.021798647940158844,0.0010139225050807
000887_jpg.rf.307baae87436b41df5a8a47635940201.jpg,1,0.33101993799209595,0.24465128779411316,0.011817272752523422,0.04979041963815689,0.7031767964363098
000887_jpg.rf.307baae87436b41df5a8a47635940201.jpg,1,0.5137430429458618,0.22100627422332764,0.014394027180969715,0.053583916276693344,0.5850182771682739
000887_jpg.rf.307baae87436b41df5a8a47635940201.jpg,1,0.33145686984062195,0.24635270237922668,0.016615208238363266,0.059422824531793594,0.5353772044181824
000887_jpg.rf.307baae87436b41df5a8a47635940201.jpg,1,0.5100594758987427,0.22208687663078308,0.016834553331136703,0.05687163770198822,0.19304560124874115
000887_jpg.rf.307baae87436b41df5a8a47635940201.jpg,1,0.3264310657978058,0.2462950050830841,0.019918296486139297,0.058114126324653625,0.04709925130009651
000887_jpg.rf.307baae87436b41df5a8a47635940201.jpg,1,0.887896716594696,0.14919188618659973,0.0172271728515625,0.03735712170600891,0.031879086047410965
000887_jpg.rf.307baae87436b41df5a8a47635940201.jpg,1,0.8114981651306152,0.16482628881931305,0.017816398292779922,0.03872091323137283,0.019215863198041916
000887_jpg.rf.307baae87436b41df5a8a47635940201.jpg,1,0.8886882662773132,0.01672416739165783,0.025372140109539032,0.032386936247348785,0.01887214183807373
000887_jpg.rf.307baae87436b41df5a8a47635940201.jpg,1,0.7840606570243835,0.1631842702627182,0.017285127192735672,0.04555346444249153,0.016684969887137413
000887_jpg.rf.307baae87436b41df5a8a47635940201.jpg,1,0.7087600827217102,0.018023842945694923,0.02546647936105728,0.024557925760746002,0.01012806873768568
000887_jpg.rf.307baae87436b41df5a8a47635940201.jpg,1,0.7765344977378845,0.03458566591143608,0.0165557861328125,0.05223037675023079,0.007518760859966278
000887_jpg.rf.307baae87436b41df5a8a47635940201.jpg,1,0.32121244072914124,0.24047060310840607,0.015311388298869133,0.05019665136933327,0.0055939448066055775
000887_jpg.rf.307baae87436b41df5a8a47635940201.jpg,7,0.7757649421691895,0.034816987812519073,0.01644134521484375,0.051550883799791336,0.005573512986302376
000887_jpg.rf.307baae87436b41df5a8a47635940201.jpg,10,0.8047701120376587,0.02940094657242298,0.01735159195959568,0.05249515175819397,0.0047289119102060795
000887_jpg.rf.307baae87436b41df5a8a47635940201.jpg,0,0.7070504426956177,0.019568195566534996,0.0292538870126009,0.026142222806811333,0.004329189192503691
000887_jpg.rf.307baae87436b41df5a8a47635940201.jpg,1,0.8049909472465515,0.030237214639782906,0.01692962646484375,0.05173981934785843,0.003994117956608534
000887_jpg.rf.307baae87436b41df5a8a47635940201.jpg,1,0.8852731585502625,0.02258358895778656,0.027247795835137367,0.03380443900823593,0.003618259448558092
000887_jpg.rf.307baae87436b41df5a8a47635940201.jpg,1,0.5420472025871277,0.2132486253976822,0.013069886714220047,0.036043938249349594,0.0035607200115919113
000887_jpg.rf.307baae87436b41df5a8a47635940201.jpg,1,0.5966538786888123,0.20131371915340424,0.013461773283779621,0.03377202898263931,0.0032680658623576164
000887_jpg.rf.307baae87436b41df5a8a47635940201.jpg,1,0.5219453573226929,0.22201082110404968,0.01613851822912693,0.05276581272482872,0.003076941939070821
000887_jpg.rf.307baae87436b41df5a8a47635940201.jpg,0,0.080283522605896,0.3608637750148773,0.016649100929498672,0.034264493733644485,0.0029618132393807173
000887_jpg.rf.307baae87436b41df5a8a47635940201.jpg,0,0.4523743987083435,0.19511595368385315,0.009625362232327461,0.043922096490859985,0.002503389259800315
000887_jpg.rf.307baae87436b41df5a8a47635940201.jpg,8,0.7769414782524109,0.031797900795936584,0.02058396115899086,0.05959543213248253,0.002481393748894334
000887_jpg.rf.307baae87436b41df5a8a47635940201.jpg,0,0.005757638718932867,0.11742160469293594,0.011515277437865734,0.12714076042175293,0.0023703959304839373
000887_jpg.rf.307baae87436b41df5a8a47635940201.jpg,1,0.5096799731254578,0.23409391939640045,0.01991492137312889,0.07749583572149277,0.0020343794021755457
000887_jpg.rf.307baae87436b41df5a8a47635940201.jpg,0,0.6805539131164551,0.24907132983207703,0.014343556016683578,0.05232979729771614,0.0019167839782312512
000887_jpg.rf.307baae87436b41df5a8a47635940201.jpg,8,0.804415225982666,0.028740527108311653,0.016493285074830055,0.05277376249432564,0.0018096339190378785
000887_jpg.rf.307baae87436b41df5a8a47635940201.jpg,4,0.2642209827899933,0.7009475827217102,0.03571745380759239,0.09332568943500519,0.0016390489181503654
000887_jpg.rf.307baae87436b41df5a8a47635940201.jpg,1,0.9231573343276978,0.009523065760731697,0.022742051631212234,0.019046131521463394,0.0015694884350523353
000887_jpg.rf.307baae87436b41df5a8a47635940201.jpg,0,0.7479788064956665,0.01351181510835886,0.026000389829277992,0.024162648245692253,0.001505269086919725
000887_jpg.rf.307baae87436b41df5a8a47635940201.jpg,0,0.519568145275116,0.21852590143680573,0.019411161541938782,0.05340106785297394,0.001471933675929904
000887_jpg.rf.307baae87436b41df5a8a47635940201.jpg,0,0.017992090433835983,0.09681322425603867,0.03591407462954521,0.19362644851207733,0.001458413782529533
000887_jpg.rf.307baae87436b41df5a8a47635940201.jpg,1,0.9342653155326843,0.14918923377990723,0.020522044971585274,0.04012179374694824,0.0014218877768144011
000887_jpg.rf.307baae87436b41df5a8a47635940201.jpg,0,0.9751854538917542,0.10310500860214233,0.01597830094397068,0.053401269018650055,0.0013565600384026766
000887_jpg.rf.307baae87436b41df5a8a47635940201.jpg,9,0.7062742114067078,0.6903577446937561,0.031447190791368484,0.05147009715437889,0.0011040541576221585
000887_jpg.rf.307baae87436b41df5a8a47635940201.jpg,1,0.5968953967094421,0.21581979095935822,0.01666766032576561,0.05379005894064903,0.0010851594852283597
000897_JPG_jpg.rf.d8616645e7ae5a674caf3f2e17dab345.jpg,0,0.5022361278533936,0.15674889087677002,0.14712782204151154,0.06534083932638168,0.8854004740715027
000897_JPG_jpg.rf.d8616645e7ae5a674caf3f2e17dab345.jpg,1,0.9438196420669556,0.42867910861968994,0.054416216909885406,0.03356126695871353,0.08558571338653564
000897_JPG_jpg.rf.d8616645e7ae5a674caf3f2e17dab345.jpg,0,0.7406493425369263,0.43023359775543213,0.036813296377658844,0.019352253526449203,0.05197860300540924
000897_JPG_jpg.rf.d8616645e7ae5a674caf3f2e17dab345.jpg,0,0.96811842918396,0.4176393747329712,0.036808308213949203,0.021631387993693352,0.03399471193552017
000897_JPG_jpg.rf.d8616645e7ae5a674caf3f2e17dab345.jpg,0,0.5732132196426392,0.5118280053138733,0.0328361801803112,0.016760753467679024,0.020049018785357475
000897_JPG_jpg.rf.d8616645e7ae5a674caf3f2e17dab345.jpg,0,0.7463104724884033,0.4582872688770294,0.034290462732315063,0.025279119610786438,0.014792654663324356
000897_JPG_jpg.rf.d8616645e7ae5a674caf3f2e17dab345.jpg,1,0.487553209066391,0.4136553406715393,0.02239212766289711,0.0449516624212265,0.007214393932372332
000897_JPG_jpg.rf.d8616645e7ae5a674caf3f2e17dab345.jpg,1,0.6768313646316528,0.5105628967285156,0.016806969419121742,0.020099639892578125,0.006524010561406612
000897_JPG_jpg.rf.d8616645e7ae5a674caf3f2e17dab345.jpg,1,0.657857358455658,0.4475320875644684,0.03286758065223694,0.016821715980768204,0.00525390962138772
000897_JPG_jpg.rf.d8616645e7ae5a674caf3f2e17dab345.jpg,1,0.9440338611602783,0.4221256375312805,0.0615747906267643,0.024349654093384743,0.004749353975057602
000897_JPG_jpg.rf.d8616645e7ae5a674caf3f2e17dab345.jpg,0,0.43636056780815125,0.4312708377838135,0.04213465377688408,0.028621086850762367,0.004500517621636391
000897_JPG_jpg.rf.d8616645e7ae5a674caf3f2e17dab345.jpg,1,0.4938378930091858,0.4112015962600708,0.02374524436891079,0.038791585713624954,0.004241556860506535
000897_JPG_jpg.rf.d8616645e7ae5a674caf3f2e17dab345.jpg,0,0.10405188798904419,0.4343559443950653,0.048292070627212524,0.045416027307510376,0.003883010009303689
000897_JPG_jpg.rf.d8616645e7ae5a674caf3f2e17dab345.jpg,0,0.9776579141616821,0.4156225025653839,0.03199269250035286,0.019985932856798172,0.0021025973837822676
000897_JPG_jpg.rf.d8616645e7ae5a674caf3f2e17dab345.jpg,0,0.37968820333480835,0.34421098232269287,0.055705733597278595,0.021103566512465477,0.0019490215927362442
000897_JPG_jpg.rf.d8616645e7ae5a674caf3f2e17dab345.jpg,0,0.296377569437027,0.6091052889823914,0.030272429808974266,0.02152402698993683,0.001850498141720891
000897_JPG_jpg.rf.d8616645e7ae5a674caf3f2e17dab345.jpg,0,0.5700433850288391,0.5170972943305969,0.034564971923828125,0.020215988159179688,0.0017777745379135013
000897_JPG_jpg.rf.d8616645e7ae5a674caf3f2e17dab345.jpg,1,0.6411423087120056,0.44646093249320984,0.048687130212783813,0.018243789672851562,0.0016187316505238414
000897_JPG_jpg.rf.d8616645e7ae5a674caf3f2e17dab345.jpg,0,0.5814071297645569,0.5166140794754028,0.0413215346634388,0.018817169591784477,0.0013422940392047167
000897_JPG_jpg.rf.d8616645e7ae5a674caf3f2e17dab345.jpg,0,0.47336453199386597,0.5630797743797302,0.027581728994846344,0.01626337505877018,0.0012071093078702688
000897_JPG_jpg.rf.d8616645e7ae5a674caf3f2e17dab345.jpg,10,0.7471511960029602,0.5337684750556946,0.02778625674545765,0.03555496037006378,0.001078384229913354
000898_JPG_jpg.rf.89de33253d01e0308735dc746aa4977f.jpg,0,0.4818589985370636,0.2749263644218445,0.07242965698242188,0.03355800360441208,0.8356521725654602
000898_JPG_jpg.rf.89de33253d01e0308735dc746aa4977f.jpg,0,0.4602054953575134,0.38360440731048584,0.03824028745293617,0.020651744678616524,0.024103159084916115
000898_JPG_jpg.rf.89de33253d01e0308735dc746aa4977f.jpg,0,0.5487827062606812,0.2708205580711365,0.04688182473182678,0.04548381268978119,0.005877197254449129
000898_JPG_jpg.rf.89de33253d01e0308735dc746aa4977f.jpg,1,0.10726068913936615,0.38080283999443054,0.03251534327864647,0.023866508156061172,0.003107603406533599
000898_JPG_jpg.rf.89de33253d01e0308735dc746aa4977f.jpg,1,0.10542038083076477,0.38700976967811584,0.031064365059137344,0.018266532570123672,0.0028501604683697224
000898_JPG_jpg.rf.89de33253d01e0308735dc746aa4977f.jpg,1,0.12266438454389572,0.3792932331562042,0.030379517003893852,0.020593643188476562,0.0022253382485359907
000898_JPG_jpg.rf.89de33253d01e0308735dc746aa4977f.jpg,1,0.11572931706905365,0.37563827633857727,0.040121886879205704,0.02649439312517643,0.001754034892655909
000898_JPG_jpg.rf.89de33253d01e0308735dc746aa4977f.jpg,0,0.6591984033584595,0.2543395757675171,0.012190598994493484,0.03233964741230011,0.0017254106933251023
000898_JPG_jpg.rf.89de33253d01e0308735dc746aa4977f.jpg,0,0.4709342122077942,0.273619145154953,0.1024916023015976,0.041182152926921844,0.0012414840748533607
000898_JPG_jpg.rf.89de33253d01e0308735dc746aa4977f.jpg,1,0.1452585607767105,0.3626823425292969,0.017747879028320312,0.02475261688232422,0.001080867601558566
000899_JPG_jpg.rf.44b9967b6405c6ad4f9ad7dfa2ad610d.jpg,0,0.6513528227806091,0.3138028681278229,0.10130427777767181,0.04423009604215622,0.888359010219574
000899_JPG_jpg.rf.44b9967b6405c6ad4f9ad7dfa2ad610d.jpg,0,0.6234070658683777,0.4624609351158142,0.04704068601131439,0.02263626828789711,0.00523415207862854
000899_JPG_jpg.rf.44b9967b6405c6ad4f9ad7dfa2ad610d.jpg,0,0.222647026181221,0.5512853264808655,0.019068608060479164,0.028772061690688133,0.0013093886664137244
000899_JPG_jpg.rf.44b9967b6405c6ad4f9ad7dfa2ad610d.jpg,1,0.14162082970142365,0.43366819620132446,0.013377410359680653,0.022227875888347626,0.0011467208387330174
000899_JPG_jpg.rf.44b9967b6405c6ad4f9ad7dfa2ad610d.jpg,0,0.6347250938415527,0.46512916684150696,0.0495356060564518,0.022217238321900368,0.0011013677576556802
000902_jpg.rf.f1be11af53a854bf0f07539ef71bfab7.jpg,1,0.5257867574691772,0.21727393567562103,0.010984567925333977,0.05056542903184891,0.8031169772148132
000902_jpg.rf.f1be11af53a854bf0f07539ef71bfab7.jpg,1,0.5316295623779297,0.2195800393819809,0.016336221247911453,0.051761481910943985,0.6773537993431091
000902_jpg.rf.f1be11af53a854bf0f07539ef71bfab7.jpg,1,0.5394614934921265,0.2182137817144394,0.01757078990340233,0.047967325896024704,0.3114524185657501
000902_jpg.rf.f1be11af53a854bf0f07539ef71bfab7.jpg,1,0.5232486724853516,0.21479633450508118,0.012802418321371078,0.04456872493028641,0.08877365291118622
000902_jpg.rf.f1be11af53a854bf0f07539ef71bfab7.jpg,1,0.5314127206802368,0.23476232588291168,0.023322252556681633,0.0828695297241211,0.05314858630299568
000902_jpg.rf.f1be11af53a854bf0f07539ef71bfab7.jpg,0,0.7828419208526611,0.08632344752550125,0.02469664439558983,0.03455470874905586,0.025739122182130814
000902_jpg.rf.f1be11af53a854bf0f07539ef71bfab7.jpg,0,0.0422692634165287,0.25571057200431824,0.021248992532491684,0.017352765426039696,0.01576058566570282
000902_jpg.rf.f1be11af53a854bf0f07539ef71bfab7.jpg,0,0.24713632464408875,0.13885703682899475,0.018711823970079422,0.06274579465389252,0.013543235138058662
000902_jpg.rf.f1be11af53a854bf0f07539ef71bfab7.jpg,1,0.518319845199585,0.2156571000814438,0.017559345811605453,0.0511578805744648,0.012894155457615852
000902_jpg.rf.f1be11af53a854bf0f07539ef71bfab7.jpg,0,0.7686393857002258,0.08068444579839706,0.03959905356168747,0.024825481697916985,0.009879902936518192
000902_jpg.rf.f1be11af53a854bf0f07539ef71bfab7.jpg,1,0.25668445229530334,0.14121153950691223,0.014460857957601547,0.05851701647043228,0.006535811349749565
000902_jpg.rf.f1be11af53a854bf0f07539ef71bfab7.jpg,0,0.04504656419157982,0.25052571296691895,0.021741151809692383,0.023456500843167305,0.005881054326891899
000902_jpg.rf.f1be11af53a854bf0f07539ef71bfab7.jpg,0,0.7801772356033325,0.08121316879987717,0.034135378897190094,0.031079843640327454,0.004918641410768032
000902_jpg.rf.f1be11af53a854bf0f07539ef71bfab7.jpg,1,0.5671257376670837,0.27283811569213867,0.013311092741787434,0.03478182479739189,0.003436316968873143
000902_jpg.rf.f1be11af53a854bf0f07539ef71bfab7.jpg,1,0.5229204893112183,0.22053124010562897,0.020865073427557945,0.050645940005779266,0.00312206638045609
000902_jpg.rf.f1be11af53a854bf0f07539ef71bfab7.jpg,0,0.7978600859642029,0.17265555262565613,0.0323631577193737,0.16043920814990997,0.002969366265460849
000902_jpg.rf.f1be11af53a854bf0f07539ef71bfab7.jpg,8,0.6218658089637756,0.25809788703918457,0.02243071421980858,0.029990343376994133,0.0024751389864832163
000902_jpg.rf.f1be11af53a854bf0f07539ef71bfab7.jpg,1,0.5632553696632385,0.11938191950321198,0.01729811169207096,0.06952779740095139,0.0023609925992786884
000902_jpg.rf.f1be11af53a854bf0f07539ef71bfab7.jpg,0,0.6235886812210083,0.25517427921295166,0.026401998475193977,0.028505252674221992,0.002120490651577711
000902_jpg.rf.f1be11af53a854bf0f07539ef71bfab7.jpg,0,0.5649157762527466,0.2718507647514343,0.015576070174574852,0.032988291233778,0.001995472237467766
000902_jpg.rf.f1be11af53a854bf0f07539ef71bfab7.jpg,8,0.6356986165046692,0.257442444562912,0.03887235373258591,0.028992507606744766,0.001992199569940567
000902_jpg.rf.f1be11af53a854bf0f07539ef71bfab7.jpg,0,0.7419046759605408,0.08150182664394379,0.0312070120126009,0.02535831183195114,0.0018462787847965956
000902_jpg.rf.f1be11af53a854bf0f07539ef71bfab7.jpg,1,0.5353227853775024,0.2164638489484787,0.023080166429281235,0.03727791830897331,0.0014466852881014347
000902_jpg.rf.f1be11af53a854bf0f07539ef71bfab7.jpg,8,0.2461283802986145,0.13891692459583282,0.01911442168056965,0.0630006268620491,0.0013209229800850153
000902_jpg.rf.f1be11af53a854bf0f07539ef71bfab7.jpg,1,0.5860270857810974,0.48593032360076904,0.82794588804245,0.9111579060554504,0.0012183168437331915
000902_jpg.rf.f1be11af53a854bf0f07539ef71bfab7.jpg,0,0.5382039546966553,0.24147914350032806,0.025651492178440094,0.08610677719116211,0.0011808195849880576
000902_jpg.rf.f1be11af53a854bf0f07539ef71bfab7.jpg,1,0.6723892092704773,0.12352234870195389,0.017853224650025368,0.07153604924678802,0.001037295558489859
000902_jpg.rf.f1be11af53a854bf0f07539ef71bfab7.jpg,0,0.2551502287387848,0.1299254447221756,0.027844540774822235,0.05155882611870766,0.0010148914298042655
000908_JPG_jpg.rf.d4876c6a6657b36ba6b1c1626df8123d.jpg,0,0.19862037897109985,0.15937532484531403,0.10265633463859558,0.0551396906375885,0.8105202317237854
000908_JPG_jpg.rf.d4876c6a6657b36ba6b1c1626df8123d.jpg,0,0.8144049644470215,0.30271950364112854,0.0664881244301796,0.044741686433553696,0.1954842060804367
000908_JPG_jpg.rf.d4876c6a6657b36ba6b1c1626df8123d.jpg,1,0.007955913431942463,0.4574567377567291,0.015529008582234383,0.058152273297309875,0.13839000463485718
000908_JPG_jpg.rf.d4876c6a6657b36ba6b1c1626df8123d.jpg,1,0.25728923082351685,0.27651849389076233,0.053203731775283813,0.12506309151649475,0.13250184059143066
000908_JPG_jpg.rf.d4876c6a6657b36ba6b1c1626df8123d.jpg,0,0.7654093503952026,0.5134298801422119,0.06357574462890625,0.019647305831313133,0.09717106074094772
000908_JPG_jpg.rf.d4876c6a6657b36ba6b1c1626df8123d.jpg,0,0.7774698138237,0.5106449723243713,0.045022524893283844,0.020199336111545563,0.06532399356365204
000908_JPG_jpg.rf.d4876c6a6657b36ba6b1c1626df8123d.jpg,0,0.25533944368362427,0.28072839975357056,0.048123691231012344,0.13740301132202148,0.03758208081126213
000908_JPG_jpg.rf.d4876c6a6657b36ba6b1c1626df8123d.jpg,0,0.992533802986145,0.3778647184371948,0.014932412654161453,0.09573878347873688,0.022884050384163857
000908_JPG_jpg.rf.d4876c6a6657b36ba6b1c1626df8123d.jpg,0,0.5591551661491394,0.517020583152771,0.04253959655761719,0.01932804472744465,0.01753176935017109
000908_JPG_jpg.rf.d4876c6a6657b36ba6b1c1626df8123d.jpg,1,0.5537894368171692,0.5221868753433228,0.03920526057481766,0.01828237809240818,0.015925735235214233
000908_JPG_jpg.rf.d4876c6a6657b36ba6b1c1626df8123d.jpg,0,0.7450447082519531,0.515683114528656,0.043373990803956985,0.01724001206457615,0.014727609232068062
000908_JPG_jpg.rf.d4876c6a6657b36ba6b1c1626df8123d.jpg,0,0.7233341336250305,0.5281596779823303,0.035119570791721344,0.022977976128458977,0.009401591494679451
000908_JPG_jpg.rf.d4876c6a6657b36ba6b1c1626df8123d.jpg,0,0.7065088748931885,0.5300981998443604,0.03736833482980728,0.02485422044992447,0.008510746993124485
000908_JPG_jpg.rf.d4876c6a6657b36ba6b1c1626df8123d.jpg,0,0.8296441435813904,0.5609010457992554,0.030795758590102196,0.019998477771878242,0.008025393821299076
000908_JPG_jpg.rf.d4876c6a6657b36ba6b1c1626df8123d.jpg,0,0.7415997982025146,0.5228306651115417,0.040432270616292953,0.020908650010824203,0.007985051721334457
000908_JPG_jpg.rf.d4876c6a6657b36ba6b1c1626df8123d.jpg,10,0.5545637607574463,0.5201413035392761,0.039806295186281204,0.013430155813694,0.004709773696959019
000908_JPG_jpg.rf.d4876c6a6657b36ba6b1c1626df8123d.jpg,1,0.03820560500025749,0.45361828804016113,0.019644269719719887,0.03606899082660675,0.004394860006868839
000908_JPG_jpg.rf.d4876c6a6657b36ba6b1c1626df8123d.jpg,7,0.008758596144616604,0.4530578851699829,0.017517192289233208,0.04701247811317444,0.0041190399788320065
000908_JPG_jpg.rf.d4876c6a6657b36ba6b1c1626df8123d.jpg,0,0.7245373725891113,0.4022863507270813,0.0542803555727005,0.021935977041721344,0.004070545546710491
000908_JPG_jpg.rf.d4876c6a6657b36ba6b1c1626df8123d.jpg,0,0.75818932056427,0.5212633609771729,0.05800130218267441,0.019697189331054688,0.004038996063172817
000908_JPG_jpg.rf.d4876c6a6657b36ba6b1c1626df8123d.jpg,8,0.2570289075374603,0.2957433760166168,0.04672300070524216,0.11105706542730331,0.0038422010838985443
000908_JPG_jpg.rf.d4876c6a6657b36ba6b1c1626df8123d.jpg,0,0.801349937915802,0.545600414276123,0.038753509521484375,0.026073602959513664,0.0036764401011168957
000908_JPG_jpg.rf.d4876c6a6657b36ba6b1c1626df8123d.jpg,0,0.8290492296218872,0.5548513531684875,0.037779003381729126,0.022490868344902992,0.0036234892904758453
000908_JPG_jpg.rf.d4876c6a6657b36ba6b1c1626df8123d.jpg,0,0.7853497862815857,0.5172185897827148,0.01878092996776104,0.014978849329054356,0.0033696105238050222
000908_JPG_jpg.rf.d4876c6a6657b36ba6b1c1626df8123d.jpg,0,0.5592432022094727,0.5214986205101013,0.04144727438688278,0.017408665269613266,0.0033218928147107363
000908_JPG_jpg.rf.d4876c6a6657b36ba6b1c1626df8123d.jpg,1,0.7956405282020569,0.3043804168701172,0.05249008908867836,0.02658037096261978,0.0030446473974734545
000908_JPG_jpg.rf.d4876c6a6657b36ba6b1c1626df8123d.jpg,0,0.05468570441007614,0.3400949239730835,0.04552681744098663,0.06925664097070694,0.002891789423301816
000908_JPG_jpg.rf.d4876c6a6657b36ba6b1c1626df8123d.jpg,0,0.009551686234772205,0.4955028295516968,0.01910337246954441,0.04755541309714317,0.0026073807384818792
000908_JPG_jpg.rf.d4876c6a6657b36ba6b1c1626df8123d.jpg,0,0.5642442107200623,0.5183987617492676,0.03465051203966141,0.01463288627564907,0.0026034615002572536
000908_JPG_jpg.rf.d4876c6a6657b36ba6b1c1626df8123d.jpg,0,0.20808668434619904,0.18711169064044952,0.09419463574886322,0.034468136727809906,0.0025504829827696085
000908_JPG_jpg.rf.d4876c6a6657b36ba6b1c1626df8123d.jpg,5,0.10479868203401566,0.5946650505065918,0.2095973640680313,0.810670018196106,0.002350593451410532
000908_JPG_jpg.rf.d4876c6a6657b36ba6b1c1626df8123d.jpg,10,0.2598643898963928,0.28029313683509827,0.04553787782788277,0.1363208144903183,0.002263361122459173
000908_JPG_jpg.rf.d4876c6a6657b36ba6b1c1626df8123d.jpg,0,0.8226937651634216,0.5485462546348572,0.041706234216690063,0.025643570348620415,0.0021058954298496246
000908_JPG_jpg.rf.d4876c6a6657b36ba6b1c1626df8123d.jpg,1,0.6661509275436401,0.5228373408317566,0.01843760721385479,0.04748960956931114,0.0020357032772153616
000908_JPG_jpg.rf.d4876c6a6657b36ba6b1c1626df8123d.jpg,1,0.9657567739486694,0.5655527114868164,0.020423302426934242,0.014904389157891273,0.0018885730532929301
000908_JPG_jpg.rf.d4876c6a6657b36ba6b1c1626df8123d.jpg,0,0.7800196409225464,0.5213742852210999,0.03859153389930725,0.022982819005846977,0.001812621601857245
000908_JPG_jpg.rf.d4876c6a6657b36ba6b1c1626df8123d.jpg,0,0.5980210304260254,0.4466382563114166,0.016394542530179024,0.015213013626635075,0.0017838971689343452
000908_JPG_jpg.rf.d4876c6a6657b36ba6b1c1626df8123d.jpg,0,0.5552617907524109,0.46696555614471436,0.0196408499032259,0.014240998774766922,0.001707708928734064
000908_JPG_jpg.rf.d4876c6a6657b36ba6b1c1626df8123d.jpg,1,0.9929691553115845,0.38279417157173157,0.014061708003282547,0.09386151283979416,0.0017004640540108085
000908_JPG_jpg.rf.d4876c6a6657b36ba6b1c1626df8123d.jpg,0,0.2594871520996094,0.32629838585853577,0.03937167674303055,0.04488813132047653,0.0016863001510500908
000908_JPG_jpg.rf.d4876c6a6657b36ba6b1c1626df8123d.jpg,0,0.012857711873948574,0.5454975962638855,0.024745430797338486,0.06117989867925644,0.0016456304583698511
000908_JPG_jpg.rf.d4876c6a6657b36ba6b1c1626df8123d.jpg,0,0.5942586064338684,0.44655317068099976,0.01587633043527603,0.01724213920533657,0.0016264165751636028
000908_JPG_jpg.rf.d4876c6a6657b36ba6b1c1626df8123d.jpg,0,0.595130443572998,0.4446806013584137,0.010939525440335274,0.01302601769566536,0.0016122482484206557
000908_JPG_jpg.rf.d4876c6a6657b36ba6b1c1626df8123d.jpg,0,0.013252475298941135,0.5917870402336121,0.02650495059788227,0.041647251695394516,0.0013861741172149777
000908_JPG_jpg.rf.d4876c6a6657b36ba6b1c1626df8123d.jpg,0,0.7208084464073181,0.38624295592308044,0.05496421456336975,0.043107107281684875,0.001362784649245441
000908_JPG_jpg.rf.d4876c6a6657b36ba6b1c1626df8123d.jpg,5,0.23805060982704163,0.6751273274421692,0.11056020110845566,0.07426819950342178,0.0013325955951586366
000908_JPG_jpg.rf.d4876c6a6657b36ba6b1c1626df8123d.jpg,0,0.7337530851364136,0.5170400738716125,0.04726894199848175,0.016560042276978493,0.0013061390491202474
000908_JPG_jpg.rf.d4876c6a6657b36ba6b1c1626df8123d.jpg,1,0.9890173673629761,0.4189639985561371,0.02196524851024151,0.06069088354706764,0.0012466077459976077
000908_JPG_jpg.rf.d4876c6a6657b36ba6b1c1626df8123d.jpg,0,0.7161837816238403,0.5458096861839294,0.031297244131565094,0.02789042703807354,0.0012395249214023352
000908_JPG_jpg.rf.d4876c6a6657b36ba6b1c1626df8123d.jpg,1,0.41308265924453735,0.4591628313064575,0.022133462131023407,0.017189687117934227,0.0011167299235239625
000908_JPG_jpg.rf.d4876c6a6657b36ba6b1c1626df8123d.jpg,0,0.742499589920044,0.4191876947879791,0.032682567834854126,0.023973025381565094,0.0010600201785564423
000908_JPG_jpg.rf.d4876c6a6657b36ba6b1c1626df8123d.jpg,1,0.011351040564477444,0.4759950339794159,0.02106844075024128,0.09194689989089966,0.001020542113110423
000922_JPG_jpg.rf.143f5b1a97d934ec4a71114055fa5a0b.jpg,0,0.5347014665603638,0.15460801124572754,0.2578667998313904,0.07962168753147125,0.927884578704834
000922_JPG_jpg.rf.143f5b1a97d934ec4a71114055fa5a0b.jpg,0,0.608753502368927,0.6819207668304443,0.02714553289115429,0.015492512844502926,0.3215197026729584
000922_JPG_jpg.rf.143f5b1a97d934ec4a71114055fa5a0b.jpg,0,0.6273919343948364,0.7356243133544922,0.03730803355574608,0.016960730776190758,0.30563095211982727
000922_JPG_jpg.rf.143f5b1a97d934ec4a71114055fa5a0b.jpg,0,0.6085225939750671,0.6837502717971802,0.02334338054060936,0.025641221553087234,0.2360333353281021
000922_JPG_jpg.rf.143f5b1a97d934ec4a71114055fa5a0b.jpg,0,0.6245259642601013,0.7313068509101868,0.04890397936105728,0.020305341109633446,0.2237059772014618
000922_JPG_jpg.rf.143f5b1a97d934ec4a71114055fa5a0b.jpg,0,0.48835983872413635,0.6368395090103149,0.05027756467461586,0.03797091171145439,0.0558353066444397
000922_JPG_jpg.rf.143f5b1a97d934ec4a71114055fa5a0b.jpg,0,0.6119109988212585,0.6846211552619934,0.026949552819132805,0.03921816870570183,0.04804643988609314
000922_JPG_jpg.rf.143f5b1a97d934ec4a71114055fa5a0b.jpg,0,0.6137065291404724,0.715377151966095,0.027134273201227188,0.014849149622023106,0.03736981377005577
000922_JPG_jpg.rf.143f5b1a97d934ec4a71114055fa5a0b.jpg,0,0.4854262173175812,0.6262748837471008,0.045214876532554626,0.029683811590075493,0.03498886898159981
000922_JPG_jpg.rf.143f5b1a97d934ec4a71114055fa5a0b.jpg,0,0.610732913017273,0.740157961845398,0.03452844172716141,0.019880002364516258,0.03139825910329819
000922_JPG_jpg.rf.143f5b1a97d934ec4a71114055fa5a0b.jpg,1,0.8268709778785706,0.7211143374443054,0.03411806747317314,0.06019812449812889,0.028309468179941177
000922_JPG_jpg.rf.143f5b1a97d934ec4a71114055fa5a0b.jpg,0,0.6132116913795471,0.6822631359100342,0.03066965378820896,0.020329549908638,0.024525664746761322
000922_JPG_jpg.rf.143f5b1a97d934ec4a71114055fa5a0b.jpg,0,0.5048754215240479,0.6344987154006958,0.08020327985286713,0.03178097680211067,0.018572524189949036
000922_JPG_jpg.rf.143f5b1a97d934ec4a71114055fa5a0b.jpg,0,0.5968006253242493,0.6842224597930908,0.04814067482948303,0.0172882080078125,0.012590608559548855
000922_JPG_jpg.rf.143f5b1a97d934ec4a71114055fa5a0b.jpg,1,0.825968861579895,0.713735818862915,0.027118390426039696,0.03977203369140625,0.01025444082915783
000922_JPG_jpg.rf.143f5b1a97d934ec4a71114055fa5a0b.jpg,0,0.47882115840911865,0.6302328109741211,0.03404734656214714,0.03171055391430855,0.006607745308429003
000922_JPG_jpg.rf.143f5b1a97d934ec4a71114055fa5a0b.jpg,0,0.6104884743690491,0.675843358039856,0.02609843574464321,0.03517913818359375,0.006007791496813297
000922_JPG_jpg.rf.143f5b1a97d934ec4a71114055fa5a0b.jpg,0,0.5674430727958679,0.6871037483215332,0.037000950425863266,0.02328726090490818,0.005909180734306574
000922_JPG_jpg.rf.143f5b1a97d934ec4a71114055fa5a0b.jpg,0,0.5047423243522644,0.6189172863960266,0.07280614227056503,0.01742660067975521,0.005649805534631014
000922_JPG_jpg.rf.143f5b1a97d934ec4a71114055fa5a0b.jpg,0,0.49520930647850037,0.6225525140762329,0.06373977661132812,0.022359995171427727,0.004700348246842623
000922_JPG_jpg.rf.143f5b1a97d934ec4a71114055fa5a0b.jpg,0,0.48144233226776123,0.6466044783592224,0.036922235041856766,0.033595893532037735,0.004685570485889912
000922_JPG_jpg.rf.143f5b1a97d934ec4a71114055fa5a0b.jpg,0,0.4990846514701843,0.6499264240264893,0.06697984784841537,0.03006231039762497,0.00397002138197422
000922_JPG_jpg.rf.143f5b1a97d934ec4a71114055fa5a0b.jpg,1,0.2985999286174774,0.16028793156147003,0.03594715893268585,0.020109323784708977,0.0034100376069545746
000922_JPG_jpg.rf.143f5b1a97d934ec4a71114055fa5a0b.jpg,1,0.5146155953407288,0.706047534942627,0.025625670328736305,0.02532416209578514,0.0034091270063072443
000922_JPG_jpg.rf.143f5b1a97d934ec4a71114055fa5a0b.jpg,7,0.8283402919769287,0.7245936393737793,0.03416619077324867,0.06345191597938538,0.003356816014274955
000922_JPG_jpg.rf.143f5b1a97d934ec4a71114055fa5a0b.jpg,0,0.4923684298992157,0.6290692687034607,0.047944143414497375,0.017952552065253258,0.0031613626051694155
000922_JPG_jpg.rf.143f5b1a97d934ec4a71114055fa5a0b.jpg,0,0.6029346585273743,0.701325535774231,0.02616383507847786,0.02366652898490429,0.0028715254738926888
000922_JPG_jpg.rf.143f5b1a97d934ec4a71114055fa5a0b.jpg,1,0.31287723779678345,0.6547806262969971,0.05190040543675423,0.02167745865881443,0.0027093207463622093
000922_JPG_jpg.rf.143f5b1a97d934ec4a71114055fa5a0b.jpg,1,0.5612573027610779,0.5881838798522949,0.027194904163479805,0.033860135823488235,0.0024105750489979982
000922_JPG_jpg.rf.143f5b1a97d934ec4a71114055fa5a0b.jpg,0,0.4785343110561371,0.6338346600532532,0.021467797458171844,0.02018209733068943,0.0022607622668147087
000922_JPG_jpg.rf.143f5b1a97d934ec4a71114055fa5a0b.jpg,0,0.6080619096755981,0.6691570281982422,0.024004314094781876,0.030712421983480453,0.002258903346955776
000922_JPG_jpg.rf.143f5b1a97d934ec4a71114055fa5a0b.jpg,0,0.6078412532806396,0.7097853422164917,0.023039817810058594,0.036482300609350204,0.0020181587897241116
000922_JPG_jpg.rf.143f5b1a97d934ec4a71114055fa5a0b.jpg,1,0.2153441458940506,0.5266903042793274,0.05296853929758072,0.029354829341173172,0.0019906028173863888
000922_JPG_jpg.rf.143f5b1a97d934ec4a71114055fa5a0b.jpg,1,0.33256766200065613,0.6530396342277527,0.044985331594944,0.020615210756659508,0.0015111658722162247
000922_JPG_jpg.rf.143f5b1a97d934ec4a71114055fa5a0b.jpg,0,0.6237938404083252,0.740292489528656,0.033226270228624344,0.024566650390625,0.0015092790126800537
000922_JPG_jpg.rf.143f5b1a97d934ec4a71114055fa5a0b.jpg,1,0.3518586754798889,0.6474564075469971,0.029982347041368484,0.01520802453160286,0.0015050002839416265
000922_JPG_jpg.rf.143f5b1a97d934ec4a71114055fa5a0b.jpg,1,0.23332060873508453,0.541434109210968,0.07281487435102463,0.025948526337742805,0.0013936462346464396
000922_JPG_jpg.rf.143f5b1a97d934ec4a71114055fa5a0b.jpg,1,0.5609977841377258,0.6853713989257812,0.02566286362707615,0.022121429443359375,0.0013825366040691733
000922_JPG_jpg.rf.143f5b1a97d934ec4a71114055fa5a0b.jpg,1,0.3542671203613281,0.6428982615470886,0.02981017343699932,0.01757064275443554,0.0013816034188494086
000922_JPG_jpg.rf.143f5b1a97d934ec4a71114055fa5a0b.jpg,1,0.552071750164032,0.6125877499580383,0.025214489549398422,0.013615242205560207,0.00130925711710006
000922_JPG_jpg.rf.143f5b1a97d934ec4a71114055fa5a0b.jpg,0,0.5004252791404724,0.6298773884773254,0.06306817382574081,0.02429155260324478,0.0013024972286075354
000922_JPG_jpg.rf.143f5b1a97d934ec4a71114055fa5a0b.jpg,1,0.33902785181999207,0.6463115811347961,0.04002123698592186,0.020170798525214195,0.0011896481737494469
000923_JPG_jpg.rf.f4e893778e08329a2b43abaef002f29e.jpg,0,0.3095811903476715,0.2514432966709137,0.07750298827886581,0.047296490520238876,0.845473051071167
000923_JPG_jpg.rf.f4e893778e08329a2b43abaef002f29e.jpg,0,0.20346876978874207,0.47318318486213684,0.020602812990546227,0.0270108450204134,0.015056927688419819
000923_JPG_jpg.rf.f4e893778e08329a2b43abaef002f29e.jpg,0,0.03305838629603386,0.6015428900718689,0.03683772683143616,0.050147682428359985,0.009324894286692142
000923_JPG_jpg.rf.f4e893778e08329a2b43abaef002f29e.jpg,1,0.2777860462665558,0.432781457901001,0.035740818828344345,0.02482817880809307,0.006823128089308739
000923_JPG_jpg.rf.f4e893778e08329a2b43abaef002f29e.jpg,1,0.14029870927333832,0.231805682182312,0.028008058667182922,0.02173900604248047,0.0035237446427345276
000923_JPG_jpg.rf.f4e893778e08329a2b43abaef002f29e.jpg,0,0.27100858092308044,0.24455498158931732,0.09599148482084274,0.05949834734201431,0.0033243896905332804
000923_JPG_jpg.rf.f4e893778e08329a2b43abaef002f29e.jpg,1,0.1367538422346115,0.22810453176498413,0.03372995927929878,0.024908360093832016,0.00325577799230814
000923_JPG_jpg.rf.f4e893778e08329a2b43abaef002f29e.jpg,12,0.7305355072021484,0.09523972868919373,0.14715605974197388,0.19047945737838745,0.0028725157026201487
000923_JPG_jpg.rf.f4e893778e08329a2b43abaef002f29e.jpg,0,0.1970926821231842,0.4751608669757843,0.018370335921645164,0.024371441453695297,0.0020395845640450716
000923_JPG_jpg.rf.f4e893778e08329a2b43abaef002f29e.jpg,0,0.2265327274799347,0.4375876188278198,0.021465009078383446,0.020186718553304672,0.0016206455184146762
000923_JPG_jpg.rf.f4e893778e08329a2b43abaef002f29e.jpg,0,0.22861430048942566,0.4528487026691437,0.022325333207845688,0.023634470999240875,0.0011980137787759304
000934_JPG_jpg.rf.81031f117e2b4ac8b19c0cbe3bdd1d99.jpg,0,0.3913136422634125,0.16049906611442566,0.11996834725141525,0.0542144700884819,0.9067514538764954
000934_JPG_jpg.rf.81031f117e2b4ac8b19c0cbe3bdd1d99.jpg,0,0.6220248341560364,0.48384103178977966,0.04533236101269722,0.025246987119317055,0.8027914762496948
000934_JPG_jpg.rf.81031f117e2b4ac8b19c0cbe3bdd1d99.jpg,0,0.9799436926841736,0.5987637042999268,0.030244974419474602,0.034168243408203125,0.058493904769420624
000934_JPG_jpg.rf.81031f117e2b4ac8b19c0cbe3bdd1d99.jpg,0,0.707706868648529,0.3813556730747223,0.04949907213449478,0.026502976194024086,0.04502736032009125
000934_JPG_jpg.rf.81031f117e2b4ac8b19c0cbe3bdd1d99.jpg,0,0.33069267868995667,0.5019239783287048,0.038475919514894485,0.018965061753988266,0.020067689940333366
000934_JPG_jpg.rf.81031f117e2b4ac8b19c0cbe3bdd1d99.jpg,1,0.33055248856544495,0.5056227445602417,0.03487975895404816,0.02190098538994789,0.009457766078412533
000934_JPG_jpg.rf.81031f117e2b4ac8b19c0cbe3bdd1d99.jpg,0,0.7100802659988403,0.38700807094573975,0.05672954022884369,0.027863577008247375,0.009450924582779408
000934_JPG_jpg.rf.81031f117e2b4ac8b19c0cbe3bdd1d99.jpg,0,0.005880311131477356,0.5910330414772034,0.011760622262954712,0.03285224735736847,0.009002960287034512
000934_JPG_jpg.rf.81031f117e2b4ac8b19c0cbe3bdd1d99.jpg,0,0.006043204106390476,0.5523891448974609,0.011969012208282948,0.054510559886693954,0.0051493458449840546
000934_JPG_jpg.rf.81031f117e2b4ac8b19c0cbe3bdd1d99.jpg,0,0.6328708529472351,0.48513439297676086,0.07305750995874405,0.034567542374134064,0.0027879157569259405
000934_JPG_jpg.rf.81031f117e2b4ac8b19c0cbe3bdd1d99.jpg,1,0.6861621737480164,0.6409266591072083,0.02147894725203514,0.01901479996740818,0.0025477937888354063
000934_JPG_jpg.rf.81031f117e2b4ac8b19c0cbe3bdd1d99.jpg,0,0.9870026111602783,0.44749459624290466,0.025994814932346344,0.03182271867990494,0.0024526219349354506
000934_JPG_jpg.rf.81031f117e2b4ac8b19c0cbe3bdd1d99.jpg,1,0.11151523143053055,0.47065237164497375,0.02674662321805954,0.030109994113445282,0.0018326324643567204
000934_JPG_jpg.rf.81031f117e2b4ac8b19c0cbe3bdd1d99.jpg,1,0.4375196099281311,0.5033577084541321,0.0493701808154583,0.022378262132406235,0.0017063453560695052
000934_JPG_jpg.rf.81031f117e2b4ac8b19c0cbe3bdd1d99.jpg,0,0.518703281879425,0.33182546496391296,0.0316547267138958,0.023041799664497375,0.001693521742708981
000934_JPG_jpg.rf.81031f117e2b4ac8b19c0cbe3bdd1d99.jpg,0,0.9613419771194458,0.4510296583175659,0.05439949408173561,0.026032375171780586,0.0016273583751171827
000934_JPG_jpg.rf.81031f117e2b4ac8b19c0cbe3bdd1d99.jpg,0,0.9379048943519592,0.5875861048698425,0.03859666734933853,0.02491474151611328,0.0015185168012976646
000934_JPG_jpg.rf.81031f117e2b4ac8b19c0cbe3bdd1d99.jpg,0,0.22033633291721344,0.5388330221176147,0.029321450740098953,0.029926301911473274,0.0012966291978955269
000934_JPG_jpg.rf.81031f117e2b4ac8b19c0cbe3bdd1d99.jpg,0,0.42437511682510376,0.3637464642524719,0.03238223120570183,0.012598478235304356,0.0012567245867103338
000934_JPG_jpg.rf.81031f117e2b4ac8b19c0cbe3bdd1d99.jpg,1,0.9432154297828674,0.4483828842639923,0.056408077478408813,0.02518676035106182,0.00124177907127887
000934_JPG_jpg.rf.81031f117e2b4ac8b19c0cbe3bdd1d99.jpg,1,0.17604100704193115,0.4902290999889374,0.032015617936849594,0.018596062436699867,0.001215356052853167
000934_JPG_jpg.rf.81031f117e2b4ac8b19c0cbe3bdd1d99.jpg,10,0.25717759132385254,0.611809253692627,0.017210520803928375,0.02520631067454815,0.0011864117113873363
000934_JPG_jpg.rf.81031f117e2b4ac8b19c0cbe3bdd1d99.jpg,12,0.6832629442214966,0.2264762669801712,0.6334742307662964,0.44084712862968445,0.0010503458324819803
000934_JPG_jpg.rf.81031f117e2b4ac8b19c0cbe3bdd1d99.jpg,0,0.27588874101638794,0.6166771054267883,0.028173668310046196,0.02651357837021351,0.001027364400215447
000934_JPG_jpg.rf.81031f117e2b4ac8b19c0cbe3bdd1d99.jpg,0,0.4425213932991028,0.5063533186912537,0.052549656480550766,0.02638244815170765,0.0010129956062883139
000934_JPG_jpg.rf.81031f117e2b4ac8b19c0cbe3bdd1d99.jpg,0,0.4163911044597626,0.36386266350746155,0.030076395720243454,0.01243584044277668,0.0010084972018375993
000935_jpg.rf.a73778e8e15369b4706431ac25671fb4.jpg,0,0.5209476351737976,0.31648239493370056,0.02047494798898697,0.042476654052734375,0.7764026522636414
000935_jpg.rf.a73778e8e15369b4706431ac25671fb4.jpg,0,0.509615421295166,0.3179844915866852,0.01605254039168358,0.03460104763507843,0.47732624411582947
000935_jpg.rf.a73778e8e15369b4706431ac25671fb4.jpg,0,0.5296614766120911,0.3129006326198578,0.012852448970079422,0.041297491639852524,0.37049737572669983
000935_jpg.rf.a73778e8e15369b4706431ac25671fb4.jpg,0,0.5089113712310791,0.3150169551372528,0.010587546043097973,0.04159773513674736,0.17867203056812286
000935_jpg.rf.a73778e8e15369b4706431ac25671fb4.jpg,0,0.5176143050193787,0.3206928074359894,0.00952001754194498,0.029671432450413704,0.1394144594669342
000935_jpg.rf.a73778e8e15369b4706431ac25671fb4.jpg,0,0.52032470703125,0.2994285821914673,0.018896911293268204,0.07380647212266922,0.12181214243173599
000935_jpg.rf.a73778e8e15369b4706431ac25671fb4.jpg,0,0.44673341512680054,0.2434346228837967,0.013652948662638664,0.05410752072930336,0.029531363397836685
000935_jpg.rf.a73778e8e15369b4706431ac25671fb4.jpg,0,0.14033281803131104,0.196043461561203,0.019529912620782852,0.054701000452041626,0.02449374459683895
000935_jpg.rf.a73778e8e15369b4706431ac25671fb4.jpg,1,0.5507712364196777,0.06947782635688782,0.015308600850403309,0.044680505990982056,0.02243463136255741
000935_jpg.rf.a73778e8e15369b4706431ac25671fb4.jpg,1,0.5529513359069824,0.07628428936004639,0.020361021161079407,0.04826836660504341,0.019066428765654564
000935_jpg.rf.a73778e8e15369b4706431ac25671fb4.jpg,0,0.47900450229644775,0.24461056292057037,0.0160675048828125,0.05110612511634827,0.015007437206804752
000935_jpg.rf.a73778e8e15369b4706431ac25671fb4.jpg,0,0.5302664637565613,0.3125484585762024,0.03283984959125519,0.02419106848537922,0.012118634767830372
000935_jpg.rf.a73778e8e15369b4706431ac25671fb4.jpg,0,0.13833609223365784,0.19755135476589203,0.018663866445422173,0.032672662287950516,0.010147836059331894
000935_jpg.rf.a73778e8e15369b4706431ac25671fb4.jpg,14,0.5518015623092651,0.4512830972671509,0.024641770869493484,0.027807530015707016,0.009067535400390625
000935_jpg.rf.a73778e8e15369b4706431ac25671fb4.jpg,0,0.5894490480422974,0.12737645208835602,0.013231717981398106,0.042477864772081375,0.007542573846876621
000935_jpg.rf.a73778e8e15369b4706431ac25671fb4.jpg,0,0.5278280973434448,0.2989530563354492,0.014149226248264313,0.07126382738351822,0.007083263248205185
000935_jpg.rf.a73778e8e15369b4706431ac25671fb4.jpg,0,0.44986143708229065,0.24825306236743927,0.012846947647631168,0.059095531702041626,0.00698944041505456
000935_jpg.rf.a73778e8e15369b4706431ac25671fb4.jpg,0,0.48455724120140076,0.22686560451984406,0.015592722222208977,0.012811257503926754,0.006944719702005386
000935_jpg.rf.a73778e8e15369b4706431ac25671fb4.jpg,0,0.5107036828994751,0.2995782196521759,0.01068731490522623,0.06651324778795242,0.005735459737479687
000935_jpg.rf.a73778e8e15369b4706431ac25671fb4.jpg,0,0.9186766147613525,0.2953086495399475,0.052857473492622375,0.022342681884765625,0.004411920439451933
000935_jpg.rf.a73778e8e15369b4706431ac25671fb4.jpg,0,0.49025067687034607,0.26489630341529846,0.014017765410244465,0.05909773334860802,0.004184429068118334
000935_jpg.rf.a73778e8e15369b4706431ac25671fb4.jpg,0,0.6504775285720825,0.32410627603530884,0.014699643477797508,0.019145965576171875,0.0037492834962904453
000935_jpg.rf.a73778e8e15369b4706431ac25671fb4.jpg,1,0.5520550608634949,0.08770548552274704,0.01749640330672264,0.08140230178833008,0.003565550083294511
000935_jpg.rf.a73778e8e15369b4706431ac25671fb4.jpg,0,0.47777149081230164,0.31576865911483765,0.022502239793539047,0.02682473137974739,0.003416205756366253
000935_jpg.rf.a73778e8e15369b4706431ac25671fb4.jpg,0,0.40977150201797485,0.25110194087028503,0.010067353025078773,0.0500732958316803,0.0028523821383714676
000935_jpg.rf.a73778e8e15369b4706431ac25671fb4.jpg,0,0.5202369689941406,0.32786017656326294,0.016443327069282532,0.041535232216119766,0.00259521440602839
000935_jpg.rf.a73778e8e15369b4706431ac25671fb4.jpg,0,0.4996930956840515,0.3186247944831848,0.01987721398472786,0.029297903180122375,0.002563354093581438
000935_jpg.rf.a73778e8e15369b4706431ac25671fb4.jpg,1,0.6198735237121582,0.0100784283131361,0.016745200380682945,0.020131126046180725,0.002478419803082943
000935_jpg.rf.a73778e8e15369b4706431ac25671fb4.jpg,9,0.35813769698143005,0.39906084537506104,0.018908575177192688,0.029326513409614563,0.002451149048283696
000935_jpg.rf.a73778e8e15369b4706431ac25671fb4.jpg,0,0.4839843511581421,0.24695608019828796,0.018543390557169914,0.04710699990391731,0.0023475962225347757
000935_jpg.rf.a73778e8e15369b4706431ac25671fb4.jpg,1,0.4387619197368622,0.24201759696006775,0.014454035088419914,0.044583726674318314,0.002336974022909999
000935_jpg.rf.a73778e8e15369b4706431ac25671fb4.jpg,0,0.4838193953037262,0.23899465799331665,0.014953173696994781,0.03922209516167641,0.0021584024652838707
000935_jpg.rf.a73778e8e15369b4706431ac25671fb4.jpg,0,0.8465846180915833,0.2942938506603241,0.020025253295898438,0.04843147099018097,0.0018861460266634822
000935_jpg.rf.a73778e8e15369b4706431ac25671fb4.jpg,1,0.6140204668045044,0.007240711711347103,0.017936119809746742,0.014481423422694206,0.001877978560514748
000935_jpg.rf.a73778e8e15369b4706431ac25671fb4.jpg,6,0.5845434665679932,0.4052291810512543,0.012737714685499668,0.026603111997246742,0.0018759560771286488
000935_jpg.rf.a73778e8e15369b4706431ac25671fb4.jpg,1,0.9941343069076538,0.2870396077632904,0.011301040649414062,0.046250492334365845,0.0018259786302223802
000935_jpg.rf.a73778e8e15369b4706431ac25671fb4.jpg,0,0.570685863494873,0.40697184205055237,0.01438155584037304,0.026719314977526665,0.0016534666065126657
000935_jpg.rf.a73778e8e15369b4706431ac25671fb4.jpg,0,0.40542152523994446,0.2465590387582779,0.00834281649440527,0.041260719299316406,0.0015303005930036306
000935_jpg.rf.a73778e8e15369b4706431ac25671fb4.jpg,0,0.686528742313385,0.3048980236053467,0.01597580686211586,0.032651387155056,0.0013882257044315338
000935_jpg.rf.a73778e8e15369b4706431ac25671fb4.jpg,0,0.495599627494812,0.3054128885269165,0.021925780922174454,0.03812934830784798,0.0013685673475265503
000935_jpg.rf.a73778e8e15369b4706431ac25671fb4.jpg,0,0.4888116121292114,0.24898794293403625,0.015267959795892239,0.05082680657505989,0.0012590674450621009
000935_jpg.rf.a73778e8e15369b4706431ac25671fb4.jpg,0,0.5348005890846252,0.3181585669517517,0.026983408257365227,0.034997060894966125,0.0012207429390400648
000935_jpg.rf.a73778e8e15369b4706431ac25671fb4.jpg,0,0.5016209483146667,0.2647124230861664,0.018570607528090477,0.03212037682533264,0.0011980000417679548
000935_jpg.rf.a73778e8e15369b4706431ac25671fb4.jpg,0,0.44072625041007996,0.24604350328445435,0.016638975590467453,0.058126453310251236,0.0010721331927925348
000936_jpg.rf.66c50dea6603f9ecc83f8b79c88a2f54.jpg,1,0.5952761769294739,0.9586562514305115,0.02181742899119854,0.07358067482709885,0.695855438709259
000936_jpg.rf.66c50dea6603f9ecc83f8b79c88a2f54.jpg,1,0.6325879096984863,0.9596330523490906,0.01633189246058464,0.07518357783555984,0.5150372982025146
000936_jpg.rf.66c50dea6603f9ecc83f8b79c88a2f54.jpg,0,0.760307252407074,0.8843264579772949,0.018601050600409508,0.03665659949183464,0.2027629017829895
000936_jpg.rf.66c50dea6603f9ecc83f8b79c88a2f54.jpg,0,0.35224848985671997,0.799832820892334,0.027352554723620415,0.016602003946900368,0.14549079537391663
000936_jpg.rf.66c50dea6603f9ecc83f8b79c88a2f54.jpg,0,0.7076160907745361,0.7657367587089539,0.02483338676393032,0.018571561202406883,0.12065573036670685
000936_jpg.rf.66c50dea6603f9ecc83f8b79c88a2f54.jpg,0,0.7978280186653137,0.8280239701271057,0.022631719708442688,0.017227906733751297,0.0486966036260128
000936_jpg.rf.66c50dea6603f9ecc83f8b79c88a2f54.jpg,0,0.6577317118644714,0.9484285712242126,0.019201425835490227,0.05356363207101822,0.031360331922769547
000936_jpg.rf.66c50dea6603f9ecc83f8b79c88a2f54.jpg,0,0.4287782907485962,0.9567357301712036,0.011445852927863598,0.012093177996575832,0.02383384294807911
000936_jpg.rf.66c50dea6603f9ecc83f8b79c88a2f54.jpg,0,0.39869749546051025,0.9910567998886108,0.012372090481221676,0.016880769282579422,0.018661579117178917
000936_jpg.rf.66c50dea6603f9ecc83f8b79c88a2f54.jpg,7,0.6577439308166504,0.9540667533874512,0.021254027262330055,0.06394841521978378,0.011304443702101707
000936_jpg.rf.66c50dea6603f9ecc83f8b79c88a2f54.jpg,1,0.6596164703369141,0.9490110278129578,0.02084086649119854,0.04659799486398697,0.009577534161508083
000936_jpg.rf.66c50dea6603f9ecc83f8b79c88a2f54.jpg,0,0.26896244287490845,0.8732926845550537,0.01874443329870701,0.014093105681240559,0.005872304551303387
000936_jpg.rf.66c50dea6603f9ecc83f8b79c88a2f54.jpg,0,0.7070178985595703,0.9162452220916748,0.035305172204971313,0.062241777777671814,0.005395004525780678
000936_jpg.rf.66c50dea6603f9ecc83f8b79c88a2f54.jpg,1,0.6498113870620728,0.9525492191314697,0.021488189697265625,0.06385289877653122,0.004706013016402721
000936_jpg.rf.66c50dea6603f9ecc83f8b79c88a2f54.jpg,0,0.7169957160949707,0.7689993381500244,0.044393982738256454,0.02023564837872982,0.004518771544098854
000936_jpg.rf.66c50dea6603f9ecc83f8b79c88a2f54.jpg,0,0.7085414528846741,0.7721211910247803,0.028347603976726532,0.016425499692559242,0.004329195246100426
000936_jpg.rf.66c50dea6603f9ecc83f8b79c88a2f54.jpg,0,0.6983285546302795,0.9815321564674377,0.024505615234375,0.03693580627441406,0.004042634274810553
000936_jpg.rf.66c50dea6603f9ecc83f8b79c88a2f54.jpg,0,0.42665866017341614,0.9565834403038025,0.016686147078871727,0.015644367784261703,0.0038136227522045374
000936_jpg.rf.66c50dea6603f9ecc83f8b79c88a2f54.jpg,0,0.6977931261062622,0.9469894766807556,0.04689539596438408,0.036297138780355453,0.0035365228541195393
000936_jpg.rf.66c50dea6603f9ecc83f8b79c88a2f54.jpg,0,0.3874722421169281,0.9934252500534058,0.03811410814523697,0.012984349392354488,0.0033080645371228456
000936_jpg.rf.66c50dea6603f9ecc83f8b79c88a2f54.jpg,0,0.144589364528656,0.7099483609199524,0.013657020404934883,0.038682352751493454,0.003134053898975253
000936_jpg.rf.66c50dea6603f9ecc83f8b79c88a2f54.jpg,0,0.09785210341215134,0.6977773904800415,0.018840350210666656,0.024738900363445282,0.003073269734159112
000936_jpg.rf.66c50dea6603f9ecc83f8b79c88a2f54.jpg,1,0.5974535346031189,0.9599413275718689,0.030880635604262352,0.08011744916439056,0.0023772618733346462
000936_jpg.rf.66c50dea6603f9ecc83f8b79c88a2f54.jpg,0,0.6999561190605164,0.9302974343299866,0.050596531480550766,0.057971663773059845,0.0019241890404373407
000936_jpg.rf.66c50dea6603f9ecc83f8b79c88a2f54.jpg,0,0.2608241140842438,0.8880178332328796,0.014049750752747059,0.024115636944770813,0.0018657844047993422
000936_jpg.rf.66c50dea6603f9ecc83f8b79c88a2f54.jpg,0,0.09157437831163406,0.6959851384162903,0.03068050555884838,0.022011244669556618,0.0017464018892496824
000936_jpg.rf.66c50dea6603f9ecc83f8b79c88a2f54.jpg,1,0.5,0.2618595063686371,1.0,0.5218361020088196,0.00153834477532655
000936_jpg.rf.66c50dea6603f9ecc83f8b79c88a2f54.jpg,0,0.48241499066352844,0.993705153465271,0.021515481173992157,0.011461257934570312,0.001448384253308177
000936_jpg.rf.66c50dea6603f9ecc83f8b79c88a2f54.jpg,0,0.1817687600851059,0.8733264803886414,0.01677190326154232,0.021489804610610008,0.0012488781940191984
000936_jpg.rf.66c50dea6603f9ecc83f8b79c88a2f54.jpg,1,0.7063629031181335,0.9262645840644836,0.03658866882324219,0.05855604633688927,0.0011999803828075528
000936_jpg.rf.66c50dea6603f9ecc83f8b79c88a2f54.jpg,0,0.2382177859544754,0.9760730862617493,0.02497199922800064,0.047596272081136703,0.0011351903667673469
000938_JPG_jpg.rf.bf51e9c0b4a1d133c3e73bf56c2d2062.jpg,0,0.36201661825180054,0.1942756474018097,0.11769860237836838,0.06299246847629547,0.9607223868370056
000938_JPG_jpg.rf.bf51e9c0b4a1d133c3e73bf56c2d2062.jpg,1,0.253277450799942,0.5041449666023254,0.03931192308664322,0.022510088980197906,0.1514294296503067
000938_JPG_jpg.rf.bf51e9c0b4a1d133c3e73bf56c2d2062.jpg,1,0.2139224410057068,0.5073894262313843,0.02035416103899479,0.018914150074124336,0.13971461355686188
000938_JPG_jpg.rf.bf51e9c0b4a1d133c3e73bf56c2d2062.jpg,0,0.019772782921791077,0.23413924872875214,0.03915996849536896,0.023455694317817688,0.02622750587761402
000938_JPG_jpg.rf.bf51e9c0b4a1d133c3e73bf56c2d2062.jpg,0,0.051944293081760406,0.5468232035636902,0.040952060371637344,0.021228717640042305,0.015702197328209877
000938_JPG_jpg.rf.bf51e9c0b4a1d133c3e73bf56c2d2062.jpg,1,0.22164776921272278,0.5098855495452881,0.030611809343099594,0.02261565439403057,0.012712554074823856
000938_JPG_jpg.rf.bf51e9c0b4a1d133c3e73bf56c2d2062.jpg,0,0.6720946431159973,0.5818752646446228,0.029213832691311836,0.029328640550374985,0.011495094746351242
000938_JPG_jpg.rf.bf51e9c0b4a1d133c3e73bf56c2d2062.jpg,1,0.5316687822341919,0.5354716181755066,0.014872184954583645,0.0364515595138073,0.008737211115658283
000938_JPG_jpg.rf.bf51e9c0b4a1d133c3e73bf56c2d2062.jpg,0,0.06052260473370552,0.5485051274299622,0.039318472146987915,0.020765526220202446,0.007715919055044651
000938_JPG_jpg.rf.bf51e9c0b4a1d133c3e73bf56c2d2062.jpg,0,0.33802729845046997,0.614601731300354,0.025806061923503876,0.02140643075108528,0.00758984824642539
000938_JPG_jpg.rf.bf51e9c0b4a1d133c3e73bf56c2d2062.jpg,1,0.2150244414806366,0.5122727155685425,0.025550879538059235,0.023144502192735672,0.006416333373636007
000938_JPG_jpg.rf.bf51e9c0b4a1d133c3e73bf56c2d2062.jpg,0,0.6759728193283081,0.5714846849441528,0.03843982517719269,0.035518940538167953,0.004849628079682589
000938_JPG_jpg.rf.bf51e9c0b4a1d133c3e73bf56c2d2062.jpg,0,0.38334017992019653,0.6292754411697388,0.03824432194232941,0.021459726616740227,0.004103347659111023
000938_JPG_jpg.rf.bf51e9c0b4a1d133c3e73bf56c2d2062.jpg,0,0.038177985697984695,0.5445666909217834,0.021938687190413475,0.02606714703142643,0.003999462816864252
000938_JPG_jpg.rf.bf51e9c0b4a1d133c3e73bf56c2d2062.jpg,1,0.3811110854148865,0.6236342191696167,0.03913307189941406,0.022114533931016922,0.003938543144613504
000938_JPG_jpg.rf.bf51e9c0b4a1d133c3e73bf56c2d2062.jpg,1,0.22062797844409943,0.517075777053833,0.023497655987739563,0.03414960950613022,0.003286012914031744
000938_JPG_jpg.rf.bf51e9c0b4a1d133c3e73bf56c2d2062.jpg,1,0.44193294644355774,0.5660548210144043,0.03461632505059242,0.020277464762330055,0.0029020882211625576
000938_JPG_jpg.rf.bf51e9c0b4a1d133c3e73bf56c2d2062.jpg,1,0.24784015119075775,0.5089660286903381,0.04292477294802666,0.025702698156237602,0.002765609184280038
000938_JPG_jpg.rf.bf51e9c0b4a1d133c3e73bf56c2d2062.jpg,1,0.5380595922470093,0.5353659987449646,0.020750192925333977,0.034272413700819016,0.0027643574867397547
000938_JPG_jpg.rf.bf51e9c0b4a1d133c3e73bf56c2d2062.jpg,0,0.3207349181175232,0.6130430698394775,0.038501519709825516,0.023333771154284477,0.002640730934217572
000938_JPG_jpg.rf.bf51e9c0b4a1d133c3e73bf56c2d2062.jpg,0,0.8668234348297119,0.20351292192935944,0.05509186163544655,0.026995403692126274,0.0025134508032351732
000938_JPG_jpg.rf.bf51e9c0b4a1d133c3e73bf56c2d2062.jpg,1,0.4304136335849762,0.5924862027168274,0.0307540912181139,0.017794976010918617,0.0022613529581576586
000938_JPG_jpg.rf.bf51e9c0b4a1d133c3e73bf56c2d2062.jpg,1,0.20974329113960266,0.505755603313446,0.029856976121664047,0.016448240727186203,0.0022156990598887205
000938_JPG_jpg.rf.bf51e9c0b4a1d133c3e73bf56c2d2062.jpg,0,0.18720483779907227,0.5093262791633606,0.029402807354927063,0.01278312411159277,0.0019323391607031226
000938_JPG_jpg.rf.bf51e9c0b4a1d133c3e73bf56c2d2062.jpg,1,0.36371320486068726,0.19263237714767456,0.1214732974767685,0.06041618809103966,0.0018246937543153763
000938_JPG_jpg.rf.bf51e9c0b4a1d133c3e73bf56c2d2062.jpg,1,0.44940873980522156,0.5625972747802734,0.03654531389474869,0.021885359659790993,0.0017575542442500591
000938_JPG_jpg.rf.bf51e9c0b4a1d133c3e73bf56c2d2062.jpg,1,0.9339751601219177,0.4653719663619995,0.03920247033238411,0.021547172218561172,0.0017073259223252535
000938_JPG_jpg.rf.bf51e9c0b4a1d133c3e73bf56c2d2062.jpg,0,0.05889547988772392,0.5480895638465881,0.02608967013657093,0.017015676945447922,0.001694372622296214
000938_JPG_jpg.rf.bf51e9c0b4a1d133c3e73bf56c2d2062.jpg,1,0.043337631970644,0.4846837818622589,0.035216059535741806,0.020809028297662735,0.0015699818031862378
000938_JPG_jpg.rf.bf51e9c0b4a1d133c3e73bf56c2d2062.jpg,1,0.2576220631599426,0.5169532895088196,0.03522726520895958,0.045439355075359344,0.0015414651716127992
000938_JPG_jpg.rf.bf51e9c0b4a1d133c3e73bf56c2d2062.jpg,0,0.3979469835758209,0.6362456679344177,0.026734646409749985,0.014249802567064762,0.0013048482360318303
000938_JPG_jpg.rf.bf51e9c0b4a1d133c3e73bf56c2d2062.jpg,0,0.7034751176834106,0.6768302917480469,0.029825065284967422,0.037054356187582016,0.001193588599562645
000938_JPG_jpg.rf.bf51e9c0b4a1d133c3e73bf56c2d2062.jpg,1,0.4775813817977905,0.6407524943351746,0.019994735717773438,0.020346716046333313,0.00110876455437392
000938_JPG_jpg.rf.bf51e9c0b4a1d133c3e73bf56c2d2062.jpg,0,0.040963541716337204,0.5465194582939148,0.019217465072870255,0.017198195680975914,0.0011047029402107
000938_JPG_jpg.rf.bf51e9c0b4a1d133c3e73bf56c2d2062.jpg,0,0.36707717180252075,0.6231327056884766,0.035869233310222626,0.023912541568279266,0.0010179717792198062
000941_JPG_jpg.rf.9afc696caf8c7db27bf2134dd5660a27.jpg,0,0.3696328103542328,0.1790740042924881,0.10343053191900253,0.05527547001838684,0.8439515829086304
000941_JPG_jpg.rf.9afc696caf8c7db27bf2134dd5660a27.jpg,0,0.19581615924835205,0.31582188606262207,0.07350980490446091,0.036137085407972336,0.7791617512702942
000941_JPG_jpg.rf.9afc696caf8c7db27bf2134dd5660a27.jpg,1,0.6261378526687622,0.5104853510856628,0.021389301866292953,0.050403449684381485,0.05758426710963249
000941_JPG_jpg.rf.9afc696caf8c7db27bf2134dd5660a27.jpg,0,0.603610634803772,0.517686665058136,0.04561116173863411,0.033466339111328125,0.007316354662179947
000941_JPG_jpg.rf.9afc696caf8c7db27bf2134dd5660a27.jpg,1,0.5285393595695496,0.572882354259491,0.03764856979250908,0.03317216783761978,0.00214923988096416
000941_JPG_jpg.rf.9afc696caf8c7db27bf2134dd5660a27.jpg,1,0.629654049873352,0.5042170882225037,0.024224648252129555,0.033550925552845,0.00154904427472502
000941_JPG_jpg.rf.9afc696caf8c7db27bf2134dd5660a27.jpg,0,0.5888969302177429,0.52104252576828,0.03583299368619919,0.024303583428263664,0.0015365163562819362
000941_JPG_jpg.rf.9afc696caf8c7db27bf2134dd5660a27.jpg,0,0.3016524910926819,0.5809022784233093,0.03836679458618164,0.02412150613963604,0.0015125868376344442
000941_JPG_jpg.rf.9afc696caf8c7db27bf2134dd5660a27.jpg,0,0.7193175554275513,0.4883897602558136,0.03748497739434242,0.02236637845635414,0.0012714293552562594
000941_JPG_jpg.rf.9afc696caf8c7db27bf2134dd5660a27.jpg,0,0.17589014768600464,0.31204015016555786,0.11602303385734558,0.04059071093797684,0.001135626807808876
000944_JPG_jpg.rf.a0b81118199b4d11ccb859c15d0cb1f6.jpg,0,0.2932712435722351,0.10110349953174591,0.1565796434879303,0.06576623022556305,0.9013872146606445
000944_JPG_jpg.rf.a0b81118199b4d11ccb859c15d0cb1f6.jpg,0,0.4489092528820038,0.38243353366851807,0.07772401720285416,0.03407096862792969,0.813932478427887
000944_JPG_jpg.rf.a0b81118199b4d11ccb859c15d0cb1f6.jpg,0,0.6390304565429688,0.5251349210739136,0.0469416119158268,0.020974526181817055,0.6317156553268433
000944_JPG_jpg.rf.a0b81118199b4d11ccb859c15d0cb1f6.jpg,1,0.44904857873916626,0.38280773162841797,0.07813306897878647,0.033308468759059906,0.2992071509361267
000944_JPG_jpg.rf.a0b81118199b4d11ccb859c15d0cb1f6.jpg,0,0.6212033629417419,0.5187222361564636,0.051772668957710266,0.021681565791368484,0.06882993876934052
000944_JPG_jpg.rf.a0b81118199b4d11ccb859c15d0cb1f6.jpg,1,0.7781122922897339,0.5103635787963867,0.030663270503282547,0.025218084454536438,0.05541309341788292
000944_JPG_jpg.rf.a0b81118199b4d11ccb859c15d0cb1f6.jpg,1,0.08014129102230072,0.2528870105743408,0.013687202706933022,0.016720551997423172,0.04397528991103172
000944_JPG_jpg.rf.a0b81118199b4d11ccb859c15d0cb1f6.jpg,0,0.49202847480773926,0.4432286024093628,0.06876447051763535,0.021469924598932266,0.03686918690800667
000944_JPG_jpg.rf.a0b81118199b4d11ccb859c15d0cb1f6.jpg,0,0.6465467810630798,0.5246894359588623,0.026459768414497375,0.02313232421875,0.03080884926021099
000944_JPG_jpg.rf.a0b81118199b4d11ccb859c15d0cb1f6.jpg,0,0.6460153460502625,0.5214150547981262,0.039539046585559845,0.027390481904149055,0.026989609003067017
000944_JPG_jpg.rf.a0b81118199b4d11ccb859c15d0cb1f6.jpg,0,0.1648743450641632,0.5140883326530457,0.03291236609220505,0.021849120035767555,0.017417700961232185
000944_JPG_jpg.rf.a0b81118199b4d11ccb859c15d0cb1f6.jpg,0,0.4158034920692444,0.5286706686019897,0.03401477634906769,0.02061689831316471,0.013833685778081417
000944_JPG_jpg.rf.a0b81118199b4d11ccb859c15d0cb1f6.jpg,0,0.359858900308609,0.44307953119277954,0.020302260294556618,0.040370356291532516,0.011622247286140919
000944_JPG_jpg.rf.a0b81118199b4d11ccb859c15d0cb1f6.jpg,0,0.6287517547607422,0.5232384204864502,0.06410833448171616,0.021435517817735672,0.01082084234803915
000944_JPG_jpg.rf.a0b81118199b4d11ccb859c15d0cb1f6.jpg,0,0.35028254985809326,0.44203081727027893,0.038539741188287735,0.04653395339846611,0.00907056499272585
000944_JPG_jpg.rf.a0b81118199b4d11ccb859c15d0cb1f6.jpg,0,0.4161158502101898,0.532302737236023,0.02705104649066925,0.03473436087369919,0.008287631906569004
000944_JPG_jpg.rf.a0b81118199b4d11ccb859c15d0cb1f6.jpg,0,0.35722777247428894,0.4374423623085022,0.035569265484809875,0.04953568056225777,0.007514833472669125
000944_JPG_jpg.rf.a0b81118199b4d11ccb859c15d0cb1f6.jpg,1,0.47185268998146057,0.44633859395980835,0.0669131651520729,0.021622879430651665,0.006535520777106285
000944_JPG_jpg.rf.a0b81118199b4d11ccb859c15d0cb1f6.jpg,0,0.6380956768989563,0.53376305103302,0.0412299819290638,0.036805152893066406,0.006502470467239618
000944_JPG_jpg.rf.a0b81118199b4d11ccb859c15d0cb1f6.jpg,0,0.16191630065441132,0.5178828239440918,0.03329203650355339,0.020559972152113914,0.00614052452147007
000944_JPG_jpg.rf.a0b81118199b4d11ccb859c15d0cb1f6.jpg,0,0.5589622855186462,0.5321105122566223,0.026292214170098305,0.009250934235751629,0.004849959630519152
000944_JPG_jpg.rf.a0b81118199b4d11ccb859c15d0cb1f6.jpg,0,0.5123165249824524,0.4431939721107483,0.027637483552098274,0.030079182237386703,0.00444830534979701
000944_JPG_jpg.rf.a0b81118199b4d11ccb859c15d0cb1f6.jpg,1,0.32351619005203247,0.22763492166996002,0.024134710431098938,0.013884398154914379,0.0033095399849116802
000944_JPG_jpg.rf.a0b81118199b4d11ccb859c15d0cb1f6.jpg,0,0.07978454232215881,0.33395496010780334,0.10619328916072845,0.03819458559155464,0.003254645736888051
000944_JPG_jpg.rf.a0b81118199b4d11ccb859c15d0cb1f6.jpg,0,0.5561105608940125,0.5225027799606323,0.028092019259929657,0.013769883662462234,0.0018753857584670186
000944_JPG_jpg.rf.a0b81118199b4d11ccb859c15d0cb1f6.jpg,1,0.7663286328315735,0.5097380876541138,0.047229915857315063,0.028532836586236954,0.0018647770630195737
000944_JPG_jpg.rf.a0b81118199b4d11ccb859c15d0cb1f6.jpg,0,0.5520942807197571,0.5048108696937561,0.03377819061279297,0.019914040341973305,0.0015379054239019752
000944_JPG_jpg.rf.a0b81118199b4d11ccb859c15d0cb1f6.jpg,0,0.5885291695594788,0.5224646925926208,0.016734343022108078,0.025327829644083977,0.0015278349164873362
000944_JPG_jpg.rf.a0b81118199b4d11ccb859c15d0cb1f6.jpg,0,0.6383103728294373,0.6367758512496948,0.018459027633070946,0.023171205073595047,0.0015033853705972433
000944_JPG_jpg.rf.a0b81118199b4d11ccb859c15d0cb1f6.jpg,0,0.5471675395965576,0.5076794624328613,0.03227762132883072,0.02086125873029232,0.0014883731491863728
000944_JPG_jpg.rf.a0b81118199b4d11ccb859c15d0cb1f6.jpg,0,0.3953033685684204,0.5386596918106079,0.03359295800328255,0.02571113407611847,0.0014655656414106488
000944_JPG_jpg.rf.a0b81118199b4d11ccb859c15d0cb1f6.jpg,1,0.8276751637458801,0.5742818713188171,0.030181005597114563,0.020089810714125633,0.0014582074945792556
000944_JPG_jpg.rf.a0b81118199b4d11ccb859c15d0cb1f6.jpg,0,0.6412989497184753,0.5955985188484192,0.024519555270671844,0.025444986298680305,0.0013895353768020868
000944_JPG_jpg.rf.a0b81118199b4d11ccb859c15d0cb1f6.jpg,0,0.6890776753425598,0.5903639197349548,0.014420289546251297,0.011621329002082348,0.001103913877159357
000944_JPG_jpg.rf.a0b81118199b4d11ccb859c15d0cb1f6.jpg,0,0.6373575329780579,0.6259684562683105,0.018341798335313797,0.03294578194618225,0.001097888802178204
000944_JPG_jpg.rf.a0b81118199b4d11ccb859c15d0cb1f6.jpg,0,0.4775513708591461,0.44655701518058777,0.06924262642860413,0.021275080740451813,0.0010637975065037608
000944_JPG_jpg.rf.a0b81118199b4d11ccb859c15d0cb1f6.jpg,1,0.012145193293690681,0.35805049538612366,0.013673629611730576,0.026768758893013,0.001053958316333592
000945_JPG_jpg.rf.ad79e318355923e68a10f1678fe9b6bf.jpg,0,0.22156305611133575,0.1327659785747528,0.30133673548698425,0.10958433896303177,0.92817223072052
000945_JPG_jpg.rf.ad79e318355923e68a10f1678fe9b6bf.jpg,0,0.5292761325836182,0.6047423481941223,0.1510147750377655,0.05917938053607941,0.8908675909042358
000945_JPG_jpg.rf.ad79e318355923e68a10f1678fe9b6bf.jpg,0,0.9231433272361755,0.8509401679039001,0.05822651460766792,0.03148357942700386,0.4723953604698181
000945_JPG_jpg.rf.ad79e318355923e68a10f1678fe9b6bf.jpg,0,0.5993692874908447,0.7135587334632874,0.16995078325271606,0.04423478990793228,0.4220183789730072
000945_JPG_jpg.rf.ad79e318355923e68a10f1678fe9b6bf.jpg,1,0.5952173471450806,0.7149558663368225,0.16015611588954926,0.04356296360492706,0.1883898824453354
000945_JPG_jpg.rf.ad79e318355923e68a10f1678fe9b6bf.jpg,1,0.5332486033439636,0.6056378483772278,0.15439783036708832,0.05267506465315819,0.08990292251110077
000945_JPG_jpg.rf.ad79e318355923e68a10f1678fe9b6bf.jpg,0,0.6376491189002991,0.7123621106147766,0.08949969708919525,0.03865799680352211,0.02013985998928547
000945_JPG_jpg.rf.ad79e318355923e68a10f1678fe9b6bf.jpg,1,0.2884857654571533,0.3474890887737274,0.030688287690281868,0.017101654782891273,0.013364877551794052
000945_JPG_jpg.rf.ad79e318355923e68a10f1678fe9b6bf.jpg,1,0.3464515805244446,0.7194888591766357,0.08546308428049088,0.0818738266825676,0.010183736681938171
000945_JPG_jpg.rf.ad79e318355923e68a10f1678fe9b6bf.jpg,0,0.905239999294281,0.8526775240898132,0.10279010236263275,0.03599577769637108,0.00971808098256588
000945_JPG_jpg.rf.ad79e318355923e68a10f1678fe9b6bf.jpg,12,0.5992299318313599,0.9908539056777954,0.06519405543804169,0.018292207270860672,0.004943770822137594
000945_JPG_jpg.rf.ad79e318355923e68a10f1678fe9b6bf.jpg,8,0.46094030141830444,0.8621748685836792,0.053051069378852844,0.05759488791227341,0.003178876359015703
000945_JPG_jpg.rf.ad79e318355923e68a10f1678fe9b6bf.jpg,1,0.292187362909317,0.34517908096313477,0.04143330082297325,0.01848609745502472,0.0021210135892033577
000945_JPG_jpg.rf.ad79e318355923e68a10f1678fe9b6bf.jpg,0,0.527523398399353,0.586795449256897,0.15220099687576294,0.0983782559633255,0.0014704858185723424
000945_JPG_jpg.rf.ad79e318355923e68a10f1678fe9b6bf.jpg,0,0.6097237467765808,0.9882217049598694,0.08137336373329163,0.022752616554498672,0.0014484904240816832
000945_JPG_jpg.rf.ad79e318355923e68a10f1678fe9b6bf.jpg,1,0.28191816806793213,0.34903526306152344,0.026829756796360016,0.02174076810479164,0.0012449612841010094
000946_jpg.rf.18bf1b977f56cc49545942b86ac7c739.jpg,0,0.5221118927001953,0.8467980623245239,0.026371296495199203,0.1081300899386406,0.8833152055740356
000946_jpg.rf.18bf1b977f56cc49545942b86ac7c739.jpg,0,0.07489681243896484,0.8783817887306213,0.027070743963122368,0.10050656646490097,0.6757581233978271
000946_jpg.rf.18bf1b977f56cc49545942b86ac7c739.jpg,8,0.5749498605728149,0.8456889390945435,0.035319916903972626,0.071176677942276,0.4400849938392639
000946_jpg.rf.18bf1b977f56cc49545942b86ac7c739.jpg,0,0.04363047331571579,0.8863030076026917,0.023268794640898705,0.09690270572900772,0.2246791422367096
000946_jpg.rf.18bf1b977f56cc49545942b86ac7c739.jpg,0,0.5487062931060791,0.8477511405944824,0.023009521886706352,0.10309571772813797,0.18646743893623352
000946_jpg.rf.18bf1b977f56cc49545942b86ac7c739.jpg,0,0.5397676229476929,0.8459656238555908,0.025556419044733047,0.09755002707242966,0.15562120079994202
000946_jpg.rf.18bf1b977f56cc49545942b86ac7c739.jpg,0,0.5711984634399414,0.01597394049167633,0.1857585906982422,0.03162328153848648,0.12454884499311447
000946_jpg.rf.18bf1b977f56cc49545942b86ac7c739.jpg,0,0.560402512550354,0.8491874933242798,0.03880589082837105,0.093743696808815,0.054288480430841446
000946_jpg.rf.18bf1b977f56cc49545942b86ac7c739.jpg,8,0.5433498024940491,0.8489371538162231,0.02606956847012043,0.1022733598947525,0.05040526017546654
000946_jpg.rf.18bf1b977f56cc49545942b86ac7c739.jpg,1,0.5789720416069031,0.015800416469573975,0.2020016461610794,0.030980829149484634,0.04372221231460571
000946_jpg.rf.18bf1b977f56cc49545942b86ac7c739.jpg,0,0.08586674928665161,0.09578118473291397,0.020887453109025955,0.028030285611748695,0.04194765165448189
000946_jpg.rf.18bf1b977f56cc49545942b86ac7c739.jpg,0,0.5748745203018188,0.8451105356216431,0.03655477985739708,0.07853244245052338,0.041666075587272644
000946_jpg.rf.18bf1b977f56cc49545942b86ac7c739.jpg,0,0.5704284310340881,0.014253362081944942,0.10264426469802856,0.028219934552907944,0.028552694246172905
000946_jpg.rf.18bf1b977f56cc49545942b86ac7c739.jpg,0,0.5365854501724243,0.8502324223518372,0.043028611689805984,0.10212869197130203,0.028453480452299118
000946_jpg.rf.18bf1b977f56cc49545942b86ac7c739.jpg,0,0.06839898973703384,0.8806965351104736,0.029324565082788467,0.12138953804969788,0.02818763256072998
000946_jpg.rf.18bf1b977f56cc49545942b86ac7c739.jpg,0,0.06013459712266922,0.887265145778656,0.027469003573060036,0.11503689736127853,0.024200009182095528
000946_jpg.rf.18bf1b977f56cc49545942b86ac7c739.jpg,0,0.5643863081932068,0.010092449374496937,0.08200337737798691,0.01976994052529335,0.016309943050146103
000946_jpg.rf.18bf1b977f56cc49545942b86ac7c739.jpg,0,0.5020629167556763,0.9790627956390381,0.018144167959690094,0.040396470576524734,0.009527977555990219
000946_jpg.rf.18bf1b977f56cc49545942b86ac7c739.jpg,8,0.110871322453022,0.8871819972991943,0.03181622549891472,0.05171746760606766,0.008233360014855862
000946_jpg.rf.18bf1b977f56cc49545942b86ac7c739.jpg,0,0.5711162090301514,0.023808829486370087,0.09641698747873306,0.03911133110523224,0.008207655511796474
000946_jpg.rf.18bf1b977f56cc49545942b86ac7c739.jpg,0,0.9477465152740479,0.12294890731573105,0.022230148315429688,0.0760071873664856,0.007383641786873341
000946_jpg.rf.18bf1b977f56cc49545942b86ac7c739.jpg,0,0.18560945987701416,0.5931071639060974,0.0407976396381855,0.035068292170763016,0.003593095578253269
000946_jpg.rf.18bf1b977f56cc49545942b86ac7c739.jpg,0,0.5318104028701782,0.9861026406288147,0.020761489868164062,0.027223734185099602,0.0031771755311638117
000946_jpg.rf.18bf1b977f56cc49545942b86ac7c739.jpg,8,0.1046724021434784,0.869670033454895,0.025498025119304657,0.06070328131318092,0.0025500634219497442
000946_jpg.rf.18bf1b977f56cc49545942b86ac7c739.jpg,0,0.08548054844141006,0.09306814521551132,0.029851332306861877,0.034735094755887985,0.002548814285546541
000946_jpg.rf.18bf1b977f56cc49545942b86ac7c739.jpg,0,0.9406949877738953,0.12296229600906372,0.03302794322371483,0.07562106102705002,0.002486100420355797
000946_jpg.rf.18bf1b977f56cc49545942b86ac7c739.jpg,8,0.5181151032447815,0.8472774028778076,0.03612503781914711,0.10918676108121872,0.0024047819897532463
000946_jpg.rf.18bf1b977f56cc49545942b86ac7c739.jpg,0,0.3033873736858368,0.5669004321098328,0.03993430733680725,0.03939320519566536,0.0023485603742301464
000946_jpg.rf.18bf1b977f56cc49545942b86ac7c739.jpg,8,0.10606582462787628,0.8850268125534058,0.03086860477924347,0.06893481314182281,0.002325792098417878
000946_jpg.rf.18bf1b977f56cc49545942b86ac7c739.jpg,0,0.5199857354164124,0.013404306024312973,0.10523238778114319,0.026108013466000557,0.0020868717692792416
000946_jpg.rf.18bf1b977f56cc49545942b86ac7c739.jpg,0,0.035340286791324615,0.886536180973053,0.03225077688694,0.10356595367193222,0.0019701498094946146
000946_jpg.rf.18bf1b977f56cc49545942b86ac7c739.jpg,0,0.539595901966095,0.010010113008320332,0.0773540660738945,0.019624557346105576,0.001874243374913931
000946_jpg.rf.18bf1b977f56cc49545942b86ac7c739.jpg,7,0.0067060296423733234,0.874144434928894,0.013412059284746647,0.06093788519501686,0.0017168556805700064
000946_jpg.rf.18bf1b977f56cc49545942b86ac7c739.jpg,0,0.5299863815307617,0.9771435260772705,0.019886603578925133,0.044859081506729126,0.001670408179052174
000946_jpg.rf.18bf1b977f56cc49545942b86ac7c739.jpg,0,0.5147684812545776,0.84568190574646,0.030789963901042938,0.10531293600797653,0.0015598722966387868
000946_jpg.rf.18bf1b977f56cc49545942b86ac7c739.jpg,0,0.5009987950325012,0.007302246522158384,0.07899270206689835,0.014434991404414177,0.0014365838142111897
000946_jpg.rf.18bf1b977f56cc49545942b86ac7c739.jpg,0,0.09992650896310806,0.8978058099746704,0.03843900188803673,0.05370360240340233,0.0014126403257250786
000946_jpg.rf.18bf1b977f56cc49545942b86ac7c739.jpg,1,0.3871539235115051,0.007593624759465456,0.030315913259983063,0.015187249518930912,0.0013071296270936728
000946_jpg.rf.18bf1b977f56cc49545942b86ac7c739.jpg,0,0.2489566206932068,0.9895346164703369,0.031235219910740852,0.018387721851468086,0.0012587220408022404
000946_jpg.rf.18bf1b977f56cc49545942b86ac7c739.jpg,0,0.9831624031066895,0.054067548364400864,0.022543247789144516,0.055948443710803986,0.0011283105704933405
000946_jpg.rf.18bf1b977f56cc49545942b86ac7c739.jpg,0,0.5763599276542664,0.030980942770838737,0.11831683665513992,0.04907917603850365,0.0011064354330301285
000946_jpg.rf.18bf1b977f56cc49545942b86ac7c739.jpg,10,0.006230410188436508,0.8715179562568665,0.012275931425392628,0.06290803104639053,0.0010491221910342574
000946_JPG_jpg.rf.d747fd05b21ff8ac85c05629986ae344.jpg,0,0.39922767877578735,0.2218465954065323,0.10915044695138931,0.050973162055015564,0.8452239036560059
000946_JPG_jpg.rf.d747fd05b21ff8ac85c05629986ae344.jpg,8,0.06108789145946503,0.18255281448364258,0.06371676921844482,0.07202838361263275,0.653100311756134
000946_JPG_jpg.rf.d747fd05b21ff8ac85c05629986ae344.jpg,7,0.06272389739751816,0.18348319828510284,0.06440607458353043,0.07062758505344391,0.4810740649700165
000946_JPG_jpg.rf.d747fd05b21ff8ac85c05629986ae344.jpg,9,0.0625932440161705,0.18340688943862915,0.0651334822177887,0.06994038820266724,0.2862904369831085
000946_JPG_jpg.rf.d747fd05b21ff8ac85c05629986ae344.jpg,12,0.06269704550504684,0.18365560472011566,0.06487204879522324,0.07182389497756958,0.24402399361133575
000946_JPG_jpg.rf.d747fd05b21ff8ac85c05629986ae344.jpg,0,0.5063228011131287,0.5085123181343079,0.012962562032043934,0.021014580503106117,0.019690481945872307
000946_JPG_jpg.rf.d747fd05b21ff8ac85c05629986ae344.jpg,10,0.06100133806467056,0.22289587557315826,0.06614381074905396,0.1621835082769394,0.011845231987535954
000946_JPG_jpg.rf.d747fd05b21ff8ac85c05629986ae344.jpg,0,0.4502432644367218,0.5150284767150879,0.017015017569065094,0.01955663226544857,0.007092659827321768
000946_JPG_jpg.rf.d747fd05b21ff8ac85c05629986ae344.jpg,0,0.45144549012184143,0.506061851978302,0.011223427020013332,0.02073170617222786,0.0056158145889639854
000946_JPG_jpg.rf.d747fd05b21ff8ac85c05629986ae344.jpg,0,0.8762086033821106,0.5286242365837097,0.028796710073947906,0.04488079622387886,0.005548514425754547
000946_JPG_jpg.rf.d747fd05b21ff8ac85c05629986ae344.jpg,1,0.5045565366744995,0.5104509592056274,0.015260769985616207,0.017109578475356102,0.004650483373552561
000946_JPG_jpg.rf.d747fd05b21ff8ac85c05629986ae344.jpg,1,0.43406379222869873,0.5120601654052734,0.014642569236457348,0.008980385027825832,0.003729489166289568
000946_JPG_jpg.rf.d747fd05b21ff8ac85c05629986ae344.jpg,0,0.5662862658500671,0.578065037727356,0.016595987603068352,0.03245764598250389,0.002589825075119734
000946_JPG_jpg.rf.d747fd05b21ff8ac85c05629986ae344.jpg,3,0.04896347597241402,0.7340190410614014,0.046005818992853165,0.05594620481133461,0.0021381909027695656
000946_JPG_jpg.rf.d747fd05b21ff8ac85c05629986ae344.jpg,0,0.41358643770217896,0.5145293474197388,0.025162771344184875,0.01774076372385025,0.001962461741641164
000946_JPG_jpg.rf.d747fd05b21ff8ac85c05629986ae344.jpg,0,0.5151480436325073,0.5179154872894287,0.020461449399590492,0.017324889078736305,0.0016466202214360237
000946_JPG_jpg.rf.d747fd05b21ff8ac85c05629986ae344.jpg,9,0.05674413591623306,0.26370933651924133,0.06692230701446533,0.06267914921045303,0.0014994707889854908
000946_JPG_jpg.rf.d747fd05b21ff8ac85c05629986ae344.jpg,8,0.05808155611157417,0.26433128118515015,0.06661048531532288,0.06363160908222198,0.0014441724633798003
000946_JPG_jpg.rf.d747fd05b21ff8ac85c05629986ae344.jpg,0,0.42387640476226807,0.5145040154457092,0.019428914412856102,0.016691502183675766,0.001405295915901661
000946_JPG_jpg.rf.d747fd05b21ff8ac85c05629986ae344.jpg,10,0.05881764739751816,0.26357612013816833,0.06690100580453873,0.06473779678344727,0.0012639716733247042
000946_JPG_jpg.rf.d747fd05b21ff8ac85c05629986ae344.jpg,0,0.8783350586891174,0.6060633659362793,0.030856940895318985,0.040680959820747375,0.0012633638689294457
000946_JPG_jpg.rf.d747fd05b21ff8ac85c05629986ae344.jpg,0,0.3179725110530853,0.4158399701118469,0.02181999571621418,0.036876752972602844,0.0012125312350690365
000946_JPG_jpg.rf.d747fd05b21ff8ac85c05629986ae344.jpg,0,0.4260035753250122,0.5079310536384583,0.014451321214437485,0.02048764005303383,0.001112008118070662
000946_JPG_jpg.rf.d747fd05b21ff8ac85c05629986ae344.jpg,0,0.37896743416786194,0.45274651050567627,0.02834819070994854,0.012151938863098621,0.0011066797887906432
000946_JPG_jpg.rf.d747fd05b21ff8ac85c05629986ae344.jpg,0,0.8778685331344604,0.5246773958206177,0.015697479248046875,0.046733856201171875,0.0010448368266224861
000946_JPG_jpg.rf.d747fd05b21ff8ac85c05629986ae344.jpg,1,0.40704259276390076,0.5113704800605774,0.03414616361260414,0.011955628171563148,0.001039086258970201
000946_JPG_jpg.rf.d747fd05b21ff8ac85c05629986ae344.jpg,0,0.4133247435092926,0.5073543190956116,0.02596554532647133,0.019122418016195297,0.0010208304738625884
000949_JPG_jpg.rf.dffe53a303ce089bd4001a13de0cc7bd.jpg,0,0.2826652526855469,0.13147589564323425,0.3392893075942993,0.1397131234407425,0.9396325349807739
000949_JPG_jpg.rf.dffe53a303ce089bd4001a13de0cc7bd.jpg,1,0.780127763748169,0.935128927230835,0.026462849229574203,0.08127652853727341,0.03410540521144867
000949_JPG_jpg.rf.dffe53a303ce089bd4001a13de0cc7bd.jpg,1,0.7814440131187439,0.9212499856948853,0.031756769865751266,0.06935002654790878,0.0078318752348423
000949_JPG_jpg.rf.dffe53a303ce089bd4001a13de0cc7bd.jpg,1,0.7896842956542969,0.9232572913169861,0.023247940465807915,0.05759400874376297,0.002680452773347497
000949_JPG_jpg.rf.dffe53a303ce089bd4001a13de0cc7bd.jpg,1,0.5367923974990845,0.9810318946838379,0.08599751442670822,0.03393745422363281,0.0025852604303508997
000949_JPG_jpg.rf.dffe53a303ce089bd4001a13de0cc7bd.jpg,1,0.7598217129707336,0.9235504865646362,0.043895430862903595,0.0540570504963398,0.001596979913301766
000954_JPG_jpg.rf.2633035aaeb19e6f2005bf2f8f5d3ebd.jpg,0,0.47538238763809204,0.24927376210689545,0.1267358362674713,0.05700613930821419,0.8682551383972168
000954_JPG_jpg.rf.2633035aaeb19e6f2005bf2f8f5d3ebd.jpg,0,0.7689366936683655,0.5923566818237305,0.077935591340065,0.034203898161649704,0.2656551003456116
000954_JPG_jpg.rf.2633035aaeb19e6f2005bf2f8f5d3ebd.jpg,1,0.3916701376438141,0.587130606174469,0.048949021846055984,0.019593972712755203,0.09549248963594437
000954_JPG_jpg.rf.2633035aaeb19e6f2005bf2f8f5d3ebd.jpg,0,0.7397509813308716,0.5941031575202942,0.05822020396590233,0.035823456943035126,0.063422292470932
000954_JPG_jpg.rf.2633035aaeb19e6f2005bf2f8f5d3ebd.jpg,0,0.20746126770973206,0.3125784695148468,0.03599710017442703,0.041005924344062805,0.06293705105781555
000954_JPG_jpg.rf.2633035aaeb19e6f2005bf2f8f5d3ebd.jpg,0,0.40391290187835693,0.5874351859092712,0.02948467619717121,0.020997341722249985,0.02194719947874546
000954_JPG_jpg.rf.2633035aaeb19e6f2005bf2f8f5d3ebd.jpg,0,0.1527930051088333,0.16745421290397644,0.017270969226956367,0.012763830833137035,0.02015920728445053
000954_JPG_jpg.rf.2633035aaeb19e6f2005bf2f8f5d3ebd.jpg,1,0.5678077936172485,0.2927699685096741,0.06258788704872131,0.04609091579914093,0.01453213021159172
000954_JPG_jpg.rf.2633035aaeb19e6f2005bf2f8f5d3ebd.jpg,0,0.8476548194885254,0.4775245785713196,0.027883237227797508,0.027413515374064445,0.008780651725828648
000954_JPG_jpg.rf.2633035aaeb19e6f2005bf2f8f5d3ebd.jpg,1,0.4491344690322876,0.6329144835472107,0.021765196695923805,0.019291510805487633,0.008571210317313671
000954_JPG_jpg.rf.2633035aaeb19e6f2005bf2f8f5d3ebd.jpg,0,0.5549703240394592,0.24179653823375702,0.06636033207178116,0.06344729661941528,0.006720002740621567
000954_JPG_jpg.rf.2633035aaeb19e6f2005bf2f8f5d3ebd.jpg,1,0.8732877969741821,0.5521262884140015,0.03703806921839714,0.028594383969902992,0.006579793523997068
000954_JPG_jpg.rf.2633035aaeb19e6f2005bf2f8f5d3ebd.jpg,1,0.6178923845291138,0.24491733312606812,0.05337011069059372,0.08998717367649078,0.003588424064218998
000954_JPG_jpg.rf.2633035aaeb19e6f2005bf2f8f5d3ebd.jpg,0,0.3455269932746887,0.6258034110069275,0.02501429058611393,0.018878497183322906,0.003222275758162141
000954_JPG_jpg.rf.2633035aaeb19e6f2005bf2f8f5d3ebd.jpg,1,0.3730963468551636,0.5932483673095703,0.03371385484933853,0.012782610952854156,0.0030251990538090467
000954_JPG_jpg.rf.2633035aaeb19e6f2005bf2f8f5d3ebd.jpg,1,0.39760157465934753,0.6058067679405212,0.036490075290203094,0.015516134910285473,0.0030076741240918636
000954_JPG_jpg.rf.2633035aaeb19e6f2005bf2f8f5d3ebd.jpg,0,0.6189163327217102,0.23853331804275513,0.05622541159391403,0.08081495016813278,0.002937347162514925
000954_JPG_jpg.rf.2633035aaeb19e6f2005bf2f8f5d3ebd.jpg,0,0.3537863492965698,0.625620424747467,0.02901986986398697,0.022406212985515594,0.0029016975313425064
000954_JPG_jpg.rf.2633035aaeb19e6f2005bf2f8f5d3ebd.jpg,1,0.3858824372291565,0.57975834608078,0.045790381729602814,0.027461418882012367,0.0025296115782111883
000954_JPG_jpg.rf.2633035aaeb19e6f2005bf2f8f5d3ebd.jpg,1,0.15331202745437622,0.16682498157024384,0.02205922082066536,0.015447506681084633,0.0022887210361659527
000954_JPG_jpg.rf.2633035aaeb19e6f2005bf2f8f5d3ebd.jpg,1,0.9798616170883179,0.511637270450592,0.026223549619317055,0.034040890634059906,0.0022613259498029947
000954_JPG_jpg.rf.2633035aaeb19e6f2005bf2f8f5d3ebd.jpg,0,0.8710789680480957,0.5529906153678894,0.02851589024066925,0.028632311150431633,0.0021379864774644375
000954_JPG_jpg.rf.2633035aaeb19e6f2005bf2f8f5d3ebd.jpg,0,0.4072219431400299,0.6024090647697449,0.029068434610962868,0.016771463677287102,0.0020025765988975763
000954_JPG_jpg.rf.2633035aaeb19e6f2005bf2f8f5d3ebd.jpg,1,0.452351450920105,0.6395274996757507,0.01803809031844139,0.01723509654402733,0.0018212170107290149
000954_JPG_jpg.rf.2633035aaeb19e6f2005bf2f8f5d3ebd.jpg,1,0.43390610814094543,0.6217589378356934,0.029092935845255852,0.023380279541015625,0.0018032934749498963
000954_JPG_jpg.rf.2633035aaeb19e6f2005bf2f8f5d3ebd.jpg,1,0.37453439831733704,0.6122822165489197,0.030094001442193985,0.015986662358045578,0.0017851253505796194
000954_JPG_jpg.rf.2633035aaeb19e6f2005bf2f8f5d3ebd.jpg,0,0.3981608748435974,0.5822742581367493,0.039885520935058594,0.0306424368172884,0.0017811785219237208
000954_JPG_jpg.rf.2633035aaeb19e6f2005bf2f8f5d3ebd.jpg,0,0.36131390929222107,0.6143107414245605,0.035597216337919235,0.026549119502305984,0.0016876974841579795
000954_JPG_jpg.rf.2633035aaeb19e6f2005bf2f8f5d3ebd.jpg,1,0.420165479183197,0.5944466590881348,0.030667893588542938,0.015129456296563148,0.0014762002974748611
000954_JPG_jpg.rf.2633035aaeb19e6f2005bf2f8f5d3ebd.jpg,0,0.3180093765258789,0.6303360462188721,0.03569645434617996,0.015200101770460606,0.001149610965512693
000954_JPG_jpg.rf.2633035aaeb19e6f2005bf2f8f5d3ebd.jpg,1,0.6795995235443115,0.6145453453063965,0.018415745347738266,0.024597609415650368,0.0010361365275457501
000954_JPG_jpg.rf.2633035aaeb19e6f2005bf2f8f5d3ebd.jpg,1,0.43955186009407043,0.6311634182929993,0.026950029656291008,0.024209830909967422,0.0010304300813004375
000959_jpg.rf.5bf1b1614cead2ae3ed908c0373143c1.jpg,0,0.388834685087204,0.2944384813308716,0.011691753752529621,0.05002528056502342,0.8279860019683838
000959_jpg.rf.5bf1b1614cead2ae3ed908c0373143c1.jpg,0,0.5167382955551147,0.2869439423084259,0.014266821555793285,0.04601988568902016,0.5072546005249023
000959_jpg.rf.5bf1b1614cead2ae3ed908c0373143c1.jpg,0,0.5210694074630737,0.2876272201538086,0.015601231716573238,0.0452226884663105,0.2693682014942169
000959_jpg.rf.5bf1b1614cead2ae3ed908c0373143c1.jpg,0,0.516469419002533,0.289247989654541,0.009684709832072258,0.03969309851527214,0.23865780234336853
000959_jpg.rf.5bf1b1614cead2ae3ed908c0373143c1.jpg,0,0.2720243036746979,0.3387163281440735,0.011934757232666016,0.016398796811699867,0.1776558756828308
000959_jpg.rf.5bf1b1614cead2ae3ed908c0373143c1.jpg,0,0.7105180621147156,0.18948988616466522,0.03612048923969269,0.04861993342638016,0.12639787793159485
000959_jpg.rf.5bf1b1614cead2ae3ed908c0373143c1.jpg,0,0.28903117775917053,0.33476522564888,0.015858614817261696,0.018981054425239563,0.09873736649751663
000959_jpg.rf.5bf1b1614cead2ae3ed908c0373143c1.jpg,0,0.008566026575863361,0.09937719255685806,0.017132053151726723,0.08818810433149338,0.057650499045848846
000959_jpg.rf.5bf1b1614cead2ae3ed908c0373143c1.jpg,0,0.5627233982086182,0.33272233605384827,0.014966084621846676,0.0488562248647213,0.036565862596035004
000959_jpg.rf.5bf1b1614cead2ae3ed908c0373143c1.jpg,0,0.5548539161682129,0.3188503086566925,0.014707052148878574,0.04711723327636719,0.03330926597118378
000959_jpg.rf.5bf1b1614cead2ae3ed908c0373143c1.jpg,0,0.4370465874671936,0.1844301074743271,0.016145413741469383,0.04444485530257225,0.027984267100691795
000959_jpg.rf.5bf1b1614cead2ae3ed908c0373143c1.jpg,0,0.7084940671920776,0.17133361101150513,0.043239302933216095,0.032003991305828094,0.024074258282780647
000959_jpg.rf.5bf1b1614cead2ae3ed908c0373143c1.jpg,0,0.3832107484340668,0.2955206036567688,0.016469810158014297,0.04880696162581444,0.02146468497812748
000959_jpg.rf.5bf1b1614cead2ae3ed908c0373143c1.jpg,0,0.7027044296264648,0.16557887196540833,0.044004883617162704,0.019399790093302727,0.016545727849006653
000959_jpg.rf.5bf1b1614cead2ae3ed908c0373143c1.jpg,0,0.2765142321586609,0.33121544122695923,0.01241562981158495,0.0224810391664505,0.011259442195296288
000959_jpg.rf.5bf1b1614cead2ae3ed908c0373143c1.jpg,0,0.5112019181251526,0.2956962585449219,0.019781040027737617,0.04042300954461098,0.010024831630289555
000959_jpg.rf.5bf1b1614cead2ae3ed908c0373143c1.jpg,0,0.40632808208465576,0.30062708258628845,0.007736059837043285,0.04966812953352928,0.009783954359591007
000959_jpg.rf.5bf1b1614cead2ae3ed908c0373143c1.jpg,0,0.5558463931083679,0.3331282138824463,0.016335707157850266,0.04635172709822655,0.007114732638001442
000959_jpg.rf.5bf1b1614cead2ae3ed908c0373143c1.jpg,0,0.5490333437919617,0.29412662982940674,0.011890191584825516,0.0242771003395319,0.0068603819236159325
000959_jpg.rf.5bf1b1614cead2ae3ed908c0373143c1.jpg,0,0.5593248605728149,0.3383384943008423,0.011814705096185207,0.04267135262489319,0.0059022437781095505
000959_jpg.rf.5bf1b1614cead2ae3ed908c0373143c1.jpg,0,0.3821168541908264,0.305756151676178,0.01816830411553383,0.04658042639493942,0.004991928115487099
000959_jpg.rf.5bf1b1614cead2ae3ed908c0373143c1.jpg,0,0.010397301986813545,0.23594225943088531,0.01960769109427929,0.08338069915771484,0.004698352422565222
000959_jpg.rf.5bf1b1614cead2ae3ed908c0373143c1.jpg,0,0.5594110488891602,0.32939791679382324,0.01017137710005045,0.046567752957344055,0.00450401846319437
000959_jpg.rf.5bf1b1614cead2ae3ed908c0373143c1.jpg,0,0.58974689245224,0.33336955308914185,0.025029916316270828,0.04123130440711975,0.004353041294962168
000959_jpg.rf.5bf1b1614cead2ae3ed908c0373143c1.jpg,0,0.40345901250839233,0.2986873388290405,0.01246907189488411,0.05147702991962433,0.0035366122610867023
000959_jpg.rf.5bf1b1614cead2ae3ed908c0373143c1.jpg,0,0.5642752647399902,0.3715234398841858,0.016142478212714195,0.056143250316381454,0.0034100618213415146
000959_jpg.rf.5bf1b1614cead2ae3ed908c0373143c1.jpg,0,0.5586442947387695,0.3108351528644562,0.01294825691729784,0.0445096492767334,0.003275990718975663
000959_jpg.rf.5bf1b1614cead2ae3ed908c0373143c1.jpg,0,0.396267294883728,0.29856231808662415,0.01704172044992447,0.04342181980609894,0.0032606187742203474
000959_jpg.rf.5bf1b1614cead2ae3ed908c0373143c1.jpg,0,0.008562368340790272,0.2493792474269867,0.017124736681580544,0.0732455626130104,0.003183226101100445
000959_jpg.rf.5bf1b1614cead2ae3ed908c0373143c1.jpg,1,0.34401512145996094,0.01106363907456398,0.04458611086010933,0.02184409275650978,0.002707001054659486
000959_jpg.rf.5bf1b1614cead2ae3ed908c0373143c1.jpg,0,0.71953946352005,0.19162705540657043,0.028944162651896477,0.04723310470581055,0.002705587074160576
000959_jpg.rf.5bf1b1614cead2ae3ed908c0373143c1.jpg,1,0.5456902384757996,0.3074069023132324,0.009885861538350582,0.03347576782107353,0.0026199764106422663
000959_jpg.rf.5bf1b1614cead2ae3ed908c0373143c1.jpg,0,0.7806355953216553,0.4088003933429718,0.017122123390436172,0.029226083308458328,0.002487138845026493
000959_jpg.rf.5bf1b1614cead2ae3ed908c0373143c1.jpg,0,0.017817098647356033,0.17181988060474396,0.035367656499147415,0.22751346230506897,0.002421268494799733
000959_jpg.rf.5bf1b1614cead2ae3ed908c0373143c1.jpg,0,0.2908827066421509,0.3215157687664032,0.012693662196397781,0.04152652248740196,0.0023511650506407022
000959_jpg.rf.5bf1b1614cead2ae3ed908c0373143c1.jpg,8,0.5549904704093933,0.33093857765197754,0.015410203486680984,0.045334890484809875,0.002289731753990054
000959_jpg.rf.5bf1b1614cead2ae3ed908c0373143c1.jpg,1,0.42777854204177856,0.008744454942643642,0.036807429045438766,0.017217501997947693,0.002261811401695013
000959_jpg.rf.5bf1b1614cead2ae3ed908c0373143c1.jpg,1,0.3768157958984375,0.2989422082901001,0.015256809070706367,0.04034528508782387,0.002196410670876503
000959_jpg.rf.5bf1b1614cead2ae3ed908c0373143c1.jpg,0,0.9904404282569885,0.10826758295297623,0.0191192626953125,0.0379200354218483,0.002191306324675679
000959_jpg.rf.5bf1b1614cead2ae3ed908c0373143c1.jpg,0,0.30741649866104126,0.33277854323387146,0.023952484130859375,0.020176155492663383,0.0020416511688381433
000959_jpg.rf.5bf1b1614cead2ae3ed908c0373143c1.jpg,0,0.5154416561126709,0.31182360649108887,0.0158538818359375,0.03947250917553902,0.0019827492069453
000959_jpg.rf.5bf1b1614cead2ae3ed908c0373143c1.jpg,8,0.5541836619377136,0.36842891573905945,0.013241108506917953,0.04864538833498955,0.0017236358253285289
000959_jpg.rf.5bf1b1614cead2ae3ed908c0373143c1.jpg,1,0.35978633165359497,0.16615407168865204,0.014195076189935207,0.02949259988963604,0.0016176523640751839
000959_jpg.rf.5bf1b1614cead2ae3ed908c0373143c1.jpg,0,0.2574350833892822,0.3411330580711365,0.02875860035419464,0.01575426012277603,0.0014601509319618344
000959_jpg.rf.5bf1b1614cead2ae3ed908c0373143c1.jpg,1,0.4279834032058716,0.015081128105521202,0.038740601390600204,0.030077803879976273,0.001451150979846716
000959_jpg.rf.5bf1b1614cead2ae3ed908c0373143c1.jpg,0,0.029072795063257217,0.23747938871383667,0.04692382365465164,0.04453860968351364,0.001407583593390882
000959_jpg.rf.5bf1b1614cead2ae3ed908c0373143c1.jpg,0,0.7807102203369141,0.3972228169441223,0.018403861671686172,0.030506575480103493,0.0013868481619283557
000959_jpg.rf.5bf1b1614cead2ae3ed908c0373143c1.jpg,0,0.49396708607673645,0.28891924023628235,0.01296615693718195,0.034451961517333984,0.0013454252621158957
000959_jpg.rf.5bf1b1614cead2ae3ed908c0373143c1.jpg,0,0.44496211409568787,0.19092461466789246,0.022810056805610657,0.03300028666853905,0.0013336779084056616
000959_jpg.rf.5bf1b1614cead2ae3ed908c0373143c1.jpg,1,0.5627821087837219,0.3277946412563324,0.017456641420722008,0.05385494604706764,0.0012315636267885566
000959_jpg.rf.5bf1b1614cead2ae3ed908c0373143c1.jpg,0,0.7327537536621094,0.16875344514846802,0.04601317271590233,0.035222310572862625,0.00121895014308393
000959_jpg.rf.5bf1b1614cead2ae3ed908c0373143c1.jpg,0,0.41505691409111023,0.32098913192749023,0.014836899004876614,0.03715645521879196,0.001214999589137733
000959_jpg.rf.5bf1b1614cead2ae3ed908c0373143c1.jpg,8,0.4149013161659241,0.2979404032230377,0.011781692504882812,0.044037893414497375,0.0011855779448524117
000959_jpg.rf.5bf1b1614cead2ae3ed908c0373143c1.jpg,0,0.8338653445243835,0.1995576024055481,0.025018105283379555,0.03374166041612625,0.0011676301946863532
000959_jpg.rf.5bf1b1614cead2ae3ed908c0373143c1.jpg,8,0.3544398248195648,0.2945064604282379,0.014777110889554024,0.036715876311063766,0.0011244799243286252
000959_jpg.rf.5bf1b1614cead2ae3ed908c0373143c1.jpg,0,0.3025173842906952,0.3911270797252655,0.024973997846245766,0.020488813519477844,0.0011049117892980576
000959_jpg.rf.5bf1b1614cead2ae3ed908c0373143c1.jpg,0,0.4268137514591217,0.30843862891197205,0.013454143889248371,0.04098929092288017,0.0010992304887622595
000959_jpg.rf.5bf1b1614cead2ae3ed908c0373143c1.jpg,12,0.4172876179218292,0.19862359762191772,0.6699311137199402,0.3970775008201599,0.001079401234164834
000959_jpg.rf.5bf1b1614cead2ae3ed908c0373143c1.jpg,0,0.41705945134162903,0.3058921992778778,0.01925402507185936,0.04249521717429161,0.0010200415272265673
000959_jpg.rf.5bf1b1614cead2ae3ed908c0373143c1.jpg,0,0.5585635304450989,0.29514989256858826,0.023117799311876297,0.03553031012415886,0.0010198676027357578
000961_jpg.rf.805df5d6f453caa3c1fa8a87893ec991.jpg,0,0.5300310850143433,0.26211294531822205,0.014286555349826813,0.05172773823142052,0.8125646710395813
000961_jpg.rf.805df5d6f453caa3c1fa8a87893ec991.jpg,0,0.4366907775402069,0.2647702991962433,0.015863493084907532,0.057218920439481735,0.6476748585700989
000961_jpg.rf.805df5d6f453caa3c1fa8a87893ec991.jpg,0,0.4322906732559204,0.2623318135738373,0.017143763601779938,0.06067657843232155,0.3320491313934326
000961_jpg.rf.805df5d6f453caa3c1fa8a87893ec991.jpg,0,0.6450282335281372,0.01681760884821415,0.02417491190135479,0.03335871919989586,0.15484505891799927
000961_jpg.rf.805df5d6f453caa3c1fa8a87893ec991.jpg,0,0.11250287294387817,0.019299054518342018,0.014166869223117828,0.03806536644697189,0.10776008665561676
000961_jpg.rf.805df5d6f453caa3c1fa8a87893ec991.jpg,0,0.6445601582527161,0.014110762625932693,0.037972964346408844,0.027352673932909966,0.08941810578107834
000961_jpg.rf.805df5d6f453caa3c1fa8a87893ec991.jpg,0,0.5260095000267029,0.2610786259174347,0.016651447862386703,0.05353330075740814,0.0858011320233345
000961_jpg.rf.805df5d6f453caa3c1fa8a87893ec991.jpg,0,0.1757844090461731,0.10426127165555954,0.021137531846761703,0.06248949468135834,0.04259021207690239
000961_jpg.rf.805df5d6f453caa3c1fa8a87893ec991.jpg,0,0.5731194615364075,0.3096640408039093,0.011722858995199203,0.04090588167309761,0.03916628658771515
000961_jpg.rf.805df5d6f453caa3c1fa8a87893ec991.jpg,0,0.11684420704841614,0.018404826521873474,0.01768062822520733,0.036514680832624435,0.036189474165439606
000961_jpg.rf.805df5d6f453caa3c1fa8a87893ec991.jpg,0,0.5377781987190247,0.26299330592155457,0.02086411975324154,0.05470290780067444,0.026905961334705353
000961_jpg.rf.805df5d6f453caa3c1fa8a87893ec991.jpg,0,0.1711936742067337,0.09985091537237167,0.016176298260688782,0.051443763077259064,0.01957765407860279
000961_jpg.rf.805df5d6f453caa3c1fa8a87893ec991.jpg,0,0.6361411213874817,0.017098616808652878,0.027391288429498672,0.034197233617305756,0.01850297302007675
000961_jpg.rf.805df5d6f453caa3c1fa8a87893ec991.jpg,0,0.33293792605400085,0.18868465721607208,0.021483201533555984,0.03549106419086456,0.016125183552503586
000961_jpg.rf.805df5d6f453caa3c1fa8a87893ec991.jpg,0,0.6332058906555176,0.11338595300912857,0.02256510965526104,0.03216385841369629,0.013221203349530697
000961_jpg.rf.805df5d6f453caa3c1fa8a87893ec991.jpg,0,0.8804020881652832,0.41376298666000366,0.011849330738186836,0.04550229758024216,0.013170343823730946
000961_jpg.rf.805df5d6f453caa3c1fa8a87893ec991.jpg,0,0.42992451786994934,0.2518385052680969,0.015443435870110989,0.0843951553106308,0.010565477423369884
000961_jpg.rf.805df5d6f453caa3c1fa8a87893ec991.jpg,0,0.6932480335235596,0.3959690034389496,0.01790369488298893,0.038104791194200516,0.010200650431215763
000961_jpg.rf.805df5d6f453caa3c1fa8a87893ec991.jpg,0,0.3054005801677704,0.16215276718139648,0.024458574131131172,0.06532669067382812,0.010134314186871052
000961_jpg.rf.805df5d6f453caa3c1fa8a87893ec991.jpg,0,0.6335161924362183,0.012045474722981453,0.046071164309978485,0.02383331023156643,0.008311854675412178
000961_jpg.rf.805df5d6f453caa3c1fa8a87893ec991.jpg,0,0.8812367916107178,0.3991764783859253,0.014501132071018219,0.07260396331548691,0.00826169177889824
000961_jpg.rf.805df5d6f453caa3c1fa8a87893ec991.jpg,0,0.05752475559711456,0.082722969353199,0.021202243864536285,0.07520690560340881,0.007299238350242376
000961_jpg.rf.805df5d6f453caa3c1fa8a87893ec991.jpg,0,0.6911982893943787,0.38827890157699585,0.01793157123029232,0.04503308981657028,0.005384211894124746
000961_jpg.rf.805df5d6f453caa3c1fa8a87893ec991.jpg,0,0.575186550617218,0.3018624484539032,0.01782952807843685,0.04555254802107811,0.005226416513323784
000961_jpg.rf.805df5d6f453caa3c1fa8a87893ec991.jpg,8,0.44524112343788147,0.263397216796875,0.02079486846923828,0.05918385833501816,0.004751286469399929
000961_jpg.rf.805df5d6f453caa3c1fa8a87893ec991.jpg,0,0.038679491728544235,0.04650160297751427,0.014731398783624172,0.0484139584004879,0.004561319947242737
000961_jpg.rf.805df5d6f453caa3c1fa8a87893ec991.jpg,0,0.6568425297737122,0.016266675665974617,0.03640438988804817,0.03233976289629936,0.003864212892949581
000961_jpg.rf.805df5d6f453caa3c1fa8a87893ec991.jpg,0,0.5794655084609985,0.3119487464427948,0.01452607475221157,0.038857754319906235,0.0035097585059702396
000961_jpg.rf.805df5d6f453caa3c1fa8a87893ec991.jpg,0,0.9445507526397705,0.04192977026104927,0.015103854238986969,0.04962415248155594,0.003230925416573882
000961_jpg.rf.805df5d6f453caa3c1fa8a87893ec991.jpg,0,0.8831868171691895,0.3776288628578186,0.017800258472561836,0.08157730102539062,0.00321219558827579
000961_jpg.rf.805df5d6f453caa3c1fa8a87893ec991.jpg,0,0.7353713512420654,0.118105947971344,0.02832266129553318,0.05427463352680206,0.003179343184456229
000961_jpg.rf.805df5d6f453caa3c1fa8a87893ec991.jpg,0,0.6123607754707336,0.12157899141311646,0.029105113819241524,0.03625700995326042,0.0030611196998506784
000961_jpg.rf.805df5d6f453caa3c1fa8a87893ec991.jpg,8,0.21003209054470062,0.11410827189683914,0.04060191661119461,0.07895737886428833,0.0030407493468374014
000961_jpg.rf.805df5d6f453caa3c1fa8a87893ec991.jpg,10,0.6080943942070007,0.39183974266052246,0.029122427105903625,0.03543604537844658,0.0030239871703088284
000961_jpg.rf.805df5d6f453caa3c1fa8a87893ec991.jpg,0,0.4484063386917114,0.26254624128341675,0.014926617965102196,0.05936751142144203,0.0026388477999716997
000961_jpg.rf.805df5d6f453caa3c1fa8a87893ec991.jpg,8,0.3995448052883148,0.3211045265197754,0.019316747784614563,0.04906661808490753,0.0025968984700739384
000961_jpg.rf.805df5d6f453caa3c1fa8a87893ec991.jpg,0,0.30227750539779663,0.13382822275161743,0.029800398275256157,0.02623393014073372,0.0025390705559402704
000961_jpg.rf.805df5d6f453caa3c1fa8a87893ec991.jpg,0,0.2652890980243683,0.147914856672287,0.027644159272313118,0.036031659692525864,0.002465887228026986
000961_jpg.rf.805df5d6f453caa3c1fa8a87893ec991.jpg,9,0.3967178463935852,0.3250897228717804,0.015104588121175766,0.05554353445768356,0.002407381311058998
000961_jpg.rf.805df5d6f453caa3c1fa8a87893ec991.jpg,0,0.059434451162815094,0.05573398619890213,0.021896151825785637,0.09498756378889084,0.002301397267729044
000961_jpg.rf.805df5d6f453caa3c1fa8a87893ec991.jpg,8,0.4775840938091278,0.26592856645584106,0.02087431773543358,0.04573415219783783,0.0022808404173702
000961_jpg.rf.805df5d6f453caa3c1fa8a87893ec991.jpg,8,0.5134257078170776,0.2628432512283325,0.01084136962890625,0.04809277132153511,0.002255648374557495
000961_jpg.rf.805df5d6f453caa3c1fa8a87893ec991.jpg,0,0.4197738766670227,0.26781317591667175,0.01758788339793682,0.042000770568847656,0.0022240362595766783
000961_jpg.rf.805df5d6f453caa3c1fa8a87893ec991.jpg,0,0.3020821511745453,0.15245895087718964,0.029880177229642868,0.047853268682956696,0.0021899689454585314
000961_jpg.rf.805df5d6f453caa3c1fa8a87893ec991.jpg,8,0.40300819277763367,0.2640021741390228,0.019689487293362617,0.05023464933037758,0.002128284191712737
000961_jpg.rf.805df5d6f453caa3c1fa8a87893ec991.jpg,0,0.6363924741744995,0.12246035039424896,0.02060171402990818,0.0405506007373333,0.0021241847425699234
000961_jpg.rf.805df5d6f453caa3c1fa8a87893ec991.jpg,0,0.13296525180339813,0.017701998353004456,0.026310427114367485,0.03344618156552315,0.002075319178402424
000961_jpg.rf.805df5d6f453caa3c1fa8a87893ec991.jpg,8,0.4167975187301636,0.2665488123893738,0.01310231164097786,0.046751610934734344,0.0020646946504712105
000961_jpg.rf.805df5d6f453caa3c1fa8a87893ec991.jpg,0,0.5227373838424683,0.2663131654262543,0.021274421364068985,0.04965807870030403,0.002026532543823123
000961_jpg.rf.805df5d6f453caa3c1fa8a87893ec991.jpg,0,0.8854393362998962,0.3202359974384308,0.023242510855197906,0.016063544899225235,0.002020596992224455
000961_jpg.rf.805df5d6f453caa3c1fa8a87893ec991.jpg,8,0.08159417659044266,0.07525912672281265,0.022724147886037827,0.09025194495916367,0.0017203014576807618
000961_jpg.rf.805df5d6f453caa3c1fa8a87893ec991.jpg,1,0.9432075619697571,0.04391767084598541,0.011388925835490227,0.04818996414542198,0.0016301933210343122
000961_jpg.rf.805df5d6f453caa3c1fa8a87893ec991.jpg,0,0.5714339017868042,0.291814923286438,0.012518002651631832,0.05050894245505333,0.001598096452653408
000961_jpg.rf.805df5d6f453caa3c1fa8a87893ec991.jpg,8,0.07838109880685806,0.05111444368958473,0.020857537165284157,0.10222888737916946,0.001597624970600009
000961_jpg.rf.805df5d6f453caa3c1fa8a87893ec991.jpg,0,0.4890148937702179,0.26449331641197205,0.06488756090402603,0.04676463082432747,0.0014825211837887764
000961_jpg.rf.805df5d6f453caa3c1fa8a87893ec991.jpg,0,0.7168722152709961,0.1360614150762558,0.019913453608751297,0.0429181233048439,0.0014506722800433636
000961_jpg.rf.805df5d6f453caa3c1fa8a87893ec991.jpg,0,0.10084453225135803,0.03325585648417473,0.019807523116469383,0.059149112552404404,0.0014366803225129843
000961_jpg.rf.805df5d6f453caa3c1fa8a87893ec991.jpg,0,0.6344386339187622,0.09391641616821289,0.02641003020107746,0.09641402214765549,0.0014166813343763351
000961_jpg.rf.805df5d6f453caa3c1fa8a87893ec991.jpg,1,0.14216776192188263,0.01648898422718048,0.020013516768813133,0.03260991349816322,0.0013951867586001754
000961_jpg.rf.805df5d6f453caa3c1fa8a87893ec991.jpg,0,0.7271963357925415,0.11491154134273529,0.017034677788615227,0.03595928102731705,0.001377568580210209
000961_jpg.rf.805df5d6f453caa3c1fa8a87893ec991.jpg,0,0.2427370399236679,0.07773851603269577,0.019153742119669914,0.10197769850492477,0.0013588817091658711
000961_jpg.rf.805df5d6f453caa3c1fa8a87893ec991.jpg,0,0.3050973415374756,0.1495485156774521,0.019776858389377594,0.03796751797199249,0.0013448309618979692
000961_jpg.rf.805df5d6f453caa3c1fa8a87893ec991.jpg,0,0.5674262642860413,0.17392724752426147,0.011366037651896477,0.03313600271940231,0.0013167922152206302
000961_jpg.rf.805df5d6f453caa3c1fa8a87893ec991.jpg,0,0.58672696352005,0.12342768907546997,0.041146207600831985,0.03273547813296318,0.0013057758333161473
000961_jpg.rf.805df5d6f453caa3c1fa8a87893ec991.jpg,0,0.4717414677143097,0.2638240456581116,0.06269843876361847,0.04246946796774864,0.0012599678011611104
000961_jpg.rf.805df5d6f453caa3c1fa8a87893ec991.jpg,7,0.3971345126628876,0.32517874240875244,0.01580062322318554,0.05770045146346092,0.001225023064762354
000961_jpg.rf.805df5d6f453caa3c1fa8a87893ec991.jpg,1,0.9939839839935303,0.029423993080854416,0.012032142840325832,0.05884798616170883,0.0012067954521626234
000961_jpg.rf.805df5d6f453caa3c1fa8a87893ec991.jpg,0,0.6579392552375793,0.13707983493804932,0.036451928317546844,0.030118484050035477,0.0011945718433707952
000961_jpg.rf.805df5d6f453caa3c1fa8a87893ec991.jpg,8,0.17339208722114563,0.1218799501657486,0.02499404363334179,0.09530654549598694,0.0011753947474062443
000961_jpg.rf.805df5d6f453caa3c1fa8a87893ec991.jpg,0,0.3938574194908142,0.3199576437473297,0.016750922426581383,0.04765992984175682,0.0011567258043214679
000961_jpg.rf.805df5d6f453caa3c1fa8a87893ec991.jpg,1,0.9911755323410034,0.02259564772248268,0.017077665776014328,0.04513658583164215,0.0011312427232041955
000961_jpg.rf.805df5d6f453caa3c1fa8a87893ec991.jpg,0,0.3931858539581299,0.1998530775308609,0.01569630578160286,0.04361255466938019,0.0011194065446034074
000961_jpg.rf.805df5d6f453caa3c1fa8a87893ec991.jpg,1,0.9417101144790649,0.045381080359220505,0.026785485446453094,0.06358005106449127,0.0011189854703843594
000961_jpg.rf.805df5d6f453caa3c1fa8a87893ec991.jpg,0,0.6165997385978699,0.11551668494939804,0.02874711900949478,0.04406654089689255,0.0011084186844527721
000961_jpg.rf.805df5d6f453caa3c1fa8a87893ec991.jpg,1,0.3996385931968689,0.17611683905124664,0.019796593114733696,0.020956993103027344,0.0011057188967242837
000961_jpg.rf.805df5d6f453caa3c1fa8a87893ec991.jpg,0,0.17247724533081055,0.09336528927087784,0.023629115894436836,0.06594933569431305,0.0010195877403020859
000961_jpg.rf.805df5d6f453caa3c1fa8a87893ec991.jpg,0,0.6198504567146301,0.014178434386849403,0.06837815791368484,0.02649519592523575,0.0010123575339093804
000961_jpg.rf.805df5d6f453caa3c1fa8a87893ec991.jpg,0,0.7265071868896484,0.39031463861465454,0.017612164840102196,0.057285163551568985,0.0010096970945596695
000961_jpg.rf.805df5d6f453caa3c1fa8a87893ec991.jpg,0,0.5483067631721497,0.3130756616592407,0.008663324639201164,0.037349920719861984,0.001008925843052566
000966_JPG_jpg.rf.87fa55fbebc4989000b890b88765c712.jpg,0,0.27031025290489197,0.1236545592546463,0.09044501185417175,0.06195063143968582,0.9498544335365295
000966_JPG_jpg.rf.87fa55fbebc4989000b890b88765c712.jpg,1,0.7428200244903564,0.44143298268318176,0.034979600459337234,0.04457562044262886,0.15326516330242157
000966_JPG_jpg.rf.87fa55fbebc4989000b890b88765c712.jpg,0,0.7418939471244812,0.11318718641996384,0.048702389001846313,0.03546030819416046,0.11939149349927902
000966_JPG_jpg.rf.87fa55fbebc4989000b890b88765c712.jpg,0,0.4254865348339081,0.4955413043498993,0.02009854093194008,0.022883562371134758,0.10406811535358429
000966_JPG_jpg.rf.87fa55fbebc4989000b890b88765c712.jpg,0,0.49021485447883606,0.4698329567909241,0.045269086956977844,0.026389416307210922,0.06547275185585022
000966_JPG_jpg.rf.87fa55fbebc4989000b890b88765c712.jpg,0,0.6559885740280151,0.41511356830596924,0.05835973471403122,0.02363058365881443,0.035844091325998306
000966_JPG_jpg.rf.87fa55fbebc4989000b890b88765c712.jpg,0,0.42823025584220886,0.49566271901130676,0.0366363525390625,0.019683178514242172,0.027914337813854218
000966_JPG_jpg.rf.87fa55fbebc4989000b890b88765c712.jpg,0,0.49316588044166565,0.47265809774398804,0.019588692113757133,0.017297891899943352,0.022708769887685776
000966_JPG_jpg.rf.87fa55fbebc4989000b890b88765c712.jpg,0,0.4941074550151825,0.4632188081741333,0.04775993898510933,0.02719079703092575,0.01961200311779976
000966_JPG_jpg.rf.87fa55fbebc4989000b890b88765c712.jpg,0,0.6488509774208069,0.4117666482925415,0.05074736103415489,0.02354152500629425,0.016944197937846184
000966_JPG_jpg.rf.87fa55fbebc4989000b890b88765c712.jpg,0,0.3567679524421692,0.11770555377006531,0.06075235828757286,0.03806238994002342,0.015636572614312172
000966_JPG_jpg.rf.87fa55fbebc4989000b890b88765c712.jpg,0,0.5176066756248474,0.4626452922821045,0.03187509626150131,0.028670385479927063,0.014457966201007366
000966_JPG_jpg.rf.87fa55fbebc4989000b890b88765c712.jpg,1,0.7420912981033325,0.46159622073173523,0.031795796006917953,0.025387251749634743,0.012323192320764065
000966_JPG_jpg.rf.87fa55fbebc4989000b890b88765c712.jpg,0,0.5605034232139587,0.4753359854221344,0.043155599385499954,0.03373483568429947,0.008474062196910381
000966_JPG_jpg.rf.87fa55fbebc4989000b890b88765c712.jpg,0,0.4356992840766907,0.4809773564338684,0.015502342954277992,0.027458632364869118,0.008278422988951206
000966_JPG_jpg.rf.87fa55fbebc4989000b890b88765c712.jpg,0,0.44592389464378357,0.4950062036514282,0.01764136180281639,0.025178469717502594,0.007534728851169348
000966_JPG_jpg.rf.87fa55fbebc4989000b890b88765c712.jpg,1,0.5923213362693787,0.45433303713798523,0.03617030009627342,0.033379409462213516,0.00748656690120697
000966_JPG_jpg.rf.87fa55fbebc4989000b890b88765c712.jpg,0,0.4301026165485382,0.4848354160785675,0.0372217632830143,0.022940563037991524,0.007150523364543915
000966_JPG_jpg.rf.87fa55fbebc4989000b890b88765c712.jpg,0,0.31692609190940857,0.11923243850469589,0.14100293815135956,0.048168256878852844,0.006541231647133827
000966_JPG_jpg.rf.87fa55fbebc4989000b890b88765c712.jpg,0,0.4208753705024719,0.5037784576416016,0.029320791363716125,0.025012090802192688,0.006468204315751791
000966_JPG_jpg.rf.87fa55fbebc4989000b890b88765c712.jpg,1,0.6492123603820801,0.4065471589565277,0.04991384968161583,0.025421656668186188,0.006161404307931662
000966_JPG_jpg.rf.87fa55fbebc4989000b890b88765c712.jpg,0,0.7399929165840149,0.1687280684709549,0.036690641194581985,0.03896012902259827,0.0056074438616633415
000966_JPG_jpg.rf.87fa55fbebc4989000b890b88765c712.jpg,0,0.09299605339765549,0.12646080553531647,0.06462813168764114,0.03208945319056511,0.005092823877930641
000966_JPG_jpg.rf.87fa55fbebc4989000b890b88765c712.jpg,0,0.42739298939704895,0.5021326541900635,0.022833898663520813,0.024186061695218086,0.005054352805018425
000966_JPG_jpg.rf.87fa55fbebc4989000b890b88765c712.jpg,0,0.5616034865379333,0.4761181175708771,0.030289137735962868,0.021401772275567055,0.004906744230538607
000966_JPG_jpg.rf.87fa55fbebc4989000b890b88765c712.jpg,0,0.6554156541824341,0.4236035943031311,0.051945760846138,0.035684734582901,0.004595182836055756
000966_JPG_jpg.rf.87fa55fbebc4989000b890b88765c712.jpg,1,0.9305431842803955,0.006500320043414831,0.05271163582801819,0.012948630377650261,0.004565270617604256
000966_JPG_jpg.rf.87fa55fbebc4989000b890b88765c712.jpg,0,0.5554434061050415,0.4914936423301697,0.033476170152425766,0.018405547365546227,0.004518455825746059
000966_JPG_jpg.rf.87fa55fbebc4989000b890b88765c712.jpg,0,0.7358684539794922,0.5021191835403442,0.048643261194229126,0.028570102527737617,0.0040004984475672245
000966_JPG_jpg.rf.87fa55fbebc4989000b890b88765c712.jpg,0,0.45201772451400757,0.5038963556289673,0.027889253571629524,0.02045411430299282,0.0037573801819235086
000966_JPG_jpg.rf.87fa55fbebc4989000b890b88765c712.jpg,0,0.47779467701911926,0.4721093475818634,0.021935390308499336,0.021016929298639297,0.0036825411953032017
000966_JPG_jpg.rf.87fa55fbebc4989000b890b88765c712.jpg,0,0.4451657831668854,0.4745462238788605,0.015796516090631485,0.03741455078125,0.003676412394270301
000966_JPG_jpg.rf.87fa55fbebc4989000b890b88765c712.jpg,0,0.5040143132209778,0.4740297794342041,0.028838379308581352,0.019008930772542953,0.0036281885113567114
000966_JPG_jpg.rf.87fa55fbebc4989000b890b88765c712.jpg,0,0.18937838077545166,0.26131248474121094,0.03040427528321743,0.04237208142876625,0.0034992292057722807
000966_JPG_jpg.rf.87fa55fbebc4989000b890b88765c712.jpg,1,0.879880964756012,0.007455204147845507,0.05997394025325775,0.014910408295691013,0.0034707069862633944
000966_JPG_jpg.rf.87fa55fbebc4989000b890b88765c712.jpg,1,0.8984243273735046,0.006538040470331907,0.08301955461502075,0.013076080940663815,0.0031961256172508
000966_JPG_jpg.rf.87fa55fbebc4989000b890b88765c712.jpg,0,0.5702371001243591,0.4943963885307312,0.028321780264377594,0.021753018721938133,0.0031260207761079073
000966_JPG_jpg.rf.87fa55fbebc4989000b890b88765c712.jpg,1,0.1790488362312317,0.508673369884491,0.046239230781793594,0.042313285171985626,0.002837149193510413
000966_JPG_jpg.rf.87fa55fbebc4989000b890b88765c712.jpg,1,0.737466037273407,0.46305930614471436,0.045965489000082016,0.03409085050225258,0.002699285978451371
000966_JPG_jpg.rf.87fa55fbebc4989000b890b88765c712.jpg,0,0.4219023287296295,0.4873630702495575,0.03348761424422264,0.027532432228326797,0.0026597371324896812
000966_JPG_jpg.rf.87fa55fbebc4989000b890b88765c712.jpg,0,0.7411466836929321,0.49465423822402954,0.04011594504117966,0.030355455353856087,0.0026421253569424152
000966_JPG_jpg.rf.87fa55fbebc4989000b890b88765c712.jpg,0,0.5206523537635803,0.4720969498157501,0.021945366635918617,0.029911482706665993,0.0026324524078518152
000966_JPG_jpg.rf.87fa55fbebc4989000b890b88765c712.jpg,0,0.38744208216667175,0.3560481071472168,0.03179887682199478,0.019450774416327477,0.0025707348249852657
000966_JPG_jpg.rf.87fa55fbebc4989000b890b88765c712.jpg,0,0.4894578754901886,0.46201103925704956,0.020529968664050102,0.02586841769516468,0.0025694023352116346
000966_JPG_jpg.rf.87fa55fbebc4989000b890b88765c712.jpg,0,0.6541727781295776,0.4047115445137024,0.05035063251852989,0.024282382801175117,0.002553864847868681
000966_JPG_jpg.rf.87fa55fbebc4989000b890b88765c712.jpg,0,0.5618465542793274,0.4609966576099396,0.044808387756347656,0.022543247789144516,0.0024740586522966623
000966_JPG_jpg.rf.87fa55fbebc4989000b890b88765c712.jpg,0,0.18760894238948822,0.24769440293312073,0.03426218032836914,0.05563156679272652,0.0024270443245768547
000966_JPG_jpg.rf.87fa55fbebc4989000b890b88765c712.jpg,1,0.5957258939743042,0.43618354201316833,0.04115651175379753,0.02286001481115818,0.0022909522522240877
000966_JPG_jpg.rf.87fa55fbebc4989000b890b88765c712.jpg,1,0.7716569900512695,0.44802960753440857,0.05417706444859505,0.025891084223985672,0.002199216280132532
000966_JPG_jpg.rf.87fa55fbebc4989000b890b88765c712.jpg,0,0.9877963662147522,0.049866754561662674,0.024043744429945946,0.09973350912332535,0.0021811716724187136
000966_JPG_jpg.rf.87fa55fbebc4989000b890b88765c712.jpg,0,0.37797656655311584,0.010060904547572136,0.05014470964670181,0.019811121746897697,0.00214593717828393
000966_JPG_jpg.rf.87fa55fbebc4989000b890b88765c712.jpg,7,0.5292658805847168,0.5245633721351624,0.941468358039856,0.9508733153343201,0.0020579667761921883
000966_JPG_jpg.rf.87fa55fbebc4989000b890b88765c712.jpg,0,0.5738929510116577,0.45916157960891724,0.04150332137942314,0.02434576489031315,0.0020430253352969885
000966_JPG_jpg.rf.87fa55fbebc4989000b890b88765c712.jpg,0,0.4236834645271301,0.4885057210922241,0.02825443632900715,0.017202597111463547,0.002034718170762062
000966_JPG_jpg.rf.87fa55fbebc4989000b890b88765c712.jpg,1,0.3730415403842926,0.011881686747074127,0.053811367601156235,0.02327238768339157,0.0019632845651358366
000966_JPG_jpg.rf.87fa55fbebc4989000b890b88765c712.jpg,0,0.23717279732227325,0.12459936738014221,0.15166957676410675,0.045570485293865204,0.0017183045856654644
000966_JPG_jpg.rf.87fa55fbebc4989000b890b88765c712.jpg,1,0.735175371170044,0.46635541319847107,0.04626728966832161,0.021724848076701164,0.0016688250470906496
000966_JPG_jpg.rf.87fa55fbebc4989000b890b88765c712.jpg,0,0.4700101912021637,0.49369868636131287,0.02084365300834179,0.026864126324653625,0.0016346274642273784
000966_JPG_jpg.rf.87fa55fbebc4989000b890b88765c712.jpg,1,0.780285656452179,0.4682939648628235,0.058062922209501266,0.01989196054637432,0.001603234326466918
000966_JPG_jpg.rf.87fa55fbebc4989000b890b88765c712.jpg,1,0.019900469109416008,0.48090988397598267,0.02767096273601055,0.051039330661296844,0.0016024267533794045
000966_JPG_jpg.rf.87fa55fbebc4989000b890b88765c712.jpg,1,0.5808137059211731,0.49627363681793213,0.021037762984633446,0.02381926402449608,0.0015956356655806303
000966_JPG_jpg.rf.87fa55fbebc4989000b890b88765c712.jpg,1,0.9896973967552185,0.469711571931839,0.020605308935046196,0.040976524353027344,0.0015730522572994232
000966_JPG_jpg.rf.87fa55fbebc4989000b890b88765c712.jpg,1,0.7847852110862732,0.37929850816726685,0.052435655146837234,0.020203370600938797,0.0014716878067702055
000966_JPG_jpg.rf.87fa55fbebc4989000b890b88765c712.jpg,0,0.6423447728157043,0.4272594749927521,0.054599177092313766,0.03408358618617058,0.0013185631250962615
000966_JPG_jpg.rf.87fa55fbebc4989000b890b88765c712.jpg,1,0.6470303535461426,0.3522401750087738,0.049780480563640594,0.024778220802545547,0.0012969885719940066
000966_JPG_jpg.rf.87fa55fbebc4989000b890b88765c712.jpg,0,0.3799719512462616,0.4831324815750122,0.027939284220337868,0.03215701878070831,0.0012472502421587706
000966_JPG_jpg.rf.87fa55fbebc4989000b890b88765c712.jpg,0,0.5135780572891235,0.46100038290023804,0.0170444343239069,0.02615070529282093,0.0011769633274525404
000966_JPG_jpg.rf.87fa55fbebc4989000b890b88765c712.jpg,1,0.6974814534187317,0.43602707982063293,0.029534853994846344,0.03364548459649086,0.0011719156755134463
000966_JPG_jpg.rf.87fa55fbebc4989000b890b88765c712.jpg,0,0.38562455773353577,0.4742550253868103,0.020434454083442688,0.02347836270928383,0.0010813032276928425
000966_JPG_jpg.rf.87fa55fbebc4989000b890b88765c712.jpg,1,0.69681316614151,0.4711076021194458,0.031197182834148407,0.02045455388724804,0.001047980971634388
000967_jpg.rf.c03a4af67b2c09d534327ef7de40de4c.jpg,1,0.6398321390151978,0.0986473336815834,0.023033875972032547,0.09718704223632812,0.825981855392456
000967_jpg.rf.c03a4af67b2c09d534327ef7de40de4c.jpg,1,0.806988537311554,0.09025302529335022,0.02733348123729229,0.10505698621273041,0.7893567681312561
000967_jpg.rf.c03a4af67b2c09d534327ef7de40de4c.jpg,5,0.7563665509223938,0.6429733633995056,0.051601264625787735,0.07534423470497131,0.25734981894493103
000967_jpg.rf.c03a4af67b2c09d534327ef7de40de4c.jpg,0,0.4656559228897095,0.05932387337088585,0.01742003671824932,0.03814677149057388,0.051966480910778046
000967_jpg.rf.c03a4af67b2c09d534327ef7de40de4c.jpg,1,0.02295120432972908,0.027264075353741646,0.04114346578717232,0.05141562595963478,0.01670200005173683
000967_jpg.rf.c03a4af67b2c09d534327ef7de40de4c.jpg,1,0.643336832523346,0.09875176101922989,0.038997650146484375,0.10524601489305496,0.015313450247049332
000967_jpg.rf.c03a4af67b2c09d534327ef7de40de4c.jpg,1,0.16680710017681122,0.008089141920208931,0.05473489314317703,0.015806665644049644,0.011622324585914612
000967_jpg.rf.c03a4af67b2c09d534327ef7de40de4c.jpg,0,0.17804549634456635,0.12790797650814056,0.026218893006443977,0.07169624418020248,0.00984191708266735
000967_jpg.rf.c03a4af67b2c09d534327ef7de40de4c.jpg,1,0.23077775537967682,0.3124982416629791,0.015415669418871403,0.05672968551516533,0.008714571595191956
000967_jpg.rf.c03a4af67b2c09d534327ef7de40de4c.jpg,1,0.4651162624359131,0.029323000460863113,0.015563084743916988,0.055941108614206314,0.00699383020401001
000967_jpg.rf.c03a4af67b2c09d534327ef7de40de4c.jpg,1,0.8135969042778015,0.09229546785354614,0.026055557653307915,0.09984105080366135,0.006868808064609766
000967_jpg.rf.c03a4af67b2c09d534327ef7de40de4c.jpg,0,0.015320895239710808,0.23943862318992615,0.0282555241137743,0.08017125725746155,0.006454704329371452
000967_jpg.rf.c03a4af67b2c09d534327ef7de40de4c.jpg,1,0.025663377717137337,0.06724435836076736,0.03152627497911453,0.13448871672153473,0.005839941557496786
000967_jpg.rf.c03a4af67b2c09d534327ef7de40de4c.jpg,1,0.22755037248134613,0.3122110366821289,0.013218733482062817,0.04599256068468094,0.005556708201766014
000967_jpg.rf.c03a4af67b2c09d534327ef7de40de4c.jpg,1,0.4646349847316742,0.011203916743397713,0.01827005296945572,0.02229415811598301,0.005460300017148256
000967_jpg.rf.c03a4af67b2c09d534327ef7de40de4c.jpg,1,0.15680834650993347,0.013550004921853542,0.04369065538048744,0.0263211689889431,0.005094580817967653
000967_jpg.rf.c03a4af67b2c09d534327ef7de40de4c.jpg,0,0.18434187769889832,0.13701756298542023,0.019561180844902992,0.05783592909574509,0.0035274503752589226
000967_jpg.rf.c03a4af67b2c09d534327ef7de40de4c.jpg,1,0.4653428792953491,0.043106891214847565,0.013326498679816723,0.06629874557256699,0.002783373463898897
000967_jpg.rf.c03a4af67b2c09d534327ef7de40de4c.jpg,0,0.34768474102020264,0.06915754824876785,0.018141087144613266,0.03693389892578125,0.0025954809971153736
000967_jpg.rf.c03a4af67b2c09d534327ef7de40de4c.jpg,1,0.7021897435188293,0.09873747825622559,0.04030844196677208,0.0813203826546669,0.0025384642649441957
000967_jpg.rf.c03a4af67b2c09d534327ef7de40de4c.jpg,1,0.17609107494354248,0.005883709993213415,0.02981666475534439,0.01176741998642683,0.002499515190720558
000967_jpg.rf.c03a4af67b2c09d534327ef7de40de4c.jpg,1,0.28125032782554626,0.010886243544518948,0.022389046847820282,0.020742710679769516,0.002386843552812934
000967_jpg.rf.c03a4af67b2c09d534327ef7de40de4c.jpg,0,0.1709051877260208,0.014492982998490334,0.050429567694664,0.02868570201098919,0.002270323922857642
000967_jpg.rf.c03a4af67b2c09d534327ef7de40de4c.jpg,1,0.1854589730501175,0.021616024896502495,0.04272937774658203,0.040260545909404755,0.0017139242263510823
000967_jpg.rf.c03a4af67b2c09d534327ef7de40de4c.jpg,3,0.7637041807174683,0.7556639909744263,0.05167653039097786,0.0839177668094635,0.0016562024829909205
000967_jpg.rf.c03a4af67b2c09d534327ef7de40de4c.jpg,0,0.35169902443885803,0.20203642547130585,0.015987543389201164,0.017397770658135414,0.0014440639642998576
000967_jpg.rf.c03a4af67b2c09d534327ef7de40de4c.jpg,0,0.22184321284294128,0.15316835045814514,0.014253176748752594,0.05594659224152565,0.0012902496382594109
000967_jpg.rf.c03a4af67b2c09d534327ef7de40de4c.jpg,1,0.29409724473953247,0.00992561224848032,0.02632126584649086,0.01985122449696064,0.0012890618527308106
000967_jpg.rf.c03a4af67b2c09d534327ef7de40de4c.jpg,0,0.464461088180542,0.03779623657464981,0.01997074857354164,0.07119186967611313,0.0011459995293989778
000967_jpg.rf.c03a4af67b2c09d534327ef7de40de4c.jpg,1,0.46047812700271606,0.02044469676911831,0.017731813713908195,0.04037521407008171,0.0011070026084780693
000983_JPG_jpg.rf.435a52389bec50fc37b8d83dc287f3ed.jpg,0,0.5893511772155762,0.058424584567546844,0.28787216544151306,0.08064031600952148,0.9230753779411316
000983_JPG_jpg.rf.435a52389bec50fc37b8d83dc287f3ed.jpg,0,0.24796876311302185,0.42321494221687317,0.09997353702783585,0.031118247658014297,0.6845563054084778
000983_JPG_jpg.rf.435a52389bec50fc37b8d83dc287f3ed.jpg,0,0.2711296081542969,0.42599502205848694,0.06023212894797325,0.033372219651937485,0.2809469401836395
000983_JPG_jpg.rf.435a52389bec50fc37b8d83dc287f3ed.jpg,0,0.2816590666770935,0.4233303368091583,0.04037141799926758,0.030294565483927727,0.23994868993759155
000983_JPG_jpg.rf.435a52389bec50fc37b8d83dc287f3ed.jpg,1,0.4311527609825134,0.4887341856956482,0.02297188714146614,0.0129127511754632,0.011516168713569641
000983_JPG_jpg.rf.435a52389bec50fc37b8d83dc287f3ed.jpg,0,0.8813875913619995,0.2939869165420532,0.04606584459543228,0.022545522078871727,0.008314394392073154
000983_JPG_jpg.rf.435a52389bec50fc37b8d83dc287f3ed.jpg,1,0.4756772816181183,0.4777868986129761,0.041695669293403625,0.017890343442559242,0.0069415634498000145
000983_JPG_jpg.rf.435a52389bec50fc37b8d83dc287f3ed.jpg,0,0.9177083373069763,0.01203822810202837,0.15504808723926544,0.02382478676736355,0.006097504869103432
000983_JPG_jpg.rf.435a52389bec50fc37b8d83dc287f3ed.jpg,1,0.4278498589992523,0.4932102560997009,0.02663429081439972,0.019097402691841125,0.005330768879503012
000983_JPG_jpg.rf.435a52389bec50fc37b8d83dc287f3ed.jpg,0,0.9008806943893433,0.017189737409353256,0.165175661444664,0.03335622325539589,0.004610464908182621
000983_JPG_jpg.rf.435a52389bec50fc37b8d83dc287f3ed.jpg,1,0.47789475321769714,0.48296844959259033,0.043161541223526,0.022490575909614563,0.0033420983236283064
000983_JPG_jpg.rf.435a52389bec50fc37b8d83dc287f3ed.jpg,0,0.31213289499282837,0.5864098072052002,0.022692827507853508,0.017128724604845047,0.003120134584605694
000983_JPG_jpg.rf.435a52389bec50fc37b8d83dc287f3ed.jpg,1,0.9946439266204834,0.3607509434223175,0.010712330229580402,0.0529840923845768,0.00299142487347126
000983_JPG_jpg.rf.435a52389bec50fc37b8d83dc287f3ed.jpg,0,0.9421090483665466,0.010833337903022766,0.1026916578412056,0.021137088537216187,0.002807662123814225
000983_JPG_jpg.rf.435a52389bec50fc37b8d83dc287f3ed.jpg,1,0.38209792971611023,0.4651010036468506,0.016564296558499336,0.01850898563861847,0.0027053349185734987
000983_JPG_jpg.rf.435a52389bec50fc37b8d83dc287f3ed.jpg,0,0.188458651304245,0.011464846320450306,0.08332271128892899,0.022929692640900612,0.0023851788137108088
000983_JPG_jpg.rf.435a52389bec50fc37b8d83dc287f3ed.jpg,1,0.4686794579029083,0.48386895656585693,0.045871734619140625,0.019669974222779274,0.0023274379782378674
000983_JPG_jpg.rf.435a52389bec50fc37b8d83dc287f3ed.jpg,1,0.19046294689178467,0.011260765604674816,0.08367395401000977,0.022251145914196968,0.0020731831900775433
000983_JPG_jpg.rf.435a52389bec50fc37b8d83dc287f3ed.jpg,1,0.8747013211250305,0.014380031265318394,0.1893180012702942,0.0283404178917408,0.0017183772288262844
000983_JPG_jpg.rf.435a52389bec50fc37b8d83dc287f3ed.jpg,0,0.9042691588401794,0.007613449357450008,0.15962865948677063,0.01481250487267971,0.001666780561208725
000983_JPG_jpg.rf.435a52389bec50fc37b8d83dc287f3ed.jpg,0,0.2619887888431549,0.596962571144104,0.030116118490695953,0.021193359047174454,0.0014997133985161781
000983_JPG_jpg.rf.435a52389bec50fc37b8d83dc287f3ed.jpg,1,0.38220229744911194,0.4634922742843628,0.01869231089949608,0.0330151803791523,0.0013647439191117883
000983_JPG_jpg.rf.435a52389bec50fc37b8d83dc287f3ed.jpg,0,0.24691252410411835,0.43188679218292236,0.10917190462350845,0.045180544257164,0.0013627437874674797
000983_JPG_jpg.rf.435a52389bec50fc37b8d83dc287f3ed.jpg,0,0.4798101782798767,0.4904385209083557,0.03738630935549736,0.020692972466349602,0.0013217207742854953
000983_JPG_jpg.rf.435a52389bec50fc37b8d83dc287f3ed.jpg,0,0.4652278423309326,0.48039764165878296,0.056697700172662735,0.013229443691670895,0.0012873612577095628
000983_JPG_jpg.rf.435a52389bec50fc37b8d83dc287f3ed.jpg,1,0.4622916281223297,0.49304428696632385,0.041514839977025986,0.018492259085178375,0.00111765053588897
000985_JPG_jpg.rf.858faffcae4167e233b829d2f744f34f.jpg,0,0.3204585611820221,0.11316082626581192,0.13304094970226288,0.0479762926697731,0.9020546078681946
000985_JPG_jpg.rf.858faffcae4167e233b829d2f744f34f.jpg,1,0.5407238006591797,0.3921455144882202,0.03573879972100258,0.016119223088026047,0.014528784900903702
000985_JPG_jpg.rf.858faffcae4167e233b829d2f744f34f.jpg,1,0.5335042476654053,0.38925957679748535,0.03955532982945442,0.01808122545480728,0.009386752732098103
000985_JPG_jpg.rf.858faffcae4167e233b829d2f744f34f.jpg,0,0.9546189308166504,0.023233171552419662,0.0742957815527916,0.046466343104839325,0.004553592763841152
000985_JPG_jpg.rf.858faffcae4167e233b829d2f744f34f.jpg,1,0.2359239161014557,0.02825266495347023,0.04034750536084175,0.05641999468207359,0.0021787818986922503
000985_JPG_jpg.rf.858faffcae4167e233b829d2f744f34f.jpg,1,0.5427253246307373,0.3962963819503784,0.03706814721226692,0.020318031311035156,0.002035975456237793
000985_JPG_jpg.rf.858faffcae4167e233b829d2f744f34f.jpg,0,0.5249693393707275,0.39155447483062744,0.03984730318188667,0.017633071169257164,0.0020247434731572866
000985_JPG_jpg.rf.858faffcae4167e233b829d2f744f34f.jpg,0,0.7263961434364319,0.15019185841083527,0.02299969084560871,0.039930254220962524,0.001623766147531569
000985_JPG_jpg.rf.858faffcae4167e233b829d2f744f34f.jpg,0,0.0159293282777071,0.2905873656272888,0.0318586565554142,0.08379652351140976,0.0015683128731325269
000985_JPG_jpg.rf.858faffcae4167e233b829d2f744f34f.jpg,0,0.6905983090400696,0.427855908870697,0.05316866561770439,0.037333857268095016,0.0014641686575487256
000985_JPG_jpg.rf.858faffcae4167e233b829d2f744f34f.jpg,0,0.3431939482688904,0.11253799498081207,0.08806353807449341,0.05617998540401459,0.001195229240693152
000985_JPG_jpg.rf.858faffcae4167e233b829d2f744f34f.jpg,0,0.388910174369812,0.48447495698928833,0.020552268251776695,0.02423315867781639,0.0011746286181733012
000985_JPG_jpg.rf.858faffcae4167e233b829d2f744f34f.jpg,0,0.7383533120155334,0.42121708393096924,0.05196116864681244,0.030798472464084625,0.0010340913431718946
000989_JPG_jpg.rf.190d2ec887677882e3d1c869a542aa26.jpg,0,0.42101216316223145,0.1583540439605713,0.19247554242610931,0.08850160241127014,0.906207799911499
000989_JPG_jpg.rf.190d2ec887677882e3d1c869a542aa26.jpg,0,0.2719847559928894,0.5812575817108154,0.04166713356971741,0.019371766597032547,0.6448565721511841
000989_JPG_jpg.rf.190d2ec887677882e3d1c869a542aa26.jpg,0,0.8312912583351135,0.5433274507522583,0.060840021818876266,0.023440655320882797,0.33777010440826416
000989_JPG_jpg.rf.190d2ec887677882e3d1c869a542aa26.jpg,0,0.28242507576942444,0.5749390721321106,0.036054760217666626,0.028594311326742172,0.062459688633680344
000989_JPG_jpg.rf.190d2ec887677882e3d1c869a542aa26.jpg,1,0.37004947662353516,0.6091685891151428,0.02047949656844139,0.022260665893554688,0.058998268097639084
000989_JPG_jpg.rf.190d2ec887677882e3d1c869a542aa26.jpg,0,0.2769010663032532,0.5837677121162415,0.03388764336705208,0.030328091233968735,0.05013039708137512
000989_JPG_jpg.rf.190d2ec887677882e3d1c869a542aa26.jpg,1,0.29047006368637085,0.5776531100273132,0.02571054734289646,0.04029839113354683,0.048993080854415894
000989_JPG_jpg.rf.190d2ec887677882e3d1c869a542aa26.jpg,1,0.2877765893936157,0.5716841816902161,0.035772692412137985,0.03353859856724739,0.030785761773586273
000989_JPG_jpg.rf.190d2ec887677882e3d1c869a542aa26.jpg,1,0.790208101272583,0.6161842346191406,0.020997855812311172,0.021674523130059242,0.02606898918747902
000989_JPG_jpg.rf.190d2ec887677882e3d1c869a542aa26.jpg,0,0.26916974782943726,0.5765282511711121,0.04949144273996353,0.02022838592529297,0.02458007074892521
000989_JPG_jpg.rf.190d2ec887677882e3d1c869a542aa26.jpg,1,0.7171463966369629,0.3719038665294647,0.028316792100667953,0.023993419483304024,0.024242201820015907
000989_JPG_jpg.rf.190d2ec887677882e3d1c869a542aa26.jpg,1,0.7162532806396484,0.37593093514442444,0.03928683325648308,0.019198492169380188,0.018809784203767776
000989_JPG_jpg.rf.190d2ec887677882e3d1c869a542aa26.jpg,0,0.8764374256134033,0.5440447330474854,0.02209179289638996,0.017305081710219383,0.014183240942656994
000989_JPG_jpg.rf.190d2ec887677882e3d1c869a542aa26.jpg,1,0.3547976016998291,0.5986391305923462,0.026068175211548805,0.016814526170492172,0.01379310805350542
000989_JPG_jpg.rf.190d2ec887677882e3d1c869a542aa26.jpg,1,0.40383094549179077,0.5507218837738037,0.02240738645195961,0.01766718365252018,0.013014246709644794
000989_JPG_jpg.rf.190d2ec887677882e3d1c869a542aa26.jpg,0,0.8224750757217407,0.5409013032913208,0.04904086887836456,0.021040916442871094,0.011726311407983303
000989_JPG_jpg.rf.190d2ec887677882e3d1c869a542aa26.jpg,0,0.2591847777366638,0.5817405581474304,0.061725400388240814,0.019741792231798172,0.01082063838839531
000989_JPG_jpg.rf.190d2ec887677882e3d1c869a542aa26.jpg,0,0.26493290066719055,0.5851544737815857,0.04755431041121483,0.027768943458795547,0.010064471513032913
000989_JPG_jpg.rf.190d2ec887677882e3d1c869a542aa26.jpg,0,0.23528936505317688,0.5828852653503418,0.04942893981933594,0.028423236683011055,0.009694906882941723
000989_JPG_jpg.rf.190d2ec887677882e3d1c869a542aa26.jpg,1,0.40736663341522217,0.6287969946861267,0.01637737639248371,0.026808226481080055,0.009385640732944012
000989_JPG_jpg.rf.190d2ec887677882e3d1c869a542aa26.jpg,0,0.13410651683807373,0.5919690132141113,0.036301374435424805,0.024437539279460907,0.009054776281118393
000989_JPG_jpg.rf.190d2ec887677882e3d1c869a542aa26.jpg,0,0.8714672327041626,0.5456012487411499,0.015671217814087868,0.022398803383111954,0.008616692386567593
000989_JPG_jpg.rf.190d2ec887677882e3d1c869a542aa26.jpg,1,0.39688852429389954,0.5462992787361145,0.03317436948418617,0.012836750596761703,0.007821100763976574
000989_JPG_jpg.rf.190d2ec887677882e3d1c869a542aa26.jpg,0,0.8070185780525208,0.5457925796508789,0.042168837040662766,0.01658351719379425,0.007506593596190214
000989_JPG_jpg.rf.190d2ec887677882e3d1c869a542aa26.jpg,0,0.9929398894309998,0.4848797023296356,0.014120175503194332,0.04884008318185806,0.0073196799494326115
000989_JPG_jpg.rf.190d2ec887677882e3d1c869a542aa26.jpg,0,0.23819205164909363,0.5762338638305664,0.04497711732983589,0.02732592448592186,0.007084527984261513
000989_JPG_jpg.rf.190d2ec887677882e3d1c869a542aa26.jpg,0,0.9846814870834351,0.6296214461326599,0.030137283727526665,0.028112119063735008,0.006871563848108053
000989_JPG_jpg.rf.190d2ec887677882e3d1c869a542aa26.jpg,1,0.37306442856788635,0.6155483722686768,0.016381777822971344,0.03595469519495964,0.006815086118876934
000989_JPG_jpg.rf.190d2ec887677882e3d1c869a542aa26.jpg,0,0.5099853277206421,0.4962296783924103,0.01956683024764061,0.013271772302687168,0.006310309283435345
000989_JPG_jpg.rf.190d2ec887677882e3d1c869a542aa26.jpg,0,0.3796651065349579,0.6091047525405884,0.023219697177410126,0.02172880992293358,0.006180142983794212
000989_JPG_jpg.rf.190d2ec887677882e3d1c869a542aa26.jpg,0,0.5137060880661011,0.49317118525505066,0.024924499914050102,0.012258090078830719,0.006030091550201178
000989_JPG_jpg.rf.190d2ec887677882e3d1c869a542aa26.jpg,0,0.13600988686084747,0.6100802421569824,0.036936577409505844,0.029756693169474602,0.005910676438361406
000989_JPG_jpg.rf.190d2ec887677882e3d1c869a542aa26.jpg,1,0.7808477282524109,0.6170235872268677,0.032266765832901,0.020403936505317688,0.005809272639453411
000989_JPG_jpg.rf.190d2ec887677882e3d1c869a542aa26.jpg,0,0.14365868270397186,0.588913083076477,0.035682570189237595,0.025954173877835274,0.005760317202657461
000989_JPG_jpg.rf.190d2ec887677882e3d1c869a542aa26.jpg,0,0.9871547818183899,0.6067273020744324,0.02534000761806965,0.015103267505764961,0.0057039703242480755
000989_JPG_jpg.rf.190d2ec887677882e3d1c869a542aa26.jpg,0,0.28934597969055176,0.5731701850891113,0.026425141841173172,0.025185365229845047,0.005635598674416542
000989_JPG_jpg.rf.190d2ec887677882e3d1c869a542aa26.jpg,1,0.4008074104785919,0.5625262260437012,0.021644227206707,0.02199503220617771,0.005355116445571184
000989_JPG_jpg.rf.190d2ec887677882e3d1c869a542aa26.jpg,0,0.13742506504058838,0.5498844385147095,0.03885830566287041,0.017681049183011055,0.0048722513020038605
000989_JPG_jpg.rf.190d2ec887677882e3d1c869a542aa26.jpg,1,0.4022946059703827,0.5484609603881836,0.029528839513659477,0.011054699309170246,0.0044943541288375854
000989_JPG_jpg.rf.190d2ec887677882e3d1c869a542aa26.jpg,0,0.3845983147621155,0.6002274751663208,0.023158662021160126,0.020012343302369118,0.004427818581461906
000989_JPG_jpg.rf.190d2ec887677882e3d1c869a542aa26.jpg,0,0.3105764091014862,0.5475202202796936,0.037990059703588486,0.018938211724162102,0.004102488048374653
000989_JPG_jpg.rf.190d2ec887677882e3d1c869a542aa26.jpg,0,0.24964986741542816,0.573753297328949,0.04281425476074219,0.017390472814440727,0.003899583825841546
000989_JPG_jpg.rf.190d2ec887677882e3d1c869a542aa26.jpg,0,0.8097278475761414,0.39315176010131836,0.04894784837961197,0.03143750876188278,0.003829481080174446
000989_JPG_jpg.rf.190d2ec887677882e3d1c869a542aa26.jpg,1,0.38795697689056396,0.5487555265426636,0.03074668161571026,0.01705668494105339,0.0036279906053096056
000989_JPG_jpg.rf.190d2ec887677882e3d1c869a542aa26.jpg,0,0.3724336624145508,0.6092731356620789,0.01866120658814907,0.020138373598456383,0.003367934376001358
000989_JPG_jpg.rf.190d2ec887677882e3d1c869a542aa26.jpg,1,0.27960091829299927,0.531073808670044,0.028984583914279938,0.02240254357457161,0.00327640981413424
000989_JPG_jpg.rf.190d2ec887677882e3d1c869a542aa26.jpg,0,0.1542835831642151,0.5845229029655457,0.02722780592739582,0.02463795617222786,0.003141184104606509
000989_JPG_jpg.rf.190d2ec887677882e3d1c869a542aa26.jpg,0,0.23111385107040405,0.5811967253684998,0.042003560811281204,0.018731338903307915,0.00291637540794909
000989_JPG_jpg.rf.190d2ec887677882e3d1c869a542aa26.jpg,0,0.38184383511543274,0.5433685183525085,0.01858234405517578,0.01657845452427864,0.002830390352755785
000989_JPG_jpg.rf.190d2ec887677882e3d1c869a542aa26.jpg,1,0.7938810586929321,0.39931702613830566,0.03690895810723305,0.026828033849596977,0.0027129848022013903
000989_JPG_jpg.rf.190d2ec887677882e3d1c869a542aa26.jpg,0,0.3481040894985199,0.6060413718223572,0.034672077745199203,0.016101984307169914,0.002695908537134528
000989_JPG_jpg.rf.190d2ec887677882e3d1c869a542aa26.jpg,0,0.8010120987892151,0.39826133847236633,0.04486025497317314,0.024366306141018867,0.0025587426498532295
000989_JPG_jpg.rf.190d2ec887677882e3d1c869a542aa26.jpg,0,0.9835458397865295,0.6197186708450317,0.032738760113716125,0.04065612703561783,0.002343331929296255
000989_JPG_jpg.rf.190d2ec887677882e3d1c869a542aa26.jpg,0,0.13297221064567566,0.5994033813476562,0.02989039197564125,0.038179654628038406,0.0023365316446870565
000989_JPG_jpg.rf.190d2ec887677882e3d1c869a542aa26.jpg,1,0.7894320487976074,0.6150243878364563,0.0411674790084362,0.025233270600438118,0.0022854318376630545
000989_JPG_jpg.rf.190d2ec887677882e3d1c869a542aa26.jpg,0,0.991716742515564,0.503350555896759,0.016566643491387367,0.0219268798828125,0.002174692926928401
000989_JPG_jpg.rf.190d2ec887677882e3d1c869a542aa26.jpg,0,0.2898674011230469,0.5414633750915527,0.04162517189979553,0.0231500044465065,0.002163766883313656
000989_JPG_jpg.rf.190d2ec887677882e3d1c869a542aa26.jpg,1,0.7265105247497559,0.37277594208717346,0.04265579953789711,0.02309410460293293,0.0020829043351113796
000989_JPG_jpg.rf.190d2ec887677882e3d1c869a542aa26.jpg,0,0.3463272154331207,0.59744793176651,0.029679812490940094,0.015409543178975582,0.0020338594913482666
000989_JPG_jpg.rf.190d2ec887677882e3d1c869a542aa26.jpg,0,0.3498411178588867,0.5938461422920227,0.030989134684205055,0.01804307848215103,0.001865226193331182
000989_JPG_jpg.rf.190d2ec887677882e3d1c869a542aa26.jpg,0,0.803372859954834,0.38834279775619507,0.045309655368328094,0.033441103994846344,0.0017440045485273004
000989_JPG_jpg.rf.190d2ec887677882e3d1c869a542aa26.jpg,0,0.827674150466919,0.39796292781829834,0.06284596771001816,0.03127061575651169,0.0016480011399835348
000989_JPG_jpg.rf.190d2ec887677882e3d1c869a542aa26.jpg,1,0.39218148589134216,0.5680240392684937,0.024179313331842422,0.012694799341261387,0.001425337279215455
000989_JPG_jpg.rf.190d2ec887677882e3d1c869a542aa26.jpg,0,0.21961091458797455,0.5829939842224121,0.05683066323399544,0.020226625725626945,0.001395885949023068
000989_JPG_jpg.rf.190d2ec887677882e3d1c869a542aa26.jpg,0,0.5126404166221619,0.543016254901886,0.023537123575806618,0.02200031280517578,0.001391703961417079
000989_JPG_jpg.rf.190d2ec887677882e3d1c869a542aa26.jpg,0,0.39551904797554016,0.6091809868812561,0.027098216116428375,0.022734422236680984,0.0013735729735344648
000989_JPG_jpg.rf.190d2ec887677882e3d1c869a542aa26.jpg,0,0.29950031638145447,0.547472357749939,0.05479666218161583,0.021244416013360023,0.0012775814393535256
000989_JPG_jpg.rf.190d2ec887677882e3d1c869a542aa26.jpg,0,0.3988769054412842,0.6120423674583435,0.022766554728150368,0.018364539369940758,0.0012488634092733264
000989_JPG_jpg.rf.190d2ec887677882e3d1c869a542aa26.jpg,1,0.14663119614124298,0.4926259517669678,0.025092272087931633,0.05147039145231247,0.0011960052652284503
000989_JPG_jpg.rf.190d2ec887677882e3d1c869a542aa26.jpg,1,0.360657274723053,0.5720936059951782,0.021082952618598938,0.015732984989881516,0.0011623690370470285
000989_JPG_jpg.rf.190d2ec887677882e3d1c869a542aa26.jpg,0,0.9863024353981018,0.6677267551422119,0.02558356150984764,0.040276896208524704,0.0011264601489529014
000989_JPG_jpg.rf.190d2ec887677882e3d1c869a542aa26.jpg,1,0.2989650368690491,0.5691478252410889,0.04175619035959244,0.026388170197606087,0.0010912606958299875
000989_JPG_jpg.rf.190d2ec887677882e3d1c869a542aa26.jpg,0,0.2862551808357239,0.5435172319412231,0.02663777582347393,0.030446641147136688,0.001004983438178897
000994_jpg.rf.a4d87f8cd54a7a19e0081461e279a335.jpg,0,0.4571589231491089,0.8607048988342285,0.031375594437122345,0.1320618838071823,0.8591153025627136
000994_jpg.rf.a4d87f8cd54a7a19e0081461e279a335.jpg,0,0.007779544685035944,0.8770619034767151,0.015559089370071888,0.12280185520648956,0.4271731674671173
000994_jpg.rf.a4d87f8cd54a7a19e0081461e279a335.jpg,0,0.007951860316097736,0.8805775046348572,0.015903720632195473,0.10000625252723694,0.15897409617900848
000994_jpg.rf.a4d87f8cd54a7a19e0081461e279a335.jpg,1,0.22508639097213745,0.287178635597229,0.09004916250705719,0.03036392852663994,0.10171018540859222
000994_jpg.rf.a4d87f8cd54a7a19e0081461e279a335.jpg,0,0.49217408895492554,0.5721917152404785,0.04459835961461067,0.027029111981391907,0.06429348140954971
000994_jpg.rf.a4d87f8cd54a7a19e0081461e279a335.jpg,0,0.499769002199173,0.9528326988220215,0.019150661304593086,0.0125312814489007,0.03667748346924782
000994_jpg.rf.a4d87f8cd54a7a19e0081461e279a335.jpg,0,0.49762803316116333,0.9552906155586243,0.015023745596408844,0.013488770462572575,0.017612166702747345
000994_jpg.rf.a4d87f8cd54a7a19e0081461e279a335.jpg,1,0.2442459762096405,0.2884426712989807,0.05495838075876236,0.027419934049248695,0.01390905398875475
000994_jpg.rf.a4d87f8cd54a7a19e0081461e279a335.jpg,0,0.06252681463956833,0.8649135231971741,0.013290387578308582,0.03404734656214714,0.008228777907788754
000994_jpg.rf.a4d87f8cd54a7a19e0081461e279a335.jpg,0,0.930644154548645,0.3449351489543915,0.02426675707101822,0.08340520411729813,0.0040261209942400455
000994_jpg.rf.a4d87f8cd54a7a19e0081461e279a335.jpg,1,0.1933024376630783,0.2867160141468048,0.03263840451836586,0.025492925196886063,0.0033542215824127197
000994_jpg.rf.a4d87f8cd54a7a19e0081461e279a335.jpg,0,0.059273503720760345,0.8685377240180969,0.018116548657417297,0.02884410135447979,0.0031222158577293158
000994_jpg.rf.a4d87f8cd54a7a19e0081461e279a335.jpg,0,0.929519534111023,0.3177661597728729,0.016592172905802727,0.03272995725274086,0.0030743160750716925
000994_jpg.rf.a4d87f8cd54a7a19e0081461e279a335.jpg,0,0.3131304383277893,0.8857095241546631,0.011953207664191723,0.07847375422716141,0.002533793682232499
000994_jpg.rf.a4d87f8cd54a7a19e0081461e279a335.jpg,0,0.31335583329200745,0.9256351590156555,0.012996252626180649,0.01837114244699478,0.0019211986800655723
000994_jpg.rf.a4d87f8cd54a7a19e0081461e279a335.jpg,0,0.49649134278297424,0.9478356838226318,0.014817825518548489,0.019029177725315094,0.0017084813443943858
000994_jpg.rf.a4d87f8cd54a7a19e0081461e279a335.jpg,0,0.05951903760433197,0.8914453387260437,0.01993497647345066,0.04798361286520958,0.001582955359481275
000994_jpg.rf.a4d87f8cd54a7a19e0081461e279a335.jpg,0,0.24307765066623688,0.9941378831863403,0.02499382384121418,0.010833153501152992,0.0015378512907773256
000994_jpg.rf.a4d87f8cd54a7a19e0081461e279a335.jpg,0,0.2764652669429779,0.9929978847503662,0.0261455699801445,0.010185535065829754,0.0013507683761417866
001000_jpg.rf.55d2c5392c587e099e386a6406bff14f.jpg,3,0.20543740689754486,0.28349459171295166,0.21322065591812134,0.3766982853412628,0.9678328633308411
001000_jpg.rf.55d2c5392c587e099e386a6406bff14f.jpg,3,0.20313799381256104,0.5491099953651428,0.23982584476470947,0.9017800688743591,0.0011396637419238687
001004_jpg.rf.b5403b891cecfc5231ff9ef14b3534ae.jpg,3,0.4982440173625946,0.3936532735824585,0.26775917410850525,0.2022537887096405,0.9781874418258667
001004_jpg.rf.b5403b891cecfc5231ff9ef14b3534ae.jpg,1,0.7057954668998718,0.5786136388778687,0.01554841361939907,0.047212015837430954,0.0014383881352841854
001004_jpg.rf.b5403b891cecfc5231ff9ef14b3534ae.jpg,4,0.4344806969165802,0.39855241775512695,0.1322711855173111,0.1935930997133255,0.001355484127998352
001004_jpg.rf.b5403b891cecfc5231ff9ef14b3534ae.jpg,3,0.40174180269241333,0.3667214512825012,0.46689850091934204,0.26798301935195923,0.0011785102542489767
001014_jpg.rf.b5f73c9eb6dc1a27fd9ec0323fb5d210.jpg,3,0.2951706051826477,0.2198076695203781,0.19950038194656372,0.3331453800201416,0.9817976951599121
001014_jpg.rf.b5f73c9eb6dc1a27fd9ec0323fb5d210.jpg,3,0.2791137099266052,0.5116172432899475,0.2346087545156479,0.9289733171463013,0.0013550427975133061
001019_jpg.rf.c53eaf43c583c2bdb0f57c91179329f9.jpg,0,0.1654127985239029,0.13517029583454132,0.026351112872362137,0.11468686163425446,0.9267169237136841
001019_jpg.rf.c53eaf43c583c2bdb0f57c91179329f9.jpg,0,0.5582501292228699,0.10921381413936615,0.025730794295668602,0.11364353448152542,0.8414697647094727
001019_jpg.rf.c53eaf43c583c2bdb0f57c91179329f9.jpg,1,0.8482677340507507,0.02156139723956585,0.01979020982980728,0.04303271695971489,0.009633738547563553
001019_jpg.rf.c53eaf43c583c2bdb0f57c91179329f9.jpg,8,0.5913814902305603,0.1307411640882492,0.043617911636829376,0.06857872009277344,0.0031584606040269136
001019_jpg.rf.c53eaf43c583c2bdb0f57c91179329f9.jpg,8,0.5298263430595398,0.11510301381349564,0.027599114924669266,0.08438840508460999,0.0024808708112686872
001019_jpg.rf.c53eaf43c583c2bdb0f57c91179329f9.jpg,0,0.8982205986976624,0.04127958416938782,0.04028085619211197,0.07940929383039474,0.0022896663285791874
001019_jpg.rf.c53eaf43c583c2bdb0f57c91179329f9.jpg,12,0.48765498399734497,0.297199547290802,0.7514421343803406,0.5505139827728271,0.0021569642703980207
001019_jpg.rf.c53eaf43c583c2bdb0f57c91179329f9.jpg,0,0.5805581212043762,0.1453709602355957,0.04035436362028122,0.03804326057434082,0.0019483133219182491
001019_jpg.rf.c53eaf43c583c2bdb0f57c91179329f9.jpg,0,0.8975822925567627,0.044899243861436844,0.023069236427545547,0.08886053413152695,0.0016436667647212744
001019_jpg.rf.c53eaf43c583c2bdb0f57c91179329f9.jpg,8,0.12548549473285675,0.15456874668598175,0.04700244590640068,0.057883962988853455,0.0015019529964774847
001019_jpg.rf.c53eaf43c583c2bdb0f57c91179329f9.jpg,0,0.6149126887321472,0.10477229952812195,0.057971883565187454,0.12400315701961517,0.0014742729254066944
001019_jpg.rf.c53eaf43c583c2bdb0f57c91179329f9.jpg,1,0.49578145146369934,0.008372925221920013,0.015441454946994781,0.01633836328983307,0.0014204165199771523
001019_jpg.rf.c53eaf43c583c2bdb0f57c91179329f9.jpg,8,0.5869039297103882,0.11317779123783112,0.03457539156079292,0.09731364250183105,0.0011850615264847875
001019_jpg.rf.c53eaf43c583c2bdb0f57c91179329f9.jpg,0,0.45075881481170654,0.20983029901981354,0.013374916277825832,0.05007186532020569,0.0011639045551419258
001019_jpg.rf.c53eaf43c583c2bdb0f57c91179329f9.jpg,8,0.527005672454834,0.12958021461963654,0.03400655835866928,0.059793464839458466,0.0011577603872865438
001019_jpg.rf.c53eaf43c583c2bdb0f57c91179329f9.jpg,0,0.5858234763145447,0.10506290197372437,0.03125190734863281,0.09678930789232254,0.001051409519277513
001023_jpg.rf.f7de58bb03c2e2a346432baa358b4c3e.jpg,3,0.2934059202671051,0.27712294459342957,0.20145182311534882,0.2511189877986908,0.9727683067321777
001023_jpg.rf.f7de58bb03c2e2a346432baa358b4c3e.jpg,8,0.804201602935791,0.8050072193145752,0.05453726276755333,0.07258342206478119,0.004356365650892258
001023_jpg.rf.f7de58bb03c2e2a346432baa358b4c3e.jpg,9,0.8058024644851685,0.8052307367324829,0.056375063955783844,0.07210027426481247,0.0034149251878261566
001023_jpg.rf.f7de58bb03c2e2a346432baa358b4c3e.jpg,0,0.8288956880569458,0.9593039751052856,0.03324802219867706,0.07857102900743484,0.003250057576224208
001023_jpg.rf.f7de58bb03c2e2a346432baa358b4c3e.jpg,12,0.8048104047775269,0.8038989305496216,0.05840081721544266,0.07685353606939316,0.0014211892848834395
001023_jpg.rf.f7de58bb03c2e2a346432baa358b4c3e.jpg,3,0.20900632441043854,0.2674809396266937,0.3743422031402588,0.29158034920692444,0.0011917713563889265
001028_jpg.rf.7a77036407cf037c2415b436fde7826b.jpg,3,0.7397110462188721,0.21350036561489105,0.121916264295578,0.16057799756526947,0.9263473749160767
001028_jpg.rf.7a77036407cf037c2415b436fde7826b.jpg,4,0.741475522518158,0.2119767963886261,0.11318911612033844,0.15784311294555664,0.5981242060661316
001028_jpg.rf.7a77036407cf037c2415b436fde7826b.jpg,5,0.7393743395805359,0.2114095538854599,0.11823390424251556,0.16085930168628693,0.4011252224445343
001028_jpg.rf.7a77036407cf037c2415b436fde7826b.jpg,5,0.39366504549980164,0.4375329613685608,0.7873300909996033,0.8750659227371216,0.00563887320458889
001028_jpg.rf.7a77036407cf037c2415b436fde7826b.jpg,5,0.13722844421863556,0.4649913012981415,0.2744568884372711,0.9275726079940796,0.004849779885262251
001028_jpg.rf.7a77036407cf037c2415b436fde7826b.jpg,5,0.09370265156030655,0.2929307520389557,0.1874053031206131,0.5843459367752075,0.003031980711966753
001028_jpg.rf.7a77036407cf037c2415b436fde7826b.jpg,3,0.09789334982633591,0.2203328013420105,0.19578669965267181,0.44051462411880493,0.002131129615008831
001028_jpg.rf.7a77036407cf037c2415b436fde7826b.jpg,5,0.5369923114776611,0.44867780804634094,0.8114762306213379,0.6813381314277649,0.0012329351156949997
001031_jpg.rf.2b5fd42d6b8a7d445183a468803e57b9.jpg,3,0.5398550033569336,0.3503473401069641,0.18283896148204803,0.2737649083137512,0.973146915435791
001035_jpg.rf.8bb44e874531b88eb7bdff9082c78a43.jpg,3,0.6078222990036011,0.4405333697795868,0.38116779923439026,0.5328439474105835,0.9686683416366577
001035_jpg.rf.8bb44e874531b88eb7bdff9082c78a43.jpg,0,0.49650946259498596,0.01094393152743578,0.15970274806022644,0.021604716777801514,0.12445066124200821
001035_jpg.rf.8bb44e874531b88eb7bdff9082c78a43.jpg,0,0.49927017092704773,0.018461108207702637,0.16736193001270294,0.03692221641540527,0.01998363994061947
001049_jpg.rf.e527b2a1edfb88b1fbfb9542d33a9a27.jpg,0,0.556547999382019,0.16802798211574554,0.018255675211548805,0.07352935522794724,0.7829394340515137
001049_jpg.rf.e527b2a1edfb88b1fbfb9542d33a9a27.jpg,0,0.3343900740146637,0.18323129415512085,0.021511077880859375,0.08402524888515472,0.7599912881851196
001049_jpg.rf.e527b2a1edfb88b1fbfb9542d33a9a27.jpg,0,0.9743767380714417,0.26991787552833557,0.016104917973279953,0.05443936213850975,0.15400922298431396
001049_jpg.rf.e527b2a1edfb88b1fbfb9542d33a9a27.jpg,9,0.9336395859718323,0.3967612087726593,0.017373599112033844,0.04480787739157677,0.07586753368377686
001049_jpg.rf.e527b2a1edfb88b1fbfb9542d33a9a27.jpg,0,0.5512295961380005,0.16640400886535645,0.02100849151611328,0.07570648193359375,0.061859410256147385
001049_jpg.rf.e527b2a1edfb88b1fbfb9542d33a9a27.jpg,0,0.9801300168037415,0.2724471986293793,0.01738240197300911,0.04386432468891144,0.05543274059891701
001049_jpg.rf.e527b2a1edfb88b1fbfb9542d33a9a27.jpg,1,0.27236780524253845,0.020234951749444008,0.020886458456516266,0.04040103778243065,0.00936625525355339
001049_jpg.rf.e527b2a1edfb88b1fbfb9542d33a9a27.jpg,0,0.9829617142677307,0.26391807198524475,0.022124364972114563,0.058676574379205704,0.008800562471151352
001049_jpg.rf.e527b2a1edfb88b1fbfb9542d33a9a27.jpg,5,0.09137971699237823,0.48822230100631714,0.16943183541297913,0.19588279724121094,0.0057305023074150085
001049_jpg.rf.e527b2a1edfb88b1fbfb9542d33a9a27.jpg,0,0.3232615292072296,0.18006618320941925,0.02044435776770115,0.07399167120456696,0.005502615589648485
001049_jpg.rf.e527b2a1edfb88b1fbfb9542d33a9a27.jpg,12,0.5132268667221069,0.5616189241409302,0.03225766867399216,0.04620412737131119,0.005081560462713242
001049_jpg.rf.e527b2a1edfb88b1fbfb9542d33a9a27.jpg,1,0.9476644992828369,0.23738673329353333,0.025642836466431618,0.08583373576402664,0.004755624104291201
001049_jpg.rf.e527b2a1edfb88b1fbfb9542d33a9a27.jpg,1,0.3368827998638153,0.008948013186454773,0.0215481985360384,0.01774456910789013,0.0046951486729085445
001049_jpg.rf.e527b2a1edfb88b1fbfb9542d33a9a27.jpg,0,0.7120602130889893,0.16008448600769043,0.015933403745293617,0.05534094199538231,0.0036671077832579613
001049_jpg.rf.e527b2a1edfb88b1fbfb9542d33a9a27.jpg,5,0.9338243007659912,0.39665040373802185,0.017144277691841125,0.0466926284134388,0.003315115813165903
001049_jpg.rf.e527b2a1edfb88b1fbfb9542d33a9a27.jpg,0,0.4694276750087738,0.1850138157606125,0.028047416359186172,0.016782725229859352,0.0033148396760225296
001049_jpg.rf.e527b2a1edfb88b1fbfb9542d33a9a27.jpg,0,0.7078944444656372,0.14378388226032257,0.013927166350185871,0.023310570046305656,0.0032633396331220865
001049_jpg.rf.e527b2a1edfb88b1fbfb9542d33a9a27.jpg,1,0.80438631772995,0.011827829293906689,0.04846866428852081,0.023554138839244843,0.0031445336062461138
001049_jpg.rf.e527b2a1edfb88b1fbfb9542d33a9a27.jpg,0,0.5183494687080383,0.1589769870042801,0.017799891531467438,0.05549918860197067,0.003125909250229597
001049_jpg.rf.e527b2a1edfb88b1fbfb9542d33a9a27.jpg,0,0.7253974080085754,0.18402408063411713,0.015426049008965492,0.050531867891550064,0.0029997217934578657
001049_jpg.rf.e527b2a1edfb88b1fbfb9542d33a9a27.jpg,14,0.011555001139640808,0.642920732498169,0.023110002279281616,0.09684016555547714,0.002566108712926507
001049_jpg.rf.e527b2a1edfb88b1fbfb9542d33a9a27.jpg,0,0.9880309104919434,0.27197638154029846,0.007355323527008295,0.044782605022192,0.002500128699466586
001049_jpg.rf.e527b2a1edfb88b1fbfb9542d33a9a27.jpg,1,0.7207043766975403,0.18260927498340607,0.014452274888753891,0.0522553026676178,0.002180551178753376
001049_jpg.rf.e527b2a1edfb88b1fbfb9542d33a9a27.jpg,0,0.9941805601119995,0.21724356710910797,0.011638935655355453,0.05057987943291664,0.002066538669168949
001049_jpg.rf.e527b2a1edfb88b1fbfb9542d33a9a27.jpg,0,0.49599677324295044,0.2956920266151428,0.014245106838643551,0.016876734793186188,0.002019100356847048
001049_jpg.rf.e527b2a1edfb88b1fbfb9542d33a9a27.jpg,5,0.10184923559427261,0.5630015134811401,0.20369847118854523,0.8739970326423645,0.0017985017038881779
001049_jpg.rf.e527b2a1edfb88b1fbfb9542d33a9a27.jpg,0,0.32905468344688416,0.1873394399881363,0.02577473595738411,0.07860413938760757,0.0017726598307490349
001049_jpg.rf.e527b2a1edfb88b1fbfb9542d33a9a27.jpg,0,0.7660003304481506,0.2858310341835022,0.013313294388353825,0.02894585020840168,0.001724514178931713
001049_jpg.rf.e527b2a1edfb88b1fbfb9542d33a9a27.jpg,0,0.43892547488212585,0.18461909890174866,0.014151646755635738,0.015516061335802078,0.0016101595247164369
001049_jpg.rf.e527b2a1edfb88b1fbfb9542d33a9a27.jpg,14,0.012121920473873615,0.6684001088142395,0.023596342653036118,0.16026516258716583,0.0016070519341155887
001049_jpg.rf.e527b2a1edfb88b1fbfb9542d33a9a27.jpg,0,0.5123149752616882,0.15624727308750153,0.012487632222473621,0.06519292294979095,0.0015516186831519008
001049_jpg.rf.e527b2a1edfb88b1fbfb9542d33a9a27.jpg,1,0.01014378946274519,0.6451825499534607,0.020190872251987457,0.09493270516395569,0.0014363732188940048
001049_jpg.rf.e527b2a1edfb88b1fbfb9542d33a9a27.jpg,0,0.8034717440605164,0.010993821546435356,0.04644834250211716,0.021984534338116646,0.0013650129549205303
001049_jpg.rf.e527b2a1edfb88b1fbfb9542d33a9a27.jpg,0,0.516473650932312,0.16428633034229279,0.031658172607421875,0.0699724480509758,0.0010875107254832983
001051_jpg.rf.bb8152d7d7c35ed73bfc9239185f9087.jpg,12,0.6905636787414551,0.2626650631427765,0.061549849808216095,0.09682553261518478,0.8643798232078552
001051_jpg.rf.bb8152d7d7c35ed73bfc9239185f9087.jpg,3,0.47021573781967163,0.2691475749015808,0.06280826032161713,0.09566821157932281,0.7436640858650208
001051_jpg.rf.bb8152d7d7c35ed73bfc9239185f9087.jpg,3,0.251920610666275,0.27202552556991577,0.06394753605127335,0.09583979845046997,0.6884129643440247
001051_jpg.rf.bb8152d7d7c35ed73bfc9239185f9087.jpg,4,0.25149229168891907,0.2718956470489502,0.06477770954370499,0.09990595281124115,0.2568185031414032
001051_jpg.rf.bb8152d7d7c35ed73bfc9239185f9087.jpg,4,0.47045570611953735,0.2683057487010956,0.061702288687229156,0.09788285940885544,0.1568065881729126
001051_jpg.rf.bb8152d7d7c35ed73bfc9239185f9087.jpg,3,0.7705534100532532,0.2576035261154175,0.081465944647789,0.09057793766260147,0.14480170607566833
001051_jpg.rf.bb8152d7d7c35ed73bfc9239185f9087.jpg,7,0.6899860501289368,0.2635793685913086,0.06421104073524475,0.09441882371902466,0.1441461443901062
001051_jpg.rf.bb8152d7d7c35ed73bfc9239185f9087.jpg,3,0.34396350383758545,0.26795122027397156,0.06843362003564835,0.09260614216327667,0.09863289445638657
001051_jpg.rf.bb8152d7d7c35ed73bfc9239185f9087.jpg,0,0.6893271207809448,0.2598627209663391,0.06432269513607025,0.09958461672067642,0.09509804099798203
001051_jpg.rf.bb8152d7d7c35ed73bfc9239185f9087.jpg,14,0.5583624243736267,0.25950926542282104,0.0685577392578125,0.08961912989616394,0.08965054899454117
001051_jpg.rf.bb8152d7d7c35ed73bfc9239185f9087.jpg,14,0.34301185607910156,0.2674141824245453,0.06964507699012756,0.09350190311670303,0.08852694183588028
001051_jpg.rf.bb8152d7d7c35ed73bfc9239185f9087.jpg,8,0.6906495690345764,0.2624519467353821,0.06342990696430206,0.09514453262090683,0.05392194166779518
001051_jpg.rf.bb8152d7d7c35ed73bfc9239185f9087.jpg,3,0.6918712258338928,0.26437097787857056,0.060898710042238235,0.09381470829248428,0.039092905819416046
001051_jpg.rf.bb8152d7d7c35ed73bfc9239185f9087.jpg,10,0.6875489354133606,0.26147714257240295,0.062132470309734344,0.09122951328754425,0.03305455297231674
001051_jpg.rf.bb8152d7d7c35ed73bfc9239185f9087.jpg,5,0.7806903123855591,0.25657325983047485,0.07034917920827866,0.09472058713436127,0.03252934664487839
001051_jpg.rf.bb8152d7d7c35ed73bfc9239185f9087.jpg,3,0.5544800162315369,0.2648220956325531,0.08231258392333984,0.08642882853746414,0.01574745401740074
001051_jpg.rf.bb8152d7d7c35ed73bfc9239185f9087.jpg,12,0.7803346514701843,0.25526267290115356,0.07044690102338791,0.09831935167312622,0.013384679332375526
001051_jpg.rf.bb8152d7d7c35ed73bfc9239185f9087.jpg,0,0.7790307998657227,0.25722038745880127,0.07780589163303375,0.10244259983301163,0.003990109544247389
001051_jpg.rf.bb8152d7d7c35ed73bfc9239185f9087.jpg,5,0.4716896116733551,0.2676946222782135,0.06524600088596344,0.0973268672823906,0.0025604981929063797
001057_jpg.rf.0d8f858b7a9c12830691348e2ae306af.jpg,3,0.4062299430370331,0.28561097383499146,0.4968823194503784,0.28169187903404236,0.9610779881477356
001057_jpg.rf.0d8f858b7a9c12830691348e2ae306af.jpg,12,0.39546799659729004,0.09051866829395294,0.05807407200336456,0.035990990698337555,0.001647055265493691
001059_jpg.rf.2b325fd15e28d0c622610dea63c2c12f.jpg,3,0.25909799337387085,0.5830158591270447,0.18838699162006378,0.2899368405342102,0.9770525693893433
001059_jpg.rf.2b325fd15e28d0c622610dea63c2c12f.jpg,1,0.4063470661640167,0.005564022343605757,0.052984680980443954,0.011128044687211514,0.014844285324215889
001059_jpg.rf.2b325fd15e28d0c622610dea63c2c12f.jpg,1,0.3893350660800934,0.005599885247647762,0.07812970131635666,0.011199770495295525,0.004920541774481535
001059_jpg.rf.2b325fd15e28d0c622610dea63c2c12f.jpg,1,0.35801640152931213,0.005578778218477964,0.08763108402490616,0.011157556436955929,0.0024757133796811104
001059_jpg.rf.2b325fd15e28d0c622610dea63c2c12f.jpg,1,0.41629353165626526,0.021423468366265297,0.04046821594238281,0.04257027059793472,0.0015141498297452927
001059_jpg.rf.2b325fd15e28d0c622610dea63c2c12f.jpg,3,0.2403527796268463,0.722369909286499,0.23910142481327057,0.5552603006362915,0.0011670492822304368
001059_jpg.rf.2b325fd15e28d0c622610dea63c2c12f.jpg,3,0.18587985634803772,0.5849838256835938,0.33055028319358826,0.31506869196891785,0.0010990833397954702
001066_jpg.rf.c55d7313f5d62858191ae315c7fada73.jpg,1,0.35241958498954773,0.15300069749355316,0.0208583977073431,0.08059437572956085,0.7514373064041138
001066_jpg.rf.c55d7313f5d62858191ae315c7fada73.jpg,1,0.5442414283752441,0.1304636299610138,0.01712256297469139,0.07777896523475647,0.7062346935272217
001066_jpg.rf.c55d7313f5d62858191ae315c7fada73.jpg,1,0.549704372882843,0.1290990263223648,0.026351122185587883,0.07969405502080917,0.498579740524292
001066_jpg.rf.c55d7313f5d62858191ae315c7fada73.jpg,1,0.8023537993431091,0.034712351858615875,0.027262762188911438,0.069106824696064,0.198907732963562
001066_jpg.rf.c55d7313f5d62858191ae315c7fada73.jpg,1,0.7898276448249817,0.26387444138526917,0.014987358823418617,0.06540144979953766,0.11959382891654968
001066_jpg.rf.c55d7313f5d62858191ae315c7fada73.jpg,8,0.5628688335418701,0.13081148266792297,0.030081750825047493,0.07401813566684723,0.10594232380390167
001066_jpg.rf.c55d7313f5d62858191ae315c7fada73.jpg,1,0.724872350692749,0.0262538380920887,0.023075103759765625,0.05205552652478218,0.09368861466646194
001066_jpg.rf.c55d7313f5d62858191ae315c7fada73.jpg,1,0.743529200553894,0.026463771238923073,0.054975952953100204,0.05285640060901642,0.07616270333528519
001066_jpg.rf.c55d7313f5d62858191ae315c7fada73.jpg,1,0.8706703782081604,0.01075652614235878,0.02404491789638996,0.021106461063027382,0.06523944437503815
001066_jpg.rf.c55d7313f5d62858191ae315c7fada73.jpg,0,0.7330937385559082,0.026330137625336647,0.047397028654813766,0.05242345109581947,0.045881301164627075
001066_jpg.rf.c55d7313f5d62858191ae315c7fada73.jpg,0,0.766023576259613,0.026188375428318977,0.03546377643942833,0.051470667123794556,0.0364718921482563
001066_jpg.rf.c55d7313f5d62858191ae315c7fada73.jpg,7,0.5667579770088196,0.13655924797058105,0.02341475896537304,0.06108076870441437,0.03195542097091675
001066_jpg.rf.c55d7313f5d62858191ae315c7fada73.jpg,1,0.7782903909683228,0.028756188228726387,0.030513031408190727,0.05734473094344139,0.02471032738685608
001066_jpg.rf.c55d7313f5d62858191ae315c7fada73.jpg,1,0.8605654239654541,0.010407066904008389,0.026990598067641258,0.020600197836756706,0.02338527701795101
001066_jpg.rf.c55d7313f5d62858191ae315c7fada73.jpg,1,0.5565603375434875,0.12935879826545715,0.0240374356508255,0.07659607380628586,0.018488941714167595
001066_jpg.rf.c55d7313f5d62858191ae315c7fada73.jpg,0,0.42603814601898193,0.2742551267147064,0.031124409288167953,0.017298772931098938,0.01728326641023159
001066_jpg.rf.c55d7313f5d62858191ae315c7fada73.jpg,0,0.4080250859260559,0.27275794744491577,0.023496408015489578,0.020154660567641258,0.015300318598747253
001066_jpg.rf.c55d7313f5d62858191ae315c7fada73.jpg,0,0.8619129657745361,0.010878686793148518,0.028706185519695282,0.021052351221442223,0.014402554370462894
001066_jpg.rf.c55d7313f5d62858191ae315c7fada73.jpg,0,0.8760201930999756,0.00974980741739273,0.025107605382800102,0.019188810139894485,0.010711918585002422
001066_jpg.rf.c55d7313f5d62858191ae315c7fada73.jpg,1,0.6150223612785339,0.2862969934940338,0.020497431978583336,0.0369407944381237,0.00883098691701889
001066_jpg.rf.c55d7313f5d62858191ae315c7fada73.jpg,1,0.5630390048027039,0.12822403013706207,0.026131410151720047,0.07451062649488449,0.007969330996274948
001066_jpg.rf.c55d7313f5d62858191ae315c7fada73.jpg,0,0.6160410642623901,0.2877448797225952,0.018736472353339195,0.03579730540513992,0.007902714423835278
001066_jpg.rf.c55d7313f5d62858191ae315c7fada73.jpg,0,0.42796289920806885,0.27852970361709595,0.027616795152425766,0.023935794830322266,0.007373981177806854
001066_jpg.rf.c55d7313f5d62858191ae315c7fada73.jpg,0,0.7902543544769287,0.2661735415458679,0.01750212535262108,0.0610291063785553,0.007271701004356146
001066_jpg.rf.c55d7313f5d62858191ae315c7fada73.jpg,1,0.7838343977928162,0.26183226704597473,0.021200474351644516,0.062299035489559174,0.00683797849342227
001066_jpg.rf.c55d7313f5d62858191ae315c7fada73.jpg,0,0.21371209621429443,0.9641914963722229,0.019424695521593094,0.014853257685899734,0.006479877978563309
001066_jpg.rf.c55d7313f5d62858191ae315c7fada73.jpg,0,0.8007338047027588,0.030693329870700836,0.028281433507800102,0.061229027807712555,0.006235444452613592
001066_jpg.rf.c55d7313f5d62858191ae315c7fada73.jpg,0,0.5302015542984009,0.8179579973220825,0.015236781910061836,0.014090611599385738,0.006007945165038109
001066_jpg.rf.c55d7313f5d62858191ae315c7fada73.jpg,0,0.21375015377998352,0.9603813290596008,0.020874684676527977,0.017375359311699867,0.004282766953110695
001066_jpg.rf.c55d7313f5d62858191ae315c7fada73.jpg,0,0.29778972268104553,0.15122376382350922,0.02401462011039257,0.03867235779762268,0.003439895110204816
001066_jpg.rf.c55d7313f5d62858191ae315c7fada73.jpg,1,0.7331512570381165,0.025686154142022133,0.03380115330219269,0.051372308284044266,0.003423510817810893
001066_jpg.rf.c55d7313f5d62858191ae315c7fada73.jpg,1,0.7602392435073853,0.025105271488428116,0.025816991925239563,0.05021054297685623,0.003199785714969039
001066_jpg.rf.c55d7313f5d62858191ae315c7fada73.jpg,1,0.5373483896255493,0.12868408858776093,0.028800085186958313,0.07788165658712387,0.002846017712727189
001066_jpg.rf.c55d7313f5d62858191ae315c7fada73.jpg,1,0.8904379606246948,0.010606728494167328,0.019227541983127594,0.020890550687909126,0.0026348999235779047
001066_jpg.rf.c55d7313f5d62858191ae315c7fada73.jpg,10,0.3931248188018799,0.4141509532928467,0.021932309493422508,0.025406545028090477,0.002587689785286784
001066_jpg.rf.c55d7313f5d62858191ae315c7fada73.jpg,0,0.8010568022727966,0.25451385974884033,0.015475640073418617,0.08491992950439453,0.0024760044179856777
001066_jpg.rf.c55d7313f5d62858191ae315c7fada73.jpg,10,0.5872883796691895,0.13397316634655,0.026114391162991524,0.0641135424375534,0.002433965215459466
001066_jpg.rf.c55d7313f5d62858191ae315c7fada73.jpg,0,0.8747086524963379,0.014365321956574917,0.03633381798863411,0.02792695350944996,0.0022834581322968006
001066_jpg.rf.c55d7313f5d62858191ae315c7fada73.jpg,10,0.4691298007965088,0.39648813009262085,0.010250384919345379,0.02219853177666664,0.0021741415839642286
001066_jpg.rf.c55d7313f5d62858191ae315c7fada73.jpg,1,0.029895050451159477,0.32680031657218933,0.017593834549188614,0.03890734538435936,0.002093236893415451
001066_jpg.rf.c55d7313f5d62858191ae315c7fada73.jpg,1,0.7193722724914551,0.02323986031115055,0.022299841046333313,0.045012202113866806,0.0019293250516057014
001066_jpg.rf.c55d7313f5d62858191ae315c7fada73.jpg,10,0.3969172239303589,0.4101462960243225,0.017872298136353493,0.020134853199124336,0.0019218745874240994
001066_jpg.rf.c55d7313f5d62858191ae315c7fada73.jpg,0,0.4342130720615387,0.27596813440322876,0.019495157524943352,0.021831879392266273,0.0018931716913357377
001066_jpg.rf.c55d7313f5d62858191ae315c7fada73.jpg,0,0.9430403113365173,0.011621996760368347,0.01824980601668358,0.022010356187820435,0.0018837990937754512
001066_jpg.rf.c55d7313f5d62858191ae315c7fada73.jpg,1,0.8976883888244629,0.009653279557824135,0.022037213668227196,0.018930789083242416,0.001747296773828566
001066_jpg.rf.c55d7313f5d62858191ae315c7fada73.jpg,0,0.24277254939079285,0.9677037596702576,0.0178118497133255,0.012087895534932613,0.0017401808872818947
001066_jpg.rf.c55d7313f5d62858191ae315c7fada73.jpg,1,0.9168330430984497,0.01050064992159605,0.020323241129517555,0.020859841257333755,0.0016283055301755667
001066_jpg.rf.c55d7313f5d62858191ae315c7fada73.jpg,1,0.3028506338596344,0.029190894216299057,0.0551832839846611,0.054233066737651825,0.0015225562965497375
001066_jpg.rf.c55d7313f5d62858191ae315c7fada73.jpg,0,0.3116428852081299,0.1531323939561844,0.02988918125629425,0.05109657719731331,0.001488315872848034
001066_jpg.rf.c55d7313f5d62858191ae315c7fada73.jpg,1,0.4558544456958771,0.3416585922241211,0.009213301353156567,0.014676755294203758,0.0014364600647240877
001066_jpg.rf.c55d7313f5d62858191ae315c7fada73.jpg,0,0.14462199807167053,0.9944790601730347,0.014845225028693676,0.010236740112304688,0.0013830778189003468
001066_jpg.rf.c55d7313f5d62858191ae315c7fada73.jpg,8,0.5867490768432617,0.1351800262928009,0.026385309174656868,0.060243524610996246,0.0013231358025223017
001066_jpg.rf.c55d7313f5d62858191ae315c7fada73.jpg,0,0.3766014575958252,0.15491755306720734,0.02646871842443943,0.06015040725469589,0.001281054224818945
001066_jpg.rf.c55d7313f5d62858191ae315c7fada73.jpg,1,0.4175824522972107,0.3372999131679535,0.010874675586819649,0.01836417429149151,0.001209655893035233
001066_jpg.rf.c55d7313f5d62858191ae315c7fada73.jpg,10,0.37656286358833313,0.4224047362804413,0.014075280167162418,0.035179801285266876,0.0011817669728770852
001066_jpg.rf.c55d7313f5d62858191ae315c7fada73.jpg,10,0.3927709758281708,0.42657214403152466,0.020905274897813797,0.023485258221626282,0.0011581431608647108
001066_jpg.rf.c55d7313f5d62858191ae315c7fada73.jpg,0,0.4698965847492218,0.3956945538520813,0.018009185791015625,0.025106944143772125,0.0011409540893509984
001066_jpg.rf.c55d7313f5d62858191ae315c7fada73.jpg,1,0.9470149874687195,0.013397091999650002,0.021439773961901665,0.02652882970869541,0.001053371001034975
001068_jpg.rf.371ec28b0d2bbbd16c8a645be41f5a76.jpg,1,0.2005494385957718,0.10881993919610977,0.023887451738119125,0.10516326874494553,0.7960230112075806
001068_jpg.rf.371ec28b0d2bbbd16c8a645be41f5a76.jpg,1,0.5530984401702881,0.09032370895147324,0.02152714505791664,0.0977637991309166,0.6621972918510437
001068_jpg.rf.371ec28b0d2bbbd16c8a645be41f5a76.jpg,0,0.4393237829208374,0.2890640199184418,0.014367837458848953,0.02312491647899151,0.08225513249635696
001068_jpg.rf.371ec28b0d2bbbd16c8a645be41f5a76.jpg,0,0.6657094359397888,0.27899447083473206,0.019952921196818352,0.10703343898057938,0.03041626699268818
001068_jpg.rf.371ec28b0d2bbbd16c8a645be41f5a76.jpg,9,0.6658655405044556,0.2833203673362732,0.020204398781061172,0.09689617156982422,0.022691169753670692
001068_jpg.rf.371ec28b0d2bbbd16c8a645be41f5a76.jpg,0,0.4401243031024933,0.2828177511692047,0.016556372866034508,0.02063659578561783,0.007961731404066086
001068_jpg.rf.371ec28b0d2bbbd16c8a645be41f5a76.jpg,0,0.6596941947937012,0.26494255661964417,0.016065305098891258,0.10061455518007278,0.006320055108517408
001068_jpg.rf.371ec28b0d2bbbd16c8a645be41f5a76.jpg,0,0.4723072946071625,0.25276464223861694,0.013752864673733711,0.027810795232653618,0.005184277426451445
001068_jpg.rf.371ec28b0d2bbbd16c8a645be41f5a76.jpg,0,0.8381040096282959,0.2432565838098526,0.010988823138177395,0.03394581750035286,0.004988537635654211
001068_jpg.rf.371ec28b0d2bbbd16c8a645be41f5a76.jpg,0,0.287101686000824,0.09125273674726486,0.022428439930081367,0.021611984819173813,0.0030483955051749945
001068_jpg.rf.371ec28b0d2bbbd16c8a645be41f5a76.jpg,0,0.4464118480682373,0.2894282937049866,0.018284577876329422,0.025213388726115227,0.003012900473549962
001068_jpg.rf.371ec28b0d2bbbd16c8a645be41f5a76.jpg,0,0.8349239230155945,0.2452848255634308,0.013051106594502926,0.035159919410943985,0.002975813113152981
001068_jpg.rf.371ec28b0d2bbbd16c8a645be41f5a76.jpg,0,0.8283926248550415,0.24231882393360138,0.00904699508100748,0.040055423974990845,0.002722240751609206
001068_jpg.rf.371ec28b0d2bbbd16c8a645be41f5a76.jpg,0,0.11211172491312027,0.007120595779269934,0.033154141157865524,0.01401163823902607,0.002565608359873295
001068_jpg.rf.371ec28b0d2bbbd16c8a645be41f5a76.jpg,0,0.6613695025444031,0.2836260497570038,0.016078948974609375,0.07827744632959366,0.002347528235986829
001068_jpg.rf.371ec28b0d2bbbd16c8a645be41f5a76.jpg,0,0.3959450125694275,0.35675549507141113,0.007407335564494133,0.028788641095161438,0.001980680739507079
001068_jpg.rf.371ec28b0d2bbbd16c8a645be41f5a76.jpg,1,0.19533663988113403,0.11617833375930786,0.02680199034512043,0.10648676753044128,0.0018655989551916718
001068_jpg.rf.371ec28b0d2bbbd16c8a645be41f5a76.jpg,0,0.9462729096412659,0.0216841958463192,0.021413510665297508,0.03547114133834839,0.0018532993271946907
001068_jpg.rf.371ec28b0d2bbbd16c8a645be41f5a76.jpg,8,0.804472804069519,0.24523600935935974,0.01403926033526659,0.040267396718263626,0.0018060526344925165
001068_jpg.rf.371ec28b0d2bbbd16c8a645be41f5a76.jpg,1,0.4705544114112854,0.2501181960105896,0.011687206104397774,0.02562992461025715,0.0014671031385660172
001068_jpg.rf.371ec28b0d2bbbd16c8a645be41f5a76.jpg,0,0.6661410927772522,0.25550854206085205,0.01472590584307909,0.07546615600585938,0.0014621308073401451
001068_jpg.rf.371ec28b0d2bbbd16c8a645be41f5a76.jpg,7,0.5206974148750305,0.10332144796848297,0.01857009343802929,0.06466786563396454,0.0014619282446801662
001068_jpg.rf.371ec28b0d2bbbd16c8a645be41f5a76.jpg,1,0.25144878029823303,0.10506643354892731,0.09746306389570236,0.09156524389982224,0.0014284701319411397
001068_jpg.rf.371ec28b0d2bbbd16c8a645be41f5a76.jpg,0,0.33986806869506836,0.3346204459667206,0.008501933887600899,0.026141313835978508,0.0013601375976577401
001068_jpg.rf.371ec28b0d2bbbd16c8a645be41f5a76.jpg,0,0.4936559200286865,0.1471160650253296,0.017039813101291656,0.05244209244847298,0.001358638983219862
001068_jpg.rf.371ec28b0d2bbbd16c8a645be41f5a76.jpg,1,0.6048420667648315,0.0943085178732872,0.07886403053998947,0.08581104874610901,0.0011474076891317964
001068_jpg.rf.371ec28b0d2bbbd16c8a645be41f5a76.jpg,0,0.5523837804794312,0.07861574739217758,0.03289523720741272,0.13449902832508087,0.0011107170721516013
001082_jpg.rf.6b7fc1c9648c1a3494a137ffa3664be1.jpg,3,0.7404751777648926,0.21591736376285553,0.11586541682481766,0.16345036029815674,0.9210531711578369
001082_jpg.rf.6b7fc1c9648c1a3494a137ffa3664be1.jpg,4,0.7409730553627014,0.21341107785701752,0.112720787525177,0.15866947174072266,0.49381735920906067
001082_jpg.rf.6b7fc1c9648c1a3494a137ffa3664be1.jpg,5,0.74024498462677,0.2116323709487915,0.11692678183317184,0.1612178087234497,0.33290547132492065
001082_jpg.rf.6b7fc1c9648c1a3494a137ffa3664be1.jpg,5,0.09632046520709991,0.3540691137313843,0.19264093041419983,0.7060104608535767,0.022381456568837166
001082_jpg.rf.6b7fc1c9648c1a3494a137ffa3664be1.jpg,5,0.40244773030281067,0.425231009721756,0.8048954606056213,0.8498542904853821,0.006965375039726496
001082_jpg.rf.6b7fc1c9648c1a3494a137ffa3664be1.jpg,5,0.2661183178424835,0.38107916712760925,0.5319333672523499,0.7621583342552185,0.005631186533719301
001082_jpg.rf.6b7fc1c9648c1a3494a137ffa3664be1.jpg,5,0.14241479337215424,0.4061499536037445,0.28482958674430847,0.8056303262710571,0.00269541097804904
001082_jpg.rf.6b7fc1c9648c1a3494a137ffa3664be1.jpg,5,0.5160991549491882,0.3794809579849243,0.6110970973968506,0.6303133368492126,0.0017894861521199346
001082_jpg.rf.6b7fc1c9648c1a3494a137ffa3664be1.jpg,5,0.5976758599281311,0.16146579384803772,0.33202052116394043,0.32293158769607544,0.0012661211658269167
001082_jpg.rf.6b7fc1c9648c1a3494a137ffa3664be1.jpg,5,0.10259108990430832,0.22221246361732483,0.20518217980861664,0.4442810118198395,0.0010523454984650016
001082_jpg.rf.6b7fc1c9648c1a3494a137ffa3664be1.jpg,5,0.32851681113243103,0.24226754903793335,0.6570336222648621,0.4845350980758667,0.0010154751362279058
001089_jpg.rf.004c591c5855cf05e2198a5e21c8ab56.jpg,3,0.5039636492729187,0.6798574328422546,0.22871142625808716,0.42119863629341125,0.9621992707252502
001089_jpg.rf.004c591c5855cf05e2198a5e21c8ab56.jpg,1,0.42230597138404846,0.031844474375247955,0.022784894332289696,0.0606481209397316,0.049119606614112854
001089_jpg.rf.004c591c5855cf05e2198a5e21c8ab56.jpg,1,0.42504265904426575,0.02083609253168106,0.01864602044224739,0.03969859331846237,0.0029951645992696285
001089_jpg.rf.004c591c5855cf05e2198a5e21c8ab56.jpg,1,0.42174217104911804,0.05216194689273834,0.026805585250258446,0.09618841111660004,0.0010350769152864814
001089_jpg.rf.004c591c5855cf05e2198a5e21c8ab56.jpg,4,0.5044666528701782,0.8320664763450623,0.20845891535282135,0.11965766549110413,0.0010316146072000265
001089_jpg.rf.004c591c5855cf05e2198a5e21c8ab56.jpg,12,0.28945520520210266,0.3119136393070221,0.5789104104042053,0.6187056303024292,0.0010128088761121035
001097_jpg.rf.76b13f1ce839d7102e9a683f6959a3e6.jpg,3,0.4005201458930969,0.4566660225391388,0.6060203909873962,0.7754691243171692,0.9616310596466064
001214_jpg.rf.85dbeddc5609d79293b1f979131a9f35.jpg,4,0.4823789894580841,0.363289475440979,0.5041220784187317,0.3323621153831482,0.9794269800186157
001223_jpg.rf.cd973e1db0f78ec16c70d7af43fc4511.jpg,4,0.33465319871902466,0.5332645773887634,0.2930868864059448,0.3988065719604492,0.9747896790504456
001223_jpg.rf.cd973e1db0f78ec16c70d7af43fc4511.jpg,4,0.415950208902359,0.5316101312637329,0.4544718861579895,0.4424331784248352,0.001456706551834941
001223_jpg.rf.cd973e1db0f78ec16c70d7af43fc4511.jpg,4,0.33780956268310547,0.383134126663208,0.2990328371524811,0.6934362649917603,0.0011353213340044022
001228_jpg.rf.f4f7bc0b74a46e26c75aed78c39b41e5.jpg,4,0.315094530582428,0.2847820222377777,0.23797908425331116,0.4130318760871887,0.9565902948379517
001228_jpg.rf.f4f7bc0b74a46e26c75aed78c39b41e5.jpg,4,0.4245346784591675,0.27677372097969055,0.4550122916698456,0.42987582087516785,0.002602472435683012
001228_jpg.rf.f4f7bc0b74a46e26c75aed78c39b41e5.jpg,3,0.3146374225616455,0.28446683287620544,0.2313709408044815,0.41116631031036377,0.0025957205798476934
001228_jpg.rf.f4f7bc0b74a46e26c75aed78c39b41e5.jpg,0,0.008359700441360474,0.9642235040664673,0.016719400882720947,0.06813636422157288,0.0015387000748887658
001228_jpg.rf.f4f7bc0b74a46e26c75aed78c39b41e5.jpg,0,0.9085161089897156,0.06600851565599442,0.03154696151614189,0.017371343448758125,0.0015168057288974524
001229_jpg.rf.3174ec6dbfe9e8ee6ab16906d969ae8d.jpg,4,0.3345927596092224,0.5339345932006836,0.2908203601837158,0.39695024490356445,0.9747406244277954
001229_jpg.rf.3174ec6dbfe9e8ee6ab16906d969ae8d.jpg,4,0.41567379236221313,0.5338587760925293,0.453847199678421,0.4459584951400757,0.0016301949508488178
001229_jpg.rf.3174ec6dbfe9e8ee6ab16906d969ae8d.jpg,4,0.33902496099472046,0.37891632318496704,0.30272889137268066,0.7019813656806946,0.0010879931505769491
001229_jpg.rf.3174ec6dbfe9e8ee6ab16906d969ae8d.jpg,4,0.5371125936508179,0.7075371742248535,0.8045472502708435,0.5849258303642273,0.0010260585695505142
001247_jpg.rf.986fd924de123c95a8e6bbcc765d4c10.jpg,4,0.2939720153808594,0.47746485471725464,0.49698156118392944,0.903561532497406,0.8553591370582581
001247_jpg.rf.986fd924de123c95a8e6bbcc765d4c10.jpg,3,0.2894737720489502,0.4760715961456299,0.4935559630393982,0.9035465717315674,0.195428267121315
001247_jpg.rf.986fd924de123c95a8e6bbcc765d4c10.jpg,5,0.7714768648147583,0.6298857927322388,0.45661237835884094,0.7402285933494568,0.0017066376749426126
001250_jpg.rf.157a04c81cbb47009538b4880d0004c9.jpg,4,0.49396124482154846,0.46257680654525757,0.430219441652298,0.6154837012290955,0.864942193031311
001250_jpg.rf.157a04c81cbb47009538b4880d0004c9.jpg,3,0.4921128749847412,0.46139195561408997,0.43252938985824585,0.6194884181022644,0.036934178322553635
001256_jpg.rf.204fbb92b5dc59d697bf04b2682485e2.jpg,4,0.5676342844963074,0.37957072257995605,0.2970176339149475,0.38170352578163147,0.969817578792572
001256_jpg.rf.204fbb92b5dc59d697bf04b2682485e2.jpg,11,0.5662498474121094,0.37626466155052185,0.2946958541870117,0.3752082884311676,0.08108964562416077
001256_jpg.rf.204fbb92b5dc59d697bf04b2682485e2.jpg,4,0.5617160201072693,0.5109103322029114,0.2968216836452484,0.6335772275924683,0.004606940783560276
001256_jpg.rf.204fbb92b5dc59d697bf04b2682485e2.jpg,0,0.8100314736366272,0.9910566210746765,0.04993702843785286,0.017713988199830055,0.002819834742695093
001256_jpg.rf.204fbb92b5dc59d697bf04b2682485e2.jpg,1,0.3583972752094269,0.5397739410400391,0.03720855712890625,0.08197938650846481,0.002815270097926259
001256_jpg.rf.204fbb92b5dc59d697bf04b2682485e2.jpg,8,0.5656110048294067,0.37399446964263916,0.2940071225166321,0.38227611780166626,0.0020942152477800846
001259_jpg.rf.b55c7e7dacc1e607f8e69b2a5cc36568.jpg,4,0.5338895916938782,0.5164074301719666,0.33356615900993347,0.5048480033874512,0.9721501469612122
001261_jpg.rf.7b5bf5841b26d8966d6081fbc704dbf7.jpg,3,0.47162768244743347,0.2734246850013733,0.12984687089920044,0.09328967332839966,0.7634087204933167
001261_jpg.rf.7b5bf5841b26d8966d6081fbc704dbf7.jpg,8,0.4698445200920105,0.2750227451324463,0.1299213320016861,0.09271108359098434,0.21350054442882538
001261_jpg.rf.7b5bf5841b26d8966d6081fbc704dbf7.jpg,4,0.47111615538597107,0.27560287714004517,0.12772193551063538,0.09080663323402405,0.09872085601091385
001261_jpg.rf.7b5bf5841b26d8966d6081fbc704dbf7.jpg,14,0.7029061317443848,0.9620230197906494,0.03646645322442055,0.05037190392613411,0.0011094892397522926
001277_jpg.rf.03beffa81aa901c8462dfe1681a202f4.jpg,4,0.4381469786167145,0.22299416363239288,0.09121821820735931,0.1332741230726242,0.8361731171607971
001277_jpg.rf.03beffa81aa901c8462dfe1681a202f4.jpg,9,0.43832042813301086,0.2257944494485855,0.09222786873579025,0.12739405035972595,0.44391515851020813
001277_jpg.rf.03beffa81aa901c8462dfe1681a202f4.jpg,11,0.43924060463905334,0.22332066297531128,0.09081444889307022,0.13218480348587036,0.3083377778530121
001277_jpg.rf.03beffa81aa901c8462dfe1681a202f4.jpg,8,0.43813538551330566,0.22527755796909332,0.08857294917106628,0.1301724761724472,0.13537746667861938
001277_jpg.rf.03beffa81aa901c8462dfe1681a202f4.jpg,0,0.6592336297035217,0.1672080159187317,0.09405147284269333,0.0696948915719986,0.008126460947096348
001277_jpg.rf.03beffa81aa901c8462dfe1681a202f4.jpg,10,0.4393484890460968,0.2232581377029419,0.09272098541259766,0.13159671425819397,0.0060567897744476795
001277_jpg.rf.03beffa81aa901c8462dfe1681a202f4.jpg,0,0.3409801125526428,0.018157124519348145,0.053806599229574203,0.03631424903869629,0.001504502259194851
001277_jpg.rf.03beffa81aa901c8462dfe1681a202f4.jpg,3,0.43814271688461304,0.22314798831939697,0.08954136818647385,0.1351834088563919,0.001133466954343021
001281_jpg.rf.b8a22407e4c52a0704d45a8b32965f9b.jpg,4,0.5030949711799622,0.4996359348297119,0.7056965827941895,0.9089216589927673,0.9636256694793701
001289_jpg.rf.2b57939adb36b165f0eef0a3de68e1ec.jpg,4,0.5075006484985352,0.4324878752231598,0.39683738350868225,0.2592656910419464,0.9578689336776733
001289_jpg.rf.2b57939adb36b165f0eef0a3de68e1ec.jpg,4,0.5100759267807007,0.5820596814155579,0.39880064129829407,0.5725204348564148,0.0026743500493466854
001289_jpg.rf.2b57939adb36b165f0eef0a3de68e1ec.jpg,4,0.39550304412841797,0.43721702694892883,0.16619007289409637,0.24931329488754272,0.0024695072788745165
001289_jpg.rf.2b57939adb36b165f0eef0a3de68e1ec.jpg,4,0.5721027255058289,0.4333045184612274,0.5264577865600586,0.35406291484832764,0.0018290405860170722
001289_jpg.rf.2b57939adb36b165f0eef0a3de68e1ec.jpg,0,0.5071206092834473,0.43410632014274597,0.3928031921386719,0.2545904815196991,0.0014240979216992855
001289_jpg.rf.2b57939adb36b165f0eef0a3de68e1ec.jpg,4,0.6410670280456543,0.3721923828125,0.6674036383628845,0.720217227935791,0.001279575051739812
001290_jpg.rf.d3a396f3ea066c80a6e76a48dcf798a2.jpg,4,0.4796004593372345,0.19213031232357025,0.2735714018344879,0.17411966621875763,0.9140876531600952
001290_jpg.rf.d3a396f3ea066c80a6e76a48dcf798a2.jpg,4,0.42523303627967834,0.19151347875595093,0.16549301147460938,0.17214716970920563,0.015280358493328094
001290_jpg.rf.d3a396f3ea066c80a6e76a48dcf798a2.jpg,3,0.47851061820983887,0.19147396087646484,0.2744660973548889,0.18019603192806244,0.004496334586292505
001290_jpg.rf.d3a396f3ea066c80a6e76a48dcf798a2.jpg,4,0.4127867817878723,0.18143174052238464,0.4223591983318329,0.24462047219276428,0.003123797010630369
001290_jpg.rf.d3a396f3ea066c80a6e76a48dcf798a2.jpg,0,0.4786332845687866,0.19259479641914368,0.2696000635623932,0.18106578290462494,0.0022907527163624763
001290_jpg.rf.d3a396f3ea066c80a6e76a48dcf798a2.jpg,4,0.47992751002311707,0.2957809269428253,0.27926501631736755,0.38757428526878357,0.0021653014700859785
001290_jpg.rf.d3a396f3ea066c80a6e76a48dcf798a2.jpg,14,0.48170381784439087,0.19236727058887482,0.27057084441185,0.17653758823871613,0.0019343437161296606
001290_jpg.rf.d3a396f3ea066c80a6e76a48dcf798a2.jpg,4,0.47834059596061707,0.1422906368970871,0.2716771066188812,0.2845812737941742,0.0015537787694483995
001290_jpg.rf.d3a396f3ea066c80a6e76a48dcf798a2.jpg,11,0.4820364713668823,0.1937333345413208,0.2699900269508362,0.17508834600448608,0.0010589850135147572
001291_jpg.rf.c0ea8c600fa9219527f23947a8f0e7ec.jpg,4,0.3152787387371063,0.29974889755249023,0.23444579541683197,0.3321051597595215,0.9525125026702881
001291_jpg.rf.c0ea8c600fa9219527f23947a8f0e7ec.jpg,0,0.9066385626792908,0.12667135894298553,0.03059416636824608,0.01651591621339321,0.01500007975846529
001291_jpg.rf.c0ea8c600fa9219527f23947a8f0e7ec.jpg,4,0.31472912430763245,0.4178248643875122,0.2464093565940857,0.5704634189605713,0.010035437531769276
001291_jpg.rf.c0ea8c600fa9219527f23947a8f0e7ec.jpg,4,0.46922069787979126,0.27913132309913635,0.5434819459915161,0.3836575746536255,0.002484302269294858
001291_jpg.rf.c0ea8c600fa9219527f23947a8f0e7ec.jpg,10,0.31142446398735046,0.29944083094596863,0.2299412339925766,0.32289960980415344,0.0020041875541210175
001291_jpg.rf.c0ea8c600fa9219527f23947a8f0e7ec.jpg,4,0.31377893686294556,0.23144389688968658,0.2349521964788437,0.46288779377937317,0.0015552034601569176
001291_jpg.rf.c0ea8c600fa9219527f23947a8f0e7ec.jpg,8,0.3138181269168854,0.3000183701515198,0.23383229970932007,0.32817474007606506,0.0012023831950500607
001291_jpg.rf.c0ea8c600fa9219527f23947a8f0e7ec.jpg,4,0.25883904099464417,0.29978081583976746,0.12356169521808624,0.3399496078491211,0.0011268475791439414
001295_jpg.rf.449090465a44f9f98a47e1141f3a8f38.jpg,4,0.534180223941803,0.5157734751701355,0.33302968740463257,0.5052701830863953,0.9683648943901062
001407_jpg.rf.70ca057de423bef18930dd5f47b975d7.jpg,5,0.22258375585079193,0.20872454345226288,0.21801131963729858,0.3416997492313385,0.9790153503417969
001407_jpg.rf.70ca057de423bef18930dd5f47b975d7.jpg,0,0.5938369631767273,0.4295044541358948,0.028089303523302078,0.01927661895751953,0.07782981544733047
001407_jpg.rf.70ca057de423bef18930dd5f47b975d7.jpg,0,0.596419632434845,0.43069976568222046,0.019872665405273438,0.010920231230556965,0.038968659937381744
001407_jpg.rf.70ca057de423bef18930dd5f47b975d7.jpg,0,0.5317376852035522,0.27088454365730286,0.014792002737522125,0.018512358888983727,0.008563866838812828
001407_jpg.rf.70ca057de423bef18930dd5f47b975d7.jpg,1,0.01965516246855259,0.5794602632522583,0.018647093325853348,0.04033206030726433,0.005534282419830561
001407_jpg.rf.70ca057de423bef18930dd5f47b975d7.jpg,0,0.8673239946365356,0.38633993268013,0.01310598012059927,0.013555821031332016,0.003989457618445158
001407_jpg.rf.70ca057de423bef18930dd5f47b975d7.jpg,0,0.8415971398353577,0.38761770725250244,0.020851869136095047,0.01891811192035675,0.003233220661059022
001407_jpg.rf.70ca057de423bef18930dd5f47b975d7.jpg,1,0.05779948830604553,0.46790942549705505,0.018680665642023087,0.05830816179513931,0.0030023327562958
001407_jpg.rf.70ca057de423bef18930dd5f47b975d7.jpg,0,0.5869390964508057,0.4275907576084137,0.036865234375,0.021104887127876282,0.002714949194341898
001407_jpg.rf.70ca057de423bef18930dd5f47b975d7.jpg,0,0.8361631035804749,0.38341137766838074,0.02999863401055336,0.024252304807305336,0.0026310018729418516
001407_jpg.rf.70ca057de423bef18930dd5f47b975d7.jpg,0,0.6013627648353577,0.43516579270362854,0.020775355398654938,0.009510333649814129,0.0025805062614381313
001407_jpg.rf.70ca057de423bef18930dd5f47b975d7.jpg,14,0.018378982320427895,0.3284628391265869,0.03535522148013115,0.06843561679124832,0.0019704573787748814
001407_jpg.rf.70ca057de423bef18930dd5f47b975d7.jpg,0,0.5921481251716614,0.4344451427459717,0.018085921183228493,0.008516971953213215,0.0017106093000620604
001407_jpg.rf.70ca057de423bef18930dd5f47b975d7.jpg,1,0.8433376550674438,0.3932019770145416,0.0168332327157259,0.01632404327392578,0.0016323794843629003
001407_jpg.rf.70ca057de423bef18930dd5f47b975d7.jpg,0,0.45932668447494507,0.4591127038002014,0.016651447862386703,0.015793433412909508,0.0016047415556386113
001407_jpg.rf.70ca057de423bef18930dd5f47b975d7.jpg,0,0.7975422143936157,0.10687278211116791,0.03131294250488281,0.03089648112654686,0.0015854864614084363
001407_jpg.rf.70ca057de423bef18930dd5f47b975d7.jpg,0,0.6020738482475281,0.4351651966571808,0.020323241129517555,0.016719598323106766,0.0012667954433709383
001407_jpg.rf.70ca057de423bef18930dd5f47b975d7.jpg,1,0.851015567779541,0.40276938676834106,0.01952068693935871,0.025778478011488914,0.0010356471175327897
001409_jpg.rf.03a314500608050ad90ed1c849fb18db.jpg,5,0.6374323964118958,0.46456316113471985,0.07547763735055923,0.113727867603302,0.7060627937316895
001409_jpg.rf.03a314500608050ad90ed1c849fb18db.jpg,13,0.6350947618484497,0.4635930359363556,0.07208340615034103,0.11290983110666275,0.30964311957359314
001409_jpg.rf.03a314500608050ad90ed1c849fb18db.jpg,11,0.6375798583030701,0.46492907404899597,0.0740271732211113,0.11611806601285934,0.1625761240720749
001409_jpg.rf.03a314500608050ad90ed1c849fb18db.jpg,4,0.6368862390518188,0.4652624726295471,0.0756121426820755,0.11662505567073822,0.10246782749891281
001409_jpg.rf.03a314500608050ad90ed1c849fb18db.jpg,3,0.6336421966552734,0.46414101123809814,0.07445903867483139,0.11376997828483582,0.015729904174804688
001427_jpg.rf.fe832db13f19311c2eda0b6e83878ec5.jpg,5,0.4990629255771637,0.49659231305122375,0.9198858141899109,0.9214882850646973,0.973270058631897
001427_jpg.rf.fe832db13f19311c2eda0b6e83878ec5.jpg,5,0.8628750443458557,0.120472252368927,0.26598066091537476,0.240944504737854,0.0024350187741219997
001432_jpg.rf.5d8fff00f092a9bcb15a018a3edb186b.jpg,5,0.7231486439704895,0.4697709381580353,0.13124583661556244,0.21895277500152588,0.968572735786438
001432_jpg.rf.5d8fff00f092a9bcb15a018a3edb186b.jpg,0,0.1341879814863205,0.963626503944397,0.03240702673792839,0.07218258827924728,0.005804083775728941
001432_jpg.rf.5d8fff00f092a9bcb15a018a3edb186b.jpg,5,0.8301266431808472,0.22380873560905457,0.07767222821712494,0.06654750555753708,0.003748313058167696
001432_jpg.rf.5d8fff00f092a9bcb15a018a3edb186b.jpg,5,0.8363497257232666,0.25529876351356506,0.0630340576171875,0.11300916224718094,0.002533999737352133
001432_jpg.rf.5d8fff00f092a9bcb15a018a3edb186b.jpg,14,0.8046950101852417,0.21293804049491882,0.015839943662285805,0.04372142255306244,0.0017766773235052824
001432_jpg.rf.5d8fff00f092a9bcb15a018a3edb186b.jpg,14,0.8509075045585632,0.21192890405654907,0.023997968062758446,0.04780769348144531,0.001576437964104116
001436_jpg.rf.cc8f571352da66682260166ac2086168.jpg,5,0.6993240714073181,0.4533478915691376,0.3828525245189667,0.5992924571037292,0.9543212652206421
001436_jpg.rf.cc8f571352da66682260166ac2086168.jpg,5,0.9249386191368103,0.22045624256134033,0.1356007605791092,0.44091248512268066,0.0024932329542934895
001436_jpg.rf.cc8f571352da66682260166ac2086168.jpg,5,0.8380663394927979,0.17620806396007538,0.3158186376094818,0.35241612792015076,0.001631805207580328
001449_jpg.rf.4b8f2718b90c8c6cf89ccf753d5b575a.jpg,5,0.8860113024711609,0.23776377737522125,0.2279774695634842,0.33349213004112244,0.9439073204994202
001449_jpg.rf.4b8f2718b90c8c6cf89ccf753d5b575a.jpg,11,0.32681140303611755,0.7036538124084473,0.3480520248413086,0.5458444952964783,0.9285457134246826
001449_jpg.rf.4b8f2718b90c8c6cf89ccf753d5b575a.jpg,10,0.8852957487106323,0.23679031431674957,0.22940856218338013,0.3355775773525238,0.2318427413702011
001449_jpg.rf.4b8f2718b90c8c6cf89ccf753d5b575a.jpg,14,0.5143686532974243,0.3075726628303528,0.05520123988389969,0.1355707198381424,0.0011076264781877398
001462_jpg.rf.590c8b4c74096f768de4433951995545.jpg,5,0.736599862575531,0.49777260422706604,0.5268003344535828,0.9955452084541321,0.9697991013526917
001465_jpg.rf.82e271056e453a4f123033b7db486d63.jpg,5,0.5907212495803833,0.8856623768806458,0.08646892011165619,0.14037059247493744,0.9884213209152222
001465_jpg.rf.82e271056e453a4f123033b7db486d63.jpg,5,0.2717764973640442,0.7908130884170532,0.1698288768529892,0.26367130875587463,0.978736400604248
001465_jpg.rf.82e271056e453a4f123033b7db486d63.jpg,5,0.4714758098125458,0.3218421936035156,0.5847828984260559,0.6155288815498352,0.9671529531478882
001465_jpg.rf.82e271056e453a4f123033b7db486d63.jpg,5,0.8841107487678528,0.6831070184707642,0.22550378739833832,0.29071277379989624,0.9460621476173401
001465_jpg.rf.82e271056e453a4f123033b7db486d63.jpg,5,0.7982487678527832,0.8783660531044006,0.06729947775602341,0.11374884843826294,0.7936991453170776
001465_jpg.rf.82e271056e453a4f123033b7db486d63.jpg,5,0.3301052153110504,0.9313746690750122,0.06899408251047134,0.08414489030838013,0.3352673053741455
001465_jpg.rf.82e271056e453a4f123033b7db486d63.jpg,5,0.530498206615448,0.903789758682251,0.10260384529829025,0.14709341526031494,0.25467947125434875
001465_jpg.rf.82e271056e453a4f123033b7db486d63.jpg,5,0.33390361070632935,0.9063187837600708,0.06878723204135895,0.12139467895030975,0.18616758286952972
001465_jpg.rf.82e271056e453a4f123033b7db486d63.jpg,5,0.5260068774223328,0.9277656078338623,0.05332088842988014,0.10699639469385147,0.12259581685066223
001465_jpg.rf.82e271056e453a4f123033b7db486d63.jpg,5,0.42198067903518677,0.9428640604019165,0.022958243265748024,0.08095037192106247,0.07189856469631195
001465_jpg.rf.82e271056e453a4f123033b7db486d63.jpg,4,0.3331409990787506,0.9100508093833923,0.07404936850070953,0.12876980006694794,0.035195328295230865
001465_jpg.rf.82e271056e453a4f123033b7db486d63.jpg,3,0.5923537611961365,0.8877708315849304,0.081733338534832,0.14328692853450775,0.014971332624554634
001465_jpg.rf.82e271056e453a4f123033b7db486d63.jpg,5,0.4213314652442932,0.9097704887390137,0.027520474046468735,0.12235216796398163,0.005420291796326637
001465_jpg.rf.82e271056e453a4f123033b7db486d63.jpg,5,0.525094211101532,0.885941743850708,0.037272967398166656,0.03306080773472786,0.005005895160138607
001465_jpg.rf.82e271056e453a4f123033b7db486d63.jpg,5,0.6087458729743958,0.8528221845626831,0.10655836015939713,0.21476085484027863,0.004348606336861849
001465_jpg.rf.82e271056e453a4f123033b7db486d63.jpg,5,0.5257511138916016,0.9199802875518799,0.037360046058893204,0.07274099439382553,0.004062884021550417
001465_jpg.rf.82e271056e453a4f123033b7db486d63.jpg,5,0.46323704719543457,0.8408536314964294,0.095412477850914,0.3166894316673279,0.003867876948788762
001465_jpg.rf.82e271056e453a4f123033b7db486d63.jpg,5,0.1831546276807785,0.15221968293190002,0.366309255361557,0.30443936586380005,0.003666062606498599
001465_jpg.rf.82e271056e453a4f123033b7db486d63.jpg,8,0.3339706063270569,0.912497341632843,0.07260865718126297,0.13299913704395294,0.003359612077474594
001465_jpg.rf.82e271056e453a4f123033b7db486d63.jpg,5,0.5321719646453857,0.9695788621902466,0.05080076679587364,0.037416018545627594,0.0030258232727646828
001465_jpg.rf.82e271056e453a4f123033b7db486d63.jpg,8,0.8801973462104797,0.6836611032485962,0.22482740879058838,0.29125556349754333,0.002626294968649745
001465_jpg.rf.82e271056e453a4f123033b7db486d63.jpg,5,0.47805845737457275,0.9277723431587219,0.0864144116640091,0.10345019400119781,0.0024584433995187283
001465_jpg.rf.82e271056e453a4f123033b7db486d63.jpg,5,0.6395934224128723,0.878999650478363,0.1775076985359192,0.1574230194091797,0.0020127478055655956
001465_jpg.rf.82e271056e453a4f123033b7db486d63.jpg,5,0.27733466029167175,0.8910597562789917,0.18376468122005463,0.12128610163927078,0.0019376147538423538
001465_jpg.rf.82e271056e453a4f123033b7db486d63.jpg,5,0.24504294991493225,0.26019442081451416,0.4900858998298645,0.5195037126541138,0.0016944281524047256
001465_jpg.rf.82e271056e453a4f123033b7db486d63.jpg,5,0.35482099652290344,0.9064871072769165,0.03007976897060871,0.12472886592149734,0.0016465324442833662
001465_jpg.rf.82e271056e453a4f123033b7db486d63.jpg,5,0.18036937713623047,0.7862712144851685,0.3430500030517578,0.31580471992492676,0.0013873904244974256
001465_jpg.rf.82e271056e453a4f123033b7db486d63.jpg,5,0.5014614462852478,0.9070406556129456,0.09112299978733063,0.11520474404096603,0.0013319230638444424
001465_jpg.rf.82e271056e453a4f123033b7db486d63.jpg,3,0.7944173812866211,0.8856158256530762,0.08718564361333847,0.11650511622428894,0.0013134366599842906
001465_jpg.rf.82e271056e453a4f123033b7db486d63.jpg,5,0.15281909704208374,0.7557075619697571,0.3056381940841675,0.488584965467453,0.001223186613060534
001465_jpg.rf.82e271056e453a4f123033b7db486d63.jpg,5,0.5557079315185547,0.9116655588150024,0.024369314312934875,0.08628933876752853,0.0010105150286108255
001472_jpg.rf.38654b39e5bc13159c16952df2ba2dc0.jpg,5,0.709517776966095,0.4503726363182068,0.3656716048717499,0.7118382453918457,0.9677096009254456
001477_jpg.rf.170667884b322b9985bcd6a054a0d6be.jpg,5,0.5055818557739258,0.48405593633651733,0.4684606194496155,0.8660012483596802,0.9619137048721313
001477_jpg.rf.170667884b322b9985bcd6a054a0d6be.jpg,5,0.8335659503936768,0.46172958612442017,0.32556769251823425,0.9166548848152161,0.001622368348762393
001478_jpg.rf.b4a8c8adb59b1bfeb056f275a7e9c785.jpg,5,0.424685537815094,0.3025778830051422,0.7100272178649902,0.4372587502002716,0.9759264588356018
001479_jpg.rf.61b4e3eab9b3daa20c770dafec663c97.jpg,5,0.5054183006286621,0.4645528197288513,0.5507789850234985,0.7584818601608276,0.9682955741882324
001479_jpg.rf.61b4e3eab9b3daa20c770dafec663c97.jpg,5,0.7962432503700256,0.1667570322751999,0.40751364827156067,0.3335140645503998,0.010771440342068672
001479_jpg.rf.61b4e3eab9b3daa20c770dafec663c97.jpg,1,0.5108014941215515,0.057992905378341675,0.06325098127126694,0.02943282015621662,0.0013579295482486486
001479_jpg.rf.61b4e3eab9b3daa20c770dafec663c97.jpg,0,0.5104522705078125,0.057671740651130676,0.06190513074398041,0.031056644394993782,0.0012289001606404781
001479_jpg.rf.61b4e3eab9b3daa20c770dafec663c97.jpg,5,0.6750703454017639,0.2963823676109314,0.6498593688011169,0.5927647352218628,0.0010967279085889459
001482_jpg.rf.c040f508e60b3a870f5f5fc8b9b017d2.jpg,5,0.5127698183059692,0.34348249435424805,0.32101699709892273,0.6117865443229675,0.9652527570724487
001482_jpg.rf.c040f508e60b3a870f5f5fc8b9b017d2.jpg,1,0.9838801622390747,0.705037534236908,0.03164907544851303,0.07975945621728897,0.023948021233081818
001482_jpg.rf.c040f508e60b3a870f5f5fc8b9b017d2.jpg,1,0.9800671935081482,0.7678952217102051,0.039865642786026,0.09745671600103378,0.0182610135525465
001482_jpg.rf.c040f508e60b3a870f5f5fc8b9b017d2.jpg,1,0.9836498498916626,0.68891441822052,0.03194456920027733,0.048844851553440094,0.004256231710314751
001482_jpg.rf.c040f508e60b3a870f5f5fc8b9b017d2.jpg,1,0.9814661741256714,0.7261043787002563,0.037067707628011703,0.1259802281856537,0.0036244394723325968
001484_jpg.rf.6b44f8da037b210cdbe0663683d7274e.jpg,5,0.23904532194137573,0.4511934518814087,0.39193546772003174,0.7655962705612183,0.9641835689544678
001494_jpg.rf.4db0ef3199baad5258c353573bffed4a.jpg,5,0.6134499907493591,0.22005990147590637,0.5075830221176147,0.33871662616729736,0.9615827202796936
001603_JPG_jpg.rf.d7ff42753708b2cd74195e8e463d3e2c.jpg,1,0.4799525737762451,0.1355568915605545,0.37626978754997253,0.10558906197547913,0.939471423625946
001603_JPG_jpg.rf.d7ff42753708b2cd74195e8e463d3e2c.jpg,0,0.47062787413597107,0.13282723724842072,0.39667952060699463,0.10307560116052628,0.44064998626708984
001603_JPG_jpg.rf.d7ff42753708b2cd74195e8e463d3e2c.jpg,1,0.40544936060905457,0.13366945087909698,0.232240691781044,0.09201547503471375,0.10359588265419006
001603_JPG_jpg.rf.d7ff42753708b2cd74195e8e463d3e2c.jpg,1,0.552594006061554,0.13092467188835144,0.22111199796199799,0.09839913249015808,0.08646826446056366
001603_JPG_jpg.rf.d7ff42753708b2cd74195e8e463d3e2c.jpg,0,0.5532308220863342,0.12773999571800232,0.21933527290821075,0.09930108487606049,0.01872476004064083
001603_JPG_jpg.rf.d7ff42753708b2cd74195e8e463d3e2c.jpg,8,0.39331233501434326,0.6237884163856506,0.04136114940047264,0.03488331660628319,0.008829801343381405
001603_JPG_jpg.rf.d7ff42753708b2cd74195e8e463d3e2c.jpg,14,0.3275587558746338,0.9149067401885986,0.04783285781741142,0.03324684873223305,0.001997022656723857
001603_JPG_jpg.rf.d7ff42753708b2cd74195e8e463d3e2c.jpg,10,0.326665461063385,0.9141636490821838,0.04687102138996124,0.034193478524684906,0.00199613138101995
001603_JPG_jpg.rf.d7ff42753708b2cd74195e8e463d3e2c.jpg,1,0.4734373390674591,0.26319923996925354,0.39484700560569763,0.36904069781303406,0.001589712337590754
001603_JPG_jpg.rf.d7ff42753708b2cd74195e8e463d3e2c.jpg,1,0.7094346880912781,0.862887442111969,0.035414185374975204,0.020154660567641258,0.0014288430102169514
001606_JPG_jpg.rf.acbfc805c9e8ea9791185014645390c2.jpg,1,0.6755027174949646,0.1534600555896759,0.17612604796886444,0.08028177171945572,0.9432142376899719
001606_JPG_jpg.rf.acbfc805c9e8ea9791185014645390c2.jpg,1,0.12072792649269104,0.5067240595817566,0.0817219689488411,0.03722939267754555,0.8505653738975525
001606_JPG_jpg.rf.acbfc805c9e8ea9791185014645390c2.jpg,0,0.3890763521194458,0.5974815487861633,0.05117768794298172,0.019111046567559242,0.08046610653400421
001606_JPG_jpg.rf.acbfc805c9e8ea9791185014645390c2.jpg,0,0.38847264647483826,0.5971757769584656,0.07045863568782806,0.028971966356039047,0.03787108510732651
001606_JPG_jpg.rf.acbfc805c9e8ea9791185014645390c2.jpg,0,0.3956824839115143,0.59456866979599,0.04394311457872391,0.021897390484809875,0.03128679096698761
001606_JPG_jpg.rf.acbfc805c9e8ea9791185014645390c2.jpg,0,0.4638543426990509,0.7032989859580994,0.038300734013319016,0.0150947580114007,0.021057842299342155
001606_JPG_jpg.rf.acbfc805c9e8ea9791185014645390c2.jpg,0,0.833168089389801,0.5790095329284668,0.05310850962996483,0.021086620166897774,0.013356134295463562
001606_JPG_jpg.rf.acbfc805c9e8ea9791185014645390c2.jpg,1,0.6760485768318176,0.12759128212928772,0.18117523193359375,0.13176456093788147,0.012351901270449162
001606_JPG_jpg.rf.acbfc805c9e8ea9791185014645390c2.jpg,0,0.4820932447910309,0.7122330665588379,0.024331314489245415,0.022072572261095047,0.010896174237132072
001606_JPG_jpg.rf.acbfc805c9e8ea9791185014645390c2.jpg,0,0.4577580988407135,0.7064322829246521,0.019672980532050133,0.026500849053263664,0.00818384438753128
001606_JPG_jpg.rf.acbfc805c9e8ea9791185014645390c2.jpg,0,0.10014647245407104,0.664103627204895,0.03650806471705437,0.014904316514730453,0.007967649959027767
001606_JPG_jpg.rf.acbfc805c9e8ea9791185014645390c2.jpg,1,0.3952806293964386,0.5981084108352661,0.04698856174945831,0.024079984053969383,0.006123404949903488
001606_JPG_jpg.rf.acbfc805c9e8ea9791185014645390c2.jpg,1,0.9865369200706482,0.5904304385185242,0.026660773903131485,0.0819891095161438,0.005574529990553856
001606_JPG_jpg.rf.acbfc805c9e8ea9791185014645390c2.jpg,1,0.08134593069553375,0.5012917518615723,0.10406515002250671,0.036372698843479156,0.004967168439179659
001606_JPG_jpg.rf.acbfc805c9e8ea9791185014645390c2.jpg,1,0.25915175676345825,0.6835317015647888,0.04429912567138672,0.025668658316135406,0.004787874408066273
001606_JPG_jpg.rf.acbfc805c9e8ea9791185014645390c2.jpg,1,0.7398412823677063,0.7103416323661804,0.027080683037638664,0.026595337316393852,0.004565962124615908
001606_JPG_jpg.rf.acbfc805c9e8ea9791185014645390c2.jpg,0,0.14941127598285675,0.6647592782974243,0.038503244519233704,0.01616140641272068,0.0040375771932303905
001606_JPG_jpg.rf.acbfc805c9e8ea9791185014645390c2.jpg,0,0.4701519310474396,0.70753014087677,0.02686280570924282,0.015992531552910805,0.003294308204203844
001606_JPG_jpg.rf.acbfc805c9e8ea9791185014645390c2.jpg,1,0.12073729932308197,0.5186675786972046,0.0821625292301178,0.06902709603309631,0.002906313631683588
001606_JPG_jpg.rf.acbfc805c9e8ea9791185014645390c2.jpg,0,0.4894222915172577,0.6009510159492493,0.021368907764554024,0.026933524757623672,0.002328968606889248
001606_JPG_jpg.rf.acbfc805c9e8ea9791185014645390c2.jpg,0,0.32043033838272095,0.6762900352478027,0.029667047783732414,0.030943797901272774,0.0021151830442249775
001606_JPG_jpg.rf.acbfc805c9e8ea9791185014645390c2.jpg,0,0.11472095549106598,0.6634395718574524,0.03780918940901756,0.01746867410838604,0.0020473047625273466
001606_JPG_jpg.rf.acbfc805c9e8ea9791185014645390c2.jpg,0,0.1907462626695633,0.418242871761322,0.029759041965007782,0.0376201793551445,0.0017686462961137295
001606_JPG_jpg.rf.acbfc805c9e8ea9791185014645390c2.jpg,12,0.34785962104797363,0.693967342376709,0.6904672980308533,0.6120654344558716,0.001335306791588664
001606_JPG_jpg.rf.acbfc805c9e8ea9791185014645390c2.jpg,1,0.2744990289211273,0.6790655255317688,0.04722067341208458,0.02807367779314518,0.0011917442316189408
001606_JPG_jpg.rf.acbfc805c9e8ea9791185014645390c2.jpg,1,0.9782243371009827,0.572098970413208,0.04339893162250519,0.05409710481762886,0.001036333036608994
001606_JPG_jpg.rf.acbfc805c9e8ea9791185014645390c2.jpg,1,0.743837833404541,0.6380845904350281,0.024250030517578125,0.018428802490234375,0.0010243654251098633
001607_JPG_jpg.rf.a6dcbc5ecd7c2ef807a4bce512a054a0.jpg,1,0.3858949840068817,0.14818641543388367,0.09694341570138931,0.05374857410788536,0.9110768437385559
001607_JPG_jpg.rf.a6dcbc5ecd7c2ef807a4bce512a054a0.jpg,0,0.8518068194389343,0.47411301732063293,0.05100984126329422,0.024665467441082,0.022434882819652557
001607_JPG_jpg.rf.a6dcbc5ecd7c2ef807a4bce512a054a0.jpg,0,0.9310458898544312,0.47437554597854614,0.04625613987445831,0.02791023440659046,0.021638821810483932
001607_JPG_jpg.rf.a6dcbc5ecd7c2ef807a4bce512a054a0.jpg,1,0.9725481271743774,0.013423709198832512,0.046800028532743454,0.026422584429383278,0.021104907616972923
001607_JPG_jpg.rf.a6dcbc5ecd7c2ef807a4bce512a054a0.jpg,0,0.8358311057090759,0.4582090973854065,0.04458823800086975,0.031148690730333328,0.009017176926136017
001607_JPG_jpg.rf.a6dcbc5ecd7c2ef807a4bce512a054a0.jpg,0,0.9880954027175903,0.4679809808731079,0.023732993751764297,0.03545944765210152,0.008519028313457966
001607_JPG_jpg.rf.a6dcbc5ecd7c2ef807a4bce512a054a0.jpg,0,0.7756140828132629,0.24690529704093933,0.0929517075419426,0.04613913223147392,0.008215107023715973
001607_JPG_jpg.rf.a6dcbc5ecd7c2ef807a4bce512a054a0.jpg,0,0.8388479351997375,0.470983624458313,0.053068455308675766,0.03175897151231766,0.007978693582117558
001607_JPG_jpg.rf.a6dcbc5ecd7c2ef807a4bce512a054a0.jpg,0,0.6530268788337708,0.4578295648097992,0.020198529586195946,0.021936563774943352,0.007803023327142
001607_JPG_jpg.rf.a6dcbc5ecd7c2ef807a4bce512a054a0.jpg,0,0.8232378363609314,0.47244206070899963,0.042347248643636703,0.02291063219308853,0.007265817373991013
001607_JPG_jpg.rf.a6dcbc5ecd7c2ef807a4bce512a054a0.jpg,0,0.43518462777137756,0.4207811951637268,0.02991221658885479,0.026158994063735008,0.0059084524400532246
001607_JPG_jpg.rf.a6dcbc5ecd7c2ef807a4bce512a054a0.jpg,0,0.6636483073234558,0.45409682393074036,0.03386424109339714,0.019247641786932945,0.005002419464290142
001607_JPG_jpg.rf.a6dcbc5ecd7c2ef807a4bce512a054a0.jpg,0,0.92554771900177,0.4695855379104614,0.035215526819229126,0.028115639463067055,0.004360707011073828
001607_JPG_jpg.rf.a6dcbc5ecd7c2ef807a4bce512a054a0.jpg,1,0.5446459054946899,0.35323309898376465,0.03287271410226822,0.022167205810546875,0.00424707867205143
001607_JPG_jpg.rf.a6dcbc5ecd7c2ef807a4bce512a054a0.jpg,0,0.7729325294494629,0.45110833644866943,0.022756431251764297,0.03301715850830078,0.0037173954769968987
001607_JPG_jpg.rf.a6dcbc5ecd7c2ef807a4bce512a054a0.jpg,0,0.517914891242981,0.35137754678726196,0.04755966737866402,0.020598044618964195,0.003193152602761984
001607_JPG_jpg.rf.a6dcbc5ecd7c2ef807a4bce512a054a0.jpg,0,0.43253716826438904,0.4191998243331909,0.032288551330566406,0.016331747174263,0.0025829633232206106
001607_JPG_jpg.rf.a6dcbc5ecd7c2ef807a4bce512a054a0.jpg,8,0.5478525757789612,0.9768475890159607,0.15467020869255066,0.046304851770401,0.002571448916569352
001607_JPG_jpg.rf.a6dcbc5ecd7c2ef807a4bce512a054a0.jpg,0,0.43033674359321594,0.4173748195171356,0.03619678318500519,0.025983957573771477,0.0022924772929400206
001607_JPG_jpg.rf.a6dcbc5ecd7c2ef807a4bce512a054a0.jpg,0,0.503980278968811,0.3514387309551239,0.04655273258686066,0.01914721354842186,0.002287521492689848
001607_JPG_jpg.rf.a6dcbc5ecd7c2ef807a4bce512a054a0.jpg,0,0.44294291734695435,0.4235819876194,0.026508186012506485,0.02927897684276104,0.0022475039586424828
001607_JPG_jpg.rf.a6dcbc5ecd7c2ef807a4bce512a054a0.jpg,1,0.383048951625824,0.10712242871522903,0.09912887215614319,0.14745724201202393,0.0021466652397066355
001607_JPG_jpg.rf.a6dcbc5ecd7c2ef807a4bce512a054a0.jpg,8,0.6217353940010071,0.9998093247413635,0.334351509809494,0.00038139638490974903,0.002069680020213127
001607_JPG_jpg.rf.a6dcbc5ecd7c2ef807a4bce512a054a0.jpg,0,0.9708902835845947,0.013934954069554806,0.05200474336743355,0.026913218200206757,0.0019975414033979177
001607_JPG_jpg.rf.a6dcbc5ecd7c2ef807a4bce512a054a0.jpg,0,0.43038326501846313,0.42930611968040466,0.024264557287096977,0.02209978923201561,0.0019485042430460453
001607_JPG_jpg.rf.a6dcbc5ecd7c2ef807a4bce512a054a0.jpg,0,0.6470021605491638,0.4599648714065552,0.029563171789050102,0.025651125237345695,0.001815777039155364
001607_JPG_jpg.rf.a6dcbc5ecd7c2ef807a4bce512a054a0.jpg,1,0.29876968264579773,0.40436050295829773,0.021119998767971992,0.02599085308611393,0.0015904520405456424
001607_JPG_jpg.rf.a6dcbc5ecd7c2ef807a4bce512a054a0.jpg,0,0.7719610929489136,0.4562583565711975,0.018054375424981117,0.03047679178416729,0.0015224346425384283
001607_JPG_jpg.rf.a6dcbc5ecd7c2ef807a4bce512a054a0.jpg,0,0.892097532749176,0.4778271019458771,0.03968723118305206,0.02158370427787304,0.0014864009572193027
001607_JPG_jpg.rf.a6dcbc5ecd7c2ef807a4bce512a054a0.jpg,0,0.9246982336044312,0.45730602741241455,0.03435516357421875,0.024592841044068336,0.001461872598156333
001607_JPG_jpg.rf.a6dcbc5ecd7c2ef807a4bce512a054a0.jpg,0,0.8761513829231262,0.4834989309310913,0.042979754507541656,0.020961835980415344,0.001420568791218102
001607_JPG_jpg.rf.a6dcbc5ecd7c2ef807a4bce512a054a0.jpg,0,0.20408807694911957,0.29810047149658203,0.060588985681533813,0.021484944969415665,0.0013933676527813077
001607_JPG_jpg.rf.a6dcbc5ecd7c2ef807a4bce512a054a0.jpg,0,0.8917685151100159,0.4548071622848511,0.03352077305316925,0.03750302270054817,0.001291772467084229
001607_JPG_jpg.rf.a6dcbc5ecd7c2ef807a4bce512a054a0.jpg,0,0.6170404553413391,0.4740663170814514,0.025669099763035774,0.026635391637682915,0.0010892837308347225
001607_JPG_jpg.rf.a6dcbc5ecd7c2ef807a4bce512a054a0.jpg,0,0.6499349474906921,0.4631912112236023,0.01604931242763996,0.029897836968302727,0.0010461215861141682
001607_JPG_jpg.rf.a6dcbc5ecd7c2ef807a4bce512a054a0.jpg,0,0.862928032875061,0.477295458316803,0.05960464850068092,0.02333846502006054,0.0010365319903939962
001607_JPG_jpg.rf.a6dcbc5ecd7c2ef807a4bce512a054a0.jpg,1,0.5480514764785767,0.34937313199043274,0.04124590381979942,0.023741429671645164,0.0010356165003031492
001607_JPG_jpg.rf.a6dcbc5ecd7c2ef807a4bce512a054a0.jpg,0,0.517266571521759,0.34929701685905457,0.05269314721226692,0.012447357177734375,0.0010246675228700042
001608_JPG_jpg.rf.7d48153578ad316231c6c992263ac497.jpg,1,0.45703670382499695,0.1352805644273758,0.13958506286144257,0.07870148122310638,0.9417077302932739
001608_JPG_jpg.rf.7d48153578ad316231c6c992263ac497.jpg,1,0.6376200914382935,0.5674511194229126,0.019060282036662102,0.02207213267683983,0.15836429595947266
001608_JPG_jpg.rf.7d48153578ad316231c6c992263ac497.jpg,1,0.6414015889167786,0.5676713585853577,0.02797963097691536,0.01830027811229229,0.11830753087997437
001608_JPG_jpg.rf.7d48153578ad316231c6c992263ac497.jpg,1,0.6398400664329529,0.5731347799301147,0.014890524558722973,0.029391730204224586,0.059943221509456635
001608_JPG_jpg.rf.7d48153578ad316231c6c992263ac497.jpg,0,0.8549740314483643,0.5805485248565674,0.03700021654367447,0.02661925181746483,0.014549213461577892
001608_JPG_jpg.rf.7d48153578ad316231c6c992263ac497.jpg,0,0.017668714746832848,0.5886168479919434,0.033791929483413696,0.049742113798856735,0.01425924152135849
001608_JPG_jpg.rf.7d48153578ad316231c6c992263ac497.jpg,1,0.9870815873146057,0.5514204502105713,0.025814644992351532,0.028050057590007782,0.007902568206191063
001608_JPG_jpg.rf.7d48153578ad316231c6c992263ac497.jpg,1,0.9817485213279724,0.5475760698318481,0.034867361187934875,0.02532225474715233,0.005269155837595463
001608_JPG_jpg.rf.7d48153578ad316231c6c992263ac497.jpg,1,0.4621835947036743,0.10204949975013733,0.14186500012874603,0.14648331701755524,0.004327123984694481
001608_JPG_jpg.rf.7d48153578ad316231c6c992263ac497.jpg,1,0.8785519599914551,0.5672245621681213,0.029793960973620415,0.022670820355415344,0.004151626024395227
001608_JPG_jpg.rf.7d48153578ad316231c6c992263ac497.jpg,0,0.6978139877319336,0.4251987636089325,0.05818880721926689,0.02766645886003971,0.003495529992505908
001608_JPG_jpg.rf.7d48153578ad316231c6c992263ac497.jpg,1,0.6405689716339111,0.5770200490951538,0.022908871993422508,0.03206583112478256,0.0029575792141258717
001608_JPG_jpg.rf.7d48153578ad316231c6c992263ac497.jpg,1,0.6480219960212708,0.5650333762168884,0.038725633174180984,0.018540823832154274,0.001864892547018826
001608_JPG_jpg.rf.7d48153578ad316231c6c992263ac497.jpg,1,0.9905194640159607,0.5552763938903809,0.01878122240304947,0.03338645026087761,0.0018042480805888772
001608_JPG_jpg.rf.7d48153578ad316231c6c992263ac497.jpg,0,0.0700724795460701,0.5836544036865234,0.052634865045547485,0.02045411430299282,0.0014483063714578748
001608_JPG_jpg.rf.7d48153578ad316231c6c992263ac497.jpg,0,0.6451284289360046,0.4260028898715973,0.05629657208919525,0.019606811925768852,0.0014336174353957176
001608_JPG_jpg.rf.7d48153578ad316231c6c992263ac497.jpg,1,0.6791927814483643,0.543113112449646,0.02398197539150715,0.019919395446777344,0.001402246649377048
001608_JPG_jpg.rf.7d48153578ad316231c6c992263ac497.jpg,1,0.7151675820350647,0.4455770254135132,0.03368627279996872,0.016600683331489563,0.0013293997617438436
001608_JPG_jpg.rf.7d48153578ad316231c6c992263ac497.jpg,1,0.4816734194755554,0.5857477784156799,0.02258022129535675,0.01447274163365364,0.0011676023714244366
001608_JPG_jpg.rf.7d48153578ad316231c6c992263ac497.jpg,1,0.34759894013404846,0.6609522104263306,0.060873694717884064,0.027649806812405586,0.0011626556515693665
001608_JPG_jpg.rf.7d48153578ad316231c6c992263ac497.jpg,1,0.6356475949287415,0.5749935507774353,0.02223733812570572,0.028391912579536438,0.0011276626028120518
001608_JPG_jpg.rf.7d48153578ad316231c6c992263ac497.jpg,0,0.747062623500824,0.6341157555580139,0.04233478009700775,0.018924126401543617,0.0010542304953560233
001619_JPG_jpg.rf.1640a48f199bbe32ee72dc83a24e1521.jpg,1,0.2453109323978424,0.11173652112483978,0.10856936872005463,0.052534766495227814,0.6332237720489502
001619_JPG_jpg.rf.1640a48f199bbe32ee72dc83a24e1521.jpg,0,0.24894312024116516,0.11396744847297668,0.11481975018978119,0.048766303807497025,0.4490891993045807
001619_JPG_jpg.rf.1640a48f199bbe32ee72dc83a24e1521.jpg,0,0.5816532373428345,0.20017796754837036,0.0585022009909153,0.040718961507081985,0.08015239983797073
001619_JPG_jpg.rf.1640a48f199bbe32ee72dc83a24e1521.jpg,0,0.5902135968208313,0.20844124257564545,0.07212866842746735,0.048077914863824844,0.04598934203386307
001619_JPG_jpg.rf.1640a48f199bbe32ee72dc83a24e1521.jpg,0,0.5158034563064575,0.014629419893026352,0.07563114166259766,0.02842290699481964,0.022265281528234482
001619_JPG_jpg.rf.1640a48f199bbe32ee72dc83a24e1521.jpg,1,0.7239456176757812,0.1484825313091278,0.07663668692111969,0.027410032227635384,0.020616495981812477
001619_JPG_jpg.rf.1640a48f199bbe32ee72dc83a24e1521.jpg,1,0.5891723036766052,0.19840584695339203,0.07528191804885864,0.035265374928712845,0.01997859589755535
001619_JPG_jpg.rf.1640a48f199bbe32ee72dc83a24e1521.jpg,1,0.604939877986908,0.20312388241291046,0.0850735455751419,0.036472175270318985,0.017786545678973198
001619_JPG_jpg.rf.1640a48f199bbe32ee72dc83a24e1521.jpg,0,0.6222633719444275,0.2073870450258255,0.044133260846138,0.02750367484986782,0.010763152502477169
001619_JPG_jpg.rf.1640a48f199bbe32ee72dc83a24e1521.jpg,1,0.5118155479431152,0.011623747646808624,0.08402377367019653,0.022717243060469627,0.009346820414066315
001619_JPG_jpg.rf.1640a48f199bbe32ee72dc83a24e1521.jpg,0,0.8569397330284119,0.21650533378124237,0.09852908551692963,0.02550862543284893,0.008969027549028397
001619_JPG_jpg.rf.1640a48f199bbe32ee72dc83a24e1521.jpg,0,0.7824999094009399,0.2910555303096771,0.027784202247858047,0.05635298416018486,0.00857104454189539
001619_JPG_jpg.rf.1640a48f199bbe32ee72dc83a24e1521.jpg,0,0.6088259220123291,0.21052834391593933,0.07820896059274673,0.04520387202501297,0.007058125454932451
001619_JPG_jpg.rf.1640a48f199bbe32ee72dc83a24e1521.jpg,1,0.6258005499839783,0.20992591977119446,0.04669864475727081,0.042505230754613876,0.005237492732703686
001619_JPG_jpg.rf.1640a48f199bbe32ee72dc83a24e1521.jpg,0,0.8343896269798279,0.19853246212005615,0.06472617387771606,0.02355201542377472,0.0034535860177129507
001619_JPG_jpg.rf.1640a48f199bbe32ee72dc83a24e1521.jpg,1,0.5733655691146851,0.19370099902153015,0.06088704615831375,0.03744969144463539,0.003359551541507244
001619_JPG_jpg.rf.1640a48f199bbe32ee72dc83a24e1521.jpg,0,0.6264044046401978,0.21168966591358185,0.044419512152671814,0.04628295451402664,0.0029928432777523994
001619_JPG_jpg.rf.1640a48f199bbe32ee72dc83a24e1521.jpg,0,0.8698369860649109,0.22017358243465424,0.08816689997911453,0.025977062061429024,0.0028199725784361362
001619_JPG_jpg.rf.1640a48f199bbe32ee72dc83a24e1521.jpg,1,0.8172993063926697,0.3754931688308716,0.019179271534085274,0.06268582493066788,0.0027943316381424665
001619_JPG_jpg.rf.1640a48f199bbe32ee72dc83a24e1521.jpg,0,0.6218714118003845,0.2020084410905838,0.04870004206895828,0.02137477695941925,0.002484033117070794
001619_JPG_jpg.rf.1640a48f199bbe32ee72dc83a24e1521.jpg,0,0.8067734241485596,0.1996116042137146,0.04709684103727341,0.023635387420654297,0.0018066269112750888
001619_JPG_jpg.rf.1640a48f199bbe32ee72dc83a24e1521.jpg,0,0.8591867685317993,0.21066923439502716,0.10163483768701553,0.021561916917562485,0.0017435678746551275
001619_JPG_jpg.rf.1640a48f199bbe32ee72dc83a24e1521.jpg,1,0.7549973726272583,0.0064398664981126785,0.0854228138923645,0.012879732996225357,0.0015748972073197365
001619_JPG_jpg.rf.1640a48f199bbe32ee72dc83a24e1521.jpg,0,0.8944137692451477,0.2263399362564087,0.07598832994699478,0.027336452156305313,0.0013129001017659903
001619_JPG_jpg.rf.1640a48f199bbe32ee72dc83a24e1521.jpg,0,0.5935189127922058,0.19552244246006012,0.05886562168598175,0.030244572088122368,0.0013116246555000544
001619_JPG_jpg.rf.1640a48f199bbe32ee72dc83a24e1521.jpg,0,0.6338781714439392,0.21372583508491516,0.033389460295438766,0.04075850173830986,0.001222587306983769
001619_JPG_jpg.rf.1640a48f199bbe32ee72dc83a24e1521.jpg,1,0.15907199680805206,0.009885336272418499,0.062330879271030426,0.019770672544836998,0.0011811096919700503
001619_JPG_jpg.rf.1640a48f199bbe32ee72dc83a24e1521.jpg,0,0.7222306728363037,0.15294159948825836,0.07617129385471344,0.02663550153374672,0.0011196390260010958
001619_JPG_jpg.rf.1640a48f199bbe32ee72dc83a24e1521.jpg,0,0.8988237977027893,0.23377686738967896,0.0676373690366745,0.025874469429254532,0.0010187217267230153
001623_JPG_jpg.rf.8777c38ac6d8aebbc4c5524393a8ce83.jpg,1,0.2943466603755951,0.09464936703443527,0.11033542454242706,0.07045337557792664,0.8946964740753174
001623_JPG_jpg.rf.8777c38ac6d8aebbc4c5524393a8ce83.jpg,1,0.010295483283698559,0.3913395404815674,0.020248999819159508,0.06845349818468094,0.0640610009431839
001623_JPG_jpg.rf.8777c38ac6d8aebbc4c5524393a8ce83.jpg,1,0.9893877506256104,0.42350852489471436,0.02122453600168228,0.04704321548342705,0.026731295511126518
001623_JPG_jpg.rf.8777c38ac6d8aebbc4c5524393a8ce83.jpg,1,0.38568025827407837,0.398897260427475,0.04357315972447395,0.02337397076189518,0.019401613622903824
001623_JPG_jpg.rf.8777c38ac6d8aebbc4c5524393a8ce83.jpg,1,0.9890720844268799,0.44314849376678467,0.0218557957559824,0.039290063083171844,0.010923420079052448
001623_JPG_jpg.rf.8777c38ac6d8aebbc4c5524393a8ce83.jpg,1,0.7181932926177979,0.3918113112449646,0.04755460470914841,0.016953542828559875,0.007483612280339003
001623_JPG_jpg.rf.8777c38ac6d8aebbc4c5524393a8ce83.jpg,1,0.42001381516456604,0.3892875611782074,0.04321230575442314,0.030872639268636703,0.007042949087917805
001623_JPG_jpg.rf.8777c38ac6d8aebbc4c5524393a8ce83.jpg,1,0.9916107058525085,0.4015287756919861,0.01656605675816536,0.058398984372615814,0.006081342231482267
001623_JPG_jpg.rf.8777c38ac6d8aebbc4c5524393a8ce83.jpg,0,0.5303414463996887,0.43606963753700256,0.03410610929131508,0.01724749431014061,0.005479251034557819
001623_JPG_jpg.rf.8777c38ac6d8aebbc4c5524393a8ce83.jpg,0,0.01593392714858055,0.1720346063375473,0.0318678542971611,0.0990542322397232,0.0028293582145124674
001623_JPG_jpg.rf.8777c38ac6d8aebbc4c5524393a8ce83.jpg,1,0.39227306842803955,0.3898237347602844,0.049332842230796814,0.02623015269637108,0.0018551526591181755
001623_JPG_jpg.rf.8777c38ac6d8aebbc4c5524393a8ce83.jpg,0,0.8518692255020142,0.2130209356546402,0.048229366540908813,0.027152245864272118,0.0017683213809505105
001623_JPG_jpg.rf.8777c38ac6d8aebbc4c5524393a8ce83.jpg,0,0.7641962170600891,0.17127296328544617,0.05100441351532936,0.0359971709549427,0.0017474531196057796
001623_JPG_jpg.rf.8777c38ac6d8aebbc4c5524393a8ce83.jpg,1,0.012252287939190865,0.40071606636047363,0.02450457587838173,0.09558633714914322,0.0016971220029518008
001623_JPG_jpg.rf.8777c38ac6d8aebbc4c5524393a8ce83.jpg,1,0.8505902290344238,0.39359989762306213,0.051403339952230453,0.015563378110527992,0.0015876225661486387
001623_JPG_jpg.rf.8777c38ac6d8aebbc4c5524393a8ce83.jpg,1,0.019709426909685135,0.2004455327987671,0.039086680859327316,0.033489376306533813,0.0015730957966297865
001623_JPG_jpg.rf.8777c38ac6d8aebbc4c5524393a8ce83.jpg,0,0.5309507250785828,0.41445329785346985,0.03300021216273308,0.02812994457781315,0.0014913169434294105
001623_JPG_jpg.rf.8777c38ac6d8aebbc4c5524393a8ce83.jpg,0,0.04438580945134163,0.35220953822135925,0.03673940524458885,0.025955861434340477,0.0014217779971659184
001623_JPG_jpg.rf.8777c38ac6d8aebbc4c5524393a8ce83.jpg,0,0.46394971013069153,0.4382038414478302,0.02468329295516014,0.02294408529996872,0.0013995342887938023
001623_JPG_jpg.rf.8777c38ac6d8aebbc4c5524393a8ce83.jpg,0,0.5146011114120483,0.4106832444667816,0.0337580181658268,0.020155394449830055,0.0012568429810926318
001623_JPG_jpg.rf.8777c38ac6d8aebbc4c5524393a8ce83.jpg,0,0.29584643244743347,0.4455910921096802,0.03601213917136192,0.022266315296292305,0.0012348925229161978
001623_JPG_jpg.rf.8777c38ac6d8aebbc4c5524393a8ce83.jpg,0,0.5275283455848694,0.45421910285949707,0.029318002983927727,0.022848570719361305,0.0012040362926200032
001624_JPG_jpg.rf.a3a7ed1ca4bdc41789b882fe5d7e3e94.jpg,1,0.5362815856933594,0.14162801206111908,0.1116943433880806,0.05847989767789841,0.9373822212219238
001624_JPG_jpg.rf.a3a7ed1ca4bdc41789b882fe5d7e3e94.jpg,1,0.9508386850357056,0.38670870661735535,0.018896250054240227,0.017291950061917305,0.07131924480199814
001624_JPG_jpg.rf.a3a7ed1ca4bdc41789b882fe5d7e3e94.jpg,0,0.383167564868927,0.3811546564102173,0.06105701997876167,0.02745269052684307,0.016149334609508514
001624_JPG_jpg.rf.a3a7ed1ca4bdc41789b882fe5d7e3e94.jpg,0,0.7406713366508484,0.41043365001678467,0.03208395093679428,0.016323383897542953,0.012916448526084423
001624_JPG_jpg.rf.a3a7ed1ca4bdc41789b882fe5d7e3e94.jpg,0,0.27352041006088257,0.3703083097934723,0.05443444848060608,0.03254993259906769,0.007808962371200323
001624_JPG_jpg.rf.a3a7ed1ca4bdc41789b882fe5d7e3e94.jpg,0,0.0699457898736,0.2510521709918976,0.04726111888885498,0.02506784349679947,0.0077472408302128315
001624_JPG_jpg.rf.a3a7ed1ca4bdc41789b882fe5d7e3e94.jpg,0,0.4557938277721405,0.44724753499031067,0.02576710656285286,0.04131830856204033,0.005915960296988487
001624_JPG_jpg.rf.a3a7ed1ca4bdc41789b882fe5d7e3e94.jpg,0,0.7514517307281494,0.41297194361686707,0.024877548217773438,0.015626467764377594,0.005501222796738148
001624_JPG_jpg.rf.a3a7ed1ca4bdc41789b882fe5d7e3e94.jpg,0,0.6129195094108582,0.4479288160800934,0.04348909109830856,0.025211555883288383,0.003962699323892593
001624_JPG_jpg.rf.a3a7ed1ca4bdc41789b882fe5d7e3e94.jpg,1,0.9390950202941895,0.3894786834716797,0.03772412985563278,0.01583363488316536,0.00352307828143239
001624_JPG_jpg.rf.a3a7ed1ca4bdc41789b882fe5d7e3e94.jpg,0,0.8099056482315063,0.4770532250404358,0.017940815538167953,0.01326729729771614,0.003452097764238715
001624_JPG_jpg.rf.a3a7ed1ca4bdc41789b882fe5d7e3e94.jpg,1,0.596443235874176,0.39121174812316895,0.038124892860651016,0.02267448790371418,0.0027319903019815683
001624_JPG_jpg.rf.a3a7ed1ca4bdc41789b882fe5d7e3e94.jpg,0,0.3976812958717346,0.3826218247413635,0.05419452488422394,0.02760344371199608,0.002698173513635993
001624_JPG_jpg.rf.a3a7ed1ca4bdc41789b882fe5d7e3e94.jpg,0,0.8728767037391663,0.4287683963775635,0.037594135850667953,0.012520276941359043,0.0018869126215577126
001624_JPG_jpg.rf.a3a7ed1ca4bdc41789b882fe5d7e3e94.jpg,1,0.39189302921295166,0.3908299505710602,0.052961498498916626,0.01762148179113865,0.0018072425154969096
001624_JPG_jpg.rf.a3a7ed1ca4bdc41789b882fe5d7e3e94.jpg,1,0.01670532301068306,0.2941012978553772,0.031977079808712006,0.04398573562502861,0.0016156943747773767
001624_JPG_jpg.rf.a3a7ed1ca4bdc41789b882fe5d7e3e94.jpg,0,0.9874339699745178,0.3792150020599365,0.018151210620999336,0.012961388565599918,0.0014541195705533028
001624_JPG_jpg.rf.a3a7ed1ca4bdc41789b882fe5d7e3e94.jpg,0,0.7374227046966553,0.39836856722831726,0.0324048288166523,0.017126670107245445,0.0014234173577278852
001624_JPG_jpg.rf.a3a7ed1ca4bdc41789b882fe5d7e3e94.jpg,0,0.45676061511039734,0.4643288552761078,0.030091874301433563,0.0337836928665638,0.0014061687979847193
001624_JPG_jpg.rf.a3a7ed1ca4bdc41789b882fe5d7e3e94.jpg,0,0.519062340259552,0.3579859733581543,0.05673636123538017,0.024822309613227844,0.001350055797956884
001624_JPG_jpg.rf.a3a7ed1ca4bdc41789b882fe5d7e3e94.jpg,1,0.6900588274002075,0.4094708263874054,0.039877381175756454,0.026531733572483063,0.0013386523351073265
001624_JPG_jpg.rf.a3a7ed1ca4bdc41789b882fe5d7e3e94.jpg,1,0.8579731583595276,0.4305916130542755,0.0310696829110384,0.011905083432793617,0.0012617656029760838
001624_JPG_jpg.rf.a3a7ed1ca4bdc41789b882fe5d7e3e94.jpg,0,0.8065922260284424,0.47554370760917664,0.018426749855279922,0.01184713002294302,0.001230137306265533
001624_JPG_jpg.rf.a3a7ed1ca4bdc41789b882fe5d7e3e94.jpg,1,0.7733169198036194,0.4234634339809418,0.018952149897813797,0.018541190773248672,0.0011855678167194128
001624_JPG_jpg.rf.a3a7ed1ca4bdc41789b882fe5d7e3e94.jpg,1,0.9466047883033752,0.38308268785476685,0.02421305887401104,0.01631890796124935,0.0011696405708789825
001624_JPG_jpg.rf.a3a7ed1ca4bdc41789b882fe5d7e3e94.jpg,0,0.7296938300132751,0.41181090474128723,0.03506675362586975,0.015986956655979156,0.0011261490872129798
001624_JPG_jpg.rf.a3a7ed1ca4bdc41789b882fe5d7e3e94.jpg,0,0.4643048942089081,0.44755515456199646,0.03982852026820183,0.03050488792359829,0.0010869813850149512
001624_JPG_jpg.rf.a3a7ed1ca4bdc41789b882fe5d7e3e94.jpg,1,0.5386494398117065,0.12024030834436417,0.11823845654726028,0.09708159416913986,0.0010657827369868755
001631_JPG_jpg.rf.18c57a703b3f30d8e2b21868d3657b5d.jpg,1,0.4366702437400818,0.07127338647842407,0.1606009602546692,0.07532487064599991,0.938450813293457
001631_JPG_jpg.rf.18c57a703b3f30d8e2b21868d3657b5d.jpg,1,0.24577294290065765,0.0071545676328241825,0.07053489238023758,0.014302360825240612,0.017296042293310165
001631_JPG_jpg.rf.18c57a703b3f30d8e2b21868d3657b5d.jpg,1,0.2426990419626236,0.010652560740709305,0.09928080439567566,0.020684843882918358,0.0036262047942727804
001631_JPG_jpg.rf.18c57a703b3f30d8e2b21868d3657b5d.jpg,0,0.9338676333427429,0.15900938212871552,0.05245913192629814,0.03595421835780144,0.001572020468302071
001631_JPG_jpg.rf.18c57a703b3f30d8e2b21868d3657b5d.jpg,1,0.9940399527549744,0.46117648482322693,0.011920196004211903,0.030771110206842422,0.0012855668319389224
001642_JPG_jpg.rf.1501f63859c8183e7b273ed3f677bb80.jpg,1,0.42078375816345215,0.09934291988611221,0.2014196217060089,0.10593242198228836,0.9727779030799866
001642_JPG_jpg.rf.1501f63859c8183e7b273ed3f677bb80.jpg,1,0.41314831376075745,0.4967343509197235,0.0511956587433815,0.08636445552110672,0.034175943583250046
001642_JPG_jpg.rf.1501f63859c8183e7b273ed3f677bb80.jpg,0,0.4118296802043915,0.4955363869667053,0.05032840371131897,0.08698830753564835,0.011699077673256397
001642_JPG_jpg.rf.1501f63859c8183e7b273ed3f677bb80.jpg,0,0.7803531885147095,0.782989501953125,0.03296852111816406,0.028809769079089165,0.009750932455062866
001642_JPG_jpg.rf.1501f63859c8183e7b273ed3f677bb80.jpg,0,0.9537891149520874,0.6719324588775635,0.06360068917274475,0.018954938277602196,0.005204326938837767
001642_JPG_jpg.rf.1501f63859c8183e7b273ed3f677bb80.jpg,0,0.9408371448516846,0.6705034375190735,0.04889634996652603,0.02612069994211197,0.0031694378703832626
001642_JPG_jpg.rf.1501f63859c8183e7b273ed3f677bb80.jpg,0,0.5530643463134766,0.4666563868522644,0.05912069231271744,0.10361356288194656,0.002362593309953809
001642_JPG_jpg.rf.1501f63859c8183e7b273ed3f677bb80.jpg,1,0.2869771718978882,0.8923994302749634,0.2752435803413391,0.21520109474658966,0.0011754429433494806
001642_JPG_jpg.rf.1501f63859c8183e7b273ed3f677bb80.jpg,0,0.9579751491546631,0.6806369423866272,0.07175049930810928,0.025938622653484344,0.001004877733066678
001643_JPG_jpg.rf.bb0dd8813a6c24f91a4e04962aaa7f31.jpg,1,0.6266356706619263,0.1843714416027069,0.32787367701530457,0.1808607429265976,0.976611316204071
001643_JPG_jpg.rf.bb0dd8813a6c24f91a4e04962aaa7f31.jpg,1,0.6974711418151855,0.541728675365448,0.5719098448753357,0.916542649269104,0.006876593455672264
001643_JPG_jpg.rf.bb0dd8813a6c24f91a4e04962aaa7f31.jpg,1,0.6248381733894348,0.46339505910873413,0.3320499062538147,0.7371509671211243,0.0031267951708287
001643_JPG_jpg.rf.bb0dd8813a6c24f91a4e04962aaa7f31.jpg,14,0.5335986018180847,0.17933279275894165,0.13546907901763916,0.17660027742385864,0.002466376405209303
001643_JPG_jpg.rf.bb0dd8813a6c24f91a4e04962aaa7f31.jpg,1,0.9520494341850281,0.5324073433876038,0.09581038355827332,0.7690876126289368,0.0020715894643217325
001643_JPG_jpg.rf.bb0dd8813a6c24f91a4e04962aaa7f31.jpg,1,0.5424280166625977,0.18191389739513397,0.16055385768413544,0.1735093891620636,0.0018826815066859126
001643_JPG_jpg.rf.bb0dd8813a6c24f91a4e04962aaa7f31.jpg,1,0.9084804058074951,0.511773407459259,0.18156814575195312,0.8257365822792053,0.0011802550870925188
001643_JPG_jpg.rf.bb0dd8813a6c24f91a4e04962aaa7f31.jpg,0,0.6572268009185791,0.8913813829421997,0.026657838374376297,0.11558151990175247,0.0010980451479554176
001654_JPG_jpg.rf.e26100131533da63b018a72fab6586e3.jpg,1,0.3809259235858917,0.09970729798078537,0.14031954109668732,0.05596509575843811,0.9145383834838867
001654_JPG_jpg.rf.e26100131533da63b018a72fab6586e3.jpg,0,0.3891569674015045,0.3947511911392212,0.023225784301757812,0.021318510174751282,0.11696735769510269
001654_JPG_jpg.rf.e26100131533da63b018a72fab6586e3.jpg,0,0.22926653921604156,0.31627312302589417,0.039204563945531845,0.018291180953383446,0.029805151745676994
001654_JPG_jpg.rf.e26100131533da63b018a72fab6586e3.jpg,1,0.29038694500923157,0.435698002576828,0.018103159964084625,0.02687542326748371,0.021047286689281464
001654_JPG_jpg.rf.e26100131533da63b018a72fab6586e3.jpg,1,0.6253461837768555,0.3684474527835846,0.03226661682128906,0.017693007364869118,0.019302958622574806
001654_JPG_jpg.rf.e26100131533da63b018a72fab6586e3.jpg,0,0.38876593112945557,0.40021947026252747,0.02533457987010479,0.02913093753159046,0.014958401210606098
001654_JPG_jpg.rf.e26100131533da63b018a72fab6586e3.jpg,1,0.35614585876464844,0.3126829266548157,0.0435493178665638,0.02182476408779621,0.014905131421983242
001654_JPG_jpg.rf.e26100131533da63b018a72fab6586e3.jpg,0,0.5607925653457642,0.4119243025779724,0.04291747510433197,0.023561332374811172,0.01461348682641983
001654_JPG_jpg.rf.e26100131533da63b018a72fab6586e3.jpg,1,0.6286709308624268,0.36338651180267334,0.03437086194753647,0.020132211968302727,0.010202898643910885
001654_JPG_jpg.rf.e26100131533da63b018a72fab6586e3.jpg,1,0.5558740496635437,0.4112103581428528,0.04636375978589058,0.020353317260742188,0.009826338849961758
001654_JPG_jpg.rf.e26100131533da63b018a72fab6586e3.jpg,0,0.5016153454780579,0.3077733814716339,0.0685110092163086,0.021480634808540344,0.009282591752707958
001654_JPG_jpg.rf.e26100131533da63b018a72fab6586e3.jpg,0,0.40836644172668457,0.39189010858535767,0.04159355163574219,0.02205643430352211,0.007048847619444132
001654_JPG_jpg.rf.e26100131533da63b018a72fab6586e3.jpg,1,0.28848370909690857,0.43419745564460754,0.03227255865931511,0.02746545523405075,0.005236781667917967
001654_JPG_jpg.rf.e26100131533da63b018a72fab6586e3.jpg,0,0.35472190380096436,0.31834277510643005,0.04424183443188667,0.029483063146471977,0.004847635980695486
001654_JPG_jpg.rf.e26100131533da63b018a72fab6586e3.jpg,0,0.20954304933547974,0.32052597403526306,0.05128919333219528,0.01355596724897623,0.004437239374965429
001654_JPG_jpg.rf.e26100131533da63b018a72fab6586e3.jpg,1,0.6361308693885803,0.3611426055431366,0.04312676936388016,0.023940160870552063,0.0038772968109697104
001654_JPG_jpg.rf.e26100131533da63b018a72fab6586e3.jpg,1,0.7895232439041138,0.4255080819129944,0.06458473205566406,0.026901978999376297,0.0038080562371760607
001654_JPG_jpg.rf.e26100131533da63b018a72fab6586e3.jpg,0,0.505913257598877,0.30081605911254883,0.07551802694797516,0.021637532860040665,0.0035795150324702263
001654_JPG_jpg.rf.e26100131533da63b018a72fab6586e3.jpg,1,0.7305709719657898,0.06422872096300125,0.07807394117116928,0.03776447847485542,0.0033903552684932947
001654_JPG_jpg.rf.e26100131533da63b018a72fab6586e3.jpg,0,0.8272023797035217,0.41848763823509216,0.061633333563804626,0.023130858317017555,0.0033111271914094687
001654_JPG_jpg.rf.e26100131533da63b018a72fab6586e3.jpg,1,0.8370876908302307,0.4167187511920929,0.05559540167450905,0.02250656858086586,0.003186378162354231
001654_JPG_jpg.rf.e26100131533da63b018a72fab6586e3.jpg,0,0.4943902790546417,0.31686344742774963,0.062437646090984344,0.021186811849474907,0.0030860810074955225
001654_JPG_jpg.rf.e26100131533da63b018a72fab6586e3.jpg,1,0.19717682898044586,0.33695051074028015,0.03079487755894661,0.024249298498034477,0.0029305440839380026
001654_JPG_jpg.rf.e26100131533da63b018a72fab6586e3.jpg,0,0.6449263691902161,0.08947759866714478,0.051736980676651,0.052629515528678894,0.0028754412196576595
001654_JPG_jpg.rf.e26100131533da63b018a72fab6586e3.jpg,0,0.5166605114936829,0.015391022898256779,0.049373701214790344,0.03067478910088539,0.0028031852561980486
001654_JPG_jpg.rf.e26100131533da63b018a72fab6586e3.jpg,1,0.18938028812408447,0.022412912920117378,0.07323148846626282,0.039590511471033096,0.002627961803227663
001654_JPG_jpg.rf.e26100131533da63b018a72fab6586e3.jpg,0,0.38479653000831604,0.403995156288147,0.03140434995293617,0.025435522198677063,0.002411808120086789
001654_JPG_jpg.rf.e26100131533da63b018a72fab6586e3.jpg,0,0.774162769317627,0.3446919023990631,0.06322640925645828,0.02608959563076496,0.0023591197095811367
001654_JPG_jpg.rf.e26100131533da63b018a72fab6586e3.jpg,0,0.3947663903236389,0.38749226927757263,0.03515170142054558,0.027110466733574867,0.0023158863186836243
001654_JPG_jpg.rf.e26100131533da63b018a72fab6586e3.jpg,1,0.8027498126029968,0.42475518584251404,0.05441959202289581,0.024461600929498672,0.002208748133853078
001654_JPG_jpg.rf.e26100131533da63b018a72fab6586e3.jpg,0,0.49763375520706177,0.3251563608646393,0.06339520961046219,0.03030615672469139,0.002093689050525427
001654_JPG_jpg.rf.e26100131533da63b018a72fab6586e3.jpg,0,0.5674715638160706,0.41633355617523193,0.04533027112483978,0.018163461238145828,0.0020688017830252647
001654_JPG_jpg.rf.e26100131533da63b018a72fab6586e3.jpg,0,0.8440733551979065,0.4107127785682678,0.041329458355903625,0.025357026606798172,0.0020489965099841356
001654_JPG_jpg.rf.e26100131533da63b018a72fab6586e3.jpg,0,0.5319856405258179,0.4122914671897888,0.046428389847278595,0.01984625682234764,0.0020272638648748398
001654_JPG_jpg.rf.e26100131533da63b018a72fab6586e3.jpg,0,0.5492926239967346,0.4202146828174591,0.04233778640627861,0.022812331095337868,0.0019573578611016273
001654_JPG_jpg.rf.e26100131533da63b018a72fab6586e3.jpg,0,0.5093520879745483,0.2879500091075897,0.06115473434329033,0.03801921755075455,0.0018955753184854984
001654_JPG_jpg.rf.e26100131533da63b018a72fab6586e3.jpg,1,0.5075710415840149,0.29163309931755066,0.06294624507427216,0.03500931337475777,0.0018652047729119658
001654_JPG_jpg.rf.e26100131533da63b018a72fab6586e3.jpg,0,0.39803820848464966,0.3975483477115631,0.02972382865846157,0.022108739241957664,0.0017645208863541484
001654_JPG_jpg.rf.e26100131533da63b018a72fab6586e3.jpg,0,0.516464114189148,0.41197580099105835,0.04717489704489708,0.019451582804322243,0.0015976789873093367
001654_JPG_jpg.rf.e26100131533da63b018a72fab6586e3.jpg,1,0.3536163568496704,0.10103251039981842,0.09783246368169785,0.0624835342168808,0.001548077678307891
001654_JPG_jpg.rf.e26100131533da63b018a72fab6586e3.jpg,1,0.569978654384613,0.014704198576509953,0.0799366906285286,0.029314633458852768,0.0014944992726668715
001654_JPG_jpg.rf.e26100131533da63b018a72fab6586e3.jpg,0,0.8084896206855774,0.41978341341018677,0.06684068590402603,0.023670563474297523,0.0014250543899834156
001654_JPG_jpg.rf.e26100131533da63b018a72fab6586e3.jpg,1,0.5128172636032104,0.2795824706554413,0.060413289815187454,0.04372483119368553,0.0014112720964476466
001654_JPG_jpg.rf.e26100131533da63b018a72fab6586e3.jpg,0,0.645572304725647,0.10769679397344589,0.04977182298898697,0.03473315015435219,0.0013444152427837253
001654_JPG_jpg.rf.e26100131533da63b018a72fab6586e3.jpg,12,0.5164951086044312,0.1194441094994545,0.9670097827911377,0.20702148973941803,0.0011987099424004555
001654_JPG_jpg.rf.e26100131533da63b018a72fab6586e3.jpg,1,0.377657026052475,0.06462599337100983,0.14740100502967834,0.12925198674201965,0.001166059635579586
001654_JPG_jpg.rf.e26100131533da63b018a72fab6586e3.jpg,0,0.1433086097240448,0.42646804451942444,0.0341130793094635,0.01674652099609375,0.001114353770390153
001654_JPG_jpg.rf.e26100131533da63b018a72fab6586e3.jpg,1,0.786496102809906,0.4161412715911865,0.06446750462055206,0.02689831145107746,0.0010917135514318943
001654_JPG_jpg.rf.e26100131533da63b018a72fab6586e3.jpg,0,0.29761266708374023,0.36042189598083496,0.03753559663891792,0.015732619911432266,0.0010880412301048636
001656_JPG_jpg.rf.193bed9f1b03b8c4d46254c930216604.jpg,1,0.4996558427810669,0.1738051027059555,0.2810826897621155,0.13207824528217316,0.9055641889572144
001656_JPG_jpg.rf.193bed9f1b03b8c4d46254c930216604.jpg,0,0.5009239315986633,0.17520137131214142,0.2842850387096405,0.14297620952129364,0.03761471062898636
001656_JPG_jpg.rf.193bed9f1b03b8c4d46254c930216604.jpg,0,0.720284104347229,0.9444451928138733,0.027458779513835907,0.09890454262495041,0.0033446087036281824
001656_JPG_jpg.rf.193bed9f1b03b8c4d46254c930216604.jpg,0,0.817672073841095,0.9376153349876404,0.03449161350727081,0.12476935982704163,0.0016180590027943254
001656_JPG_jpg.rf.193bed9f1b03b8c4d46254c930216604.jpg,0,0.7348052859306335,0.9455722570419312,0.03671308979392052,0.10370650887489319,0.0012981799663975835
001660_JPG_jpg.rf.41a9573c77f81a1dc9e669467db98386.jpg,1,0.3349214196205139,0.08342000097036362,0.14823079109191895,0.07202412933111191,0.9417197704315186
001660_JPG_jpg.rf.41a9573c77f81a1dc9e669467db98386.jpg,1,0.1956038922071457,0.014562733471393585,0.07392179220914841,0.0284736305475235,0.058493245393037796
001660_JPG_jpg.rf.41a9573c77f81a1dc9e669467db98386.jpg,1,0.17063948512077332,0.016997840255498886,0.033613353967666626,0.03334645554423332,0.026354238390922546
001660_JPG_jpg.rf.41a9573c77f81a1dc9e669467db98386.jpg,0,0.20633575320243835,0.015652121976017952,0.04460709169507027,0.03109416924417019,0.006337615195661783
001660_JPG_jpg.rf.41a9573c77f81a1dc9e669467db98386.jpg,0,0.331739217042923,0.08132890611886978,0.15341980755329132,0.07342560589313507,0.005285849794745445
001660_JPG_jpg.rf.41a9573c77f81a1dc9e669467db98386.jpg,1,0.20613069832324982,0.027590395882725716,0.09581229090690613,0.05275777727365494,0.0036844098940491676
001660_JPG_jpg.rf.41a9573c77f81a1dc9e669467db98386.jpg,0,0.7608920335769653,0.49572908878326416,0.025073125958442688,0.02407044731080532,0.0033766203559935093
001660_JPG_jpg.rf.41a9573c77f81a1dc9e669467db98386.jpg,1,0.19759805500507355,0.018396159633994102,0.05123116448521614,0.031764574348926544,0.002990487962961197
001660_JPG_jpg.rf.41a9573c77f81a1dc9e669467db98386.jpg,1,0.33356425166130066,0.0597180612385273,0.1481103152036667,0.1194361224770546,0.0019131730077788234
001660_JPG_jpg.rf.41a9573c77f81a1dc9e669467db98386.jpg,1,0.8562735319137573,0.5563220977783203,0.018110862001776695,0.019521934911608696,0.0018089741934090853
001660_JPG_jpg.rf.41a9573c77f81a1dc9e669467db98386.jpg,1,0.8616927266120911,0.5678455829620361,0.017576511949300766,0.011318206787109375,0.001637705136090517
001660_JPG_jpg.rf.41a9573c77f81a1dc9e669467db98386.jpg,1,0.2415485829114914,0.5337426066398621,0.05052464082837105,0.024910487234592438,0.001452205004170537
001660_JPG_jpg.rf.41a9573c77f81a1dc9e669467db98386.jpg,5,0.057428114116191864,0.5846449136734009,0.11485622823238373,0.8307102918624878,0.001338041154667735
001660_JPG_jpg.rf.41a9573c77f81a1dc9e669467db98386.jpg,1,0.6240679025650024,0.5991634726524353,0.029644159600138664,0.039643507450819016,0.0012149341637268662
001660_JPG_jpg.rf.41a9573c77f81a1dc9e669467db98386.jpg,0,0.8634451031684875,0.5919595956802368,0.017586341127753258,0.024592913687229156,0.0011728135868906975
001662_JPG_jpg.rf.97c2b266f1a788361d25be2305f03736.jpg,1,0.35454413294792175,0.18437886238098145,0.09354760497808456,0.05181635543704033,0.8626330494880676
001662_JPG_jpg.rf.97c2b266f1a788361d25be2305f03736.jpg,1,0.7100523710250854,0.44595521688461304,0.030535919591784477,0.03210955485701561,0.0216359943151474
001662_JPG_jpg.rf.97c2b266f1a788361d25be2305f03736.jpg,1,0.6989792585372925,0.006685201544314623,0.08537337183952332,0.01318305917084217,0.015294277109205723
001662_JPG_jpg.rf.97c2b266f1a788361d25be2305f03736.jpg,0,0.1332491636276245,0.4228438436985016,0.025068320333957672,0.03104664757847786,0.014292108826339245
001662_JPG_jpg.rf.97c2b266f1a788361d25be2305f03736.jpg,0,0.23106762766838074,0.28597864508628845,0.02593223936855793,0.02904488518834114,0.010718180797994137
001662_JPG_jpg.rf.97c2b266f1a788361d25be2305f03736.jpg,1,0.3251340985298157,0.18738964200019836,0.06552314758300781,0.04697711765766144,0.007957009598612785
001662_JPG_jpg.rf.97c2b266f1a788361d25be2305f03736.jpg,1,0.13228750228881836,0.41978299617767334,0.02214769273996353,0.028610670939087868,0.006788115948438644
001662_JPG_jpg.rf.97c2b266f1a788361d25be2305f03736.jpg,0,0.42793166637420654,0.45301878452301025,0.03291130065917969,0.024608906358480453,0.004239748697727919
001662_JPG_jpg.rf.97c2b266f1a788361d25be2305f03736.jpg,0,0.13322813808918,0.44294944405555725,0.030514754354953766,0.02858206070959568,0.004224915988743305
001662_JPG_jpg.rf.97c2b266f1a788361d25be2305f03736.jpg,0,0.19088417291641235,0.2772740125656128,0.032282646745443344,0.030695952475070953,0.004158298950642347
001662_JPG_jpg.rf.97c2b266f1a788361d25be2305f03736.jpg,1,0.10653092712163925,0.012246562168002129,0.024980802088975906,0.02448558248579502,0.003567056730389595
001662_JPG_jpg.rf.97c2b266f1a788361d25be2305f03736.jpg,0,0.6848365068435669,0.27498921751976013,0.050111331045627594,0.03085349313914776,0.0024294781032949686
001662_JPG_jpg.rf.97c2b266f1a788361d25be2305f03736.jpg,1,0.6152610182762146,0.11139301210641861,0.02160894125699997,0.029247963801026344,0.0021631265990436077
001662_JPG_jpg.rf.97c2b266f1a788361d25be2305f03736.jpg,1,0.2391020804643631,0.014395779930055141,0.022632673382759094,0.028346417471766472,0.0020011854358017445
001662_JPG_jpg.rf.97c2b266f1a788361d25be2305f03736.jpg,0,0.698199987411499,0.011073097586631775,0.08864358812570572,0.021500466391444206,0.00167950673494488
001662_JPG_jpg.rf.97c2b266f1a788361d25be2305f03736.jpg,1,0.8064882159233093,0.3855404257774353,0.024025551974773407,0.024056728929281235,0.0015822185669094324
001662_JPG_jpg.rf.97c2b266f1a788361d25be2305f03736.jpg,0,0.23865282535552979,0.014210197143256664,0.023301491513848305,0.02808658964931965,0.0015325207496061921
001662_JPG_jpg.rf.97c2b266f1a788361d25be2305f03736.jpg,1,0.62004154920578,0.017043545842170715,0.03202056884765625,0.033124081790447235,0.0014933192869648337
001662_JPG_jpg.rf.97c2b266f1a788361d25be2305f03736.jpg,0,0.12946254014968872,0.42990735173225403,0.021718429401516914,0.029216546565294266,0.0012357315281406045
001662_JPG_jpg.rf.97c2b266f1a788361d25be2305f03736.jpg,12,0.6051837205886841,0.1385393738746643,0.7279325723648071,0.2770787477493286,0.0011864743428304791
001662_JPG_jpg.rf.97c2b266f1a788361d25be2305f03736.jpg,1,0.7076395750045776,0.45612064003944397,0.022176597267389297,0.053470171988010406,0.0011730793630704284
001662_JPG_jpg.rf.97c2b266f1a788361d25be2305f03736.jpg,10,0.3966011106967926,0.4552812874317169,0.03028341569006443,0.033336494117975235,0.001112934434786439
001662_JPG_jpg.rf.97c2b266f1a788361d25be2305f03736.jpg,12,0.5405694842338562,0.19789917767047882,0.8339025378227234,0.39579835534095764,0.0010349650401622057
001662_JPG_jpg.rf.97c2b266f1a788361d25be2305f03736.jpg,1,0.39837390184402466,0.45548081398010254,0.028113292530179024,0.026371004059910774,0.0010112662566825747
001693_JPG_jpg.rf.9c74f3077d05257d04e7a58a48642fe0.jpg,1,0.5306413769721985,0.3178373873233795,0.2185647040605545,0.11883985251188278,0.9577743411064148
001693_JPG_jpg.rf.9c74f3077d05257d04e7a58a48642fe0.jpg,1,0.6875007152557373,0.268139511346817,0.10468703508377075,0.06835277378559113,0.0013679482508450747
001700_JPG_jpg.rf.4f29277e7dfa7365978e572fe9f9eee3.jpg,1,0.5433301329612732,0.11198381334543228,0.1978636533021927,0.05484651029109955,0.9242376089096069
001700_JPG_jpg.rf.4f29277e7dfa7365978e572fe9f9eee3.jpg,1,0.5065683722496033,0.11180002987384796,0.11991897225379944,0.04930518567562103,0.0746811255812645
001700_JPG_jpg.rf.4f29277e7dfa7365978e572fe9f9eee3.jpg,1,0.5403053760528564,0.08258908241987228,0.20767374336719513,0.11695880442857742,0.026118258014321327
001700_JPG_jpg.rf.4f29277e7dfa7365978e572fe9f9eee3.jpg,0,0.016543790698051453,0.38145911693573,0.033087581396102905,0.052786316722631454,0.011463758535683155
001700_JPG_jpg.rf.4f29277e7dfa7365978e572fe9f9eee3.jpg,0,0.24846242368221283,0.10016065090894699,0.026809656992554665,0.08858411759138107,0.00771837355569005
001700_JPG_jpg.rf.4f29277e7dfa7365978e572fe9f9eee3.jpg,0,0.5612908601760864,0.10989271849393845,0.16482292115688324,0.055454786866903305,0.003557126736268401
001700_JPG_jpg.rf.4f29277e7dfa7365978e572fe9f9eee3.jpg,7,0.38770928978919983,0.11848992854356766,0.05398376286029816,0.09489202499389648,0.002215798245742917
001700_JPG_jpg.rf.4f29277e7dfa7365978e572fe9f9eee3.jpg,0,0.5077802538871765,0.41969797015190125,0.014163677580654621,0.05372311547398567,0.0015102127799764276
001700_JPG_jpg.rf.4f29277e7dfa7365978e572fe9f9eee3.jpg,1,0.4614103436470032,0.28991666436195374,0.07168132066726685,0.034343574196100235,0.0014281015610322356
001700_JPG_jpg.rf.4f29277e7dfa7365978e572fe9f9eee3.jpg,1,0.583824872970581,0.10856077820062637,0.11371415108442307,0.05375115945935249,0.0013712425716221333
001700_JPG_jpg.rf.4f29277e7dfa7365978e572fe9f9eee3.jpg,1,0.27095121145248413,0.404082715511322,0.03233322873711586,0.025228867307305336,0.0013114804169163108
001700_JPG_jpg.rf.4f29277e7dfa7365978e572fe9f9eee3.jpg,7,0.6061851382255554,0.5877847075462341,0.7876298427581787,0.8244307041168213,0.0012874421663582325
001813_JPG_jpg.rf.2a732d7bc29b893c586a2bebea876f72.jpg,1,0.07676368951797485,0.9384615421295166,0.14231257140636444,0.12155856192111969,0.9472559690475464
001813_JPG_jpg.rf.2a732d7bc29b893c586a2bebea876f72.jpg,1,0.10314098000526428,0.9324885606765747,0.19231517612934113,0.13502296805381775,0.00943742971867323
001813_JPG_jpg.rf.2a732d7bc29b893c586a2bebea876f72.jpg,1,0.0850151777267456,0.8885193467140198,0.16466256976127625,0.195540651679039,0.007182126399129629
001813_JPG_jpg.rf.2a732d7bc29b893c586a2bebea876f72.jpg,0,0.009145068936049938,0.3499695062637329,0.017991963773965836,0.16138488054275513,0.005212343763560057
001813_JPG_jpg.rf.2a732d7bc29b893c586a2bebea876f72.jpg,0,0.017607886344194412,0.40221744775772095,0.03440804034471512,0.2682279646396637,0.005157954059541225
001813_JPG_jpg.rf.2a732d7bc29b893c586a2bebea876f72.jpg,1,0.17154532670974731,0.9163114428520203,0.3288853168487549,0.15330301225185394,0.003954948857426643
001813_JPG_jpg.rf.2a732d7bc29b893c586a2bebea876f72.jpg,0,0.014054622501134872,0.43297892808914185,0.02777419239282608,0.18101274967193604,0.003431480610743165
001813_JPG_jpg.rf.2a732d7bc29b893c586a2bebea876f72.jpg,11,0.6180711984634399,0.4232644736766815,0.14947275817394257,0.1919420063495636,0.001169937546364963
001826_JPG_jpg.rf.a805482f1c979ccfd35e378a2d5d78a6.jpg,8,0.12896369397640228,0.11047739535570145,0.12262440472841263,0.20009745657444,0.9310796856880188
001826_JPG_jpg.rf.a805482f1c979ccfd35e378a2d5d78a6.jpg,0,0.5524581074714661,0.19609308242797852,0.22272440791130066,0.09538613259792328,0.9017338156700134
001826_JPG_jpg.rf.a805482f1c979ccfd35e378a2d5d78a6.jpg,5,0.1165381446480751,0.9341607093811035,0.07939174026250839,0.1316787302494049,0.0029840373899787664
001826_JPG_jpg.rf.a805482f1c979ccfd35e378a2d5d78a6.jpg,8,0.12108117341995239,0.9497061967849731,0.07534265518188477,0.10058777779340744,0.001385760959237814
001830_JPG_jpg.rf.80271bce54a1933c1c80ae661932ee2f.jpg,1,0.43820491433143616,0.12109389156103134,0.0937362089753151,0.041612643748521805,0.8482848405838013
001830_JPG_jpg.rf.80271bce54a1933c1c80ae661932ee2f.jpg,1,0.15430296957492828,0.21981966495513916,0.030171992257237434,0.10354878753423691,0.7290488481521606
001830_JPG_jpg.rf.80271bce54a1933c1c80ae661932ee2f.jpg,0,0.6706382036209106,0.2803615629673004,0.032159220427274704,0.026101039722561836,0.03986871987581253
001830_JPG_jpg.rf.80271bce54a1933c1c80ae661932ee2f.jpg,1,0.4134913980960846,0.12370029091835022,0.15689094364643097,0.06399305164813995,0.03461117669939995
001830_JPG_jpg.rf.80271bce54a1933c1c80ae661932ee2f.jpg,0,0.5039931535720825,0.3972802758216858,0.03345005586743355,0.013946973718702793,0.0214163139462471
001830_JPG_jpg.rf.80271bce54a1933c1c80ae661932ee2f.jpg,0,0.8394392728805542,0.40840211510658264,0.043934162706136703,0.017556924372911453,0.020278312265872955
001830_JPG_jpg.rf.80271bce54a1933c1c80ae661932ee2f.jpg,0,0.8112372159957886,0.3680262565612793,0.03282341733574867,0.032021962106227875,0.018503526225686073
001830_JPG_jpg.rf.80271bce54a1933c1c80ae661932ee2f.jpg,0,0.8351131677627563,0.37004056572914124,0.05745388939976692,0.024041764438152313,0.011329147033393383
001830_JPG_jpg.rf.80271bce54a1933c1c80ae661932ee2f.jpg,1,0.3708631992340088,0.12354443967342377,0.07337775826454163,0.06143306940793991,0.009554587304592133
001830_JPG_jpg.rf.80271bce54a1933c1c80ae661932ee2f.jpg,0,0.17407892644405365,0.3984493315219879,0.02573145367205143,0.03818732127547264,0.007557952776551247
001830_JPG_jpg.rf.80271bce54a1933c1c80ae661932ee2f.jpg,0,0.14150258898735046,0.33186936378479004,0.021517185494303703,0.021494939923286438,0.007296958472579718
001830_JPG_jpg.rf.80271bce54a1933c1c80ae661932ee2f.jpg,0,0.8479289412498474,0.3724052608013153,0.07609382271766663,0.02229059673845768,0.006810085382312536
001830_JPG_jpg.rf.80271bce54a1933c1c80ae661932ee2f.jpg,1,0.15640127658843994,0.22469307482242584,0.04627830535173416,0.08978047966957092,0.005990120116621256
001830_JPG_jpg.rf.80271bce54a1933c1c80ae661932ee2f.jpg,1,0.8101948499679565,0.3651838004589081,0.03244033455848694,0.033506762236356735,0.005645451135933399
001830_JPG_jpg.rf.80271bce54a1933c1c80ae661932ee2f.jpg,0,0.8156969547271729,0.4085722863674164,0.04139504209160805,0.021811265498399734,0.005494001321494579
001830_JPG_jpg.rf.80271bce54a1933c1c80ae661932ee2f.jpg,1,0.917145848274231,0.31302064657211304,0.03338916599750519,0.013048337772488594,0.005240782629698515
001830_JPG_jpg.rf.80271bce54a1933c1c80ae661932ee2f.jpg,0,0.6011292934417725,0.2942465841770172,0.03900403529405594,0.02296169102191925,0.005169032607227564
001830_JPG_jpg.rf.80271bce54a1933c1c80ae661932ee2f.jpg,0,0.6040852069854736,0.39178648591041565,0.03476172313094139,0.023833129554986954,0.005048715975135565
001830_JPG_jpg.rf.80271bce54a1933c1c80ae661932ee2f.jpg,0,0.8143022060394287,0.39903584122657776,0.042010970413684845,0.020834043622016907,0.004850868601351976
001830_JPG_jpg.rf.80271bce54a1933c1c80ae661932ee2f.jpg,0,0.7544618248939514,0.33744028210639954,0.035769976675510406,0.019684791564941406,0.004817585460841656
001830_JPG_jpg.rf.80271bce54a1933c1c80ae661932ee2f.jpg,0,0.5229630470275879,0.39704790711402893,0.025676874443888664,0.013990916311740875,0.004555175546556711
001830_JPG_jpg.rf.80271bce54a1933c1c80ae661932ee2f.jpg,0,0.9836289882659912,0.3441307544708252,0.031141722574830055,0.03230593726038933,0.004238845314830542
001830_JPG_jpg.rf.80271bce54a1933c1c80ae661932ee2f.jpg,0,0.7366478443145752,0.3359983563423157,0.03589336946606636,0.02240745909512043,0.004145219922065735
001830_JPG_jpg.rf.80271bce54a1933c1c80ae661932ee2f.jpg,1,0.8733754754066467,0.3468542993068695,0.026609275490045547,0.057661425322294235,0.0040899766609072685
001830_JPG_jpg.rf.80271bce54a1933c1c80ae661932ee2f.jpg,1,0.43856099247932434,0.1136423721909523,0.10335900634527206,0.06312134116888046,0.003873900044709444
001830_JPG_jpg.rf.80271bce54a1933c1c80ae661932ee2f.jpg,0,0.8047328591346741,0.3996083438396454,0.027156097814440727,0.021563896909356117,0.003459242172539234
001830_JPG_jpg.rf.80271bce54a1933c1c80ae661932ee2f.jpg,0,0.5982034802436829,0.3953547179698944,0.03363213315606117,0.018705075606703758,0.0033288495615124702
001830_JPG_jpg.rf.80271bce54a1933c1c80ae661932ee2f.jpg,1,0.8736768364906311,0.3586680591106415,0.032093342393636703,0.03911781311035156,0.0028215418569743633
001830_JPG_jpg.rf.80271bce54a1933c1c80ae661932ee2f.jpg,0,0.6379472613334656,0.2866714596748352,0.03486648201942444,0.02916339784860611,0.002767179859802127
001830_JPG_jpg.rf.80271bce54a1933c1c80ae661932ee2f.jpg,0,0.5516823530197144,0.393147349357605,0.03432758152484894,0.015492219477891922,0.002697619143873453
001830_JPG_jpg.rf.80271bce54a1933c1c80ae661932ee2f.jpg,0,0.8760025501251221,0.3704555332660675,0.038959503173828125,0.017437275499105453,0.0026523692067712545
001830_JPG_jpg.rf.80271bce54a1933c1c80ae661932ee2f.jpg,0,0.5998703241348267,0.3886074721813202,0.031359635293483734,0.020039338618516922,0.0024116910062730312
001830_JPG_jpg.rf.80271bce54a1933c1c80ae661932ee2f.jpg,1,0.8026451468467712,0.40758565068244934,0.02610250748693943,0.02204880490899086,0.0022022107150405645
001830_JPG_jpg.rf.80271bce54a1933c1c80ae661932ee2f.jpg,0,0.7623757719993591,0.3563327193260193,0.032003991305828094,0.02847275510430336,0.0021625319495797157
001830_JPG_jpg.rf.80271bce54a1933c1c80ae661932ee2f.jpg,1,0.6307487487792969,0.4105071425437927,0.021889321506023407,0.01385476067662239,0.002091097179800272
001830_JPG_jpg.rf.80271bce54a1933c1c80ae661932ee2f.jpg,0,0.17052674293518066,0.40585365891456604,0.028447922319173813,0.03198213130235672,0.0020705508068203926
001830_JPG_jpg.rf.80271bce54a1933c1c80ae661932ee2f.jpg,0,0.5604921579360962,0.39521095156669617,0.02550528757274151,0.014845849014818668,0.0019318378763273358
001830_JPG_jpg.rf.80271bce54a1933c1c80ae661932ee2f.jpg,1,0.8776602149009705,0.365019291639328,0.03780585154891014,0.020272182300686836,0.0018328757723793387
001830_JPG_jpg.rf.80271bce54a1933c1c80ae661932ee2f.jpg,0,0.8372339606285095,0.3997494876384735,0.052181538194417953,0.019422825425863266,0.0017876080237329006
001830_JPG_jpg.rf.80271bce54a1933c1c80ae661932ee2f.jpg,1,0.35989394783973694,0.1258167177438736,0.05340473726391792,0.07882272452116013,0.0016890655970200896
001830_JPG_jpg.rf.80271bce54a1933c1c80ae661932ee2f.jpg,0,0.1414506435394287,0.40082207322120667,0.032607391476631165,0.020066188648343086,0.0016845742939040065
001830_JPG_jpg.rf.80271bce54a1933c1c80ae661932ee2f.jpg,12,0.6844933032989502,0.09133367985486984,0.6310134530067444,0.1781449168920517,0.0015526080969721079
001830_JPG_jpg.rf.80271bce54a1933c1c80ae661932ee2f.jpg,0,0.62336665391922,0.3970654606819153,0.028034944087266922,0.01944718137383461,0.0014814133755862713
001830_JPG_jpg.rf.80271bce54a1933c1c80ae661932ee2f.jpg,1,0.15233604609966278,0.19617731869220734,0.03370014578104019,0.12076708674430847,0.0013550383737310767
001830_JPG_jpg.rf.80271bce54a1933c1c80ae661932ee2f.jpg,1,0.6370483040809631,0.41070953011512756,0.020506933331489563,0.013661311939358711,0.001333229593001306
001830_JPG_jpg.rf.80271bce54a1933c1c80ae661932ee2f.jpg,0,0.5622494220733643,0.37654173374176025,0.02236953191459179,0.016814159229397774,0.0012630815617740154
001830_JPG_jpg.rf.80271bce54a1933c1c80ae661932ee2f.jpg,0,0.6614905595779419,0.2785433828830719,0.049630679190158844,0.023621926084160805,0.0012427925830706954
001830_JPG_jpg.rf.80271bce54a1933c1c80ae661932ee2f.jpg,0,0.5719528198242188,0.3883223235607147,0.02402723766863346,0.018361972644925117,0.001234926632605493
001830_JPG_jpg.rf.80271bce54a1933c1c80ae661932ee2f.jpg,0,0.5493137240409851,0.4045523405075073,0.028779691085219383,0.015606514178216457,0.0011752245482057333
001830_JPG_jpg.rf.80271bce54a1933c1c80ae661932ee2f.jpg,1,0.1455613672733307,0.2253323644399643,0.030916370451450348,0.08406800776720047,0.0011163289891555905
001830_JPG_jpg.rf.80271bce54a1933c1c80ae661932ee2f.jpg,12,0.9037995338439941,0.1056283563375473,0.19240108132362366,0.20818735659122467,0.0010966527042910457
001830_JPG_jpg.rf.80271bce54a1933c1c80ae661932ee2f.jpg,1,0.8799852728843689,0.3408375680446625,0.02872716635465622,0.04446176439523697,0.001068255864083767
001830_JPG_jpg.rf.80271bce54a1933c1c80ae661932ee2f.jpg,0,0.5484081506729126,0.3867764472961426,0.026509873569011688,0.01958428882062435,0.0010553518077358603
001830_JPG_jpg.rf.80271bce54a1933c1c80ae661932ee2f.jpg,1,0.8874377012252808,0.34102851152420044,0.032220400869846344,0.03863789513707161,0.0010476086754351854
001830_JPG_jpg.rf.80271bce54a1933c1c80ae661932ee2f.jpg,1,0.8420275449752808,0.36605939269065857,0.0788131132721901,0.026319945231080055,0.0010193469934165478
001830_JPG_jpg.rf.80271bce54a1933c1c80ae661932ee2f.jpg,0,0.7087244391441345,0.33432650566101074,0.034976374357938766,0.028593285009264946,0.0010001118062064052
001833_JPG_jpg.rf.b6092f0bd597484bb9c205017e5c389f.jpg,1,0.5372430682182312,0.24618270993232727,0.24614709615707397,0.0945926085114479,0.9721722602844238
001833_JPG_jpg.rf.b6092f0bd597484bb9c205017e5c389f.jpg,0,0.5368310213088989,0.24369755387306213,0.24115677177906036,0.0909082368016243,0.009735139086842537
001833_JPG_jpg.rf.b6092f0bd597484bb9c205017e5c389f.jpg,1,0.42398601770401,0.0162662360817194,0.08225426822900772,0.03183970972895622,0.008724933490157127
001833_JPG_jpg.rf.b6092f0bd597484bb9c205017e5c389f.jpg,0,0.6288270354270935,0.9851625561714172,0.023138487711548805,0.028916433453559875,0.008013027720153332
001833_JPG_jpg.rf.b6092f0bd597484bb9c205017e5c389f.jpg,0,0.42985454201698303,0.0178843941539526,0.074930340051651,0.03563876077532768,0.005586154758930206
001833_JPG_jpg.rf.b6092f0bd597484bb9c205017e5c389f.jpg,0,0.40081337094306946,0.9861124753952026,0.01679457165300846,0.026706697419285774,0.002172972774133086
001833_JPG_jpg.rf.b6092f0bd597484bb9c205017e5c389f.jpg,0,0.4025202691555023,0.9879626035690308,0.02614872343838215,0.02276347391307354,0.002050774870440364
001833_JPG_jpg.rf.b6092f0bd597484bb9c205017e5c389f.jpg,0,0.6382848024368286,0.9885499477386475,0.04706735163927078,0.02194199338555336,0.00171623972710222
001833_JPG_jpg.rf.b6092f0bd597484bb9c205017e5c389f.jpg,1,0.4389520287513733,0.018391240388154984,0.050878968089818954,0.03678248077630997,0.0012672474840655923
001833_JPG_jpg.rf.b6092f0bd597484bb9c205017e5c389f.jpg,0,0.39047500491142273,0.4855043888092041,0.05587790906429291,0.051209744065999985,0.0011968446196988225
001833_JPG_jpg.rf.b6092f0bd597484bb9c205017e5c389f.jpg,0,0.17148731648921967,0.98689866065979,0.024701962247490883,0.024595702067017555,0.0011284593492746353
001857_JPG_jpg.rf.d447fe7f6ff27a88a5e983e0b5f2a821.jpg,0,0.4409644901752472,0.23008917272090912,0.06411860883235931,0.03237313777208328,0.9042090773582458
001857_JPG_jpg.rf.d447fe7f6ff27a88a5e983e0b5f2a821.jpg,0,0.5970121622085571,0.3621291220188141,0.029773714020848274,0.021397078409790993,0.11293018609285355
001857_JPG_jpg.rf.d447fe7f6ff27a88a5e983e0b5f2a821.jpg,0,0.8840926289558411,0.35229602456092834,0.05438966304063797,0.028207926079630852,0.09666860848665237
001857_JPG_jpg.rf.d447fe7f6ff27a88a5e983e0b5f2a821.jpg,0,0.6229600310325623,0.3653654456138611,0.046983134001493454,0.019374407827854156,0.08731359243392944
001857_JPG_jpg.rf.d447fe7f6ff27a88a5e983e0b5f2a821.jpg,0,0.6362767815589905,0.35920172929763794,0.024605238810181618,0.027461713179945946,0.07666989415884018
001857_JPG_jpg.rf.d447fe7f6ff27a88a5e983e0b5f2a821.jpg,0,0.6254414319992065,0.37595948576927185,0.0378522165119648,0.017216756939888,0.07332782447338104
001857_JPG_jpg.rf.d447fe7f6ff27a88a5e983e0b5f2a821.jpg,0,0.6314862370491028,0.3636278808116913,0.02729063853621483,0.017927756533026695,0.0479142963886261
001857_JPG_jpg.rf.d447fe7f6ff27a88a5e983e0b5f2a821.jpg,0,0.6114553809165955,0.35744205117225647,0.05376691371202469,0.026091722771525383,0.042740654200315475
001857_JPG_jpg.rf.d447fe7f6ff27a88a5e983e0b5f2a821.jpg,0,0.6052306294441223,0.3604165017604828,0.040053147822618484,0.019057640805840492,0.033948108553886414
001857_JPG_jpg.rf.d447fe7f6ff27a88a5e983e0b5f2a821.jpg,0,0.6821597218513489,0.35480010509490967,0.04006209969520569,0.01689646765589714,0.03279093652963638
001857_JPG_jpg.rf.d447fe7f6ff27a88a5e983e0b5f2a821.jpg,8,0.38986292481422424,0.24482375383377075,0.03627726063132286,0.05400921776890755,0.024720648303627968
001857_JPG_jpg.rf.d447fe7f6ff27a88a5e983e0b5f2a821.jpg,0,0.8537901639938354,0.33354130387306213,0.04582155868411064,0.02601388841867447,0.02017061784863472
001857_JPG_jpg.rf.d447fe7f6ff27a88a5e983e0b5f2a821.jpg,0,0.3901633620262146,0.2452407032251358,0.03444202244281769,0.054352834820747375,0.01752261258661747
001857_JPG_jpg.rf.d447fe7f6ff27a88a5e983e0b5f2a821.jpg,0,0.6148539781570435,0.370573490858078,0.05098123103380203,0.018400413915514946,0.015876704826951027
001857_JPG_jpg.rf.d447fe7f6ff27a88a5e983e0b5f2a821.jpg,0,0.42472192645072937,0.2629334628582001,0.035172317177057266,0.07942922413349152,0.01577199622988701
001857_JPG_jpg.rf.d447fe7f6ff27a88a5e983e0b5f2a821.jpg,0,0.4290373921394348,0.25509464740753174,0.05414808914065361,0.07411377876996994,0.015559875406324863
001857_JPG_jpg.rf.d447fe7f6ff27a88a5e983e0b5f2a821.jpg,0,0.8429895639419556,0.3313400447368622,0.04436683654785156,0.0271831676363945,0.015505343675613403
001857_JPG_jpg.rf.d447fe7f6ff27a88a5e983e0b5f2a821.jpg,0,0.622968852519989,0.38717007637023926,0.02627449855208397,0.01750711351633072,0.01390409842133522
001857_JPG_jpg.rf.d447fe7f6ff27a88a5e983e0b5f2a821.jpg,0,0.6705728769302368,0.3547133207321167,0.040543485432863235,0.019027123227715492,0.012353198602795601
001857_JPG_jpg.rf.d447fe7f6ff27a88a5e983e0b5f2a821.jpg,0,0.6299853920936584,0.371364027261734,0.037959612905979156,0.02126312255859375,0.011602970771491528
001857_JPG_jpg.rf.d447fe7f6ff27a88a5e983e0b5f2a821.jpg,1,0.5640174746513367,0.41251662373542786,0.019770989194512367,0.0142707834020257,0.009902574121952057
001857_JPG_jpg.rf.d447fe7f6ff27a88a5e983e0b5f2a821.jpg,1,0.605720579624176,0.3573530912399292,0.043753184378147125,0.023420408368110657,0.009618532843887806
001857_JPG_jpg.rf.d447fe7f6ff27a88a5e983e0b5f2a821.jpg,0,0.6697069406509399,0.45285484194755554,0.04118787497282028,0.02145363762974739,0.009087767452001572
001857_JPG_jpg.rf.d447fe7f6ff27a88a5e983e0b5f2a821.jpg,1,0.42591410875320435,0.2358982264995575,0.08828200399875641,0.038026113063097,0.008940505795180798
001857_JPG_jpg.rf.d447fe7f6ff27a88a5e983e0b5f2a821.jpg,0,0.8771889209747314,0.34369587898254395,0.07087472826242447,0.030841534957289696,0.008837662637233734
001857_JPG_jpg.rf.d447fe7f6ff27a88a5e983e0b5f2a821.jpg,0,0.7434622049331665,0.3404103219509125,0.03222157433629036,0.02308669500052929,0.008829129859805107
001857_JPG_jpg.rf.d447fe7f6ff27a88a5e983e0b5f2a821.jpg,1,0.5529886484146118,0.41562560200691223,0.01492925826460123,0.01218018215149641,0.008466016501188278
001857_JPG_jpg.rf.d447fe7f6ff27a88a5e983e0b5f2a821.jpg,1,0.3900263011455536,0.24727512896060944,0.030823709443211555,0.0529802031815052,0.007831045426428318
001857_JPG_jpg.rf.d447fe7f6ff27a88a5e983e0b5f2a821.jpg,0,0.6487420201301575,0.36251890659332275,0.028334105387330055,0.02773321606218815,0.00748459342867136
001857_JPG_jpg.rf.d447fe7f6ff27a88a5e983e0b5f2a821.jpg,0,0.925150454044342,0.30810680985450745,0.029681574553251266,0.027484528720378876,0.007420578971505165
001857_JPG_jpg.rf.d447fe7f6ff27a88a5e983e0b5f2a821.jpg,0,0.7408306002616882,0.33951106667518616,0.057145193219184875,0.027090881019830704,0.00719022611156106
001857_JPG_jpg.rf.d447fe7f6ff27a88a5e983e0b5f2a821.jpg,1,0.4151255190372467,0.25902843475341797,0.031019944697618484,0.07868510484695435,0.006588201969861984
001857_JPG_jpg.rf.d447fe7f6ff27a88a5e983e0b5f2a821.jpg,0,0.7446001172065735,0.3458719849586487,0.021213239058852196,0.02474212646484375,0.005857250187546015
001857_JPG_jpg.rf.d447fe7f6ff27a88a5e983e0b5f2a821.jpg,0,0.7863194942474365,0.2576768696308136,0.057473111897706985,0.01656327024102211,0.0058293091133236885
001857_JPG_jpg.rf.d447fe7f6ff27a88a5e983e0b5f2a821.jpg,0,0.7265966534614563,0.3389637768268585,0.03545321151614189,0.023907296359539032,0.00464079761877656
001857_JPG_jpg.rf.d447fe7f6ff27a88a5e983e0b5f2a821.jpg,1,0.7656683325767517,0.22418557107448578,0.054535940289497375,0.030519377440214157,0.003838352160528302
001857_JPG_jpg.rf.d447fe7f6ff27a88a5e983e0b5f2a821.jpg,0,0.6148278117179871,0.39262616634368896,0.03150925412774086,0.013305077329277992,0.003700257046148181
001857_JPG_jpg.rf.d447fe7f6ff27a88a5e983e0b5f2a821.jpg,0,0.5775439143180847,0.3587777614593506,0.028616173192858696,0.017874350771307945,0.0036720449570566416
001857_JPG_jpg.rf.d447fe7f6ff27a88a5e983e0b5f2a821.jpg,0,0.7542692422866821,0.34108683466911316,0.025015611201524734,0.02130097709596157,0.003571233479306102
001857_JPG_jpg.rf.d447fe7f6ff27a88a5e983e0b5f2a821.jpg,0,0.726818859577179,0.3423556387424469,0.046476513147354126,0.021955197677016258,0.0034956063609570265
001857_JPG_jpg.rf.d447fe7f6ff27a88a5e983e0b5f2a821.jpg,0,0.7254317402839661,0.3469862639904022,0.029256822541356087,0.02361033670604229,0.0033688705880194902
001857_JPG_jpg.rf.d447fe7f6ff27a88a5e983e0b5f2a821.jpg,1,0.4958023726940155,0.41120171546936035,0.014337686821818352,0.019596247002482414,0.0032950788736343384
001857_JPG_jpg.rf.d447fe7f6ff27a88a5e983e0b5f2a821.jpg,0,0.6723057627677917,0.3433893024921417,0.05590541660785675,0.021229084581136703,0.003025342943146825
001857_JPG_jpg.rf.d447fe7f6ff27a88a5e983e0b5f2a821.jpg,0,0.608662486076355,0.35095641016960144,0.03568781539797783,0.031286679208278656,0.002882877364754677
001857_JPG_jpg.rf.d447fe7f6ff27a88a5e983e0b5f2a821.jpg,0,0.6113660931587219,0.3682701587677002,0.028774922713637352,0.022617194801568985,0.0027815017383545637
001857_JPG_jpg.rf.d447fe7f6ff27a88a5e983e0b5f2a821.jpg,0,0.7098240256309509,0.3510027825832367,0.03419509530067444,0.02136186510324478,0.002632428891956806
001857_JPG_jpg.rf.d447fe7f6ff27a88a5e983e0b5f2a821.jpg,0,0.8697934150695801,0.35050249099731445,0.0615788996219635,0.02185858227312565,0.0025456571020185947
001857_JPG_jpg.rf.d447fe7f6ff27a88a5e983e0b5f2a821.jpg,0,0.43054497241973877,0.23619791865348816,0.08861564099788666,0.03968638926744461,0.0024779685772955418
001857_JPG_jpg.rf.d447fe7f6ff27a88a5e983e0b5f2a821.jpg,0,0.7906804084777832,0.23731404542922974,0.053368497639894485,0.02942764014005661,0.0024276389740407467
001857_JPG_jpg.rf.d447fe7f6ff27a88a5e983e0b5f2a821.jpg,0,0.9774270057678223,0.3403737246990204,0.04447673261165619,0.02791302092373371,0.002329466165974736
001857_JPG_jpg.rf.d447fe7f6ff27a88a5e983e0b5f2a821.jpg,0,0.8954390287399292,0.3533897399902344,0.04279518127441406,0.02735402062535286,0.0023152539506554604
001857_JPG_jpg.rf.d447fe7f6ff27a88a5e983e0b5f2a821.jpg,1,0.5698076486587524,0.35480591654777527,0.018568553030490875,0.01433930080384016,0.002101752208545804
001857_JPG_jpg.rf.d447fe7f6ff27a88a5e983e0b5f2a821.jpg,0,0.4382922351360321,0.2412303388118744,0.04814324155449867,0.049876876175403595,0.0019484958611428738
001857_JPG_jpg.rf.d447fe7f6ff27a88a5e983e0b5f2a821.jpg,0,0.8201859593391418,0.379801481962204,0.024717772379517555,0.02069620043039322,0.0018132940167561173
001857_JPG_jpg.rf.d447fe7f6ff27a88a5e983e0b5f2a821.jpg,0,0.7383341789245605,0.3481704890727997,0.05027037486433983,0.025635426864027977,0.001810203306376934
001857_JPG_jpg.rf.d447fe7f6ff27a88a5e983e0b5f2a821.jpg,1,0.3980260491371155,0.2496916651725769,0.039195504039525986,0.060576073825359344,0.0016851270338520408
001857_JPG_jpg.rf.d447fe7f6ff27a88a5e983e0b5f2a821.jpg,0,0.3951245844364166,0.2370794266462326,0.022667812183499336,0.03938187286257744,0.00164398446213454
001857_JPG_jpg.rf.d447fe7f6ff27a88a5e983e0b5f2a821.jpg,0,0.7583744525909424,0.3482964038848877,0.023301932960748672,0.020743591710925102,0.00160870305262506
001857_JPG_jpg.rf.d447fe7f6ff27a88a5e983e0b5f2a821.jpg,0,0.6059269905090332,0.36790958046913147,0.047686945647001266,0.021947860717773438,0.0015517163556069136
001857_JPG_jpg.rf.d447fe7f6ff27a88a5e983e0b5f2a821.jpg,0,0.8219155669212341,0.39164111018180847,0.02435009367763996,0.014883042313158512,0.0015274572651833296
001857_JPG_jpg.rf.d447fe7f6ff27a88a5e983e0b5f2a821.jpg,1,0.3824067711830139,0.24372801184654236,0.03147140145301819,0.05037274956703186,0.001514819567091763
001857_JPG_jpg.rf.d447fe7f6ff27a88a5e983e0b5f2a821.jpg,0,0.8666418194770813,0.37286216020584106,0.05416371300816536,0.02089911326766014,0.0014800443314015865
001857_JPG_jpg.rf.d447fe7f6ff27a88a5e983e0b5f2a821.jpg,0,0.8912671208381653,0.3670744299888611,0.03537940979003906,0.02893294021487236,0.001449487404897809
001857_JPG_jpg.rf.d447fe7f6ff27a88a5e983e0b5f2a821.jpg,1,0.41830208897590637,0.340003103017807,0.011298179626464844,0.014112473465502262,0.0014042177936062217
001857_JPG_jpg.rf.d447fe7f6ff27a88a5e983e0b5f2a821.jpg,12,0.5757670998573303,0.09450651705265045,0.8484658598899841,0.18514104187488556,0.0013650410110130906
001857_JPG_jpg.rf.d447fe7f6ff27a88a5e983e0b5f2a821.jpg,1,0.5265944600105286,0.43761584162712097,0.0186053067445755,0.020312456414103508,0.0012949525844305754
001857_JPG_jpg.rf.d447fe7f6ff27a88a5e983e0b5f2a821.jpg,1,0.5547399520874023,0.4269266426563263,0.01970445178449154,0.033090151846408844,0.0012799131218343973
001857_JPG_jpg.rf.d447fe7f6ff27a88a5e983e0b5f2a821.jpg,1,0.5554238557815552,0.4048060178756714,0.020572442561388016,0.013705400750041008,0.0012544702040031552
001857_JPG_jpg.rf.d447fe7f6ff27a88a5e983e0b5f2a821.jpg,0,0.8434241414070129,0.3838636577129364,0.05406247824430466,0.023568008095026016,0.001238774275407195
001857_JPG_jpg.rf.d447fe7f6ff27a88a5e983e0b5f2a821.jpg,1,0.5878598093986511,0.409043550491333,0.021886972710490227,0.015730051323771477,0.0012354424688965082
001857_JPG_jpg.rf.d447fe7f6ff27a88a5e983e0b5f2a821.jpg,0,0.7370463609695435,0.31949862837791443,0.0397089459002018,0.014440537430346012,0.0012157693272456527
001857_JPG_jpg.rf.d447fe7f6ff27a88a5e983e0b5f2a821.jpg,1,0.5329092741012573,0.41704684495925903,0.015339118428528309,0.012946789152920246,0.0011272120755165815
001857_JPG_jpg.rf.d447fe7f6ff27a88a5e983e0b5f2a821.jpg,0,0.6381164193153381,0.34711530804634094,0.022680137306451797,0.023708198219537735,0.001117313513532281
001857_JPG_jpg.rf.d447fe7f6ff27a88a5e983e0b5f2a821.jpg,12,0.37582308053970337,0.23741771280765533,0.7516461610794067,0.4655552804470062,0.001116284285672009
001857_JPG_jpg.rf.d447fe7f6ff27a88a5e983e0b5f2a821.jpg,0,0.8237646818161011,0.38647913932800293,0.03539349511265755,0.02375067211687565,0.001095981802791357
001857_JPG_jpg.rf.d447fe7f6ff27a88a5e983e0b5f2a821.jpg,0,0.8365510106086731,0.39419570565223694,0.03788948059082031,0.01558538619428873,0.001067696837708354
001857_JPG_jpg.rf.d447fe7f6ff27a88a5e983e0b5f2a821.jpg,1,0.49512967467308044,0.4542011320590973,0.018663333728909492,0.014329690486192703,0.001064277021214366
001857_JPG_jpg.rf.d447fe7f6ff27a88a5e983e0b5f2a821.jpg,1,0.5080536603927612,0.41509175300598145,0.014759210869669914,0.018747037276625633,0.0010472983121871948
001860_JPG_jpg.rf.6e8d22dbd246ecfaf521fbb30ff5e2fe.jpg,0,0.518268346786499,0.2654933035373688,0.1725938618183136,0.09275761246681213,0.882485032081604
001860_JPG_jpg.rf.6e8d22dbd246ecfaf521fbb30ff5e2fe.jpg,0,0.8290439248085022,0.9651272296905518,0.018375251442193985,0.06791041791439056,0.2755527198314667
001860_JPG_jpg.rf.6e8d22dbd246ecfaf521fbb30ff5e2fe.jpg,0,0.9887742400169373,0.6771756410598755,0.02205892838537693,0.08857228606939316,0.07473913580179214
001860_JPG_jpg.rf.6e8d22dbd246ecfaf521fbb30ff5e2fe.jpg,11,0.38516271114349365,0.3155098855495453,0.08531460911035538,0.177439346909523,0.0671955794095993
001860_JPG_jpg.rf.6e8d22dbd246ecfaf521fbb30ff5e2fe.jpg,1,0.7535818815231323,0.3182844817638397,0.012403048574924469,0.019197318702936172,0.0017008584691211581
001918_jpg.rf.cf4263574ace70aef2c9045b9cde5a85.jpg,6,0.5103235244750977,0.7464218139648438,0.23222623765468597,0.30659571290016174,0.8295780420303345
001918_jpg.rf.cf4263574ace70aef2c9045b9cde5a85.jpg,8,0.5055698156356812,0.7402917146682739,0.23022395372390747,0.3003368377685547,0.6404711604118347
001918_jpg.rf.cf4263574ace70aef2c9045b9cde5a85.jpg,7,0.5100423693656921,0.7468196153640747,0.23153482377529144,0.30403050780296326,0.2423100769519806
001918_jpg.rf.cf4263574ace70aef2c9045b9cde5a85.jpg,8,0.025426039472222328,0.13988733291625977,0.050852078944444656,0.13766786456108093,0.0034255043137818575
001918_jpg.rf.cf4263574ace70aef2c9045b9cde5a85.jpg,6,0.5097419619560242,0.7996720671653748,0.25277894735336304,0.40065598487854004,0.0012735703494399786
001982_jpg.rf.6d24adf886f0c39c03910738d4ecc170.jpg,1,0.7606558203697205,0.26486337184906006,0.07607739418745041,0.24249638617038727,0.8598923087120056
001982_jpg.rf.6d24adf886f0c39c03910738d4ecc170.jpg,1,0.7856303453445435,0.26432856917381287,0.0377710796892643,0.24988402426242828,0.19029323756694794
001982_jpg.rf.6d24adf886f0c39c03910738d4ecc170.jpg,10,0.7732097506523132,0.4435243010520935,0.0695703998208046,0.08962147682905197,0.05285310372710228
001982_jpg.rf.6d24adf886f0c39c03910738d4ecc170.jpg,0,0.8103604912757874,0.25930529832839966,0.0419214703142643,0.25452670454978943,0.0365135557949543
001982_jpg.rf.6d24adf886f0c39c03910738d4ecc170.jpg,1,0.8103363513946533,0.2596248686313629,0.04479936510324478,0.24541975557804108,0.026092134416103363
001982_jpg.rf.6d24adf886f0c39c03910738d4ecc170.jpg,1,0.757543683052063,0.21166393160820007,0.060456499457359314,0.15104518830776215,0.02305225096642971
001982_jpg.rf.6d24adf886f0c39c03910738d4ecc170.jpg,1,0.8127278685569763,0.21959125995635986,0.03961944580078125,0.1693691909313202,0.015812521800398827
001982_jpg.rf.6d24adf886f0c39c03910738d4ecc170.jpg,11,0.773126482963562,0.44117066264152527,0.0674654170870781,0.09032946825027466,0.009477096609771252
001982_jpg.rf.6d24adf886f0c39c03910738d4ecc170.jpg,0,0.8122894763946533,0.2072402536869049,0.039447199553251266,0.14781388640403748,0.006373945157974958
001982_jpg.rf.6d24adf886f0c39c03910738d4ecc170.jpg,9,0.7731225490570068,0.43782955408096313,0.06583140790462494,0.08680006861686707,0.006356284487992525
001982_jpg.rf.6d24adf886f0c39c03910738d4ecc170.jpg,1,0.7754018306732178,0.4385839104652405,0.061166912317276,0.08945590257644653,0.005862761288881302
001982_jpg.rf.6d24adf886f0c39c03910738d4ecc170.jpg,9,0.18540602922439575,0.45686519145965576,0.020156824961304665,0.028812702745199203,0.003931181505322456
001982_jpg.rf.6d24adf886f0c39c03910738d4ecc170.jpg,9,0.1850261688232422,0.4643704295158386,0.016904611140489578,0.031177008524537086,0.0030501973815262318
001982_jpg.rf.6d24adf886f0c39c03910738d4ecc170.jpg,7,0.7750263214111328,0.4394793212413788,0.06338677555322647,0.09124873578548431,0.0017494922503829002
001982_jpg.rf.6d24adf886f0c39c03910738d4ecc170.jpg,1,0.7867569327354431,0.26704010367393494,0.07425440847873688,0.259105920791626,0.0016594494227319956
001982_jpg.rf.6d24adf886f0c39c03910738d4ecc170.jpg,0,0.8590689897537231,0.44899213314056396,0.022272257134318352,0.03664369136095047,0.0011737277964130044
001982_jpg.rf.6d24adf886f0c39c03910738d4ecc170.jpg,5,0.0182980764657259,0.5889911651611328,0.0175685565918684,0.04391751065850258,0.0011051723267883062
001996_jpg.rf.e04928f5210adad4b15f5a851c83b514.jpg,1,0.6262610554695129,0.387676477432251,0.16794131696224213,0.2108452022075653,0.015290924347937107
001996_jpg.rf.e04928f5210adad4b15f5a851c83b514.jpg,1,0.6412191390991211,0.45689108967781067,0.18903952836990356,0.3492758870124817,0.0020770577248185873
001996_jpg.rf.e04928f5210adad4b15f5a851c83b514.jpg,1,0.6370905041694641,0.612919270992279,0.18343952298164368,0.7147312164306641,0.0010663275606930256
002188_jpg.rf.0c0627398b64450d4f392c77290207fe.jpg,1,0.7192123532295227,0.3346828520298004,0.3374786376953125,0.15377846360206604,0.9466729164123535
002188_jpg.rf.0c0627398b64450d4f392c77290207fe.jpg,0,0.721390962600708,0.32941287755966187,0.33214423060417175,0.1563495546579361,0.4528440535068512
002188_jpg.rf.0c0627398b64450d4f392c77290207fe.jpg,1,0.6627354025840759,0.3439485728740692,0.22035907208919525,0.1501282900571823,0.008750010281801224
0023f366-a173-4ba7-952c-63f5698c022d_jpg.rf.9edd5a29eae0884e275e51ee445d1a10.jpg,1,0.5855196118354797,0.5143455266952515,0.7067118883132935,0.8629321455955505,0.9086559414863586
0230d0a6-0eac-4bf1-bc0c-560f18ad7415_jpg.rf.48f1963e9fbe5a6b0179b33762a2eb65.jpg,1,0.5837753415107727,0.5016120672225952,0.6320440173149109,0.8397764563560486,0.9066981673240662
0313fdea-c8b1-458b-adac-adcb4aac3622_jpg.rf.78780f33ec642080187f26937e8005be.jpg,1,0.5739488005638123,0.5155442357063293,0.6736608743667603,0.8222978115081787,0.9071558713912964
0590a57d-491c-4322-b287-594d5511e79b_jpg.rf.654f0a4f98fad473e55cc437d1c9d902.jpg,0,0.48117706179618835,0.5609400868415833,0.6179916858673096,0.8029648065567017,0.8284019827842712
0590a57d-491c-4322-b287-594d5511e79b_jpg.rf.654f0a4f98fad473e55cc437d1c9d902.jpg,0,0.10287125408649445,0.4812370538711548,0.2057425081729889,0.9583076238632202,0.0015957996947690845
0629fae7-2357-4fa2-a599-750358cf7e2e_jpg.rf.363911291d5f6f7fe0e031331fd7e4e9.jpg,0,0.503875195980072,0.5243653655052185,0.736540675163269,0.7858003973960876,0.9398908019065857
080e28db-6b07-4f03-a3c3-0803f43cc2ea_jpg.rf.8db090c85fe85dbff2c2f30a30efb0e1.jpg,1,0.5293380618095398,0.4754399359226227,0.49367958307266235,0.7837986350059509,0.9256123304367065
080e28db-6b07-4f03-a3c3-0803f43cc2ea_jpg.rf.8db090c85fe85dbff2c2f30a30efb0e1.jpg,11,0.06635719537734985,0.30697426199913025,0.1326308250427246,0.28097498416900635,0.06175875663757324
0866866d-298d-4bff-afa0-6456ad7fd807_jpg.rf.3bcf97c79a92aac15ad03419bbadf199.jpg,1,0.45811349153518677,0.46705418825149536,0.5919532179832458,0.8629977703094482,0.9092671871185303
08724eba-901b-4e19-883d-1cc236532391_jpg.rf.58818e500202bb38a13268b4cd2c4f4a.jpg,0,0.5944125652313232,0.5507734417915344,0.4394603967666626,0.774439811706543,0.8625231981277466
09282467-3e63-4506-9252-a0fd5b913deb_jpg.rf.7c3a79616a712d7b1f231bc9108d8db7.jpg,0,0.49697965383529663,0.4900684058666229,0.7285155057907104,0.7998828291893005,0.9307722449302673
098904b8-c355-46e6-b644-52387480db96_jpg.rf.ed1b718605fa48e5c0cfbc438da6d050.jpg,0,0.5129477381706238,0.5206205248832703,0.6469842791557312,0.8767345547676086,0.9456470608711243
10a18f3d-79d7-447f-ab9e-6de78b09477f_jpg.rf.8ce6805731f28537f453028a8d5a4885.jpg,1,0.5537329912185669,0.4769607484340668,0.8052898645401001,0.9093309044837952,0.9454309940338135
1141c383-3413-40a0-a550-7253129d4a4a_jpg.rf.5d2d3eba0b2dbca166bc5c51fe7e607d.jpg,0,0.5670351982116699,0.5092121362686157,0.5738479495048523,0.8288070559501648,0.8920104503631592
182a7c98-60cb-46a4-a89b-ad3500515c3a_jpg.rf.2a5a1477064c1cd7dbe34e2e9a982a9e.jpg,0,0.4854651391506195,0.477732390165329,0.8689607977867126,0.9545172452926636,0.9245476126670837
2257b962-595c-43ae-8f0d-575f1b55beb8_jpg.rf.d8ba84a72e00584f12f54d3cf03c8dc0.jpg,0,0.5359920859336853,0.4947340786457062,0.5049823522567749,0.8235907554626465,0.9300445914268494
2257b962-595c-43ae-8f0d-575f1b55beb8_jpg.rf.d8ba84a72e00584f12f54d3cf03c8dc0.jpg,0,0.8611311316490173,0.4661046862602234,0.27685195207595825,0.9286202788352966,0.0025307994801551104
24085f02-5dde-4b59-ad8e-887935bd08e1_jpg.rf.d216c61af0d1adf927b98f242a4fe85f.jpg,0,0.5372104048728943,0.4889819920063019,0.9084339737892151,0.9429550766944885,0.934837281703949
27beeb65-e6ea-4c4a-9dea-597500f26e7f_jpg.rf.29ca4c588d77178889b70d59993eb0ff.jpg,0,0.5308529138565063,0.4674055278301239,0.6573558449745178,0.8517562747001648,0.9326236844062805
643854b9-b9d9-4b74-99fb-830fde4a0b74_jpg.rf.4d252deec56db095b1acab7c1c0f1bdc.jpg,1,0.5180519819259644,0.5079683065414429,0.6216381192207336,0.8188356757164001,0.9247031211853027
643854b9-b9d9-4b74-99fb-830fde4a0b74_jpg.rf.4d252deec56db095b1acab7c1c0f1bdc.jpg,1,0.885698139667511,0.48354098200798035,0.2127845585346222,0.8971934914588928,0.002180260606110096
b413caec-028d-48e6-922b-fc63db1b7ebb_jpg.rf.259a6b31980f35168c8ec00a5e80c263.jpg,0,0.5118328332901001,0.47759079933166504,0.6217010617256165,0.8380504250526428,0.9492359757423401
FisheyeCamera_1_00000_png.rf.51e7c2d131818f5ac51613cb3d152380.jpg,14,0.6043409705162048,0.5432377457618713,0.0216092336922884,0.030343569815158844,0.8903182744979858
FisheyeCamera_1_00000_png.rf.51e7c2d131818f5ac51613cb3d152380.jpg,6,0.4353918135166168,0.5489132404327393,0.011280059814453125,0.01584904082119465,0.035529084503650665
FisheyeCamera_1_00000_png.rf.51e7c2d131818f5ac51613cb3d152380.jpg,0,0.399539589881897,0.5361925959587097,0.011396114714443684,0.016147026792168617,0.012389694340527058
FisheyeCamera_1_00000_png.rf.51e7c2d131818f5ac51613cb3d152380.jpg,6,0.4307330846786499,0.5455265045166016,0.01346331462264061,0.01227320171892643,0.003338766051456332
FisheyeCamera_1_00000_png.rf.51e7c2d131818f5ac51613cb3d152380.jpg,6,0.40173956751823425,0.5373830795288086,0.015409323386847973,0.024519994854927063,0.002907763235270977
FisheyeCamera_1_00000_png.rf.51e7c2d131818f5ac51613cb3d152380.jpg,6,0.446650892496109,0.5490447282791138,0.012892063707113266,0.01420982088893652,0.0026988766621798277
FisheyeCamera_1_00000_png.rf.51e7c2d131818f5ac51613cb3d152380.jpg,6,0.41419708728790283,0.5464061498641968,0.003439536551013589,0.009070396423339844,0.0020288540981709957
FisheyeCamera_1_00000_png.rf.51e7c2d131818f5ac51613cb3d152380.jpg,1,0.7164921760559082,0.491705060005188,0.013946093618869781,0.03946957364678383,0.001843813108280301
FisheyeCamera_1_00000_png.rf.51e7c2d131818f5ac51613cb3d152380.jpg,6,0.3994119167327881,0.5390051007270813,0.010926760733127594,0.019176190719008446,0.0017721191979944706
FisheyeCamera_1_00000_png.rf.51e7c2d131818f5ac51613cb3d152380.jpg,6,0.45987269282341003,0.5487328767776489,0.014676827937364578,0.01905338652431965,0.001726306276395917
FisheyeCamera_1_00000_png.rf.51e7c2d131818f5ac51613cb3d152380.jpg,6,0.5484727621078491,0.5388994216918945,0.011751835234463215,0.020536202937364578,0.0014454065822064877
FisheyeCamera_1_00000_png.rf.51e7c2d131818f5ac51613cb3d152380.jpg,10,0.44056615233421326,0.5240707397460938,0.008487261831760406,0.015240889973938465,0.0013523547677323222
FisheyeCamera_1_00000_png.rf.51e7c2d131818f5ac51613cb3d152380.jpg,0,0.40264615416526794,0.5334051847457886,0.013725134544074535,0.02454405650496483,0.0013280374696478248
FisheyeCamera_1_00005_png.rf.2c3a5ef517c817ce7872439ac76a7c08.jpg,14,0.6441935300827026,0.5379676222801208,0.028749026358127594,0.04159736633300781,0.939124584197998
FisheyeCamera_1_00005_png.rf.2c3a5ef517c817ce7872439ac76a7c08.jpg,6,0.4186786413192749,0.5472543835639954,0.010602657683193684,0.00873418990522623,0.0808577910065651
FisheyeCamera_1_00005_png.rf.2c3a5ef517c817ce7872439ac76a7c08.jpg,6,0.43211227655410767,0.544959545135498,0.011687058955430984,0.014032511040568352,0.04874340817332268
FisheyeCamera_1_00005_png.rf.2c3a5ef517c817ce7872439ac76a7c08.jpg,6,0.43222886323928833,0.5421469807624817,0.01612567901611328,0.016809318214654922,0.030931619927287102
FisheyeCamera_1_00005_png.rf.2c3a5ef517c817ce7872439ac76a7c08.jpg,0,0.393364816904068,0.534895658493042,0.012779309414327145,0.01816830411553383,0.018547257408499718
FisheyeCamera_1_00005_png.rf.2c3a5ef517c817ce7872439ac76a7c08.jpg,0,0.24890132248401642,0.4366401731967926,0.018308384343981743,0.012681521475315094,0.014454005286097527
FisheyeCamera_1_00005_png.rf.2c3a5ef517c817ce7872439ac76a7c08.jpg,0,0.39388465881347656,0.5318335294723511,0.01702631451189518,0.02178448997437954,0.005091036204248667
FisheyeCamera_1_00005_png.rf.2c3a5ef517c817ce7872439ac76a7c08.jpg,6,0.4475778639316559,0.5503044128417969,0.011130553670227528,0.010208496823906898,0.0030758113134652376
FisheyeCamera_1_00005_png.rf.2c3a5ef517c817ce7872439ac76a7c08.jpg,6,0.39957132935523987,0.5385074019432068,0.019367584958672523,0.020989565178751945,0.0023988010361790657
FisheyeCamera_1_00005_png.rf.2c3a5ef517c817ce7872439ac76a7c08.jpg,0,0.27548331022262573,0.5134057998657227,0.010696264915168285,0.017879780381917953,0.0020620222203433514
FisheyeCamera_1_00005_png.rf.2c3a5ef517c817ce7872439ac76a7c08.jpg,6,0.5475802421569824,0.5413589477539062,0.0073190839029848576,0.014157809317111969,0.001876615104265511
FisheyeCamera_1_00005_png.rf.2c3a5ef517c817ce7872439ac76a7c08.jpg,0,0.25040164589881897,0.43372175097465515,0.0163751021027565,0.01308536622673273,0.0016052856808528304
FisheyeCamera_1_00005_png.rf.2c3a5ef517c817ce7872439ac76a7c08.jpg,6,0.39310166239738464,0.538772702217102,0.011189314536750317,0.020334390923380852,0.0014512367779389024
FisheyeCamera_1_00005_png.rf.2c3a5ef517c817ce7872439ac76a7c08.jpg,0,0.4399189054965973,0.5269424915313721,0.009846174158155918,0.02136993408203125,0.001394063699990511
FisheyeCamera_1_00005_png.rf.2c3a5ef517c817ce7872439ac76a7c08.jpg,9,0.502086877822876,0.3696991503238678,0.9916364550590515,0.7393983006477356,0.0011953703360632062
FisheyeCamera_1_00005_png.rf.2c3a5ef517c817ce7872439ac76a7c08.jpg,6,0.43341735005378723,0.5374191403388977,0.017746999859809875,0.01943456195294857,0.0011254572309553623
FisheyeCamera_1_00005_png.rf.2c3a5ef517c817ce7872439ac76a7c08.jpg,6,0.5177342295646667,0.5423873066902161,0.014686438255012035,0.01698772795498371,0.0010188635205850005
FisheyeCamera_1_00012_png.rf.72d6e678caad674f4fe8c948471cf743.jpg,6,0.33044925332069397,0.5200916528701782,0.030769789591431618,0.04402586445212364,0.2808501422405243
FisheyeCamera_1_00012_png.rf.72d6e678caad674f4fe8c948471cf743.jpg,6,0.612311065196991,0.5357247591018677,0.017175307497382164,0.025869516655802727,0.16118402779102325
FisheyeCamera_1_00012_png.rf.72d6e678caad674f4fe8c948471cf743.jpg,7,0.33100107312202454,0.5194017291069031,0.031276118010282516,0.048098124563694,0.1329331248998642
FisheyeCamera_1_00012_png.rf.72d6e678caad674f4fe8c948471cf743.jpg,12,0.3309437930583954,0.5200385451316833,0.032339684665203094,0.044498004019260406,0.09427694231271744
FisheyeCamera_1_00012_png.rf.72d6e678caad674f4fe8c948471cf743.jpg,2,0.5551390051841736,0.5444167256355286,0.014155901968479156,0.01928982511162758,0.04938509315252304
FisheyeCamera_1_00012_png.rf.72d6e678caad674f4fe8c948471cf743.jpg,7,0.6146151423454285,0.535649836063385,0.02144215814769268,0.020747259259223938,0.036191634833812714
FisheyeCamera_1_00012_png.rf.72d6e678caad674f4fe8c948471cf743.jpg,6,0.4014677107334137,0.5413058996200562,0.02066759020090103,0.021973097696900368,0.012336524203419685
FisheyeCamera_1_00012_png.rf.72d6e678caad674f4fe8c948471cf743.jpg,1,0.5200843811035156,0.5484925508499146,0.01180135365575552,0.011257612146437168,0.008451586589217186
FisheyeCamera_1_00012_png.rf.72d6e678caad674f4fe8c948471cf743.jpg,1,0.556302547454834,0.5468766093254089,0.010565685108304024,0.023656480014324188,0.006991956382989883
FisheyeCamera_1_00012_png.rf.72d6e678caad674f4fe8c948471cf743.jpg,7,0.5572159886360168,0.5391440391540527,0.014267408289015293,0.01717083342373371,0.002062275307253003
FisheyeCamera_1_00012_png.rf.72d6e678caad674f4fe8c948471cf743.jpg,9,0.5006020665168762,0.3001135289669037,0.9985499978065491,0.6002270579338074,0.0015628522960469127
FisheyeCamera_1_00012_png.rf.72d6e678caad674f4fe8c948471cf743.jpg,7,0.6114126443862915,0.533693790435791,0.02529815584421158,0.029226964339613914,0.00134170928504318
FisheyeCamera_1_00012_png.rf.72d6e678caad674f4fe8c948471cf743.jpg,7,0.5613636374473572,0.5418452024459839,0.020002586767077446,0.0179290771484375,0.0010796197457239032
FisheyeCamera_1_00018_png.rf.765c48e66c9a0a7d70f6e4b0af00494c.jpg,6,0.6393815875053406,0.5219297409057617,0.028751814737915993,0.044928111135959625,0.4632927179336548
FisheyeCamera_1_00018_png.rf.765c48e66c9a0a7d70f6e4b0af00494c.jpg,6,0.3026803731918335,0.5269002914428711,0.021191634237766266,0.0314781479537487,0.26752346754074097
FisheyeCamera_1_00018_png.rf.765c48e66c9a0a7d70f6e4b0af00494c.jpg,9,0.30324187874794006,0.5259863138198853,0.021378884091973305,0.031456802040338516,0.1819622814655304
FisheyeCamera_1_00018_png.rf.765c48e66c9a0a7d70f6e4b0af00494c.jpg,6,0.534425675868988,0.5389627814292908,0.016061343252658844,0.023830488324165344,0.14978623390197754
FisheyeCamera_1_00018_png.rf.765c48e66c9a0a7d70f6e4b0af00494c.jpg,7,0.640047550201416,0.521857500076294,0.028653953224420547,0.043322786688804626,0.12829671800136566
FisheyeCamera_1_00018_png.rf.765c48e66c9a0a7d70f6e4b0af00494c.jpg,2,0.6395456194877625,0.5222987532615662,0.0301846731454134,0.04430448263883591,0.0693579912185669
FisheyeCamera_1_00018_png.rf.765c48e66c9a0a7d70f6e4b0af00494c.jpg,9,0.04271826520562172,0.437683641910553,0.02568216621875763,0.10501612722873688,0.05081649869680405
FisheyeCamera_1_00018_png.rf.765c48e66c9a0a7d70f6e4b0af00494c.jpg,1,0.5347126126289368,0.538029670715332,0.019557585939764977,0.02288833074271679,0.018018454313278198
FisheyeCamera_1_00018_png.rf.765c48e66c9a0a7d70f6e4b0af00494c.jpg,11,0.04252419248223305,0.43969130516052246,0.024246133863925934,0.10896499454975128,0.011400827206671238
FisheyeCamera_1_00018_png.rf.765c48e66c9a0a7d70f6e4b0af00494c.jpg,5,0.04301173985004425,0.4411805272102356,0.024832038208842278,0.1033582016825676,0.010961830615997314
FisheyeCamera_1_00018_png.rf.765c48e66c9a0a7d70f6e4b0af00494c.jpg,14,0.044144220650196075,0.4368803799152374,0.023899521678686142,0.10517773777246475,0.009296845644712448
FisheyeCamera_1_00018_png.rf.765c48e66c9a0a7d70f6e4b0af00494c.jpg,6,0.34848156571388245,0.5398175120353699,0.017787566408514977,0.018649615347385406,0.00618250947445631
FisheyeCamera_1_00018_png.rf.765c48e66c9a0a7d70f6e4b0af00494c.jpg,13,0.04094087705016136,0.43878161907196045,0.023243455216288567,0.10627057403326035,0.0031516384333372116
FisheyeCamera_1_00018_png.rf.765c48e66c9a0a7d70f6e4b0af00494c.jpg,12,0.2994913160800934,0.5279377102851868,0.024883197620511055,0.027913974598050117,0.0023574591614305973
FisheyeCamera_1_00018_png.rf.765c48e66c9a0a7d70f6e4b0af00494c.jpg,1,0.5347754955291748,0.534518837928772,0.027334215119481087,0.026749612763524055,0.0018709172727540135
FisheyeCamera_1_00018_png.rf.765c48e66c9a0a7d70f6e4b0af00494c.jpg,9,0.4999378025531769,0.29424217343330383,0.996454119682312,0.5884843468666077,0.0017468027072027326
FisheyeCamera_1_00018_png.rf.765c48e66c9a0a7d70f6e4b0af00494c.jpg,12,0.040352221578359604,0.4375423491001129,0.029303891584277153,0.10596305131912231,0.0013149575097486377
FisheyeCamera_1_00021_png.rf.703e3c27438f8fe990ef8ffbd48f2b51.jpg,6,0.352031946182251,0.5307003259658813,0.017889022827148438,0.027920357882976532,0.7191610336303711
FisheyeCamera_1_00021_png.rf.703e3c27438f8fe990ef8ffbd48f2b51.jpg,6,0.428520143032074,0.5404254198074341,0.0146522531285882,0.020961249247193336,0.03955383226275444
FisheyeCamera_1_00021_png.rf.703e3c27438f8fe990ef8ffbd48f2b51.jpg,1,0.3566480278968811,0.5294569134712219,0.019478285685181618,0.026863539591431618,0.010777045972645283
FisheyeCamera_1_00021_png.rf.703e3c27438f8fe990ef8ffbd48f2b51.jpg,0,0.4544195830821991,0.5107033848762512,0.010234246030449867,0.005483114160597324,0.006204243283718824
FisheyeCamera_1_00021_png.rf.703e3c27438f8fe990ef8ffbd48f2b51.jpg,0,0.5703705549240112,0.4968510568141937,0.013451943174004555,0.01338049117475748,0.005434347782284021
FisheyeCamera_1_00021_png.rf.703e3c27438f8fe990ef8ffbd48f2b51.jpg,6,0.38038089871406555,0.5429926514625549,0.011583548970520496,0.016060976311564445,0.004660685081034899
FisheyeCamera_1_00021_png.rf.703e3c27438f8fe990ef8ffbd48f2b51.jpg,6,0.38845452666282654,0.5484882593154907,0.01175044197589159,0.013202887959778309,0.0029027671553194523
FisheyeCamera_1_00021_png.rf.703e3c27438f8fe990ef8ffbd48f2b51.jpg,6,0.40970680117607117,0.5418863296508789,0.010792145505547523,0.017255563288927078,0.00250010727904737
FisheyeCamera_1_00021_png.rf.703e3c27438f8fe990ef8ffbd48f2b51.jpg,6,0.3880436420440674,0.5453659296035767,0.010334235616028309,0.010848339647054672,0.0017305943183600903
FisheyeCamera_1_00021_png.rf.703e3c27438f8fe990ef8ffbd48f2b51.jpg,6,0.34764447808265686,0.5314241647720337,0.022225674241781235,0.024551833048462868,0.0015977747971192002
FisheyeCamera_1_00021_png.rf.703e3c27438f8fe990ef8ffbd48f2b51.jpg,13,0.8502917289733887,0.5125174522399902,0.005706200376152992,0.019725359976291656,0.0012120417086407542
FisheyeCamera_1_00021_png.rf.703e3c27438f8fe990ef8ffbd48f2b51.jpg,0,0.4247090816497803,0.4917977452278137,0.016775131225585938,0.01683308556675911,0.001142830471508205
FisheyeCamera_1_00022_png.rf.783465f75a2393c7aaa0ec3c3cd3ed4d.jpg,6,0.3383682370185852,0.5287058353424072,0.019631752744317055,0.03332747146487236,0.7688871026039124
FisheyeCamera_1_00022_png.rf.783465f75a2393c7aaa0ec3c3cd3ed4d.jpg,6,0.4278736710548401,0.5411267876625061,0.013183667324483395,0.019161958247423172,0.06089940667152405
FisheyeCamera_1_00022_png.rf.783465f75a2393c7aaa0ec3c3cd3ed4d.jpg,9,0.3393745422363281,0.5260764956474304,0.024818861857056618,0.025791829451918602,0.022030148655176163
FisheyeCamera_1_00022_png.rf.783465f75a2393c7aaa0ec3c3cd3ed4d.jpg,6,0.3853755593299866,0.5458082556724548,0.006869316566735506,0.011453775689005852,0.006500835530459881
FisheyeCamera_1_00022_png.rf.783465f75a2393c7aaa0ec3c3cd3ed4d.jpg,6,0.41248008608818054,0.5433662533760071,0.01321902684867382,0.01610543206334114,0.00579366460442543
FisheyeCamera_1_00022_png.rf.783465f75a2393c7aaa0ec3c3cd3ed4d.jpg,6,0.3522036075592041,0.5289662480354309,0.017944922670722008,0.0345708429813385,0.005081550683826208
FisheyeCamera_1_00022_png.rf.783465f75a2393c7aaa0ec3c3cd3ed4d.jpg,0,0.3606085181236267,0.5245053172111511,0.01431369874626398,0.0321245938539505,0.004641570616513491
FisheyeCamera_1_00022_png.rf.783465f75a2393c7aaa0ec3c3cd3ed4d.jpg,0,0.33640122413635254,0.5288253426551819,0.021701812744140625,0.029801296070218086,0.0036750694271177053
FisheyeCamera_1_00022_png.rf.783465f75a2393c7aaa0ec3c3cd3ed4d.jpg,0,0.5692364573478699,0.4966493844985962,0.013189316727221012,0.013265463523566723,0.003242355538532138
FisheyeCamera_1_00022_png.rf.783465f75a2393c7aaa0ec3c3cd3ed4d.jpg,6,0.389551043510437,0.5506670475006104,0.009633798152208328,0.009207285940647125,0.002595001133158803
FisheyeCamera_1_00022_png.rf.783465f75a2393c7aaa0ec3c3cd3ed4d.jpg,6,0.35284677147865295,0.5337268114089966,0.01105125155299902,0.030403506010770798,0.0025164245162159204
FisheyeCamera_1_00022_png.rf.783465f75a2393c7aaa0ec3c3cd3ed4d.jpg,0,0.4543026089668274,0.5114856958389282,0.009675906971096992,0.006250821985304356,0.0024303323589265347
FisheyeCamera_1_00022_png.rf.783465f75a2393c7aaa0ec3c3cd3ed4d.jpg,10,0.4258676767349243,0.5347256660461426,0.017206339165568352,0.013953723013401031,0.0016166038112714887
FisheyeCamera_1_00022_png.rf.783465f75a2393c7aaa0ec3c3cd3ed4d.jpg,0,0.368357390165329,0.5354748964309692,0.01532473973929882,0.01793912798166275,0.0013755385298281908
FisheyeCamera_1_00022_png.rf.783465f75a2393c7aaa0ec3c3cd3ed4d.jpg,13,0.5690929889678955,0.5380082130432129,0.016382217407226562,0.019695429131388664,0.0011687112273648381
FisheyeCamera_1_00022_png.rf.783465f75a2393c7aaa0ec3c3cd3ed4d.jpg,6,0.3564775288105011,0.5320584177970886,0.015908975154161453,0.02790796011686325,0.001085863565094769
FisheyeCamera_1_00022_png.rf.783465f75a2393c7aaa0ec3c3cd3ed4d.jpg,6,0.3791066110134125,0.5449916124343872,0.008480658754706383,0.01080336980521679,0.0010548672871664166
FisheyeCamera_1_00023_png.rf.cd1aa333b9e78ad2f7b2de3c154e7429.jpg,6,0.32485389709472656,0.5254998207092285,0.018535027280449867,0.03283141180872917,0.38633081316947937
FisheyeCamera_1_00023_png.rf.cd1aa333b9e78ad2f7b2de3c154e7429.jpg,9,0.32440686225891113,0.5266135931015015,0.022235430777072906,0.037789564579725266,0.19586040079593658
FisheyeCamera_1_00023_png.rf.cd1aa333b9e78ad2f7b2de3c154e7429.jpg,6,0.4279325008392334,0.5405265092849731,0.012611976824700832,0.01921837218105793,0.03335892781615257
FisheyeCamera_1_00023_png.rf.cd1aa333b9e78ad2f7b2de3c154e7429.jpg,0,0.359164297580719,0.5263012051582336,0.016404371708631516,0.035747528076171875,0.018186014145612717
FisheyeCamera_1_00023_png.rf.cd1aa333b9e78ad2f7b2de3c154e7429.jpg,6,0.38376832008361816,0.5471497774124146,0.006308408919721842,0.009564913809299469,0.012989843264222145
FisheyeCamera_1_00023_png.rf.cd1aa333b9e78ad2f7b2de3c154e7429.jpg,0,0.4531562626361847,0.5113078951835632,0.008667579852044582,0.006402089260518551,0.0025172061286866665
FisheyeCamera_1_00023_png.rf.cd1aa333b9e78ad2f7b2de3c154e7429.jpg,6,0.4141941964626312,0.5410916805267334,0.01565507799386978,0.01734388805925846,0.0024990683887153864
FisheyeCamera_1_00023_png.rf.cd1aa333b9e78ad2f7b2de3c154e7429.jpg,0,0.5705971121788025,0.4964050054550171,0.01329898927360773,0.012968284077942371,0.0017135090893134475
FisheyeCamera_1_00023_png.rf.cd1aa333b9e78ad2f7b2de3c154e7429.jpg,11,0.3233442008495331,0.5273448824882507,0.021444320678710938,0.039361074566841125,0.0014441573293879628
FisheyeCamera_1_00027_png.rf.dfb965799faeb1514f927e69c5ec0fd2.jpg,6,0.23569370806217194,0.5071347951889038,0.026358971372246742,0.04996417462825775,0.6243906021118164
FisheyeCamera_1_00027_png.rf.dfb965799faeb1514f927e69c5ec0fd2.jpg,9,0.23676946759223938,0.5059516429901123,0.02413335256278515,0.04837051033973694,0.05617677420377731
FisheyeCamera_1_00027_png.rf.dfb965799faeb1514f927e69c5ec0fd2.jpg,6,0.37301579117774963,0.5498539805412292,0.006273710168898106,0.007696152199059725,0.02866600826382637
FisheyeCamera_1_00027_png.rf.dfb965799faeb1514f927e69c5ec0fd2.jpg,6,0.36562034487724304,0.5431685447692871,0.007197086699306965,0.012758915312588215,0.019368618726730347
FisheyeCamera_1_00027_png.rf.dfb965799faeb1514f927e69c5ec0fd2.jpg,6,0.38154441118240356,0.546009361743927,0.010314061306416988,0.010715484619140625,0.008523620665073395
FisheyeCamera_1_00027_png.rf.dfb965799faeb1514f927e69c5ec0fd2.jpg,6,0.42760759592056274,0.541741132736206,0.011071939021348953,0.015369855798780918,0.002658881014212966
FisheyeCamera_1_00027_png.rf.dfb965799faeb1514f927e69c5ec0fd2.jpg,7,0.5081194043159485,0.42986491322517395,0.9732800126075745,0.8597298264503479,0.0026130725163966417
FisheyeCamera_1_00027_png.rf.dfb965799faeb1514f927e69c5ec0fd2.jpg,0,0.40869009494781494,0.5148545503616333,0.014628850854933262,0.014375687576830387,0.0021333210170269012
FisheyeCamera_1_00027_png.rf.dfb965799faeb1514f927e69c5ec0fd2.jpg,6,0.3558919131755829,0.5485730171203613,0.0027304431423544884,0.008886043913662434,0.001643759198486805
FisheyeCamera_1_00027_png.rf.dfb965799faeb1514f927e69c5ec0fd2.jpg,6,0.4084722697734833,0.5387828350067139,0.0079803466796875,0.01735459826886654,0.0014645325718447566
FisheyeCamera_1_00027_png.rf.dfb965799faeb1514f927e69c5ec0fd2.jpg,0,0.37306472659111023,0.5606422424316406,0.006672786083072424,0.021126821637153625,0.0013659063261002302
FisheyeCamera_1_00027_png.rf.dfb965799faeb1514f927e69c5ec0fd2.jpg,0,0.42863452434539795,0.5123187899589539,0.012374584563076496,0.012584833428263664,0.0012269211001694202
FisheyeCamera_1_00027_png.rf.dfb965799faeb1514f927e69c5ec0fd2.jpg,0,0.4527016580104828,0.5093287229537964,0.009359359741210938,0.006962629500776529,0.001202222192659974
FisheyeCamera_1_00027_png.rf.dfb965799faeb1514f927e69c5ec0fd2.jpg,11,0.5579497814178467,0.4317286014556885,0.8833114504814148,0.8604875802993774,0.0011300735641270876
FisheyeCamera_1_00028_png.rf.f6f0a58dd52d1cf0fe75c8496a37b067.jpg,6,0.20159780979156494,0.4991947412490845,0.025841934606432915,0.05684170499444008,0.6794506907463074
FisheyeCamera_1_00028_png.rf.f6f0a58dd52d1cf0fe75c8496a37b067.jpg,9,0.1996934711933136,0.498139351606369,0.02384926751255989,0.05761513486504555,0.055338211357593536
FisheyeCamera_1_00028_png.rf.f6f0a58dd52d1cf0fe75c8496a37b067.jpg,0,0.45252126455307007,0.5078684091567993,0.008827063255012035,0.006873277947306633,0.008207852952182293
FisheyeCamera_1_00028_png.rf.f6f0a58dd52d1cf0fe75c8496a37b067.jpg,6,0.3655647337436676,0.5438154935836792,0.006775782909244299,0.010560035705566406,0.004365616012364626
FisheyeCamera_1_00028_png.rf.f6f0a58dd52d1cf0fe75c8496a37b067.jpg,6,0.35744357109069824,0.5446586608886719,0.003758357372134924,0.009852776303887367,0.002225706586614251
FisheyeCamera_1_00028_png.rf.f6f0a58dd52d1cf0fe75c8496a37b067.jpg,6,0.427456796169281,0.5428627729415894,0.011319600977003574,0.013541148975491524,0.0018718515057116747
FisheyeCamera_1_00028_png.rf.f6f0a58dd52d1cf0fe75c8496a37b067.jpg,6,0.3380970358848572,0.5431450009346008,0.004221403039991856,0.011054553091526031,0.0015340048121288419
FisheyeCamera_1_00028_png.rf.f6f0a58dd52d1cf0fe75c8496a37b067.jpg,0,0.5880520939826965,0.5314413905143738,0.005176177714020014,0.008665084838867188,0.0013373743277043104
FisheyeCamera_1_00028_png.rf.f6f0a58dd52d1cf0fe75c8496a37b067.jpg,7,0.5167839527130127,0.39313167333602905,0.9537817239761353,0.7862633466720581,0.0013351088855415583
FisheyeCamera_1_00028_png.rf.f6f0a58dd52d1cf0fe75c8496a37b067.jpg,0,0.43065541982650757,0.5110753178596497,0.008898369036614895,0.011586116626858711,0.0013338855933398008
FisheyeCamera_1_00028_png.rf.f6f0a58dd52d1cf0fe75c8496a37b067.jpg,0,0.4014825224876404,0.5136262774467468,0.014628337696194649,0.013856228440999985,0.0013277294347062707
FisheyeCamera_1_00028_png.rf.f6f0a58dd52d1cf0fe75c8496a37b067.jpg,6,0.5710835456848145,0.5457123517990112,0.008629946038126945,0.01285281591117382,0.0011693042470142245
FisheyeCamera_1_00036_png.rf.a4fcf0fd896e50b389c7a93fae4d3a07.jpg,6,0.5826586484909058,0.5265673398971558,0.030376728624105453,0.0409795343875885,0.42418208718299866
FisheyeCamera_1_00036_png.rf.a4fcf0fd896e50b389c7a93fae4d3a07.jpg,6,0.05991724133491516,0.47271978855133057,0.02169543132185936,0.06455890834331512,0.2547093331813812
FisheyeCamera_1_00036_png.rf.a4fcf0fd896e50b389c7a93fae4d3a07.jpg,6,0.35023581981658936,0.5351173877716064,0.014512135647237301,0.020702069625258446,0.1546265333890915
FisheyeCamera_1_00036_png.rf.a4fcf0fd896e50b389c7a93fae4d3a07.jpg,7,0.5824974179267883,0.5268221497535706,0.03184311464428902,0.040701575577259064,0.08963844180107117
FisheyeCamera_1_00036_png.rf.a4fcf0fd896e50b389c7a93fae4d3a07.jpg,11,0.060004822909832,0.4724859595298767,0.02450501173734665,0.0714021846652031,0.08186602592468262
FisheyeCamera_1_00036_png.rf.a4fcf0fd896e50b389c7a93fae4d3a07.jpg,5,0.058735959231853485,0.4728873372077942,0.020901011303067207,0.06365277618169785,0.05870695784687996
FisheyeCamera_1_00036_png.rf.a4fcf0fd896e50b389c7a93fae4d3a07.jpg,2,0.35393548011779785,0.53603595495224,0.01780913583934307,0.020211733877658844,0.025516211986541748
FisheyeCamera_1_00036_png.rf.a4fcf0fd896e50b389c7a93fae4d3a07.jpg,9,0.058449678122997284,0.4726167321205139,0.020542237907648087,0.06535720825195312,0.024146365001797676
FisheyeCamera_1_00036_png.rf.a4fcf0fd896e50b389c7a93fae4d3a07.jpg,6,0.5341600179672241,0.5442660450935364,0.01275752205401659,0.019648773595690727,0.014403345994651318
FisheyeCamera_1_00036_png.rf.a4fcf0fd896e50b389c7a93fae4d3a07.jpg,14,0.05844057723879814,0.4739748239517212,0.02222529798746109,0.07184615731239319,0.014290287159383297
FisheyeCamera_1_00036_png.rf.a4fcf0fd896e50b389c7a93fae4d3a07.jpg,1,0.5319132804870605,0.5414347052574158,0.014141816645860672,0.01756506785750389,0.004281122237443924
FisheyeCamera_1_00036_png.rf.a4fcf0fd896e50b389c7a93fae4d3a07.jpg,12,0.05825022608041763,0.4747249484062195,0.020553167909383774,0.07146263122558594,0.0023900726810097694
FisheyeCamera_1_00036_png.rf.a4fcf0fd896e50b389c7a93fae4d3a07.jpg,7,0.5376008152961731,0.5396795272827148,0.02126561850309372,0.01899704709649086,0.0017967273015528917
FisheyeCamera_1_00036_png.rf.a4fcf0fd896e50b389c7a93fae4d3a07.jpg,4,0.059248972684144974,0.47353583574295044,0.022693084552884102,0.06638644635677338,0.001471106894314289
FisheyeCamera_1_00036_png.rf.a4fcf0fd896e50b389c7a93fae4d3a07.jpg,6,0.35467517375946045,0.5337483286857605,0.016381924971938133,0.02539326623082161,0.0010047159157693386
FisheyeCamera_1_00041_png.rf.402d963ad90df5846463e66a301debd3.jpg,6,0.3140657842159271,0.5387239456176758,0.007263330742716789,0.015296276658773422,0.23980386555194855
FisheyeCamera_1_00041_png.rf.402d963ad90df5846463e66a301debd3.jpg,0,0.4460331201553345,0.49448221921920776,0.01264454796910286,0.008910399861633778,0.08933228999376297
FisheyeCamera_1_00041_png.rf.402d963ad90df5846463e66a301debd3.jpg,9,0.3125234544277191,0.5440495610237122,0.009724837727844715,0.011577753350138664,0.038047078996896744
FisheyeCamera_1_00041_png.rf.402d963ad90df5846463e66a301debd3.jpg,0,0.43530333042144775,0.49433431029319763,0.007396257948130369,0.00872553326189518,0.02233918383717537
FisheyeCamera_1_00041_png.rf.402d963ad90df5846463e66a301debd3.jpg,0,0.5917351245880127,0.4806388020515442,0.016028624027967453,0.008679463528096676,0.009062998928129673
FisheyeCamera_1_00041_png.rf.402d963ad90df5846463e66a301debd3.jpg,6,0.3133518695831299,0.5307925939559937,0.008518659509718418,0.019773557782173157,0.007999224588274956
FisheyeCamera_1_00041_png.rf.402d963ad90df5846463e66a301debd3.jpg,0,0.602230966091156,0.5328867435455322,0.010111736133694649,0.01124587468802929,0.00638520997017622
FisheyeCamera_1_00041_png.rf.402d963ad90df5846463e66a301debd3.jpg,0,0.3127818703651428,0.5375515222549438,0.009972939267754555,0.017606735229492188,0.004783335141837597
FisheyeCamera_1_00041_png.rf.402d963ad90df5846463e66a301debd3.jpg,6,0.4078167974948883,0.545703113079071,0.008094200864434242,0.014746886678040028,0.004655194003134966
FisheyeCamera_1_00041_png.rf.402d963ad90df5846463e66a301debd3.jpg,6,0.5216277241706848,0.5449134707450867,0.00922261830419302,0.015733351930975914,0.004095447715371847
FisheyeCamera_1_00041_png.rf.402d963ad90df5846463e66a301debd3.jpg,1,0.4180833399295807,0.4929533898830414,0.010736319236457348,0.007577309384942055,0.003440435975790024
FisheyeCamera_1_00041_png.rf.402d963ad90df5846463e66a301debd3.jpg,6,0.48492857813835144,0.5587318539619446,0.012675799429416656,0.018093770369887352,0.002975106006488204
FisheyeCamera_1_00041_png.rf.402d963ad90df5846463e66a301debd3.jpg,6,0.3368975818157196,0.5396569967269897,0.008827502839267254,0.01378895714879036,0.002625985536724329
FisheyeCamera_1_00041_png.rf.402d963ad90df5846463e66a301debd3.jpg,6,0.5317431688308716,0.5490779280662537,0.006196388974785805,0.00864777248352766,0.001768346643075347
FisheyeCamera_1_00041_png.rf.402d963ad90df5846463e66a301debd3.jpg,0,0.28374895453453064,0.5280667543411255,0.011594332754611969,0.011412694118916988,0.0017419951036572456
FisheyeCamera_1_00041_png.rf.402d963ad90df5846463e66a301debd3.jpg,0,0.589004397392273,0.4780672788619995,0.01704421453177929,0.01462811790406704,0.0016931291902437806
FisheyeCamera_1_00041_png.rf.402d963ad90df5846463e66a301debd3.jpg,6,0.39610496163368225,0.5503824949264526,0.005337788723409176,0.011537332087755203,0.001551376422867179
FisheyeCamera_1_00041_png.rf.402d963ad90df5846463e66a301debd3.jpg,7,0.49786004424095154,0.4823727309703827,0.9957200884819031,0.9628313779830933,0.0015276777558028698
FisheyeCamera_1_00041_png.rf.402d963ad90df5846463e66a301debd3.jpg,0,0.2859586179256439,0.5231841206550598,0.010155531577765942,0.014449633657932281,0.001406881376169622
FisheyeCamera_1_00041_png.rf.402d963ad90df5846463e66a301debd3.jpg,6,0.2915205657482147,0.5409227013587952,0.006466792430728674,0.01635448820888996,0.00117892911657691
FisheyeCamera_1_00041_png.rf.402d963ad90df5846463e66a301debd3.jpg,6,0.3054765462875366,0.544466495513916,0.014899291098117828,0.011259006336331367,0.001130333635956049
FisheyeCamera_1_00089_png.rf.3a437fe3f7f2a546183b5ef50bf92eab.jpg,0,0.26180824637413025,0.2980800271034241,0.02717781253159046,0.023572519421577454,0.24773551523685455
FisheyeCamera_1_00089_png.rf.3a437fe3f7f2a546183b5ef50bf92eab.jpg,7,0.312796026468277,0.540780246257782,0.00931152980774641,0.015117792412638664,0.2385273277759552
FisheyeCamera_1_00089_png.rf.3a437fe3f7f2a546183b5ef50bf92eab.jpg,7,0.31308484077453613,0.5371448397636414,0.008939303457736969,0.016627972945570946,0.03810504451394081
FisheyeCamera_1_00089_png.rf.3a437fe3f7f2a546183b5ef50bf92eab.jpg,0,0.27221208810806274,0.29924485087394714,0.03769177943468094,0.02060222625732422,0.032273296266794205
FisheyeCamera_1_00089_png.rf.3a437fe3f7f2a546183b5ef50bf92eab.jpg,0,0.2565643787384033,0.30148249864578247,0.03461812064051628,0.025997841730713844,0.018117865547537804
FisheyeCamera_1_00089_png.rf.3a437fe3f7f2a546183b5ef50bf92eab.jpg,0,0.2856922149658203,0.29622337222099304,0.04676129296422005,0.017304347828030586,0.015026324428617954
FisheyeCamera_1_00089_png.rf.3a437fe3f7f2a546183b5ef50bf92eab.jpg,1,0.31406912207603455,0.539638876914978,0.00838712602853775,0.016558866947889328,0.014444395899772644
FisheyeCamera_1_00089_png.rf.3a437fe3f7f2a546183b5ef50bf92eab.jpg,1,0.4383779764175415,0.4891047179698944,0.012696046382188797,0.005659910384565592,0.014125700108706951
FisheyeCamera_1_00089_png.rf.3a437fe3f7f2a546183b5ef50bf92eab.jpg,6,0.485327810049057,0.5489417910575867,0.010645500384271145,0.018321918323636055,0.013490892946720123
FisheyeCamera_1_00089_png.rf.3a437fe3f7f2a546183b5ef50bf92eab.jpg,6,0.6022852659225464,0.5422958135604858,0.016953028738498688,0.01582571305334568,0.011588194407522678
FisheyeCamera_1_00089_png.rf.3a437fe3f7f2a546183b5ef50bf92eab.jpg,0,0.2664593458175659,0.3036842942237854,0.04636262357234955,0.029779013246297836,0.009708943776786327
FisheyeCamera_1_00089_png.rf.3a437fe3f7f2a546183b5ef50bf92eab.jpg,9,0.599320113658905,0.5418689846992493,0.012725390493869781,0.01659899577498436,0.0046782176941633224
FisheyeCamera_1_00089_png.rf.3a437fe3f7f2a546183b5ef50bf92eab.jpg,6,0.4966646134853363,0.5495753884315491,0.011603722348809242,0.0160980224609375,0.004349898546934128
FisheyeCamera_1_00089_png.rf.3a437fe3f7f2a546183b5ef50bf92eab.jpg,6,0.47422248125076294,0.5523877143859863,0.006711740046739578,0.01298889797180891,0.0041852775029838085
FisheyeCamera_1_00089_png.rf.3a437fe3f7f2a546183b5ef50bf92eab.jpg,1,0.26153644919395447,0.30060967803001404,0.030289137735962868,0.026097372174263,0.003782755695283413
FisheyeCamera_1_00089_png.rf.3a437fe3f7f2a546183b5ef50bf92eab.jpg,6,0.4758346378803253,0.5480658411979675,0.007079784758388996,0.01748664677143097,0.003724834183230996
FisheyeCamera_1_00089_png.rf.3a437fe3f7f2a546183b5ef50bf92eab.jpg,9,0.6049239039421082,0.5415565967559814,0.01755472458899021,0.016763247549533844,0.0033470287453383207
FisheyeCamera_1_00089_png.rf.3a437fe3f7f2a546183b5ef50bf92eab.jpg,0,0.4479704797267914,0.49053165316581726,0.011679722927510738,0.004115324933081865,0.0030853988137096167
FisheyeCamera_1_00089_png.rf.3a437fe3f7f2a546183b5ef50bf92eab.jpg,0,0.25911346077919006,0.5288773775100708,0.006180213298648596,0.008662077598273754,0.003067217068746686
FisheyeCamera_1_00089_png.rf.3a437fe3f7f2a546183b5ef50bf92eab.jpg,6,0.6074079871177673,0.5419939756393433,0.02060472033917904,0.016165807843208313,0.002398880897089839
FisheyeCamera_1_00089_png.rf.3a437fe3f7f2a546183b5ef50bf92eab.jpg,7,0.37743452191352844,0.5462859869003296,0.005658223293721676,0.010955370962619781,0.0016685635782778263
FisheyeCamera_1_00089_png.rf.3a437fe3f7f2a546183b5ef50bf92eab.jpg,0,0.24191102385520935,0.5296581387519836,0.00724077271297574,0.010565097443759441,0.001639081514440477
FisheyeCamera_1_00089_png.rf.3a437fe3f7f2a546183b5ef50bf92eab.jpg,0,0.18417085707187653,0.49119365215301514,0.014073005877435207,0.015149923972785473,0.0012955334968864918
FisheyeCamera_1_00089_png.rf.3a437fe3f7f2a546183b5ef50bf92eab.jpg,6,0.4918607771396637,0.5328146815299988,0.0040494478307664394,0.00863133929669857,0.0012616226449608803
FisheyeCamera_1_00089_png.rf.3a437fe3f7f2a546183b5ef50bf92eab.jpg,0,0.2867090702056885,0.45379117131233215,0.01389701571315527,0.013512978330254555,0.001242319238372147
FisheyeCamera_1_00089_png.rf.3a437fe3f7f2a546183b5ef50bf92eab.jpg,10,0.48000138998031616,0.5535622835159302,0.0057657682336866856,0.01205194927752018,0.0012309959856793284
FisheyeCamera_1_00089_png.rf.3a437fe3f7f2a546183b5ef50bf92eab.jpg,7,0.5032785534858704,0.4554021656513214,0.9886907935142517,0.9108043313026428,0.0011712778359651566
FisheyeCamera_1_00089_png.rf.3a437fe3f7f2a546183b5ef50bf92eab.jpg,0,0.6069658994674683,0.5385762453079224,0.009240884333848953,0.014176663011312485,0.001169528579339385
FisheyeCamera_1_00089_png.rf.3a437fe3f7f2a546183b5ef50bf92eab.jpg,0,0.2742522656917572,0.5153518915176392,0.013416950590908527,0.014274891465902328,0.0011496826773509383
FisheyeCamera_1_00095_png.rf.7339640275f9c4483536f89fb2c815e0.jpg,7,0.26998117566108704,0.5361579656600952,0.00873811449855566,0.017232969403266907,0.18011750280857086
FisheyeCamera_1_00095_png.rf.7339640275f9c4483536f89fb2c815e0.jpg,1,0.4367589056491852,0.4796692132949829,0.01214225497096777,0.009827100671827793,0.1313840001821518
FisheyeCamera_1_00095_png.rf.7339640275f9c4483536f89fb2c815e0.jpg,9,0.2719961404800415,0.5362011194229126,0.013736431486904621,0.015282704494893551,0.09643730521202087
FisheyeCamera_1_00095_png.rf.7339640275f9c4483536f89fb2c815e0.jpg,6,0.48458483815193176,0.5484431982040405,0.012312962673604488,0.01981390453875065,0.084189273416996
FisheyeCamera_1_00095_png.rf.7339640275f9c4483536f89fb2c815e0.jpg,7,0.2664557695388794,0.5360584259033203,0.013701586052775383,0.015118379145860672,0.07789860665798187
FisheyeCamera_1_00095_png.rf.7339640275f9c4483536f89fb2c815e0.jpg,0,0.4345006048679352,0.48480427265167236,0.013233405537903309,0.011353859677910805,0.05521848797798157
FisheyeCamera_1_00095_png.rf.7339640275f9c4483536f89fb2c815e0.jpg,7,0.2691478133201599,0.5312272906303406,0.0070988950319588184,0.019898047670722008,0.04055595025420189
FisheyeCamera_1_00095_png.rf.7339640275f9c4483536f89fb2c815e0.jpg,7,0.2721289098262787,0.5392115712165833,0.013457885943353176,0.018072569742798805,0.03916066884994507
FisheyeCamera_1_00095_png.rf.7339640275f9c4483536f89fb2c815e0.jpg,1,0.26700177788734436,0.5392111539840698,0.01478055864572525,0.01820138841867447,0.032673873007297516
FisheyeCamera_1_00095_png.rf.7339640275f9c4483536f89fb2c815e0.jpg,1,0.4383433163166046,0.4818393886089325,0.012147316709160805,0.005225841887295246,0.030693061649799347
FisheyeCamera_1_00095_png.rf.7339640275f9c4483536f89fb2c815e0.jpg,0,0.6377395987510681,0.5365287065505981,0.023001598194241524,0.01996876671910286,0.027006981894373894
FisheyeCamera_1_00095_png.rf.7339640275f9c4483536f89fb2c815e0.jpg,6,0.4765302836894989,0.5528772473335266,0.011001293547451496,0.014941436238586903,0.011079639196395874
FisheyeCamera_1_00095_png.rf.7339640275f9c4483536f89fb2c815e0.jpg,0,0.1242964118719101,0.4777340292930603,0.014294148422777653,0.02075943723320961,0.008923760615289211
FisheyeCamera_1_00095_png.rf.7339640275f9c4483536f89fb2c815e0.jpg,0,0.22121202945709229,0.502384603023529,0.017625296488404274,0.021309487521648407,0.008488990366458893
FisheyeCamera_1_00095_png.rf.7339640275f9c4483536f89fb2c815e0.jpg,1,0.43428781628608704,0.4787733554840088,0.0109877223148942,0.015260109677910805,0.0044173067435622215
FisheyeCamera_1_00095_png.rf.7339640275f9c4483536f89fb2c815e0.jpg,0,0.1804528683423996,0.1919630616903305,0.03415815904736519,0.01942466013133526,0.0037516746670007706
FisheyeCamera_1_00095_png.rf.7339640275f9c4483536f89fb2c815e0.jpg,10,0.4806062579154968,0.5524568557739258,0.0059077925980091095,0.016175784170627594,0.0035648115444928408
FisheyeCamera_1_00095_png.rf.7339640275f9c4483536f89fb2c815e0.jpg,6,0.4754599630832672,0.5492408871650696,0.009107517078518867,0.016404960304498672,0.003401000751182437
FisheyeCamera_1_00095_png.rf.7339640275f9c4483536f89fb2c815e0.jpg,6,0.5157453417778015,0.5508778095245361,0.013071061111986637,0.015470212325453758,0.002983156591653824
FisheyeCamera_1_00095_png.rf.7339640275f9c4483536f89fb2c815e0.jpg,6,0.4913642406463623,0.5345139503479004,0.004449037369340658,0.011868697591125965,0.002852600533515215
FisheyeCamera_1_00095_png.rf.7339640275f9c4483536f89fb2c815e0.jpg,9,0.6369937062263489,0.5384165644645691,0.01990245096385479,0.021897537633776665,0.0023322871420532465
FisheyeCamera_1_00095_png.rf.7339640275f9c4483536f89fb2c815e0.jpg,6,0.5034617781639099,0.5517370104789734,0.008456450887024403,0.016842549666762352,0.0018806887092068791
FisheyeCamera_1_00095_png.rf.7339640275f9c4483536f89fb2c815e0.jpg,1,0.42362281680107117,0.4853005111217499,0.020877692848443985,0.011321141384541988,0.0017598069971427321
FisheyeCamera_1_00095_png.rf.7339640275f9c4483536f89fb2c815e0.jpg,0,0.6332211494445801,0.5379036068916321,0.017437422648072243,0.023422829806804657,0.0017049487214535475
FisheyeCamera_1_00095_png.rf.7339640275f9c4483536f89fb2c815e0.jpg,13,0.16629454493522644,0.524884819984436,0.008302101865410805,0.016160085797309875,0.0015825279988348484
FisheyeCamera_1_00095_png.rf.7339640275f9c4483536f89fb2c815e0.jpg,0,0.4308618903160095,0.4880542457103729,0.008980090729892254,0.006712400354444981,0.0015008264454081655
FisheyeCamera_1_00095_png.rf.7339640275f9c4483536f89fb2c815e0.jpg,11,0.2788820266723633,0.5332331657409668,0.009088663384318352,0.010356170125305653,0.0014929481549188495
FisheyeCamera_1_00095_png.rf.7339640275f9c4483536f89fb2c815e0.jpg,0,0.1205245777964592,0.4769754111766815,0.012375043705105782,0.015409983694553375,0.001441671629436314
FisheyeCamera_1_00095_png.rf.7339640275f9c4483536f89fb2c815e0.jpg,0,0.2023581564426422,0.4920514225959778,0.02189372293651104,0.01621774584054947,0.0011376451002433896
FisheyeCamera_1_00095_png.rf.7339640275f9c4483536f89fb2c815e0.jpg,0,0.4606107473373413,0.5268695950508118,0.012027887627482414,0.014569209888577461,0.0011266199871897697
FisheyeCamera_1_00095_png.rf.7339640275f9c4483536f89fb2c815e0.jpg,13,0.7760870456695557,0.5259486436843872,0.008222286589443684,0.01826462522149086,0.001059867674484849
FisheyeCamera_1_00095_png.rf.7339640275f9c4483536f89fb2c815e0.jpg,6,0.19877471029758453,0.5169980525970459,0.006477209273725748,0.015444829128682613,0.0010496445465832949
FisheyeCamera_1_00095_png.rf.7339640275f9c4483536f89fb2c815e0.jpg,7,0.5278372168540955,0.40063756704330444,0.9443256258964539,0.8012751340866089,0.0010480687487870455
FisheyeCamera_1_00097_png.rf.fb72097a4038b905024bea71b14c1434.jpg,9,0.25360313057899475,0.5314189195632935,0.012044209986925125,0.01500056404620409,0.17450574040412903
FisheyeCamera_1_00097_png.rf.fb72097a4038b905024bea71b14c1434.jpg,1,0.4371429979801178,0.47842732071876526,0.013076269067823887,0.008074467070400715,0.1306254267692566
FisheyeCamera_1_00097_png.rf.fb72097a4038b905024bea71b14c1434.jpg,1,0.42954277992248535,0.475828617811203,0.012932118028402328,0.009425017051398754,0.10452529042959213
FisheyeCamera_1_00097_png.rf.fb72097a4038b905024bea71b14c1434.jpg,7,0.2528647780418396,0.5302305221557617,0.012093838304281235,0.018349647521972656,0.08770257234573364
FisheyeCamera_1_00097_png.rf.fb72097a4038b905024bea71b14c1434.jpg,0,0.6554628610610962,0.5340317487716675,0.020978635177016258,0.021462367847561836,0.030667990446090698
FisheyeCamera_1_00097_png.rf.fb72097a4038b905024bea71b14c1434.jpg,9,0.24846185743808746,0.5317872166633606,0.016155609861016273,0.01520795188844204,0.02270163968205452
FisheyeCamera_1_00097_png.rf.fb72097a4038b905024bea71b14c1434.jpg,1,0.42259204387664795,0.4753425419330597,0.018639786168932915,0.008766541257500648,0.01469869539141655
FisheyeCamera_1_00097_png.rf.fb72097a4038b905024bea71b14c1434.jpg,0,0.42955297231674194,0.48527392745018005,0.008096548728644848,0.008387858979403973,0.013433202169835567
FisheyeCamera_1_00097_png.rf.fb72097a4038b905024bea71b14c1434.jpg,1,0.4388299882411957,0.4793750047683716,0.011631965637207031,0.005750949960201979,0.008530518040060997
FisheyeCamera_1_00097_png.rf.fb72097a4038b905024bea71b14c1434.jpg,1,0.25185006856918335,0.5286134481430054,0.007335846312344074,0.019770989194512367,0.008058110252022743
FisheyeCamera_1_00097_png.rf.fb72097a4038b905024bea71b14c1434.jpg,1,0.2552248239517212,0.534331202507019,0.00881950743496418,0.02545188181102276,0.007092380430549383
FisheyeCamera_1_00097_png.rf.fb72097a4038b905024bea71b14c1434.jpg,6,0.4851239323616028,0.5499156713485718,0.01157496590167284,0.0207977294921875,0.0067082843743264675
FisheyeCamera_1_00097_png.rf.fb72097a4038b905024bea71b14c1434.jpg,1,0.39034906029701233,0.4802978038787842,0.011497351340949535,0.01152016595005989,0.006530692335218191
FisheyeCamera_1_00097_png.rf.fb72097a4038b905024bea71b14c1434.jpg,6,0.4767068922519684,0.5530850291252136,0.011372493579983711,0.014477216638624668,0.004452372435480356
FisheyeCamera_1_00097_png.rf.fb72097a4038b905024bea71b14c1434.jpg,6,0.49139243364334106,0.5320372581481934,0.004209885373711586,0.007225477136671543,0.004408434499055147
FisheyeCamera_1_00097_png.rf.fb72097a4038b905024bea71b14c1434.jpg,1,0.41052672266960144,0.479486882686615,0.014721650630235672,0.010271072387695312,0.0042153699323534966
FisheyeCamera_1_00097_png.rf.fb72097a4038b905024bea71b14c1434.jpg,10,0.48048335313796997,0.5534318089485168,0.005946379620581865,0.014693627133965492,0.00393719831481576
FisheyeCamera_1_00097_png.rf.fb72097a4038b905024bea71b14c1434.jpg,6,0.47654181718826294,0.5477140545845032,0.007569093257188797,0.016416404396295547,0.0030900975689291954
FisheyeCamera_1_00097_png.rf.fb72097a4038b905024bea71b14c1434.jpg,0,0.19737544655799866,0.4917658567428589,0.01854577474296093,0.009765918366611004,0.0027422388084232807
FisheyeCamera_1_00097_png.rf.fb72097a4038b905024bea71b14c1434.jpg,0,0.19865989685058594,0.5004743337631226,0.01679200492799282,0.019555239006876945,0.0026116450317204
FisheyeCamera_1_00097_png.rf.fb72097a4038b905024bea71b14c1434.jpg,6,0.4995554983615875,0.5503119230270386,0.0070256455801427364,0.014825821854174137,0.0024152512196451426
FisheyeCamera_1_00097_png.rf.fb72097a4038b905024bea71b14c1434.jpg,0,0.6572370529174805,0.535926342010498,0.018044546246528625,0.015165695920586586,0.002217588946223259
FisheyeCamera_1_00097_png.rf.fb72097a4038b905024bea71b14c1434.jpg,13,0.7966879606246948,0.5189325213432312,0.013216899707913399,0.023629115894436836,0.0019664179999381304
FisheyeCamera_1_00097_png.rf.fb72097a4038b905024bea71b14c1434.jpg,1,0.39721953868865967,0.475244402885437,0.010543383657932281,0.009037458337843418,0.001265983679331839
FisheyeCamera_1_00097_png.rf.fb72097a4038b905024bea71b14c1434.jpg,13,0.7985900044441223,0.5271210074424744,0.010459313169121742,0.023632416501641273,0.0012498559663072228
FisheyeCamera_1_00097_png.rf.fb72097a4038b905024bea71b14c1434.jpg,0,0.09134425222873688,0.46738412976264954,0.011889971792697906,0.012141888029873371,0.001196235534735024
FisheyeCamera_1_00097_png.rf.fb72097a4038b905024bea71b14c1434.jpg,10,0.46688854694366455,0.5315929055213928,0.005734296981245279,0.01714024320244789,0.0010775821283459663
FisheyeCamera_1_00097_png.rf.fb72097a4038b905024bea71b14c1434.jpg,0,0.20026491582393646,0.4794846773147583,0.017957210540771484,0.01812017895281315,0.00107006065081805
FisheyeCamera_1_00097_png.rf.fb72097a4038b905024bea71b14c1434.jpg,0,0.7558175325393677,0.5248165130615234,0.00957503728568554,0.014683944173157215,0.001062722411006689
FisheyeCamera_1_00097_png.rf.fb72097a4038b905024bea71b14c1434.jpg,9,0.5100874304771423,0.37788230180740356,0.9784474968910217,0.7557646036148071,0.001057424582540989
FisheyeCamera_1_00098_png.rf.937d582ee38fb9c9007c37c872df3176.jpg,7,0.24337373673915863,0.5318645238876343,0.00856905709952116,0.015364794060587883,0.18077176809310913
FisheyeCamera_1_00098_png.rf.937d582ee38fb9c9007c37c872df3176.jpg,1,0.42680639028549194,0.4764336943626404,0.014717542566359043,0.0065714032389223576,0.11342883855104446
FisheyeCamera_1_00098_png.rf.937d582ee38fb9c9007c37c872df3176.jpg,1,0.4283566176891327,0.47483760118484497,0.012458068318665028,0.00784551165997982,0.09243334084749222
FisheyeCamera_1_00098_png.rf.937d582ee38fb9c9007c37c872df3176.jpg,0,0.6670724749565125,0.5327832102775574,0.0263290423899889,0.020971884950995445,0.09152810275554657
FisheyeCamera_1_00098_png.rf.937d582ee38fb9c9007c37c872df3176.jpg,1,0.4205908477306366,0.4745948016643524,0.014796184375882149,0.007857469841837883,0.052240628749132156
FisheyeCamera_1_00098_png.rf.937d582ee38fb9c9007c37c872df3176.jpg,6,0.24252988398075104,0.5346205830574036,0.009666149504482746,0.02006237395107746,0.020564991980791092
FisheyeCamera_1_00098_png.rf.937d582ee38fb9c9007c37c872df3176.jpg,0,0.6614262461662292,0.5336329340934753,0.022652847692370415,0.018219875171780586,0.01413364615291357
FisheyeCamera_1_00098_png.rf.937d582ee38fb9c9007c37c872df3176.jpg,6,0.48576444387435913,0.5497409701347351,0.010261976160109043,0.021833347156643867,0.01345242653042078
FisheyeCamera_1_00098_png.rf.937d582ee38fb9c9007c37c872df3176.jpg,1,0.41713669896125793,0.4770386219024658,0.020221857354044914,0.009192320518195629,0.012034103274345398
FisheyeCamera_1_00098_png.rf.937d582ee38fb9c9007c37c872df3176.jpg,1,0.3898780047893524,0.4791843891143799,0.011665858328342438,0.010096990503370762,0.010975787416100502
FisheyeCamera_1_00098_png.rf.937d582ee38fb9c9007c37c872df3176.jpg,6,0.4787047207355499,0.5500777363777161,0.008030745200812817,0.016737570986151695,0.01092388853430748
FisheyeCamera_1_00098_png.rf.937d582ee38fb9c9007c37c872df3176.jpg,11,0.2392655313014984,0.5291333198547363,0.00961692538112402,0.014681156724691391,0.010425621643662453
FisheyeCamera_1_00098_png.rf.937d582ee38fb9c9007c37c872df3176.jpg,6,0.477436363697052,0.5530220866203308,0.01275627501308918,0.014725171960890293,0.007487785071134567
FisheyeCamera_1_00098_png.rf.937d582ee38fb9c9007c37c872df3176.jpg,10,0.4810774028301239,0.5523998141288757,0.006282513029873371,0.016755765303969383,0.006212221458554268
FisheyeCamera_1_00098_png.rf.937d582ee38fb9c9007c37c872df3176.jpg,6,0.4916734993457794,0.5329214334487915,0.004594069439917803,0.0087294215336442,0.00541596207767725
FisheyeCamera_1_00098_png.rf.937d582ee38fb9c9007c37c872df3176.jpg,1,0.39356696605682373,0.4749852418899536,0.009334931150078773,0.008283101953566074,0.004532070364803076
FisheyeCamera_1_00098_png.rf.937d582ee38fb9c9007c37c872df3176.jpg,13,0.1277683526277542,0.5248651504516602,0.00785680953413248,0.014379355125129223,0.004160451702773571
FisheyeCamera_1_00098_png.rf.937d582ee38fb9c9007c37c872df3176.jpg,1,0.24458013474941254,0.5366637110710144,0.00928497314453125,0.023444542661309242,0.003210283350199461
FisheyeCamera_1_00098_png.rf.937d582ee38fb9c9007c37c872df3176.jpg,0,0.4301266372203827,0.4861099421977997,0.008293372578918934,0.007416945416480303,0.0029573598876595497
FisheyeCamera_1_00098_png.rf.937d582ee38fb9c9007c37c872df3176.jpg,6,0.49811848998069763,0.5510061979293823,0.009235896170139313,0.015348655171692371,0.0025488967075943947
FisheyeCamera_1_00098_png.rf.937d582ee38fb9c9007c37c872df3176.jpg,1,0.44037702679634094,0.4791591763496399,0.009191513061523438,0.005729088559746742,0.0017249698285013437
FisheyeCamera_1_00098_png.rf.937d582ee38fb9c9007c37c872df3176.jpg,0,0.21275585889816284,0.4100041091442108,0.017459429800510406,0.01258454006165266,0.0015574137214571238
FisheyeCamera_1_00098_png.rf.937d582ee38fb9c9007c37c872df3176.jpg,13,0.12958824634552002,0.5121860504150391,0.01008620671927929,0.017479823902249336,0.0014266266953200102
FisheyeCamera_1_00098_png.rf.937d582ee38fb9c9007c37c872df3176.jpg,11,0.6582463383674622,0.5356405377388,0.013484074734151363,0.024915622547268867,0.0012926874915137887
FisheyeCamera_1_00098_png.rf.937d582ee38fb9c9007c37c872df3176.jpg,0,0.7594742774963379,0.520401120185852,0.010822296142578125,0.01860809326171875,0.0010828431695699692
FisheyeCamera_1_00098_png.rf.937d582ee38fb9c9007c37c872df3176.jpg,0,0.19285760819911957,0.5006901025772095,0.015770986676216125,0.009882633574306965,0.0010503208031877875
FisheyeCamera_1_00100_png.rf.683a106328c4647fb8dcd00c1c2af90f.jpg,1,0.4174512028694153,0.4739114046096802,0.010781068354845047,0.007034888956695795,0.17847351729869843
FisheyeCamera_1_00100_png.rf.683a106328c4647fb8dcd00c1c2af90f.jpg,7,0.22115960717201233,0.5278205275535583,0.008483373560011387,0.016869544982910156,0.16709400713443756
FisheyeCamera_1_00100_png.rf.683a106328c4647fb8dcd00c1c2af90f.jpg,1,0.4274318516254425,0.47440868616104126,0.015443802811205387,0.007327666971832514,0.10353533178567886
FisheyeCamera_1_00100_png.rf.683a106328c4647fb8dcd00c1c2af90f.jpg,0,0.6935477256774902,0.5284056663513184,0.01898457482457161,0.02505493350327015,0.02158840373158455
FisheyeCamera_1_00100_png.rf.683a106328c4647fb8dcd00c1c2af90f.jpg,0,0.6876428723335266,0.5278350710868835,0.030491316691040993,0.024011246860027313,0.02066647820174694
FisheyeCamera_1_00100_png.rf.683a106328c4647fb8dcd00c1c2af90f.jpg,6,0.4803548753261566,0.5501092672348022,0.007983501069247723,0.018230512738227844,0.010852081701159477
FisheyeCamera_1_00100_png.rf.683a106328c4647fb8dcd00c1c2af90f.jpg,6,0.47599613666534424,0.5534037947654724,0.01064175833016634,0.013707381673157215,0.008260441944003105
FisheyeCamera_1_00100_png.rf.683a106328c4647fb8dcd00c1c2af90f.jpg,6,0.49300825595855713,0.5346615314483643,0.006159489043056965,0.012004999443888664,0.008107760921120644
FisheyeCamera_1_00100_png.rf.683a106328c4647fb8dcd00c1c2af90f.jpg,6,0.49486029148101807,0.5492282509803772,0.009951078332960606,0.023626327514648438,0.00746751157566905
FisheyeCamera_1_00100_png.rf.683a106328c4647fb8dcd00c1c2af90f.jpg,0,0.8804786801338196,0.47492653131484985,0.021042456850409508,0.014637654647231102,0.004840449895709753
FisheyeCamera_1_00100_png.rf.683a106328c4647fb8dcd00c1c2af90f.jpg,1,0.3806287348270416,0.4737223982810974,0.011462432332336903,0.009068562649190426,0.004051870200783014
FisheyeCamera_1_00100_png.rf.683a106328c4647fb8dcd00c1c2af90f.jpg,1,0.39119815826416016,0.4734218120574951,0.012523798272013664,0.0067798178642988205,0.003927197307348251
FisheyeCamera_1_00100_png.rf.683a106328c4647fb8dcd00c1c2af90f.jpg,7,0.21986185014247894,0.5329493284225464,0.009284240193665028,0.023417914286255836,0.003369756042957306
FisheyeCamera_1_00100_png.rf.683a106328c4647fb8dcd00c1c2af90f.jpg,1,0.4164413809776306,0.47292572259902954,0.017147138714790344,0.00847251620143652,0.003264720318838954
FisheyeCamera_1_00100_png.rf.683a106328c4647fb8dcd00c1c2af90f.jpg,6,0.4953046441078186,0.5508559942245483,0.01347468513995409,0.01720685325562954,0.002759225433692336
FisheyeCamera_1_00100_png.rf.683a106328c4647fb8dcd00c1c2af90f.jpg,0,0.12934529781341553,0.5074230432510376,0.011523229070007801,0.022866396233439445,0.002523775678128004
FisheyeCamera_1_00100_png.rf.683a106328c4647fb8dcd00c1c2af90f.jpg,13,0.4876076579093933,0.5466307997703552,0.0078089055605232716,0.014775863848626614,0.002334325108677149
FisheyeCamera_1_00100_png.rf.683a106328c4647fb8dcd00c1c2af90f.jpg,0,0.8784706592559814,0.47161585092544556,0.015763062983751297,0.014736763201653957,0.0022405493073165417
FisheyeCamera_1_00100_png.rf.683a106328c4647fb8dcd00c1c2af90f.jpg,1,0.3833755552768707,0.4764308035373688,0.008502520620822906,0.007826365530490875,0.0021238087210804224
FisheyeCamera_1_00100_png.rf.683a106328c4647fb8dcd00c1c2af90f.jpg,0,0.16261868178844452,0.4936673045158386,0.010935673490166664,0.012448017485439777,0.0016719643026590347
FisheyeCamera_1_00100_png.rf.683a106328c4647fb8dcd00c1c2af90f.jpg,0,0.6897438168525696,0.5319307446479797,0.020429465919733047,0.026846226304769516,0.0016397294821217656
FisheyeCamera_1_00100_png.rf.683a106328c4647fb8dcd00c1c2af90f.jpg,0,0.6963036060333252,0.529340922832489,0.017510047182440758,0.016326025128364563,0.0012867813929915428
FisheyeCamera_1_00100_png.rf.683a106328c4647fb8dcd00c1c2af90f.jpg,0,0.8864193558692932,0.4698055386543274,0.018824651837348938,0.016682257875800133,0.0011623721802607179
FisheyeCamera_1_00100_png.rf.683a106328c4647fb8dcd00c1c2af90f.jpg,1,0.4079011082649231,0.47679802775382996,0.01340352650731802,0.010684380307793617,0.001072676619514823
FisheyeCamera_1_00100_png.rf.683a106328c4647fb8dcd00c1c2af90f.jpg,13,0.778746485710144,0.5223323106765747,0.004679900128394365,0.01589687168598175,0.0010032027494162321
FisheyeCamera_1_00104_png.rf.4b7fdfa8ad94152180492a204dfd629d.jpg,12,0.36059293150901794,0.5249297022819519,0.02668226696550846,0.037036675959825516,0.17446960508823395
FisheyeCamera_1_00104_png.rf.4b7fdfa8ad94152180492a204dfd629d.jpg,11,0.3611310124397278,0.524742603302002,0.026909682899713516,0.03783886507153511,0.09372744709253311
FisheyeCamera_1_00104_png.rf.4b7fdfa8ad94152180492a204dfd629d.jpg,7,0.3633413314819336,0.5240251421928406,0.028083069249987602,0.03353390470147133,0.04008776322007179
FisheyeCamera_1_00104_png.rf.4b7fdfa8ad94152180492a204dfd629d.jpg,2,0.7126674652099609,0.5331882238388062,0.017122268676757812,0.01996598020195961,0.030314689502120018
FisheyeCamera_1_00104_png.rf.4b7fdfa8ad94152180492a204dfd629d.jpg,7,0.7101421356201172,0.5337686538696289,0.016512945294380188,0.02008775621652603,0.027004951611161232
FisheyeCamera_1_00104_png.rf.4b7fdfa8ad94152180492a204dfd629d.jpg,6,0.3610011041164398,0.525942862033844,0.027461640536785126,0.039687156677246094,0.009518100880086422
FisheyeCamera_1_00104_png.rf.4b7fdfa8ad94152180492a204dfd629d.jpg,1,0.7108372449874878,0.5339150428771973,0.018281936645507812,0.02723429910838604,0.005339952185750008
FisheyeCamera_1_00104_png.rf.4b7fdfa8ad94152180492a204dfd629d.jpg,9,0.4552666246891022,0.545680046081543,0.008957349695265293,0.014515950344502926,0.0051127346232533455
FisheyeCamera_1_00104_png.rf.4b7fdfa8ad94152180492a204dfd629d.jpg,7,0.4549270570278168,0.546383261680603,0.010784443467855453,0.01603420078754425,0.004967276938259602
FisheyeCamera_1_00104_png.rf.4b7fdfa8ad94152180492a204dfd629d.jpg,5,0.3611266314983368,0.5273603200912476,0.03194361552596092,0.039673805236816406,0.0023697048891335726
FisheyeCamera_1_00104_png.rf.4b7fdfa8ad94152180492a204dfd629d.jpg,0,0.0989057794213295,0.5050458908081055,0.021493710577487946,0.013282262720167637,0.0015946552157402039
FisheyeCamera_1_00104_png.rf.4b7fdfa8ad94152180492a204dfd629d.jpg,7,0.592686653137207,0.5467690229415894,0.012300931848585606,0.009915132075548172,0.0010300419526174664
FisheyeCamera_1_00142_png.rf.def6aeee07cff082ea33cd3d659e7024.jpg,9,0.5630311965942383,0.5480383634567261,0.008963658474385738,0.01153828576207161,0.2803173065185547
FisheyeCamera_1_00142_png.rf.def6aeee07cff082ea33cd3d659e7024.jpg,9,0.5990156531333923,0.5443115234375,0.013520387932658195,0.01407718751579523,0.2799595892429352
FisheyeCamera_1_00142_png.rf.def6aeee07cff082ea33cd3d659e7024.jpg,9,0.5941306352615356,0.5447536110877991,0.015188290737569332,0.014769261702895164,0.0752897560596466
FisheyeCamera_1_00142_png.rf.def6aeee07cff082ea33cd3d659e7024.jpg,9,0.5662800669670105,0.5490769147872925,0.010338122956454754,0.01161208562552929,0.04440511763095856
FisheyeCamera_1_00142_png.rf.def6aeee07cff082ea33cd3d659e7024.jpg,6,0.46862897276878357,0.5527027249336243,0.020217308774590492,0.020750779658555984,0.012501413933932781
FisheyeCamera_1_00142_png.rf.def6aeee07cff082ea33cd3d659e7024.jpg,7,0.6009893417358398,0.5445092916488647,0.007979540154337883,0.01320626214146614,0.010103264823555946
FisheyeCamera_1_00142_png.rf.def6aeee07cff082ea33cd3d659e7024.jpg,9,0.5965154767036438,0.5484215021133423,0.007354883477091789,0.02051514945924282,0.007118913810700178
FisheyeCamera_1_00142_png.rf.def6aeee07cff082ea33cd3d659e7024.jpg,9,0.6236570477485657,0.5464934706687927,0.006439796183258295,0.010063611902296543,0.00525819044560194
FisheyeCamera_1_00142_png.rf.def6aeee07cff082ea33cd3d659e7024.jpg,11,0.3416181802749634,0.5434869527816772,0.010206149891018867,0.010929548181593418,0.004275004379451275
FisheyeCamera_1_00142_png.rf.def6aeee07cff082ea33cd3d659e7024.jpg,0,0.4668024778366089,0.5537665486335754,0.018126562237739563,0.027612026780843735,0.003099671797826886
FisheyeCamera_1_00142_png.rf.def6aeee07cff082ea33cd3d659e7024.jpg,7,0.603248119354248,0.5391197204589844,0.010591067373752594,0.01494840532541275,0.0028044735081493855
FisheyeCamera_1_00142_png.rf.def6aeee07cff082ea33cd3d659e7024.jpg,6,0.5313659906387329,0.5479977130889893,0.0072162337601184845,0.009979835711419582,0.0027374429628252983
FisheyeCamera_1_00142_png.rf.def6aeee07cff082ea33cd3d659e7024.jpg,7,0.6216397285461426,0.5438053607940674,0.008498119190335274,0.01263420470058918,0.002425847575068474
FisheyeCamera_1_00142_png.rf.def6aeee07cff082ea33cd3d659e7024.jpg,0,0.44243666529655457,0.5266278982162476,0.007129963021725416,0.020193247124552727,0.002325373934581876
FisheyeCamera_1_00142_png.rf.def6aeee07cff082ea33cd3d659e7024.jpg,0,0.49554818868637085,0.538412868976593,0.011010243557393551,0.02091495878994465,0.0023168139159679413
FisheyeCamera_1_00142_png.rf.def6aeee07cff082ea33cd3d659e7024.jpg,6,0.5525399446487427,0.5493437051773071,0.01157892681658268,0.013986221514642239,0.0022034235298633575
FisheyeCamera_1_00142_png.rf.def6aeee07cff082ea33cd3d659e7024.jpg,6,0.5037894248962402,0.546272873878479,0.01205312367528677,0.01750696636736393,0.001995555590838194
FisheyeCamera_1_00142_png.rf.def6aeee07cff082ea33cd3d659e7024.jpg,6,0.5286873579025269,0.5468765497207642,0.012735733762383461,0.013293339870870113,0.0017792492872104049
FisheyeCamera_1_00142_png.rf.def6aeee07cff082ea33cd3d659e7024.jpg,10,0.4658288359642029,0.5408421754837036,0.008966373279690742,0.01926884427666664,0.0012862944277003407
FisheyeCamera_1_00150_png.rf.59de5a3cfa738990cf21ba7d18b79444.jpg,11,0.36653006076812744,0.5294508337974548,0.01864073984324932,0.03141278773546219,0.2658175528049469
FisheyeCamera_1_00150_png.rf.59de5a3cfa738990cf21ba7d18b79444.jpg,13,0.3642224669456482,0.5299750566482544,0.021493911743164062,0.031248534098267555,0.2532835602760315
FisheyeCamera_1_00150_png.rf.59de5a3cfa738990cf21ba7d18b79444.jpg,5,0.3665911853313446,0.530854344367981,0.017938394099473953,0.0326995849609375,0.12724526226520538
FisheyeCamera_1_00150_png.rf.59de5a3cfa738990cf21ba7d18b79444.jpg,9,0.40774208307266235,0.5454517602920532,0.011597706936299801,0.012092296965420246,0.10009397566318512
FisheyeCamera_1_00150_png.rf.59de5a3cfa738990cf21ba7d18b79444.jpg,11,0.40397679805755615,0.5455641150474548,0.011169507168233395,0.015779055655002594,0.051407165825366974
FisheyeCamera_1_00150_png.rf.59de5a3cfa738990cf21ba7d18b79444.jpg,4,0.3640514016151428,0.5319496393203735,0.021876556798815727,0.034908004105091095,0.047475554049015045
FisheyeCamera_1_00150_png.rf.59de5a3cfa738990cf21ba7d18b79444.jpg,7,0.6134490966796875,0.5432059168815613,0.015367215499281883,0.01335136778652668,0.035000383853912354
FisheyeCamera_1_00150_png.rf.59de5a3cfa738990cf21ba7d18b79444.jpg,7,0.6176611185073853,0.5431446433067322,0.01471460796892643,0.01345678512006998,0.02863982692360878
FisheyeCamera_1_00150_png.rf.59de5a3cfa738990cf21ba7d18b79444.jpg,9,0.3667621612548828,0.5292474627494812,0.01945781707763672,0.03253188729286194,0.02581293135881424
FisheyeCamera_1_00150_png.rf.59de5a3cfa738990cf21ba7d18b79444.jpg,7,0.5326093435287476,0.548991322517395,0.0076587386429309845,0.010130221955478191,0.015882374718785286
FisheyeCamera_1_00150_png.rf.59de5a3cfa738990cf21ba7d18b79444.jpg,0,0.6144539713859558,0.5441004037857056,0.009909703396260738,0.015061525627970695,0.0034290531184524298
FisheyeCamera_1_00150_png.rf.59de5a3cfa738990cf21ba7d18b79444.jpg,1,0.5301443934440613,0.5468371510505676,0.010392922908067703,0.011166352778673172,0.002763633383437991
FisheyeCamera_1_00150_png.rf.59de5a3cfa738990cf21ba7d18b79444.jpg,11,0.4025716185569763,0.5443596839904785,0.01680785045027733,0.013721906580030918,0.002460191026329994
FisheyeCamera_1_00150_png.rf.59de5a3cfa738990cf21ba7d18b79444.jpg,7,0.4478099048137665,0.548801064491272,0.008515064604580402,0.009164663963019848,0.0015515603590756655
FisheyeCamera_1_00150_png.rf.59de5a3cfa738990cf21ba7d18b79444.jpg,1,0.6064400672912598,0.5447383522987366,0.013155571185052395,0.012138954363763332,0.0013610472669824958
FisheyeCamera_1_00150_png.rf.59de5a3cfa738990cf21ba7d18b79444.jpg,11,0.5362443923950195,0.9146700501441956,0.8903405666351318,0.17066001892089844,0.0011314954608678818
FisheyeCamera_1_00151_png.rf.ff1355b3e842019c0228380552ea0c2c.jpg,11,0.35363784432411194,0.5274211764335632,0.020526885986328125,0.03445940837264061,0.3488805890083313
FisheyeCamera_1_00151_png.rf.ff1355b3e842019c0228380552ea0c2c.jpg,13,0.3544842004776001,0.5288349986076355,0.0251034963876009,0.03269254416227341,0.1847287267446518
FisheyeCamera_1_00151_png.rf.ff1355b3e842019c0228380552ea0c2c.jpg,7,0.6221511960029602,0.5426719188690186,0.010190524160861969,0.014600827358663082,0.10417385399341583
FisheyeCamera_1_00151_png.rf.ff1355b3e842019c0228380552ea0c2c.jpg,9,0.4068647623062134,0.5448978543281555,0.013220860622823238,0.012851642444729805,0.09364736080169678
FisheyeCamera_1_00151_png.rf.ff1355b3e842019c0228380552ea0c2c.jpg,11,0.40390995144844055,0.545531690120697,0.011214843951165676,0.017305593937635422,0.05120301619172096
FisheyeCamera_1_00151_png.rf.ff1355b3e842019c0228380552ea0c2c.jpg,5,0.3545161783695221,0.5303784012794495,0.024712197482585907,0.036942631006240845,0.035628609359264374
FisheyeCamera_1_00151_png.rf.ff1355b3e842019c0228380552ea0c2c.jpg,7,0.533680260181427,0.5489217638969421,0.009706350974738598,0.01071555819362402,0.012940093874931335
FisheyeCamera_1_00151_png.rf.ff1355b3e842019c0228380552ea0c2c.jpg,11,0.40120813250541687,0.5452238321304321,0.01397448405623436,0.014675874263048172,0.011201233603060246
FisheyeCamera_1_00151_png.rf.ff1355b3e842019c0228380552ea0c2c.jpg,4,0.35412847995758057,0.5277919769287109,0.024165228009223938,0.03670237585902214,0.008878297172486782
FisheyeCamera_1_00151_png.rf.ff1355b3e842019c0228380552ea0c2c.jpg,7,0.4477088153362274,0.5491305589675903,0.008582629263401031,0.009763424284756184,0.008296662010252476
FisheyeCamera_1_00151_png.rf.ff1355b3e842019c0228380552ea0c2c.jpg,1,0.532069206237793,0.5482039451599121,0.014196909964084625,0.011755723506212234,0.0029030872974544764
FisheyeCamera_1_00151_png.rf.ff1355b3e842019c0228380552ea0c2c.jpg,11,0.28411146998405457,0.5277307629585266,0.010650524869561195,0.010865285061299801,0.0012723748805001378
FisheyeCamera_1_00153_png.rf.19444df592470cf02432f62dfd784f12.jpg,9,0.5852040648460388,0.5453912615776062,0.008604049682617188,0.014804253354668617,0.48199692368507385
FisheyeCamera_1_00153_png.rf.19444df592470cf02432f62dfd784f12.jpg,9,0.6628175973892212,0.5348074436187744,0.01354070845991373,0.023275669664144516,0.2837005853652954
FisheyeCamera_1_00153_png.rf.19444df592470cf02432f62dfd784f12.jpg,9,0.6852937340736389,0.5370725989341736,0.011168553493916988,0.017375139519572258,0.1781594157218933
FisheyeCamera_1_00153_png.rf.19444df592470cf02432f62dfd784f12.jpg,9,0.5882781147956848,0.5452055335044861,0.01252350490540266,0.014270562678575516,0.16469809412956238
FisheyeCamera_1_00153_png.rf.19444df592470cf02432f62dfd784f12.jpg,9,0.6871734261512756,0.5387917757034302,0.00943770818412304,0.019964512437582016,0.06910893321037292
FisheyeCamera_1_00153_png.rf.19444df592470cf02432f62dfd784f12.jpg,6,0.5463358759880066,0.543550968170166,0.00878407433629036,0.01007711049169302,0.021853575482964516
FisheyeCamera_1_00153_png.rf.19444df592470cf02432f62dfd784f12.jpg,1,0.3351402282714844,0.5439882278442383,0.006175114773213863,0.011371392756700516,0.015277058817446232
FisheyeCamera_1_00153_png.rf.19444df592470cf02432f62dfd784f12.jpg,11,0.33660706877708435,0.5416518449783325,0.007013468071818352,0.013567117974162102,0.009955101646482944
FisheyeCamera_1_00153_png.rf.19444df592470cf02432f62dfd784f12.jpg,0,0.4658958613872528,0.5489794015884399,0.011727406643331051,0.02378595806658268,0.009248308837413788
FisheyeCamera_1_00153_png.rf.19444df592470cf02432f62dfd784f12.jpg,9,0.6818225979804993,0.5329108238220215,0.012796402908861637,0.023555610328912735,0.007980505004525185
FisheyeCamera_1_00153_png.rf.19444df592470cf02432f62dfd784f12.jpg,0,0.5432493686676025,0.5053051114082336,0.012330349534749985,0.018955964595079422,0.007857855409383774
FisheyeCamera_1_00153_png.rf.19444df592470cf02432f62dfd784f12.jpg,6,0.5813286304473877,0.5446595549583435,0.01998600736260414,0.01404322125017643,0.007198492996394634
FisheyeCamera_1_00153_png.rf.19444df592470cf02432f62dfd784f12.jpg,10,0.46594440937042236,0.5386363863945007,0.007585452403873205,0.015648622065782547,0.0069922213442623615
FisheyeCamera_1_00153_png.rf.19444df592470cf02432f62dfd784f12.jpg,9,0.6627618074417114,0.533898115158081,0.022453896701335907,0.013902665115892887,0.006019713822752237
FisheyeCamera_1_00153_png.rf.19444df592470cf02432f62dfd784f12.jpg,6,0.4689495265483856,0.5483260154724121,0.019486721605062485,0.02402767911553383,0.00464129913598299
FisheyeCamera_1_00153_png.rf.19444df592470cf02432f62dfd784f12.jpg,6,0.4644889235496521,0.5488475561141968,0.018532460555434227,0.026731418445706367,0.004050435032695532
FisheyeCamera_1_00153_png.rf.19444df592470cf02432f62dfd784f12.jpg,10,0.4413488209247589,0.5541909337043762,0.0064763291738927364,0.015855643898248672,0.00392850860953331
FisheyeCamera_1_00153_png.rf.19444df592470cf02432f62dfd784f12.jpg,6,0.5251369476318359,0.5446984767913818,0.008801314048469067,0.012401214800775051,0.002792868996039033
FisheyeCamera_1_00153_png.rf.19444df592470cf02432f62dfd784f12.jpg,6,0.532305896282196,0.5506238341331482,0.0081343287602067,0.00961157027631998,0.0015473299426957965
FisheyeCamera_1_00153_png.rf.19444df592470cf02432f62dfd784f12.jpg,6,0.5042775869369507,0.5439661145210266,0.011072746478021145,0.01646694913506508,0.0015470418147742748
FisheyeCamera_1_00153_png.rf.19444df592470cf02432f62dfd784f12.jpg,0,0.46679389476776123,0.5404256582260132,0.011594039388000965,0.02324705943465233,0.0011626435443758965
FisheyeCamera_1_00153_png.rf.19444df592470cf02432f62dfd784f12.jpg,10,0.44068726897239685,0.5245882272720337,0.007831500843167305,0.01386275701224804,0.0010056995088234544
FisheyeCamera_1_00154_png.rf.be661e0bba8aead34dbcded1d4e5b260.jpg,9,0.6717425584793091,0.533337414264679,0.016581609845161438,0.024466736242175102,0.5508947968482971
FisheyeCamera_1_00154_png.rf.be661e0bba8aead34dbcded1d4e5b260.jpg,9,0.5892624258995056,0.5452408194541931,0.00868489220738411,0.013612453825771809,0.3009786903858185
FisheyeCamera_1_00154_png.rf.be661e0bba8aead34dbcded1d4e5b260.jpg,9,0.6959455013275146,0.5371010899543762,0.012403635308146477,0.018446777015924454,0.20357561111450195
FisheyeCamera_1_00154_png.rf.be661e0bba8aead34dbcded1d4e5b260.jpg,9,0.6859098076820374,0.5351701974868774,0.015676205977797508,0.020058264955878258,0.19993026554584503
FisheyeCamera_1_00154_png.rf.be661e0bba8aead34dbcded1d4e5b260.jpg,9,0.6810091733932495,0.5326224565505981,0.01896696910262108,0.02286500297486782,0.11795811355113983
FisheyeCamera_1_00154_png.rf.be661e0bba8aead34dbcded1d4e5b260.jpg,6,0.5465047955513,0.5450928211212158,0.007283137645572424,0.008792804554104805,0.04547414928674698
FisheyeCamera_1_00154_png.rf.be661e0bba8aead34dbcded1d4e5b260.jpg,9,0.6751447916030884,0.532383143901825,0.01596304215490818,0.02844473160803318,0.030548324808478355
FisheyeCamera_1_00154_png.rf.be661e0bba8aead34dbcded1d4e5b260.jpg,1,0.3351138234138489,0.5431800484657288,0.006012110039591789,0.011963771656155586,0.01749265193939209
FisheyeCamera_1_00154_png.rf.be661e0bba8aead34dbcded1d4e5b260.jpg,0,0.46564728021621704,0.5500534772872925,0.012849514372646809,0.02303042821586132,0.008291813544929028
FisheyeCamera_1_00154_png.rf.be661e0bba8aead34dbcded1d4e5b260.jpg,10,0.46591809391975403,0.5386723279953003,0.007308006752282381,0.015550614334642887,0.006173199974000454
FisheyeCamera_1_00154_png.rf.be661e0bba8aead34dbcded1d4e5b260.jpg,9,0.6895406246185303,0.5341318249702454,0.02246827445924282,0.015713179484009743,0.005340083967894316
FisheyeCamera_1_00154_png.rf.be661e0bba8aead34dbcded1d4e5b260.jpg,11,0.33571934700012207,0.5411509871482849,0.008171741850674152,0.014045421965420246,0.005217823665589094
FisheyeCamera_1_00154_png.rf.be661e0bba8aead34dbcded1d4e5b260.jpg,6,0.46382689476013184,0.5486758947372437,0.017554137855768204,0.026816003024578094,0.0040013594552874565
FisheyeCamera_1_00154_png.rf.be661e0bba8aead34dbcded1d4e5b260.jpg,6,0.524034321308136,0.5435616374015808,0.007486637216061354,0.012892796657979488,0.002828498836606741
FisheyeCamera_1_00154_png.rf.be661e0bba8aead34dbcded1d4e5b260.jpg,10,0.44141536951065063,0.5536110997200012,0.007068340666592121,0.017442850396037102,0.0027480428107082844
FisheyeCamera_1_00154_png.rf.be661e0bba8aead34dbcded1d4e5b260.jpg,6,0.5815026164054871,0.5440184473991394,0.020419707521796227,0.014402169734239578,0.002682545455172658
FisheyeCamera_1_00154_png.rf.be661e0bba8aead34dbcded1d4e5b260.jpg,0,0.5426414012908936,0.5036964416503906,0.013205455616116524,0.017586562782526016,0.0025855961721390486
FisheyeCamera_1_00154_png.rf.be661e0bba8aead34dbcded1d4e5b260.jpg,1,0.43907827138900757,0.49794161319732666,0.014271663501858711,0.015484883449971676,0.002558666979894042
FisheyeCamera_1_00154_png.rf.be661e0bba8aead34dbcded1d4e5b260.jpg,1,0.48878809809684753,0.5145812034606934,0.007794453762471676,0.011155495420098305,0.0011904860148206353
FisheyeCamera_1_00154_png.rf.be661e0bba8aead34dbcded1d4e5b260.jpg,6,0.4686397910118103,0.5472108721733093,0.020110130310058594,0.024158919230103493,0.0011501520639285445
FisheyeCamera_1_00154_png.rf.be661e0bba8aead34dbcded1d4e5b260.jpg,7,0.2571631073951721,0.5324190855026245,0.00548553466796875,0.011234430596232414,0.0010293301893398166
FisheyeCamera_1_00194_png.rf.21c8dbe947c18776eaab4e5caec1585b.jpg,1,0.352621465921402,0.4856601655483246,0.010235126130282879,0.009881019592285156,0.09563183784484863
FisheyeCamera_1_00194_png.rf.21c8dbe947c18776eaab4e5caec1585b.jpg,1,0.3196690082550049,0.4762585759162903,0.0077274031937122345,0.011671213433146477,0.04953562840819359
FisheyeCamera_1_00194_png.rf.21c8dbe947c18776eaab4e5caec1585b.jpg,1,0.3587186634540558,0.48103922605514526,0.011541220359504223,0.012458141893148422,0.04026927798986435
FisheyeCamera_1_00194_png.rf.21c8dbe947c18776eaab4e5caec1585b.jpg,1,0.36003270745277405,0.481866717338562,0.013764161616563797,0.004182522185146809,0.01134343259036541
FisheyeCamera_1_00194_png.rf.21c8dbe947c18776eaab4e5caec1585b.jpg,0,0.25698110461235046,0.5348700881004333,0.006370251066982746,0.013005916960537434,0.010160963982343674
FisheyeCamera_1_00194_png.rf.21c8dbe947c18776eaab4e5caec1585b.jpg,1,0.3193743824958801,0.48572784662246704,0.007327300030738115,0.012527760118246078,0.007724423427134752
FisheyeCamera_1_00194_png.rf.21c8dbe947c18776eaab4e5caec1585b.jpg,0,0.3263877034187317,0.480968713760376,0.011138329282402992,0.005920997355133295,0.007427244447171688
FisheyeCamera_1_00194_png.rf.21c8dbe947c18776eaab4e5caec1585b.jpg,1,0.3523073196411133,0.4790984094142914,0.010677484795451164,0.015915578231215477,0.004157469607889652
FisheyeCamera_1_00194_png.rf.21c8dbe947c18776eaab4e5caec1585b.jpg,9,0.2535245716571808,0.5366191267967224,0.013118891045451164,0.01662393845617771,0.0039846389554440975
FisheyeCamera_1_00194_png.rf.21c8dbe947c18776eaab4e5caec1585b.jpg,10,0.31484079360961914,0.5447479486465454,0.0126661891117692,0.019339416176080704,0.003430820070207119
FisheyeCamera_1_00194_png.rf.21c8dbe947c18776eaab4e5caec1585b.jpg,1,0.3418182134628296,0.4777766466140747,0.012234174646437168,0.013618763536214828,0.0023505007848143578
FisheyeCamera_1_00194_png.rf.21c8dbe947c18776eaab4e5caec1585b.jpg,0,0.4037252366542816,0.5506191253662109,0.011294879019260406,0.019412849098443985,0.0022300397977232933
FisheyeCamera_1_00194_png.rf.21c8dbe947c18776eaab4e5caec1585b.jpg,1,0.3100523054599762,0.4805893003940582,0.021488264203071594,0.017755435779690742,0.002072839764878154
FisheyeCamera_1_00194_png.rf.21c8dbe947c18776eaab4e5caec1585b.jpg,10,0.404679536819458,0.5485283136367798,0.007348868064582348,0.02207220532000065,0.0019424897618591785
FisheyeCamera_1_00194_png.rf.21c8dbe947c18776eaab4e5caec1585b.jpg,9,0.40127530694007874,0.5491209030151367,0.014108952134847641,0.017274416983127594,0.001288797240704298
FisheyeCamera_1_00194_png.rf.21c8dbe947c18776eaab4e5caec1585b.jpg,11,0.10859445482492447,0.5167250037193298,0.0036560390144586563,0.012935859151184559,0.0012802521232515574
FisheyeCamera_1_00194_png.rf.21c8dbe947c18776eaab4e5caec1585b.jpg,10,0.32658490538597107,0.5328171849250793,0.007653016597032547,0.023975299671292305,0.0012532531982287765
FisheyeCamera_1_00194_png.rf.21c8dbe947c18776eaab4e5caec1585b.jpg,1,0.34268680214881897,0.48553285002708435,0.013240374624729156,0.010537881404161453,0.0012289603473618627
FisheyeCamera_1_00194_png.rf.21c8dbe947c18776eaab4e5caec1585b.jpg,1,0.31452831625938416,0.48490962386131287,0.012056938372552395,0.020493362098932266,0.0011029236484318972
FisheyeCamera_1_00194_png.rf.21c8dbe947c18776eaab4e5caec1585b.jpg,6,0.31257161498069763,0.5543938875198364,0.011765333823859692,0.016156857833266258,0.0010839150054380298
FisheyeCamera_1_00195_png.rf.c958e21bb68e76adac7817623d7c1f75.jpg,0,0.5560247302055359,0.3979840874671936,0.02440922148525715,0.016376862302422523,0.4974749684333801
FisheyeCamera_1_00195_png.rf.c958e21bb68e76adac7817623d7c1f75.jpg,0,0.4640640914440155,0.381540447473526,0.024206308647990227,0.01322687603533268,0.3123437762260437
FisheyeCamera_1_00195_png.rf.c958e21bb68e76adac7817623d7c1f75.jpg,12,0.7662529945373535,0.5243547558784485,0.019244855269789696,0.02574627287685871,0.06615204364061356
FisheyeCamera_1_00195_png.rf.c958e21bb68e76adac7817623d7c1f75.jpg,5,0.76693195104599,0.5251585245132446,0.015331562608480453,0.02494269236922264,0.02995433285832405
FisheyeCamera_1_00195_png.rf.c958e21bb68e76adac7817623d7c1f75.jpg,1,0.47348251938819885,0.475544810295105,0.010235860012471676,0.009524345397949219,0.008993282914161682
FisheyeCamera_1_00195_png.rf.c958e21bb68e76adac7817623d7c1f75.jpg,5,0.31124138832092285,0.4852549731731415,0.01071783248335123,0.02161921001970768,0.006901432294398546
FisheyeCamera_1_00195_png.rf.c958e21bb68e76adac7817623d7c1f75.jpg,0,0.5544871091842651,0.3934209942817688,0.02089141122996807,0.02231333963572979,0.005488608032464981
FisheyeCamera_1_00195_png.rf.c958e21bb68e76adac7817623d7c1f75.jpg,0,0.46451321244239807,0.38504207134246826,0.026826126500964165,0.020935792475938797,0.005376455374062061
FisheyeCamera_1_00195_png.rf.c958e21bb68e76adac7817623d7c1f75.jpg,5,0.31127285957336426,0.49500182271003723,0.010659512132406235,0.030739419162273407,0.0042545488104224205
FisheyeCamera_1_00195_png.rf.c958e21bb68e76adac7817623d7c1f75.jpg,0,0.4747627377510071,0.47679904103279114,0.009528820402920246,0.008212456479668617,0.002354117576032877
FisheyeCamera_1_00195_png.rf.c958e21bb68e76adac7817623d7c1f75.jpg,1,0.43032553791999817,0.47356027364730835,0.007627267390489578,0.007546498440206051,0.0018204639200121164
FisheyeCamera_1_00195_png.rf.c958e21bb68e76adac7817623d7c1f75.jpg,0,0.47059574723243713,0.3831717073917389,0.04038942977786064,0.02436073124408722,0.0011938005918636918
FisheyeCamera_1_00202_png.rf.ee30ccd577d5cfc9c2f6c16edaeacdf2.jpg,0,0.5104185938835144,0.3028792440891266,0.03368796035647392,0.022372759878635406,0.7905671000480652
FisheyeCamera_1_00202_png.rf.ee30ccd577d5cfc9c2f6c16edaeacdf2.jpg,0,0.6390914916992188,0.32915154099464417,0.027943098917603493,0.018484337255358696,0.6088523268699646
FisheyeCamera_1_00202_png.rf.ee30ccd577d5cfc9c2f6c16edaeacdf2.jpg,1,0.4796525239944458,0.4565773904323578,0.011714495718479156,0.010553726926445961,0.09360148012638092
FisheyeCamera_1_00202_png.rf.ee30ccd577d5cfc9c2f6c16edaeacdf2.jpg,1,0.5334613919258118,0.46570441126823425,0.013218513689935207,0.011436756700277328,0.0707869604229927
FisheyeCamera_1_00202_png.rf.ee30ccd577d5cfc9c2f6c16edaeacdf2.jpg,1,0.5315761566162109,0.45987629890441895,0.0143775949254632,0.016187742352485657,0.018102416768670082
FisheyeCamera_1_00202_png.rf.ee30ccd577d5cfc9c2f6c16edaeacdf2.jpg,0,0.5288325548171997,0.3082282841205597,0.05571519583463669,0.020188553258776665,0.014718230813741684
FisheyeCamera_1_00202_png.rf.ee30ccd577d5cfc9c2f6c16edaeacdf2.jpg,1,0.5314188003540039,0.46651309728622437,0.013709875755012035,0.017325034365057945,0.00919567421078682
FisheyeCamera_1_00202_png.rf.ee30ccd577d5cfc9c2f6c16edaeacdf2.jpg,1,0.18376439809799194,0.45482030510902405,0.012735147029161453,0.02308412827551365,0.008056098595261574
FisheyeCamera_1_00202_png.rf.ee30ccd577d5cfc9c2f6c16edaeacdf2.jpg,1,0.481923371553421,0.4577736258506775,0.018504951149225235,0.012048501521348953,0.004220434930175543
FisheyeCamera_1_00202_png.rf.ee30ccd577d5cfc9c2f6c16edaeacdf2.jpg,1,0.18664126098155975,0.45361462235450745,0.008897781372070312,0.02307877317070961,0.0017838376807048917
FisheyeCamera_1_00202_png.rf.ee30ccd577d5cfc9c2f6c16edaeacdf2.jpg,1,0.4143054783344269,0.305947870016098,0.017824027687311172,0.015608311630785465,0.001455303281545639
FisheyeCamera_1_00202_png.rf.ee30ccd577d5cfc9c2f6c16edaeacdf2.jpg,1,0.42633846402168274,0.30624204874038696,0.020424550399184227,0.015396174043416977,0.0012186749372631311
FisheyeCamera_1_00204_png.rf.19edfa32d48b66e0365f54c7325dcbd4.jpg,0,0.5291041135787964,0.2658390700817108,0.035541094839572906,0.023830927908420563,0.8275972008705139
FisheyeCamera_1_00204_png.rf.19edfa32d48b66e0365f54c7325dcbd4.jpg,0,0.6715933084487915,0.29862064123153687,0.02933766320347786,0.02203339897096157,0.5625447630882263
FisheyeCamera_1_00204_png.rf.19edfa32d48b66e0365f54c7325dcbd4.jpg,1,0.4949333667755127,0.4550632834434509,0.01124073937535286,0.007807585410773754,0.0168948732316494
FisheyeCamera_1_00204_png.rf.19edfa32d48b66e0365f54c7325dcbd4.jpg,1,0.49481892585754395,0.45384612679481506,0.014363876543939114,0.009777362458407879,0.014080491848289967
FisheyeCamera_1_00204_png.rf.19edfa32d48b66e0365f54c7325dcbd4.jpg,0,0.5523545742034912,0.4554823637008667,0.013834366574883461,0.009633137844502926,0.012885890901088715
FisheyeCamera_1_00204_png.rf.19edfa32d48b66e0365f54c7325dcbd4.jpg,0,0.6741253137588501,0.30243122577667236,0.041166599839925766,0.030918361619114876,0.010572913102805614
FisheyeCamera_1_00204_png.rf.19edfa32d48b66e0365f54c7325dcbd4.jpg,0,0.5641518235206604,0.4558141231536865,0.017731666564941406,0.010066179558634758,0.008524592034518719
FisheyeCamera_1_00204_png.rf.19edfa32d48b66e0365f54c7325dcbd4.jpg,1,0.19373835623264313,0.453092485666275,0.01388300396502018,0.022017333656549454,0.0036382090765982866
FisheyeCamera_1_00204_png.rf.19edfa32d48b66e0365f54c7325dcbd4.jpg,1,0.48760512471199036,0.4533986747264862,0.01815810613334179,0.008666626177728176,0.00234754616394639
FisheyeCamera_1_00204_png.rf.19edfa32d48b66e0365f54c7325dcbd4.jpg,0,0.5433996319770813,0.2692716419696808,0.07032343000173569,0.02894078940153122,0.0011890573659911752
FisheyeCamera_1_00211_png.rf.4d937346689834589353be2d154dc924.jpg,0,0.5746784806251526,0.08590483665466309,0.05717138200998306,0.04083132743835449,0.7551108002662659
FisheyeCamera_1_00211_png.rf.4d937346689834589353be2d154dc924.jpg,1,0.5905886888504028,0.47236305475234985,0.014587842859327793,0.009942568838596344,0.5863900780677795
FisheyeCamera_1_00211_png.rf.4d937346689834589353be2d154dc924.jpg,0,0.7786726355552673,0.18288961052894592,0.03818292170763016,0.03397670388221741,0.44833144545555115
FisheyeCamera_1_00211_png.rf.4d937346689834589353be2d154dc924.jpg,1,0.5909579396247864,0.473312109708786,0.015095344744622707,0.01747366227209568,0.2636266052722931
FisheyeCamera_1_00211_png.rf.4d937346689834589353be2d154dc924.jpg,1,0.518081545829773,0.47089171409606934,0.014353605918586254,0.009270374663174152,0.21892759203910828
FisheyeCamera_1_00211_png.rf.4d937346689834589353be2d154dc924.jpg,1,0.5173907279968262,0.47280070185661316,0.011384083889424801,0.017879486083984375,0.03331877291202545
FisheyeCamera_1_00211_png.rf.4d937346689834589353be2d154dc924.jpg,1,0.5944104790687561,0.4727054536342621,0.022942030802369118,0.011394280940294266,0.011721056886017323
FisheyeCamera_1_00211_png.rf.4d937346689834589353be2d154dc924.jpg,1,0.35677382349967957,0.5038058161735535,0.012178641743957996,0.014007789082825184,0.00508616678416729
FisheyeCamera_1_00211_png.rf.4d937346689834589353be2d154dc924.jpg,1,0.5126461386680603,0.4701021909713745,0.021892255172133446,0.010746442712843418,0.0031260312534868717
FisheyeCamera_1_00211_png.rf.4d937346689834589353be2d154dc924.jpg,1,0.6618130207061768,0.12937267124652863,0.027818534523248672,0.016924124211072922,0.00219827052205801
FisheyeCamera_1_00211_png.rf.4d937346689834589353be2d154dc924.jpg,1,0.45071399211883545,0.4736035168170929,0.010916490107774734,0.012821857817471027,0.0019940861966460943
FisheyeCamera_1_00211_png.rf.4d937346689834589353be2d154dc924.jpg,1,0.5182952880859375,0.46298205852508545,0.014132720418274403,0.022405918687582016,0.001601339434273541
FisheyeCamera_1_00211_png.rf.4d937346689834589353be2d154dc924.jpg,1,0.4901444613933563,0.4709438979625702,0.006857138592749834,0.004708657041192055,0.0015873240772634745
FisheyeCamera_1_00211_png.rf.4d937346689834589353be2d154dc924.jpg,14,0.8865174651145935,0.4247020483016968,0.217391237616539,0.8486456871032715,0.0012173667782917619
FisheyeCamera_1_00211_png.rf.4d937346689834589353be2d154dc924.jpg,0,0.5846956372261047,0.0988086685538292,0.07758859544992447,0.039815355092287064,0.0011164310853928328
FisheyeCamera_1_00211_png.rf.4d937346689834589353be2d154dc924.jpg,1,0.4527144730091095,0.4719686806201935,0.0068881697952747345,0.009020511992275715,0.001100028632208705
FisheyeCamera_1_00230_png.rf.0abfb32b639a38aefee3263df7d3733e.jpg,1,0.5510692000389099,0.4394422769546509,0.0433453805744648,0.026135224848985672,0.6735520362854004
FisheyeCamera_1_00230_png.rf.0abfb32b639a38aefee3263df7d3733e.jpg,1,0.717437207698822,0.45357459783554077,0.031335391104221344,0.019835032522678375,0.43461668491363525
FisheyeCamera_1_00230_png.rf.0abfb32b639a38aefee3263df7d3733e.jpg,8,0.5904158353805542,0.5011618733406067,0.8160309791564941,0.9976763725280762,0.0013247240567579865
FisheyeCamera_1_00230_png.rf.0abfb32b639a38aefee3263df7d3733e.jpg,1,0.7155442833900452,0.4518994390964508,0.03810061141848564,0.027998851612210274,0.0012588114477694035
FisheyeCamera_1_00230_png.rf.de641278e85b0675e5c4ec40b2fdf74f.jpg,10,0.3128684163093567,0.5234315395355225,0.023523900657892227,0.03642207011580467,0.9145722985267639
FisheyeCamera_1_00230_png.rf.de641278e85b0675e5c4ec40b2fdf74f.jpg,1,0.43644511699676514,0.37644684314727783,0.021884992718696594,0.01286954153329134,0.7506507635116577
FisheyeCamera_1_00230_png.rf.de641278e85b0675e5c4ec40b2fdf74f.jpg,1,0.3384583592414856,0.3843279778957367,0.018874315544962883,0.016373489052057266,0.6621308922767639
FisheyeCamera_1_00230_png.rf.de641278e85b0675e5c4ec40b2fdf74f.jpg,1,0.4322027564048767,0.37416502833366394,0.01446012407541275,0.00990662258118391,0.5254963040351868
FisheyeCamera_1_00230_png.rf.de641278e85b0675e5c4ec40b2fdf74f.jpg,0,0.4962776005268097,0.5120587348937988,0.012986036948859692,0.009178602136671543,0.26731064915657043
FisheyeCamera_1_00230_png.rf.de641278e85b0675e5c4ec40b2fdf74f.jpg,0,0.4974696934223175,0.5098481178283691,0.015178021043539047,0.023568227887153625,0.13578151166439056
FisheyeCamera_1_00230_png.rf.de641278e85b0675e5c4ec40b2fdf74f.jpg,0,0.5015513300895691,0.5115976333618164,0.017645616084337234,0.00928350631147623,0.10616488009691238
FisheyeCamera_1_00230_png.rf.de641278e85b0675e5c4ec40b2fdf74f.jpg,1,0.434692919254303,0.3749275803565979,0.01880396343767643,0.021388862282037735,0.10165857523679733
FisheyeCamera_1_00230_png.rf.de641278e85b0675e5c4ec40b2fdf74f.jpg,0,0.498324453830719,0.5194143652915955,0.017071284353733063,0.02831987291574478,0.08432324230670929
FisheyeCamera_1_00230_png.rf.de641278e85b0675e5c4ec40b2fdf74f.jpg,10,0.313026487827301,0.5310532450675964,0.01861981302499771,0.0377470925450325,0.054495349526405334
FisheyeCamera_1_00230_png.rf.de641278e85b0675e5c4ec40b2fdf74f.jpg,1,0.3370046615600586,0.38786593079566956,0.021366560831665993,0.018429243937134743,0.05126979574561119
FisheyeCamera_1_00230_png.rf.de641278e85b0675e5c4ec40b2fdf74f.jpg,1,0.3393182158470154,0.39623698592185974,0.0172629002481699,0.03846403583884239,0.046503253281116486
FisheyeCamera_1_00230_png.rf.de641278e85b0675e5c4ec40b2fdf74f.jpg,0,0.5491714477539062,0.5068686008453369,0.021590307354927063,0.021218227222561836,0.03490845859050751
FisheyeCamera_1_00230_png.rf.de641278e85b0675e5c4ec40b2fdf74f.jpg,10,0.3049554228782654,0.5232381820678711,0.02394883520901203,0.03541851043701172,0.03159686177968979
FisheyeCamera_1_00230_png.rf.de641278e85b0675e5c4ec40b2fdf74f.jpg,1,0.3510745167732239,0.4740409255027771,0.018867934122681618,0.007940146140754223,0.02932009845972061
FisheyeCamera_1_00230_png.rf.de641278e85b0675e5c4ec40b2fdf74f.jpg,1,0.3570045530796051,0.47448551654815674,0.03270252048969269,0.00970458984375,0.02180187590420246
FisheyeCamera_1_00230_png.rf.de641278e85b0675e5c4ec40b2fdf74f.jpg,1,0.3710287809371948,0.47571155428886414,0.01338826771825552,0.009877865202724934,0.01999959535896778
FisheyeCamera_1_00230_png.rf.de641278e85b0675e5c4ec40b2fdf74f.jpg,0,0.5538131594657898,0.5280939936637878,0.021646279841661453,0.015789693221449852,0.017798470333218575
FisheyeCamera_1_00230_png.rf.de641278e85b0675e5c4ec40b2fdf74f.jpg,1,0.4364764988422394,0.3705427348613739,0.022551830857992172,0.022850770503282547,0.014684304594993591
FisheyeCamera_1_00230_png.rf.de641278e85b0675e5c4ec40b2fdf74f.jpg,1,0.27755680680274963,0.4048038423061371,0.018168559297919273,0.032682713121175766,0.013383086770772934
FisheyeCamera_1_00230_png.rf.de641278e85b0675e5c4ec40b2fdf74f.jpg,0,0.5321933627128601,0.5128927230834961,0.007889674976468086,0.012098166160285473,0.012527242302894592
FisheyeCamera_1_00230_png.rf.de641278e85b0675e5c4ec40b2fdf74f.jpg,0,0.5494890213012695,0.4838871359825134,0.020216722041368484,0.020717915147542953,0.009325254708528519
FisheyeCamera_1_00230_png.rf.de641278e85b0675e5c4ec40b2fdf74f.jpg,1,0.2837352156639099,0.3958282172679901,0.015105431899428368,0.014860006980597973,0.007986475713551044
FisheyeCamera_1_00230_png.rf.de641278e85b0675e5c4ec40b2fdf74f.jpg,10,0.3143828511238098,0.504881739616394,0.02468094602227211,0.04249059408903122,0.007900455966591835
FisheyeCamera_1_00230_png.rf.de641278e85b0675e5c4ec40b2fdf74f.jpg,0,0.6891042590141296,0.45175793766975403,0.016910552978515625,0.011620888486504555,0.007609826512634754
FisheyeCamera_1_00230_png.rf.de641278e85b0675e5c4ec40b2fdf74f.jpg,13,0.5898417830467224,0.5534341335296631,0.0069048223085701466,0.011606583371758461,0.007164972834289074
FisheyeCamera_1_00230_png.rf.de641278e85b0675e5c4ec40b2fdf74f.jpg,0,0.5631143450737,0.5266903042793274,0.016811298206448555,0.012953538447618484,0.006980076897889376
FisheyeCamera_1_00230_png.rf.de641278e85b0675e5c4ec40b2fdf74f.jpg,0,0.34682899713516235,0.4719282388687134,0.028669064864516258,0.011122997850179672,0.0058740973472595215
FisheyeCamera_1_00230_png.rf.de641278e85b0675e5c4ec40b2fdf74f.jpg,0,0.5916747450828552,0.49113577604293823,0.013158065266907215,0.01187251228839159,0.005318515468388796
FisheyeCamera_1_00230_png.rf.de641278e85b0675e5c4ec40b2fdf74f.jpg,1,0.28754374384880066,0.3885922431945801,0.018638024106621742,0.014547421596944332,0.005073035601526499
FisheyeCamera_1_00230_png.rf.de641278e85b0675e5c4ec40b2fdf74f.jpg,0,0.4471503794193268,0.5497856140136719,0.016753051429986954,0.015892837196588516,0.004175705835223198
FisheyeCamera_1_00230_png.rf.de641278e85b0675e5c4ec40b2fdf74f.jpg,10,0.3229723870754242,0.5240288972854614,0.01551672164350748,0.03719263896346092,0.004040636587888002
FisheyeCamera_1_00230_png.rf.de641278e85b0675e5c4ec40b2fdf74f.jpg,10,0.3006097376346588,0.5172432661056519,0.03152067959308624,0.04073363170027733,0.003820155281573534
FisheyeCamera_1_00230_png.rf.de641278e85b0675e5c4ec40b2fdf74f.jpg,0,0.3660679757595062,0.47973597049713135,0.012894117273390293,0.006837404798716307,0.0034397365525364876
FisheyeCamera_1_00230_png.rf.de641278e85b0675e5c4ec40b2fdf74f.jpg,1,0.28311046957969666,0.40178921818733215,0.02387714385986328,0.03298994153738022,0.003242799313738942
FisheyeCamera_1_00230_png.rf.de641278e85b0675e5c4ec40b2fdf74f.jpg,1,0.48115530610084534,0.37411317229270935,0.030239474028348923,0.010429088957607746,0.0031037251465022564
FisheyeCamera_1_00230_png.rf.de641278e85b0675e5c4ec40b2fdf74f.jpg,0,0.29968520998954773,0.3923691511154175,0.021115854382514954,0.01827239990234375,0.0027096623089164495
FisheyeCamera_1_00230_png.rf.de641278e85b0675e5c4ec40b2fdf74f.jpg,13,0.25437018275260925,0.5366005897521973,0.015024442225694656,0.01738504320383072,0.0025147865526378155
FisheyeCamera_1_00230_png.rf.de641278e85b0675e5c4ec40b2fdf74f.jpg,0,0.5663695931434631,0.5161757469177246,0.008429454639554024,0.015196140855550766,0.0024287584237754345
FisheyeCamera_1_00230_png.rf.de641278e85b0675e5c4ec40b2fdf74f.jpg,0,0.4957354664802551,0.5007151961326599,0.011827175505459309,0.020719675347208977,0.002362038241699338
FisheyeCamera_1_00230_png.rf.de641278e85b0675e5c4ec40b2fdf74f.jpg,1,0.3403858244419098,0.4152408838272095,0.019860561937093735,0.06853991746902466,0.0018984139896929264
FisheyeCamera_1_00230_png.rf.de641278e85b0675e5c4ec40b2fdf74f.jpg,0,0.5495195388793945,0.5315300822257996,0.010423660278320312,0.008187074214220047,0.0017847006674855947
FisheyeCamera_1_00230_png.rf.de641278e85b0675e5c4ec40b2fdf74f.jpg,0,0.32880717515945435,0.38283011317253113,0.02662658877670765,0.01894114725291729,0.001771828974597156
FisheyeCamera_1_00230_png.rf.de641278e85b0675e5c4ec40b2fdf74f.jpg,13,0.63965904712677,0.5209214687347412,0.008101536892354488,0.026822971180081367,0.0017000860534608364
FisheyeCamera_1_00230_png.rf.de641278e85b0675e5c4ec40b2fdf74f.jpg,1,0.3483026325702667,0.3843044340610504,0.029676144942641258,0.01566828228533268,0.0015797520754858851
FisheyeCamera_1_00230_png.rf.de641278e85b0675e5c4ec40b2fdf74f.jpg,1,0.3260357975959778,0.3868560194969177,0.034440480172634125,0.019121244549751282,0.001504730200394988
FisheyeCamera_1_00230_png.rf.de641278e85b0675e5c4ec40b2fdf74f.jpg,0,0.5619000196456909,0.49180281162261963,0.01377619244158268,0.017302732914686203,0.0014799808850511909
FisheyeCamera_1_00230_png.rf.de641278e85b0675e5c4ec40b2fdf74f.jpg,10,0.43125632405281067,0.5453871488571167,0.01348620280623436,0.011132313869893551,0.0014541681157425046
FisheyeCamera_1_00230_png.rf.de641278e85b0675e5c4ec40b2fdf74f.jpg,1,0.4341719150543213,0.3843057453632355,0.033633746206760406,0.022041762247681618,0.0014219473814591765
FisheyeCamera_1_00230_png.rf.de641278e85b0675e5c4ec40b2fdf74f.jpg,0,0.5894927978515625,0.47158169746398926,0.011094166897237301,0.010973123833537102,0.0013661510311067104
FisheyeCamera_1_00230_png.rf.de641278e85b0675e5c4ec40b2fdf74f.jpg,1,0.4895842671394348,0.3790754973888397,0.010439066216349602,0.009430225007236004,0.001294064917601645
FisheyeCamera_1_00230_png.rf.de641278e85b0675e5c4ec40b2fdf74f.jpg,0,0.5440951585769653,0.49914538860321045,0.012532307766377926,0.03265358880162239,0.0012526875361800194
FisheyeCamera_1_00230_png.rf.de641278e85b0675e5c4ec40b2fdf74f.jpg,10,0.3624880313873291,0.5329960584640503,0.014413834549486637,0.023103861138224602,0.0012371435295790434
FisheyeCamera_1_00230_png.rf.de641278e85b0675e5c4ec40b2fdf74f.jpg,1,0.47183945775032043,0.3792017996311188,0.02292904630303383,0.00920867919921875,0.00114979047793895
FisheyeCamera_1_00230_png.rf.de641278e85b0675e5c4ec40b2fdf74f.jpg,10,0.48844632506370544,0.5384626984596252,0.008784881792962551,0.01922079361975193,0.0011137403780594468
FisheyeCamera_1_00230_png.rf.de641278e85b0675e5c4ec40b2fdf74f.jpg,1,0.345365971326828,0.47335097193717957,0.01866942271590233,0.007733638864010572,0.0011092055356130004
FisheyeCamera_1_00230_png.rf.de641278e85b0675e5c4ec40b2fdf74f.jpg,0,0.4958949685096741,0.5334042310714722,0.01270044781267643,0.013845517300069332,0.0010524813551455736
FisheyeCamera_1_00239_png.rf.d6a3e883bbb92412f2642432771f2d09.jpg,0,0.5648857355117798,0.5031827092170715,0.01508698146790266,0.015691464766860008,0.716130793094635
FisheyeCamera_1_00239_png.rf.d6a3e883bbb92412f2642432771f2d09.jpg,1,0.3249616324901581,0.29876160621643066,0.027769016101956367,0.022406285628676414,0.6615368723869324
FisheyeCamera_1_00239_png.rf.d6a3e883bbb92412f2642432771f2d09.jpg,1,0.4617435336112976,0.25559499859809875,0.0385638028383255,0.02369667962193489,0.6614899635314941
FisheyeCamera_1_00239_png.rf.d6a3e883bbb92412f2642432771f2d09.jpg,0,0.5634657144546509,0.49846896529197693,0.018232787027955055,0.016199111938476562,0.4642530083656311
FisheyeCamera_1_00239_png.rf.d6a3e883bbb92412f2642432771f2d09.jpg,1,0.46921393275260925,0.2527700364589691,0.04124509543180466,0.023045210167765617,0.2275771200656891
FisheyeCamera_1_00239_png.rf.d6a3e883bbb92412f2642432771f2d09.jpg,0,0.5641983151435852,0.5204450488090515,0.015225264243781567,0.029570067301392555,0.09767093509435654
FisheyeCamera_1_00239_png.rf.d6a3e883bbb92412f2642432771f2d09.jpg,1,0.3244852125644684,0.30725762248039246,0.0366598479449749,0.03138074651360512,0.04304496943950653
FisheyeCamera_1_00239_png.rf.d6a3e883bbb92412f2642432771f2d09.jpg,0,0.559337317943573,0.5025810599327087,0.022688426077365875,0.01670609973371029,0.029961980879306793
FisheyeCamera_1_00239_png.rf.d6a3e883bbb92412f2642432771f2d09.jpg,0,0.5639020800590515,0.49978408217430115,0.013612674549221992,0.028085488826036453,0.025092260912060738
FisheyeCamera_1_00239_png.rf.d6a3e883bbb92412f2642432771f2d09.jpg,0,0.3149566650390625,0.42748185992240906,0.045230645686388016,0.012888615019619465,0.021609516814351082
FisheyeCamera_1_00239_png.rf.d6a3e883bbb92412f2642432771f2d09.jpg,0,0.40005457401275635,0.500156581401825,0.018258389085531235,0.02997867949306965,0.020014768466353416
FisheyeCamera_1_00239_png.rf.d6a3e883bbb92412f2642432771f2d09.jpg,0,0.39919254183769226,0.5159185528755188,0.011604896746575832,0.018518302589654922,0.00757591100409627
FisheyeCamera_1_00239_png.rf.d6a3e883bbb92412f2642432771f2d09.jpg,0,0.3942089080810547,0.49671798944473267,0.016781440004706383,0.030462633818387985,0.005494162905961275
FisheyeCamera_1_00239_png.rf.d6a3e883bbb92412f2642432771f2d09.jpg,1,0.3215966820716858,0.3024890422821045,0.024708382785320282,0.031809478998184204,0.005409633740782738
FisheyeCamera_1_00239_png.rf.d6a3e883bbb92412f2642432771f2d09.jpg,0,0.3965490162372589,0.5027316808700562,0.014608530327677727,0.03498818352818489,0.004735032096505165
FisheyeCamera_1_00239_png.rf.d6a3e883bbb92412f2642432771f2d09.jpg,13,0.6772260665893555,0.549953043460846,0.010959919542074203,0.012371503747999668,0.003939349204301834
FisheyeCamera_1_00239_png.rf.d6a3e883bbb92412f2642432771f2d09.jpg,0,0.6159749031066895,0.4812623858451843,0.014603432267904282,0.019476450979709625,0.003833845956251025
FisheyeCamera_1_00239_png.rf.d6a3e883bbb92412f2642432771f2d09.jpg,0,0.6100701689720154,0.49291136860847473,0.009580612182617188,0.01819640025496483,0.0036336088087409735
FisheyeCamera_1_00239_png.rf.d6a3e883bbb92412f2642432771f2d09.jpg,0,0.6298712491989136,0.520636260509491,0.01397558394819498,0.005944032222032547,0.0023525343276560307
FisheyeCamera_1_00239_png.rf.d6a3e883bbb92412f2642432771f2d09.jpg,1,0.3382784128189087,0.29435789585113525,0.052977051585912704,0.019403237849473953,0.002101645339280367
FisheyeCamera_1_00239_png.rf.d6a3e883bbb92412f2642432771f2d09.jpg,0,0.39935728907585144,0.5165431499481201,0.011247782036662102,0.011108912527561188,0.002068673726171255
FisheyeCamera_1_00239_png.rf.d6a3e883bbb92412f2642432771f2d09.jpg,0,0.6429020762443542,0.5163814425468445,0.00938532967120409,0.014948992058634758,0.0019957826007157564
FisheyeCamera_1_00239_png.rf.d6a3e883bbb92412f2642432771f2d09.jpg,10,0.48676496744155884,0.546624481678009,0.007679426111280918,0.013740540482103825,0.0019194730557501316
FisheyeCamera_1_00239_png.rf.d6a3e883bbb92412f2642432771f2d09.jpg,0,0.5643400549888611,0.5279140472412109,0.011958636343479156,0.014840420335531235,0.0018812688067555428
FisheyeCamera_1_00239_png.rf.d6a3e883bbb92412f2642432771f2d09.jpg,0,0.5564398169517517,0.5140424966812134,0.008751649409532547,0.018420660868287086,0.0018282580422237515
FisheyeCamera_1_00239_png.rf.d6a3e883bbb92412f2642432771f2d09.jpg,1,0.22519725561141968,0.6078516840934753,0.062416885048151016,0.057030387222766876,0.0017242638859897852
FisheyeCamera_1_00239_png.rf.d6a3e883bbb92412f2642432771f2d09.jpg,1,0.1234482079744339,0.496626079082489,0.005996080581098795,0.012997847981750965,0.0017140377312898636
FisheyeCamera_1_00239_png.rf.d6a3e883bbb92412f2642432771f2d09.jpg,10,0.2809472680091858,0.5264403223991394,0.010495993308722973,0.02552069164812565,0.0016158882062882185
FisheyeCamera_1_00239_png.rf.d6a3e883bbb92412f2642432771f2d09.jpg,0,0.8199877738952637,0.4531865417957306,0.014531209133565426,0.01531725749373436,0.001610766863450408
FisheyeCamera_1_00239_png.rf.d6a3e883bbb92412f2642432771f2d09.jpg,0,0.6397604942321777,0.5081461668014526,0.012335557490587234,0.020871896296739578,0.0016057671746239066
FisheyeCamera_1_00239_png.rf.d6a3e883bbb92412f2642432771f2d09.jpg,0,0.39349353313446045,0.4890102744102478,0.016234030947089195,0.028249667957425117,0.0015420039417222142
FisheyeCamera_1_00239_png.rf.d6a3e883bbb92412f2642432771f2d09.jpg,0,0.6097840070724487,0.5132026076316833,0.009661748073995113,0.024142632260918617,0.0014652342069894075
FisheyeCamera_1_00239_png.rf.d6a3e883bbb92412f2642432771f2d09.jpg,0,0.3991824686527252,0.5220178961753845,0.011711854487657547,0.014508687891066074,0.0014037631917744875
FisheyeCamera_1_00239_png.rf.d6a3e883bbb92412f2642432771f2d09.jpg,10,0.31543391942977905,0.5394211411476135,0.02847789041697979,0.044966697692871094,0.0013469703262671828
FisheyeCamera_1_00239_png.rf.d6a3e883bbb92412f2642432771f2d09.jpg,0,0.6326047778129578,0.48460686206817627,0.018398432061076164,0.023893797770142555,0.0013281835708767176
FisheyeCamera_1_00239_png.rf.d6a3e883bbb92412f2642432771f2d09.jpg,0,0.6143956780433655,0.5045124292373657,0.011636881157755852,0.017400449141860008,0.0012481737649068236
FisheyeCamera_1_00239_png.rf.d6a3e883bbb92412f2642432771f2d09.jpg,1,0.3504796624183655,0.29175248742103577,0.04571489244699478,0.01385105587542057,0.0011886457214131951
FisheyeCamera_1_00239_png.rf.d6a3e883bbb92412f2642432771f2d09.jpg,13,0.6696425676345825,0.5502083897590637,0.012379573658108711,0.012127510271966457,0.0011461218819022179
FisheyeCamera_1_00239_png.rf.d6a3e883bbb92412f2642432771f2d09.jpg,0,0.6073884963989258,0.4929909408092499,0.010356389917433262,0.016612127423286438,0.00112130306661129
FisheyeCamera_1_00239_png.rf.d6a3e883bbb92412f2642432771f2d09.jpg,6,0.4923040270805359,0.5510426163673401,0.019123004749417305,0.017188072204589844,0.0010502816876396537
FisheyeCamera_1_00257_png.rf.fd48c32db227dac063bcd71340f4f334.jpg,0,0.7527498602867126,0.4543090760707855,0.02590898424386978,0.013948954641819,0.7579972147941589
FisheyeCamera_1_00257_png.rf.fd48c32db227dac063bcd71340f4f334.jpg,0,0.7491225004196167,0.4544973075389862,0.023222703486680984,0.010915316641330719,0.5990868806838989
FisheyeCamera_1_00257_png.rf.fd48c32db227dac063bcd71340f4f334.jpg,0,0.7595632076263428,0.453954815864563,0.02304605394601822,0.012004412710666656,0.3789006769657135
FisheyeCamera_1_00257_png.rf.fd48c32db227dac063bcd71340f4f334.jpg,0,0.7567757368087769,0.45097023248672485,0.03170263022184372,0.024648740887641907,0.09168476611375809
FisheyeCamera_1_00257_png.rf.fd48c32db227dac063bcd71340f4f334.jpg,13,0.7735695838928223,0.5341657996177673,0.01074835006147623,0.01273588091135025,0.03869326785206795
FisheyeCamera_1_00257_png.rf.fd48c32db227dac063bcd71340f4f334.jpg,0,0.6982845664024353,0.5332576036453247,0.008199398405849934,0.012704922817647457,0.03837552294135094
FisheyeCamera_1_00257_png.rf.fd48c32db227dac063bcd71340f4f334.jpg,0,0.6876602172851562,0.5322861075401306,0.01076874416321516,0.011256071738898754,0.016117364168167114
FisheyeCamera_1_00257_png.rf.fd48c32db227dac063bcd71340f4f334.jpg,7,0.6203688383102417,0.543486475944519,0.007126588374376297,0.01351679302752018,0.01598978601396084
FisheyeCamera_1_00257_png.rf.fd48c32db227dac063bcd71340f4f334.jpg,9,0.621196448802948,0.5450805425643921,0.00787969771772623,0.013368680141866207,0.009732441045343876
FisheyeCamera_1_00257_png.rf.fd48c32db227dac063bcd71340f4f334.jpg,0,0.7598986625671387,0.45538488030433655,0.04724311828613281,0.013757412321865559,0.008386005647480488
FisheyeCamera_1_00257_png.rf.fd48c32db227dac063bcd71340f4f334.jpg,9,0.8678573966026306,0.5258323550224304,0.009840158745646477,0.012916051782667637,0.008293280377984047
FisheyeCamera_1_00257_png.rf.fd48c32db227dac063bcd71340f4f334.jpg,0,0.37157294154167175,0.5402902364730835,0.009932591579854488,0.017332663759589195,0.0064366478472948074
FisheyeCamera_1_00257_png.rf.fd48c32db227dac063bcd71340f4f334.jpg,6,0.6897625923156738,0.5292637348175049,0.010593561455607414,0.01651998795568943,0.00471474090591073
FisheyeCamera_1_00257_png.rf.fd48c32db227dac063bcd71340f4f334.jpg,13,0.6892926692962646,0.5357855558395386,0.0074757798574864864,0.018316930159926414,0.004685776773840189
FisheyeCamera_1_00257_png.rf.fd48c32db227dac063bcd71340f4f334.jpg,10,0.6982309818267822,0.532687783241272,0.0058841705322265625,0.007498154416680336,0.004473989829421043
FisheyeCamera_1_00257_png.rf.fd48c32db227dac063bcd71340f4f334.jpg,0,0.6804525256156921,0.47989770770072937,0.017819037660956383,0.018421027809381485,0.004321088083088398
FisheyeCamera_1_00257_png.rf.fd48c32db227dac063bcd71340f4f334.jpg,0,0.7692844867706299,0.45080649852752686,0.023080093786120415,0.01569638028740883,0.004176588263362646
FisheyeCamera_1_00257_png.rf.fd48c32db227dac063bcd71340f4f334.jpg,1,0.37116551399230957,0.5428825616836548,0.010236007161438465,0.01745319366455078,0.0035915744956582785
FisheyeCamera_1_00257_png.rf.fd48c32db227dac063bcd71340f4f334.jpg,13,0.7737582325935364,0.5395895838737488,0.010260655544698238,0.01802576519548893,0.0031503085047006607
FisheyeCamera_1_00257_png.rf.fd48c32db227dac063bcd71340f4f334.jpg,0,0.6190964579582214,0.5568642020225525,0.012160925194621086,0.02290300279855728,0.002811641898006201
FisheyeCamera_1_00257_png.rf.fd48c32db227dac063bcd71340f4f334.jpg,1,0.3738110065460205,0.5372912287712097,0.00784419197589159,0.015839137136936188,0.002411492634564638
FisheyeCamera_1_00257_png.rf.fd48c32db227dac063bcd71340f4f334.jpg,13,0.8701990246772766,0.5263888835906982,0.009776188991963863,0.011198777705430984,0.002286790404468775
FisheyeCamera_1_00257_png.rf.fd48c32db227dac063bcd71340f4f334.jpg,1,0.8106537461280823,0.4176184833049774,0.014695974998176098,0.025237305089831352,0.0022226572036743164
FisheyeCamera_1_00257_png.rf.fd48c32db227dac063bcd71340f4f334.jpg,0,0.5415647625923157,0.5470474362373352,0.011706792749464512,0.0129408473148942,0.001623257645405829
FisheyeCamera_1_00257_png.rf.fd48c32db227dac063bcd71340f4f334.jpg,0,0.7537749409675598,0.46359705924987793,0.013506962917745113,0.029352042824029922,0.0015310950111597776
FisheyeCamera_1_00257_png.rf.fd48c32db227dac063bcd71340f4f334.jpg,0,0.7526180744171143,0.4511285424232483,0.018128322437405586,0.021052435040473938,0.001428323215804994
FisheyeCamera_1_00257_png.rf.fd48c32db227dac063bcd71340f4f334.jpg,0,0.7653903365135193,0.44498297572135925,0.012341720052063465,0.028242113068699837,0.001383886905387044
FisheyeCamera_1_00257_png.rf.fd48c32db227dac063bcd71340f4f334.jpg,0,0.5405222773551941,0.5512338876724243,0.015449377708137035,0.01779644377529621,0.001236605690792203
FisheyeCamera_1_00282_png.rf.8432bcb7705139cd0bcd1421987aaff7.jpg,13,0.8190760016441345,0.5217510461807251,0.01438654400408268,0.018865365535020828,0.690992534160614
FisheyeCamera_1_00282_png.rf.8432bcb7705139cd0bcd1421987aaff7.jpg,0,0.595328152179718,0.5287548303604126,0.008987133391201496,0.021134084090590477,0.36961257457733154
FisheyeCamera_1_00282_png.rf.8432bcb7705139cd0bcd1421987aaff7.jpg,0,0.5988402962684631,0.527023196220398,0.01387141365557909,0.020205864682793617,0.34616217017173767
FisheyeCamera_1_00282_png.rf.8432bcb7705139cd0bcd1421987aaff7.jpg,13,0.8120325803756714,0.521216094493866,0.018429096788167953,0.02263135276734829,0.06035919487476349
FisheyeCamera_1_00282_png.rf.8432bcb7705139cd0bcd1421987aaff7.jpg,11,0.3842095732688904,0.54594886302948,0.007247338071465492,0.012156707234680653,0.047491639852523804
FisheyeCamera_1_00282_png.rf.8432bcb7705139cd0bcd1421987aaff7.jpg,11,0.3812243938446045,0.5483070611953735,0.012454327195882797,0.010655623860657215,0.04124350845813751
FisheyeCamera_1_00282_png.rf.8432bcb7705139cd0bcd1421987aaff7.jpg,1,0.47307059168815613,0.5376716256141663,0.005534832365810871,0.018357276916503906,0.028255034238100052
FisheyeCamera_1_00282_png.rf.8432bcb7705139cd0bcd1421987aaff7.jpg,9,0.4509654939174652,0.5496200323104858,0.01045968011021614,0.013392962515354156,0.02476462721824646
FisheyeCamera_1_00282_png.rf.8432bcb7705139cd0bcd1421987aaff7.jpg,13,0.9376763701438904,0.5136228799819946,0.010061117820441723,0.011327670887112617,0.022776810452342033
FisheyeCamera_1_00282_png.rf.8432bcb7705139cd0bcd1421987aaff7.jpg,11,0.3873883783817291,0.5478330850601196,0.013710242696106434,0.010998212732374668,0.013607203960418701
FisheyeCamera_1_00282_png.rf.8432bcb7705139cd0bcd1421987aaff7.jpg,9,0.47537022829055786,0.5429133772850037,0.007320404518395662,0.01067352294921875,0.01076990645378828
FisheyeCamera_1_00282_png.rf.8432bcb7705139cd0bcd1421987aaff7.jpg,0,0.6017096638679504,0.5298460125923157,0.011625510640442371,0.014244667254388332,0.008913064375519753
FisheyeCamera_1_00282_png.rf.8432bcb7705139cd0bcd1421987aaff7.jpg,13,0.7952882647514343,0.5108654499053955,0.01269384566694498,0.022271377965807915,0.00770194549113512
FisheyeCamera_1_00282_png.rf.8432bcb7705139cd0bcd1421987aaff7.jpg,1,0.4521709084510803,0.5476044416427612,0.009091450832784176,0.009202517569065094,0.006414345931261778
FisheyeCamera_1_00282_png.rf.8432bcb7705139cd0bcd1421987aaff7.jpg,11,0.47235146164894104,0.5401445627212524,0.005826216656714678,0.01778389886021614,0.0054965452291071415
FisheyeCamera_1_00282_png.rf.8432bcb7705139cd0bcd1421987aaff7.jpg,13,0.9407057166099548,0.5159677267074585,0.006421016063541174,0.013903912156820297,0.005220967810600996
FisheyeCamera_1_00282_png.rf.8432bcb7705139cd0bcd1421987aaff7.jpg,0,0.8127795457839966,0.34106725454330444,0.030485007911920547,0.017325622960925102,0.004348302725702524
FisheyeCamera_1_00282_png.rf.8432bcb7705139cd0bcd1421987aaff7.jpg,0,0.8474735617637634,0.42635905742645264,0.01719122752547264,0.020307248458266258,0.004321861546486616
FisheyeCamera_1_00282_png.rf.8432bcb7705139cd0bcd1421987aaff7.jpg,1,0.8293596506118774,0.4304787218570709,0.013391348533332348,0.014826701954007149,0.004076666198670864
FisheyeCamera_1_00282_png.rf.8432bcb7705139cd0bcd1421987aaff7.jpg,11,0.2581990659236908,0.5394742488861084,0.011723335832357407,0.018858030438423157,0.004060137551277876
FisheyeCamera_1_00282_png.rf.8432bcb7705139cd0bcd1421987aaff7.jpg,0,0.8310309648513794,0.47654035687446594,0.01319738570600748,0.013013106770813465,0.0030390701722353697
FisheyeCamera_1_00282_png.rf.8432bcb7705139cd0bcd1421987aaff7.jpg,0,0.597990870475769,0.5198566317558289,0.01573679968714714,0.020667297765612602,0.00269430223852396
FisheyeCamera_1_00282_png.rf.8432bcb7705139cd0bcd1421987aaff7.jpg,9,0.3131950795650482,0.5344235301017761,0.00841771624982357,0.013488403521478176,0.002509432379156351
FisheyeCamera_1_00282_png.rf.8432bcb7705139cd0bcd1421987aaff7.jpg,0,0.5619422197341919,0.5308560132980347,0.011216163635253906,0.00981881096959114,0.002145418431609869
FisheyeCamera_1_00282_png.rf.8432bcb7705139cd0bcd1421987aaff7.jpg,6,0.4506189525127411,0.5593286752700806,0.013532712124288082,0.029893435537815094,0.002012412529438734
FisheyeCamera_1_00282_png.rf.8432bcb7705139cd0bcd1421987aaff7.jpg,0,0.8431938886642456,0.4258865416049957,0.01565023697912693,0.022746160626411438,0.0019668899476528168
FisheyeCamera_1_00282_png.rf.8432bcb7705139cd0bcd1421987aaff7.jpg,13,0.9440684914588928,0.5130614042282104,0.016676096245646477,0.012500690296292305,0.001802090322598815
FisheyeCamera_1_00282_png.rf.8432bcb7705139cd0bcd1421987aaff7.jpg,13,0.9492117166519165,0.5594896078109741,0.008135282434523106,0.018838662654161453,0.0017622043378651142
FisheyeCamera_1_00282_png.rf.8432bcb7705139cd0bcd1421987aaff7.jpg,0,0.5926846861839294,0.5351263880729675,0.01230364665389061,0.02925902232527733,0.001715554273687303
FisheyeCamera_1_00282_png.rf.8432bcb7705139cd0bcd1421987aaff7.jpg,0,0.5586491823196411,0.5269498229026794,0.01270558312535286,0.021294374018907547,0.0014068693853914738
FisheyeCamera_1_00282_png.rf.8432bcb7705139cd0bcd1421987aaff7.jpg,13,0.940946638584137,0.5510860085487366,0.00919606164097786,0.028411133214831352,0.0012791490880772471
FisheyeCamera_1_00282_png.rf.8432bcb7705139cd0bcd1421987aaff7.jpg,0,0.5931063890457153,0.5212079286575317,0.013248590752482414,0.02368941716849804,0.0012496212730184197
FisheyeCamera_1_00282_png.rf.8432bcb7705139cd0bcd1421987aaff7.jpg,0,0.15122871100902557,0.5173524618148804,0.014085513539612293,0.02367430552840233,0.001166429603472352
FisheyeCamera_1_00282_png.rf.8432bcb7705139cd0bcd1421987aaff7.jpg,6,0.5656015276908875,0.5405546426773071,0.011671873740851879,0.01291509810835123,0.001144479843787849
FisheyeCamera_1_00282_png.rf.8432bcb7705139cd0bcd1421987aaff7.jpg,0,0.5990564227104187,0.5354565382003784,0.01007843017578125,0.023566026240587234,0.001042468473315239
FisheyeCamera_1_00283_png.rf.e88cf39eb00a52dfcceb2fcfddf89260.jpg,13,0.8313561081886292,0.5221394300460815,0.01174794789403677,0.020834922790527344,0.8553619384765625
FisheyeCamera_1_00283_png.rf.e88cf39eb00a52dfcceb2fcfddf89260.jpg,0,0.600013256072998,0.5259968638420105,0.011526474729180336,0.02029433660209179,0.7392129302024841
FisheyeCamera_1_00283_png.rf.e88cf39eb00a52dfcceb2fcfddf89260.jpg,0,0.5974981188774109,0.5280472040176392,0.009859012439846992,0.020753420889377594,0.4042108952999115
FisheyeCamera_1_00283_png.rf.e88cf39eb00a52dfcceb2fcfddf89260.jpg,11,0.3795931935310364,0.5466187596321106,0.009251007810235023,0.01089352834969759,0.10560094565153122
FisheyeCamera_1_00283_png.rf.e88cf39eb00a52dfcceb2fcfddf89260.jpg,11,0.38111796975135803,0.5462590456008911,0.010067573748528957,0.013466102071106434,0.03820321336388588
FisheyeCamera_1_00283_png.rf.e88cf39eb00a52dfcceb2fcfddf89260.jpg,1,0.47149741649627686,0.5368998050689697,0.006353084929287434,0.016673455014824867,0.03277884051203728
FisheyeCamera_1_00283_png.rf.e88cf39eb00a52dfcceb2fcfddf89260.jpg,0,0.59441739320755,0.5271127820014954,0.0157647505402565,0.01969616301357746,0.026704782620072365
FisheyeCamera_1_00283_png.rf.e88cf39eb00a52dfcceb2fcfddf89260.jpg,0,0.5991932153701782,0.5206552743911743,0.013319749385118484,0.022275924682617188,0.018468011170625687
FisheyeCamera_1_00283_png.rf.e88cf39eb00a52dfcceb2fcfddf89260.jpg,0,0.6022836565971375,0.5296071767807007,0.01060463860630989,0.01366542000323534,0.01839100942015648
FisheyeCamera_1_00283_png.rf.e88cf39eb00a52dfcceb2fcfddf89260.jpg,6,0.44892558455467224,0.5487840175628662,0.013283436186611652,0.013271992094814777,0.014773701317608356
FisheyeCamera_1_00283_png.rf.e88cf39eb00a52dfcceb2fcfddf89260.jpg,13,0.8258979916572571,0.519461989402771,0.018841084092855453,0.021633882075548172,0.014080788008868694
FisheyeCamera_1_00283_png.rf.e88cf39eb00a52dfcceb2fcfddf89260.jpg,0,0.8187976479530334,0.3303321897983551,0.03418922424316406,0.024030832573771477,0.013715526089072227
FisheyeCamera_1_00283_png.rf.e88cf39eb00a52dfcceb2fcfddf89260.jpg,13,0.9552395343780518,0.5592847466468811,0.009435800835490227,0.021030940115451813,0.010462148115038872
FisheyeCamera_1_00283_png.rf.e88cf39eb00a52dfcceb2fcfddf89260.jpg,13,0.8353545665740967,0.5216435194015503,0.011537992395460606,0.027176711708307266,0.00958190020173788
FisheyeCamera_1_00283_png.rf.e88cf39eb00a52dfcceb2fcfddf89260.jpg,9,0.47124549746513367,0.5400853157043457,0.006562746595591307,0.017192987725138664,0.007372551131993532
FisheyeCamera_1_00283_png.rf.e88cf39eb00a52dfcceb2fcfddf89260.jpg,9,0.4760591983795166,0.5406803488731384,0.0063754599541425705,0.011760711669921875,0.006833928637206554
FisheyeCamera_1_00283_png.rf.e88cf39eb00a52dfcceb2fcfddf89260.jpg,13,0.8085499405860901,0.5244763493537903,0.014144457876682281,0.0223898533731699,0.00491713173687458
FisheyeCamera_1_00283_png.rf.e88cf39eb00a52dfcceb2fcfddf89260.jpg,9,0.2553873062133789,0.5391955375671387,0.01125082653015852,0.018634209409356117,0.004528554156422615
FisheyeCamera_1_00283_png.rf.e88cf39eb00a52dfcceb2fcfddf89260.jpg,13,0.9541369676589966,0.5069252252578735,0.010206076316535473,0.014503773301839828,0.004402419552206993
FisheyeCamera_1_00283_png.rf.e88cf39eb00a52dfcceb2fcfddf89260.jpg,0,0.14918392896652222,0.5163275003433228,0.010649479925632477,0.023722870275378227,0.004193921107798815
FisheyeCamera_1_00283_png.rf.e88cf39eb00a52dfcceb2fcfddf89260.jpg,0,0.5985944867134094,0.5323855876922607,0.009488986805081367,0.025665871798992157,0.003766467561945319
FisheyeCamera_1_00283_png.rf.e88cf39eb00a52dfcceb2fcfddf89260.jpg,11,0.44759127497673035,0.5459639430046082,0.01047119777649641,0.009577824734151363,0.0033092908561229706
FisheyeCamera_1_00283_png.rf.e88cf39eb00a52dfcceb2fcfddf89260.jpg,0,0.8438677191734314,0.47119539976119995,0.013029392808675766,0.01933002471923828,0.0025725876912474632
FisheyeCamera_1_00283_png.rf.e88cf39eb00a52dfcceb2fcfddf89260.jpg,0,0.7787989377975464,0.49380260705947876,0.011069077998399734,0.010783195495605469,0.002557702362537384
FisheyeCamera_1_00283_png.rf.e88cf39eb00a52dfcceb2fcfddf89260.jpg,0,0.5626987814903259,0.5305439829826355,0.01176203228533268,0.009158794768154621,0.0022158140782266855
FisheyeCamera_1_00283_png.rf.e88cf39eb00a52dfcceb2fcfddf89260.jpg,14,0.8273413777351379,0.5050992965698242,0.017103781923651695,0.038671642541885376,0.0019636519718915224
FisheyeCamera_1_00283_png.rf.e88cf39eb00a52dfcceb2fcfddf89260.jpg,0,0.5495514869689941,0.5254791378974915,0.011741491965949535,0.013364719226956367,0.0017336326418444514
FisheyeCamera_1_00283_png.rf.e88cf39eb00a52dfcceb2fcfddf89260.jpg,0,0.8533144593238831,0.42290055751800537,0.017772234976291656,0.01931528002023697,0.0013574588811025023
FisheyeCamera_1_00283_png.rf.e88cf39eb00a52dfcceb2fcfddf89260.jpg,0,0.8404688239097595,0.4726218283176422,0.010494819842278957,0.011718603782355785,0.0013167232973501086
FisheyeCamera_1_00283_png.rf.e88cf39eb00a52dfcceb2fcfddf89260.jpg,0,0.566375195980072,0.5270230770111084,0.01196032389998436,0.016670668497681618,0.0012746514985337853
FisheyeCamera_1_00283_png.rf.e88cf39eb00a52dfcceb2fcfddf89260.jpg,13,0.37456226348876953,0.545244574546814,0.009784845635294914,0.008652834221720695,0.0012292636092752218
FisheyeCamera_1_00283_png.rf.e88cf39eb00a52dfcceb2fcfddf89260.jpg,0,0.5425441265106201,0.5019159913063049,0.013550612144172192,0.03261514753103256,0.0011993101797997952
FisheyeCamera_1_00283_png.rf.e88cf39eb00a52dfcceb2fcfddf89260.jpg,0,0.5581908226013184,0.5254395008087158,0.013939637690782547,0.019216831773519516,0.0010788805084303021
FisheyeCamera_1_00285_png.rf.cbc33d5d21aad4b5d0d195479cb4f9ef.jpg,13,0.8606679439544678,0.5161049962043762,0.01337814424186945,0.024979226291179657,0.9093350172042847
FisheyeCamera_1_00285_png.rf.cbc33d5d21aad4b5d0d195479cb4f9ef.jpg,0,0.6001548767089844,0.523841142654419,0.011454802937805653,0.024926332756876945,0.7368250489234924
FisheyeCamera_1_00285_png.rf.cbc33d5d21aad4b5d0d195479cb4f9ef.jpg,13,0.8623893857002258,0.5141979455947876,0.020365789532661438,0.022293679416179657,0.5325930118560791
FisheyeCamera_1_00285_png.rf.cbc33d5d21aad4b5d0d195479cb4f9ef.jpg,0,0.5982540845870972,0.5257204174995422,0.008981117978692055,0.020923027768731117,0.20528088510036469
FisheyeCamera_1_00285_png.rf.cbc33d5d21aad4b5d0d195479cb4f9ef.jpg,0,0.6031030416488647,0.5234858393669128,0.009365009143948555,0.024310626089572906,0.20360304415225983
FisheyeCamera_1_00285_png.rf.cbc33d5d21aad4b5d0d195479cb4f9ef.jpg,11,0.3720332682132721,0.5463953018188477,0.007598583586513996,0.010454105213284492,0.1748439520597458
FisheyeCamera_1_00285_png.rf.cbc33d5d21aad4b5d0d195479cb4f9ef.jpg,7,0.467176228761673,0.5406370162963867,0.008287283591926098,0.01532371249049902,0.037661656737327576
FisheyeCamera_1_00285_png.rf.cbc33d5d21aad4b5d0d195479cb4f9ef.jpg,13,0.859529972076416,0.5124917030334473,0.020732000470161438,0.029047086834907532,0.029187574982643127
FisheyeCamera_1_00285_png.rf.cbc33d5d21aad4b5d0d195479cb4f9ef.jpg,9,0.4721744656562805,0.5380944013595581,0.013035994954407215,0.014654160477221012,0.029163260012865067
FisheyeCamera_1_00285_png.rf.cbc33d5d21aad4b5d0d195479cb4f9ef.jpg,1,0.4678136706352234,0.5383091568946838,0.005801421124488115,0.014546834863722324,0.0220552496612072
FisheyeCamera_1_00285_png.rf.cbc33d5d21aad4b5d0d195479cb4f9ef.jpg,9,0.4380715489387512,0.5444961190223694,0.012835503555834293,0.01020167488604784,0.017739756032824516
FisheyeCamera_1_00285_png.rf.cbc33d5d21aad4b5d0d195479cb4f9ef.jpg,9,0.4616229832172394,0.5392086505889893,0.012526513077318668,0.013499993830919266,0.017430754378437996
FisheyeCamera_1_00285_png.rf.cbc33d5d21aad4b5d0d195479cb4f9ef.jpg,11,0.2999080717563629,0.5324994325637817,0.004537289030849934,0.012390944175422192,0.008702408522367477
FisheyeCamera_1_00285_png.rf.cbc33d5d21aad4b5d0d195479cb4f9ef.jpg,11,0.3698136508464813,0.5446525812149048,0.014045716263353825,0.011432794854044914,0.00696776295080781
FisheyeCamera_1_00285_png.rf.cbc33d5d21aad4b5d0d195479cb4f9ef.jpg,0,0.6002304553985596,0.5322537422180176,0.009065041318535805,0.029377572238445282,0.006745200138539076
FisheyeCamera_1_00285_png.rf.cbc33d5d21aad4b5d0d195479cb4f9ef.jpg,0,0.140693798661232,0.5153403878211975,0.01138180959969759,0.02527090348303318,0.00578820938244462
FisheyeCamera_1_00285_png.rf.cbc33d5d21aad4b5d0d195479cb4f9ef.jpg,10,0.4314091205596924,0.5427498817443848,0.009227386675775051,0.01327243261039257,0.005332557018846273
FisheyeCamera_1_00285_png.rf.cbc33d5d21aad4b5d0d195479cb4f9ef.jpg,0,0.5414007306098938,0.5024849772453308,0.01467396691441536,0.03331969305872917,0.005038711242377758
FisheyeCamera_1_00285_png.rf.cbc33d5d21aad4b5d0d195479cb4f9ef.jpg,0,0.8387678265571594,0.3156719207763672,0.030340636149048805,0.02189047634601593,0.003915197215974331
FisheyeCamera_1_00285_png.rf.cbc33d5d21aad4b5d0d195479cb4f9ef.jpg,1,0.43784114718437195,0.5444109439849854,0.010588573291897774,0.016041168943047523,0.0035892357118427753
FisheyeCamera_1_00285_png.rf.cbc33d5d21aad4b5d0d195479cb4f9ef.jpg,10,0.3710588216781616,0.5442190170288086,0.008783487603068352,0.010326312854886055,0.003070185659453273
FisheyeCamera_1_00285_png.rf.cbc33d5d21aad4b5d0d195479cb4f9ef.jpg,0,0.5658183693885803,0.5277589559555054,0.021063292399048805,0.014526587910950184,0.002930651418864727
FisheyeCamera_1_00285_png.rf.cbc33d5d21aad4b5d0d195479cb4f9ef.jpg,14,0.9573760628700256,0.4766763746738434,0.0664617121219635,0.290391206741333,0.002447802573442459
FisheyeCamera_1_00285_png.rf.cbc33d5d21aad4b5d0d195479cb4f9ef.jpg,0,0.5499935746192932,0.5253221392631531,0.011960617266595364,0.014677268452942371,0.0019286328461021185
FisheyeCamera_1_00285_png.rf.cbc33d5d21aad4b5d0d195479cb4f9ef.jpg,0,0.5987424850463867,0.5155348777770996,0.010854941792786121,0.03509477525949478,0.0017717791488394141
FisheyeCamera_1_00285_png.rf.cbc33d5d21aad4b5d0d195479cb4f9ef.jpg,9,0.3783407211303711,0.5454465746879578,0.015352102927863598,0.011768121272325516,0.0017323170322924852
FisheyeCamera_1_00285_png.rf.cbc33d5d21aad4b5d0d195479cb4f9ef.jpg,0,0.5960932970046997,0.5239735245704651,0.01916019804775715,0.01936567761003971,0.0013961889781057835
FisheyeCamera_1_00285_png.rf.cbc33d5d21aad4b5d0d195479cb4f9ef.jpg,13,0.8316712975502014,0.5192715525627136,0.013921591453254223,0.023549668490886688,0.0012870903592556715
FisheyeCamera_1_00285_png.rf.cbc33d5d21aad4b5d0d195479cb4f9ef.jpg,13,0.3680552840232849,0.5530495643615723,0.010116283781826496,0.013964359648525715,0.0011799285421147943
FisheyeCamera_1_00285_png.rf.cbc33d5d21aad4b5d0d195479cb4f9ef.jpg,0,0.567018449306488,0.526569128036499,0.013827471062541008,0.018896469846367836,0.001095104031264782
FisheyeCamera_1_00298_png.rf.a4bc4257abfe5a5f97a7ab4671d5a682.jpg,0,0.6258692741394043,0.5086938738822937,0.01637297496199608,0.033359088003635406,0.7139664888381958
FisheyeCamera_1_00298_png.rf.a4bc4257abfe5a5f97a7ab4671d5a682.jpg,1,0.43223920464515686,0.5332289934158325,0.0067033772356808186,0.017604975029826164,0.476859450340271
FisheyeCamera_1_00298_png.rf.a4bc4257abfe5a5f97a7ab4671d5a682.jpg,11,0.28496772050857544,0.5368062257766724,0.012276136316359043,0.016511477530002594,0.3448839485645294
FisheyeCamera_1_00298_png.rf.a4bc4257abfe5a5f97a7ab4671d5a682.jpg,0,0.6315222978591919,0.510015606880188,0.01869935356080532,0.03325410932302475,0.1483946591615677
FisheyeCamera_1_00298_png.rf.a4bc4257abfe5a5f97a7ab4671d5a682.jpg,11,0.28885936737060547,0.5368993878364563,0.00927338283509016,0.016084671020507812,0.1074572280049324
FisheyeCamera_1_00298_png.rf.a4bc4257abfe5a5f97a7ab4671d5a682.jpg,1,0.6284551024436951,0.5073165893554688,0.013410128653049469,0.030047930777072906,0.08386096358299255
FisheyeCamera_1_00298_png.rf.a4bc4257abfe5a5f97a7ab4671d5a682.jpg,11,0.2900112569332123,0.5364215970039368,0.016158103942871094,0.015666669234633446,0.05114293470978737
FisheyeCamera_1_00298_png.rf.a4bc4257abfe5a5f97a7ab4671d5a682.jpg,11,0.2284376472234726,0.5206792950630188,0.00938268844038248,0.015814047306776047,0.034705907106399536
FisheyeCamera_1_00298_png.rf.a4bc4257abfe5a5f97a7ab4671d5a682.jpg,11,0.2270195037126541,0.5233937501907349,0.011737823486328125,0.016134481877088547,0.016409028321504593
FisheyeCamera_1_00298_png.rf.a4bc4257abfe5a5f97a7ab4671d5a682.jpg,10,0.2863052785396576,0.5339342951774597,0.011132057756185532,0.013326278887689114,0.011512466706335545
FisheyeCamera_1_00298_png.rf.a4bc4257abfe5a5f97a7ab4671d5a682.jpg,1,0.43190446496009827,0.537409245967865,0.007750071119517088,0.02271777018904686,0.005919396411627531
FisheyeCamera_1_00298_png.rf.a4bc4257abfe5a5f97a7ab4671d5a682.jpg,11,0.11228536069393158,0.5176803469657898,0.013479544781148434,0.026983262971043587,0.005303484387695789
FisheyeCamera_1_00298_png.rf.a4bc4257abfe5a5f97a7ab4671d5a682.jpg,1,0.43035027384757996,0.5349432826042175,0.008604857139289379,0.024458445608615875,0.004734739661216736
FisheyeCamera_1_00298_png.rf.a4bc4257abfe5a5f97a7ab4671d5a682.jpg,0,0.5278644561767578,0.5039419531822205,0.013282042928040028,0.017632264643907547,0.004261685069650412
FisheyeCamera_1_00298_png.rf.a4bc4257abfe5a5f97a7ab4671d5a682.jpg,1,0.42701709270477295,0.5350315570831299,0.013749196194112301,0.01525974366813898,0.004072275944054127
FisheyeCamera_1_00298_png.rf.a4bc4257abfe5a5f97a7ab4671d5a682.jpg,13,0.14030557870864868,0.5400731563568115,0.013128666207194328,0.015687135979533195,0.0036906045861542225
FisheyeCamera_1_00298_png.rf.a4bc4257abfe5a5f97a7ab4671d5a682.jpg,0,0.06887774169445038,0.5008867979049683,0.012176238931715488,0.029047159478068352,0.0034385663457214832
FisheyeCamera_1_00298_png.rf.a4bc4257abfe5a5f97a7ab4671d5a682.jpg,0,0.5999124050140381,0.47788533568382263,0.014220532029867172,0.015663588419556618,0.0026746857911348343
FisheyeCamera_1_00298_png.rf.a4bc4257abfe5a5f97a7ab4671d5a682.jpg,0,0.6024836897850037,0.49782639741897583,0.011055359616875648,0.0270610973238945,0.0023015551269054413
FisheyeCamera_1_00298_png.rf.a4bc4257abfe5a5f97a7ab4671d5a682.jpg,13,0.11275830864906311,0.5247518420219421,0.015039829537272453,0.03423551470041275,0.0012652899604290724
FisheyeCamera_1_00302_png.rf.89395bab7d8fb4a6da3324a58b3497cd.jpg,0,0.6491923928260803,0.4961731731891632,0.017028074711561203,0.0390007309615612,0.6542577743530273
FisheyeCamera_1_00302_png.rf.89395bab7d8fb4a6da3324a58b3497cd.jpg,11,0.25309666991233826,0.5327147841453552,0.01306893303990364,0.015354670584201813,0.35958045721054077
FisheyeCamera_1_00302_png.rf.89395bab7d8fb4a6da3324a58b3497cd.jpg,1,0.42306414246559143,0.5318166017532349,0.00781051954254508,0.017693519592285156,0.1864655613899231
FisheyeCamera_1_00302_png.rf.89395bab7d8fb4a6da3324a58b3497cd.jpg,1,0.41975903511047363,0.5319048166275024,0.012597157619893551,0.01720193773508072,0.11670363694429398
FisheyeCamera_1_00302_png.rf.89395bab7d8fb4a6da3324a58b3497cd.jpg,1,0.4255676567554474,0.5311427116394043,0.013564476743340492,0.019979331642389297,0.09381444752216339
FisheyeCamera_1_00302_png.rf.89395bab7d8fb4a6da3324a58b3497cd.jpg,11,0.2486456036567688,0.5330811738967896,0.016524462029337883,0.015258789993822575,0.08120982348918915
FisheyeCamera_1_00302_png.rf.89395bab7d8fb4a6da3324a58b3497cd.jpg,0,0.6094294786453247,0.4819890856742859,0.018283991143107414,0.029346246272325516,0.025714131072163582
FisheyeCamera_1_00302_png.rf.89395bab7d8fb4a6da3324a58b3497cd.jpg,11,0.20598924160003662,0.5215135216712952,0.008314022794365883,0.017315058037638664,0.0206191074103117
FisheyeCamera_1_00302_png.rf.89395bab7d8fb4a6da3324a58b3497cd.jpg,13,0.2511914074420929,0.5285135507583618,0.007815324701368809,0.01959991455078125,0.020227627828717232
FisheyeCamera_1_00302_png.rf.89395bab7d8fb4a6da3324a58b3497cd.jpg,0,0.6438252329826355,0.49637356400489807,0.0211334228515625,0.03590936213731766,0.0177263505756855
FisheyeCamera_1_00302_png.rf.89395bab7d8fb4a6da3324a58b3497cd.jpg,13,0.07309010624885559,0.5100647211074829,0.011932061985135078,0.0272722989320755,0.007214448414742947
FisheyeCamera_1_00302_png.rf.89395bab7d8fb4a6da3324a58b3497cd.jpg,11,0.4176415503025055,0.5351173281669617,0.01694231852889061,0.0197930708527565,0.004990308545529842
FisheyeCamera_1_00302_png.rf.89395bab7d8fb4a6da3324a58b3497cd.jpg,13,0.2531301975250244,0.5331600308418274,0.014225300401449203,0.02790348418056965,0.004139381926506758
FisheyeCamera_1_00302_png.rf.89395bab7d8fb4a6da3324a58b3497cd.jpg,13,0.2090122550725937,0.5215896368026733,0.007599170785397291,0.009727771393954754,0.003902244381606579
FisheyeCamera_1_00302_png.rf.89395bab7d8fb4a6da3324a58b3497cd.jpg,0,0.6065639853477478,0.491341769695282,0.01656327024102211,0.026502536609768867,0.003797519253566861
FisheyeCamera_1_00302_png.rf.89395bab7d8fb4a6da3324a58b3497cd.jpg,1,0.20623372495174408,0.5177032947540283,0.008872472681105137,0.016849737614393234,0.003211594419553876
FisheyeCamera_1_00302_png.rf.89395bab7d8fb4a6da3324a58b3497cd.jpg,0,0.6112363934516907,0.4939887523651123,0.018136465921998024,0.03696456551551819,0.001627494813874364
FisheyeCamera_1_00302_png.rf.89395bab7d8fb4a6da3324a58b3497cd.jpg,0,0.5298867225646973,0.500660240650177,0.017307575792074203,0.015372423455119133,0.0014472439652308822
FisheyeCamera_1_00302_png.rf.89395bab7d8fb4a6da3324a58b3497cd.jpg,0,0.6534048318862915,0.4956095516681671,0.021338097751140594,0.04234328866004944,0.001425104564987123
FisheyeCamera_1_00302_png.rf.89395bab7d8fb4a6da3324a58b3497cd.jpg,0,0.600986123085022,0.48146191239356995,0.01810227893292904,0.01931256614625454,0.0013375417329370975
FisheyeCamera_1_00302_png.rf.89395bab7d8fb4a6da3324a58b3497cd.jpg,0,0.6092305183410645,0.4723093509674072,0.009658667258918285,0.012343773618340492,0.0012852429645135999
FisheyeCamera_1_00302_png.rf.89395bab7d8fb4a6da3324a58b3497cd.jpg,0,0.6117050647735596,0.4687800109386444,0.013603688217699528,0.04108641669154167,0.001221172045916319
FisheyeCamera_1_00314_png.rf.f10aa9e570183b2892515007c415b9cf.jpg,1,0.42994236946105957,0.5237960815429688,0.010359984822571278,0.02445191703736782,0.6394359469413757
FisheyeCamera_1_00314_png.rf.f10aa9e570183b2892515007c415b9cf.jpg,11,0.13516786694526672,0.5145038962364197,0.014211599715054035,0.024368947371840477,0.49772974848747253
FisheyeCamera_1_00314_png.rf.f10aa9e570183b2892515007c415b9cf.jpg,0,0.8709250688552856,0.4059924781322479,0.026885399594902992,0.08079580217599869,0.29651597142219543
FisheyeCamera_1_00314_png.rf.f10aa9e570183b2892515007c415b9cf.jpg,11,0.13203060626983643,0.5163164138793945,0.014201861806213856,0.0280075091868639,0.2751240134239197
FisheyeCamera_1_00314_png.rf.f10aa9e570183b2892515007c415b9cf.jpg,1,0.8687466979026794,0.4040420353412628,0.02629104070365429,0.07739558815956116,0.136990487575531
FisheyeCamera_1_00314_png.rf.f10aa9e570183b2892515007c415b9cf.jpg,9,0.13219299912452698,0.5127474665641785,0.012730213813483715,0.02432727813720703,0.07535406202077866
FisheyeCamera_1_00314_png.rf.f10aa9e570183b2892515007c415b9cf.jpg,5,0.13528607785701752,0.5156076550483704,0.01795128732919693,0.029095210134983063,0.060958802700042725
FisheyeCamera_1_00314_png.rf.f10aa9e570183b2892515007c415b9cf.jpg,1,0.42845404148101807,0.5295030474662781,0.008685478940606117,0.035849425941705704,0.01181554701179266
FisheyeCamera_1_00314_png.rf.f10aa9e570183b2892515007c415b9cf.jpg,13,0.13511885702610016,0.5122880339622498,0.01538324449211359,0.028510095551609993,0.009301140904426575
FisheyeCamera_1_00314_png.rf.f10aa9e570183b2892515007c415b9cf.jpg,11,0.17509256303310394,0.5119976997375488,0.0059183561243116856,0.022925743833184242,0.004366694018244743
FisheyeCamera_1_00314_png.rf.f10aa9e570183b2892515007c415b9cf.jpg,0,0.7036287784576416,0.42441993951797485,0.015649061650037766,0.012928449548780918,0.0036760906223207712
FisheyeCamera_1_00314_png.rf.f10aa9e570183b2892515007c415b9cf.jpg,4,0.2436600625514984,0.5422954559326172,0.007269346155226231,0.012582706287503242,0.0032018092460930347
FisheyeCamera_1_00314_png.rf.f10aa9e570183b2892515007c415b9cf.jpg,1,0.4280611574649811,0.5241867303848267,0.016287436708807945,0.02196488156914711,0.003175565740093589
FisheyeCamera_1_00314_png.rf.f10aa9e570183b2892515007c415b9cf.jpg,13,0.6448703408241272,0.5206599235534668,0.011114414781332016,0.03330971673130989,0.002953800605610013
FisheyeCamera_1_00314_png.rf.f10aa9e570183b2892515007c415b9cf.jpg,0,0.7058368921279907,0.42083293199539185,0.013024697080254555,0.016173509880900383,0.002196008339524269
FisheyeCamera_1_00314_png.rf.f10aa9e570183b2892515007c415b9cf.jpg,5,0.05528222769498825,0.5276221632957458,0.01623111590743065,0.014223979786038399,0.0018010442145168781
FisheyeCamera_1_00314_png.rf.f10aa9e570183b2892515007c415b9cf.jpg,13,0.6403353810310364,0.5100417137145996,0.01351547334343195,0.021052582189440727,0.001644208445213735
FisheyeCamera_1_00314_png.rf.f10aa9e570183b2892515007c415b9cf.jpg,1,0.17645645141601562,0.5125283002853394,0.012502927333116531,0.01835382916033268,0.0016192756593227386
FisheyeCamera_1_00314_png.rf.f10aa9e570183b2892515007c415b9cf.jpg,11,0.5271738171577454,0.8840455412864685,0.8953512907028198,0.2319088876247406,0.00126181123778224
FisheyeCamera_1_00314_png.rf.f10aa9e570183b2892515007c415b9cf.jpg,3,0.053623829036951065,0.529977023601532,0.01174904778599739,0.012669490650296211,0.0010969981085509062
FisheyeCamera_1_00314_png.rf.f10aa9e570183b2892515007c415b9cf.jpg,1,0.1699749231338501,0.5142067074775696,0.013063871301710606,0.025373753160238266,0.001070591970346868
FisheyeCamera_1_00315_png.rf.14c625eca5ff0f371a2459cb470b6dd5.jpg,1,0.43206244707107544,0.522274374961853,0.009037384763360023,0.023072976619005203,0.7424638271331787
FisheyeCamera_1_00315_png.rf.14c625eca5ff0f371a2459cb470b6dd5.jpg,11,0.12375076115131378,0.5123377442359924,0.014843996614217758,0.023694992065429688,0.449353963136673
FisheyeCamera_1_00315_png.rf.14c625eca5ff0f371a2459cb470b6dd5.jpg,0,0.9084942936897278,0.3923344612121582,0.027516145259141922,0.0902765765786171,0.21260520815849304
FisheyeCamera_1_00315_png.rf.14c625eca5ff0f371a2459cb470b6dd5.jpg,0,0.7171161770820618,0.41505467891693115,0.015629108995199203,0.01585124060511589,0.08216554671525955
FisheyeCamera_1_00315_png.rf.14c625eca5ff0f371a2459cb470b6dd5.jpg,11,0.17477630078792572,0.5120695233345032,0.0066126310266554356,0.02206369675695896,0.0292586050927639
FisheyeCamera_1_00315_png.rf.14c625eca5ff0f371a2459cb470b6dd5.jpg,13,0.659252941608429,0.5203243494033813,0.010580357164144516,0.031363341957330704,0.009457836858928204
FisheyeCamera_1_00315_png.rf.14c625eca5ff0f371a2459cb470b6dd5.jpg,1,0.9074384570121765,0.3924369215965271,0.031368255615234375,0.090362548828125,0.007143762893974781
FisheyeCamera_1_00315_png.rf.14c625eca5ff0f371a2459cb470b6dd5.jpg,1,0.4302305579185486,0.5290338397026062,0.0076761250384151936,0.03567783907055855,0.006677911151200533
FisheyeCamera_1_00315_png.rf.14c625eca5ff0f371a2459cb470b6dd5.jpg,5,0.12180886417627335,0.5151641964912415,0.012873741798102856,0.028458742424845695,0.006326565518975258
FisheyeCamera_1_00315_png.rf.14c625eca5ff0f371a2459cb470b6dd5.jpg,0,0.9020464420318604,0.3908299505710602,0.0250882375985384,0.08683241903781891,0.005749036092311144
FisheyeCamera_1_00315_png.rf.14c625eca5ff0f371a2459cb470b6dd5.jpg,13,0.1191750317811966,0.5104128122329712,0.022524137049913406,0.025762338191270828,0.005408048164099455
FisheyeCamera_1_00315_png.rf.14c625eca5ff0f371a2459cb470b6dd5.jpg,1,0.4352354109287262,0.5250720381736755,0.0152473459020257,0.02645580656826496,0.00411336962133646
FisheyeCamera_1_00315_png.rf.14c625eca5ff0f371a2459cb470b6dd5.jpg,5,0.11890742182731628,0.5121444463729858,0.021908357739448547,0.02408577874302864,0.003444673027843237
FisheyeCamera_1_00315_png.rf.14c625eca5ff0f371a2459cb470b6dd5.jpg,3,0.05355454608798027,0.530009388923645,0.01155578251928091,0.01269523985683918,0.003154377918690443
FisheyeCamera_1_00315_png.rf.14c625eca5ff0f371a2459cb470b6dd5.jpg,13,0.6585975289344788,0.5114370584487915,0.011463165283203125,0.013848232105374336,0.0027850857004523277
FisheyeCamera_1_00315_png.rf.14c625eca5ff0f371a2459cb470b6dd5.jpg,13,0.12686331570148468,0.5121808052062988,0.01804760843515396,0.01850150339305401,0.0022980812937021255
FisheyeCamera_1_00315_png.rf.14c625eca5ff0f371a2459cb470b6dd5.jpg,11,0.17363563179969788,0.5088176131248474,0.008916378021240234,0.022006476297974586,0.002279562409967184
FisheyeCamera_1_00315_png.rf.14c625eca5ff0f371a2459cb470b6dd5.jpg,5,0.05549805238842964,0.5271404981613159,0.015719184651970863,0.01384830567985773,0.00219577644020319
FisheyeCamera_1_00315_png.rf.14c625eca5ff0f371a2459cb470b6dd5.jpg,11,0.9159353375434875,0.515926718711853,0.011507181450724602,0.017812728881835938,0.001963223097845912
FisheyeCamera_1_00315_png.rf.14c625eca5ff0f371a2459cb470b6dd5.jpg,11,0.9146612286567688,0.4986668825149536,0.010156338103115559,0.029592808336019516,0.001743757980875671
FisheyeCamera_1_00315_png.rf.14c625eca5ff0f371a2459cb470b6dd5.jpg,0,0.5883908271789551,0.31358298659324646,0.017797397449612617,0.014025229960680008,0.0016372083919122815
FisheyeCamera_1_00315_png.rf.14c625eca5ff0f371a2459cb470b6dd5.jpg,4,0.24411705136299133,0.5431026220321655,0.008172182366251945,0.011254970915615559,0.001635890337638557
FisheyeCamera_1_00315_png.rf.14c625eca5ff0f371a2459cb470b6dd5.jpg,0,0.5808481574058533,0.4150609076023102,0.016470836475491524,0.023494867607951164,0.001388621050864458
FisheyeCamera_1_00315_png.rf.14c625eca5ff0f371a2459cb470b6dd5.jpg,13,0.6445162892341614,0.5186665654182434,0.01150013878941536,0.02534455619752407,0.0013081758515909314
FisheyeCamera_1_00315_png.rf.14c625eca5ff0f371a2459cb470b6dd5.jpg,13,0.052376993000507355,0.5253497958183289,0.016850527375936508,0.01654852367937565,0.0013061414938420057
FisheyeCamera_1_00315_png.rf.14c625eca5ff0f371a2459cb470b6dd5.jpg,5,0.9532080888748169,0.47339510917663574,0.093583844602108,0.9201686382293701,0.0012679731007665396
FisheyeCamera_1_00315_png.rf.14c625eca5ff0f371a2459cb470b6dd5.jpg,13,0.916557788848877,0.5067321062088013,0.009103481657803059,0.023352697491645813,0.0012653653975576162
FisheyeCamera_1_00315_png.rf.14c625eca5ff0f371a2459cb470b6dd5.jpg,0,0.6945573687553406,0.47350838780403137,0.015289600938558578,0.018220901489257812,0.0012131804833188653
FisheyeCamera_1_00315_png.rf.14c625eca5ff0f371a2459cb470b6dd5.jpg,11,0.5295924544334412,0.893894374370575,0.8834112882614136,0.2122112512588501,0.0011095626978203654
FisheyeCamera_1_00315_png.rf.14c625eca5ff0f371a2459cb470b6dd5.jpg,3,0.431739866733551,0.5813465118408203,0.009056605398654938,0.015712151303887367,0.001043877680785954
FisheyeCamera_1_00351_png.rf.0c9f77a62c69eb9b4b91da5b1454eda5.jpg,12,0.43970876932144165,0.5460494160652161,0.014802566729485989,0.011983578093349934,0.16708976030349731
FisheyeCamera_1_00351_png.rf.0c9f77a62c69eb9b4b91da5b1454eda5.jpg,11,0.2160443216562271,0.5308700203895569,0.010273749940097332,0.013164667412638664,0.1662265658378601
FisheyeCamera_1_00351_png.rf.0c9f77a62c69eb9b4b91da5b1454eda5.jpg,12,0.44451749324798584,0.547519862651825,0.014904462732374668,0.010385953821241856,0.11571506410837173
FisheyeCamera_1_00351_png.rf.0c9f77a62c69eb9b4b91da5b1454eda5.jpg,11,0.21662786602973938,0.5303255915641785,0.014428689144551754,0.018690476194024086,0.051555946469306946
FisheyeCamera_1_00351_png.rf.0c9f77a62c69eb9b4b91da5b1454eda5.jpg,1,0.1774941235780716,0.47832417488098145,0.011991281062364578,0.02258829027414322,0.049206625670194626
FisheyeCamera_1_00351_png.rf.0c9f77a62c69eb9b4b91da5b1454eda5.jpg,13,0.20886503159999847,0.5345552563667297,0.016635308042168617,0.020896105095744133,0.02853480540215969
FisheyeCamera_1_00351_png.rf.0c9f77a62c69eb9b4b91da5b1454eda5.jpg,4,0.4468243420124054,0.5463707447052002,0.0173953864723444,0.011573278345167637,0.02526899054646492
FisheyeCamera_1_00351_png.rf.0c9f77a62c69eb9b4b91da5b1454eda5.jpg,13,0.2078421711921692,0.5291266441345215,0.014834808185696602,0.017277350649237633,0.014610216952860355
FisheyeCamera_1_00351_png.rf.0c9f77a62c69eb9b4b91da5b1454eda5.jpg,3,0.21626193821430206,0.5344709157943726,0.015152271836996078,0.02102169767022133,0.011847548186779022
FisheyeCamera_1_00351_png.rf.0c9f77a62c69eb9b4b91da5b1454eda5.jpg,13,0.17578957974910736,0.48327454924583435,0.010800802148878574,0.01676647551357746,0.006857796106487513
FisheyeCamera_1_00351_png.rf.0c9f77a62c69eb9b4b91da5b1454eda5.jpg,13,0.21256858110427856,0.5299351215362549,0.008519649505615234,0.023682082071900368,0.005997327622026205
FisheyeCamera_1_00351_png.rf.0c9f77a62c69eb9b4b91da5b1454eda5.jpg,13,0.12511055171489716,0.5308233499526978,0.012627712450921535,0.018580803647637367,0.0018386301817372441
FisheyeCamera_1_00351_png.rf.0c9f77a62c69eb9b4b91da5b1454eda5.jpg,1,0.4416542649269104,0.5503457188606262,0.006970625836402178,0.016444280743598938,0.0016156743513420224
FisheyeCamera_1_00351_png.rf.0c9f77a62c69eb9b4b91da5b1454eda5.jpg,13,0.16415372490882874,0.5511072874069214,0.011751982383430004,0.017879486083984375,0.0013236223021522164
FisheyeCamera_1_00351_png.rf.0c9f77a62c69eb9b4b91da5b1454eda5.jpg,13,0.0878334790468216,0.5025444626808167,0.01246511097997427,0.014678441919386387,0.0011800447246059775
FisheyeCamera_1_00351_png.rf.0c9f77a62c69eb9b4b91da5b1454eda5.jpg,13,0.14347097277641296,0.5283757448196411,0.008838984183967113,0.01193354744464159,0.0010821337345987558
FisheyeCamera_1_00364_png.rf.a9a2ae260182758dd32759d27a3f08ae.jpg,12,0.5200800895690918,0.5407435894012451,0.012826553545892239,0.02012656442821026,0.4308322072029114
FisheyeCamera_1_00364_png.rf.a9a2ae260182758dd32759d27a3f08ae.jpg,13,0.1862761527299881,0.5269338488578796,0.008826329372823238,0.01564495451748371,0.19602040946483612
FisheyeCamera_1_00364_png.rf.a9a2ae260182758dd32759d27a3f08ae.jpg,13,0.1840703785419464,0.5238721966743469,0.013826774433255196,0.01842748187482357,0.0957331657409668
FisheyeCamera_1_00364_png.rf.a9a2ae260182758dd32759d27a3f08ae.jpg,1,0.062394749373197556,0.4349140226840973,0.012468485161662102,0.04018578305840492,0.05471931770443916
FisheyeCamera_1_00364_png.rf.a9a2ae260182758dd32759d27a3f08ae.jpg,0,0.061523787677288055,0.4393020272254944,0.012908514589071274,0.04723314195871353,0.00820619985461235
FisheyeCamera_1_00364_png.rf.a9a2ae260182758dd32759d27a3f08ae.jpg,4,0.5209436416625977,0.5399945974349976,0.016228383406996727,0.022645438089966774,0.003725488903000951
FisheyeCamera_1_00364_png.rf.a9a2ae260182758dd32759d27a3f08ae.jpg,13,0.5193694233894348,0.5471038818359375,0.01098647527396679,0.022429246455430984,0.0036307284608483315
FisheyeCamera_1_00364_png.rf.a9a2ae260182758dd32759d27a3f08ae.jpg,13,0.1408131867647171,0.527206540107727,0.009479633532464504,0.011438149958848953,0.0035419550258666277
FisheyeCamera_1_00364_png.rf.a9a2ae260182758dd32759d27a3f08ae.jpg,10,0.05810145288705826,0.5158601999282837,0.008189980871975422,0.017795123159885406,0.0032056341879069805
FisheyeCamera_1_00364_png.rf.a9a2ae260182758dd32759d27a3f08ae.jpg,13,0.20015886425971985,0.5271485447883606,0.0070241414941847324,0.014502379111945629,0.0028213902842253447
FisheyeCamera_1_00364_png.rf.a9a2ae260182758dd32759d27a3f08ae.jpg,13,0.05791378393769264,0.49895086884498596,0.010751422494649887,0.028525207191705704,0.002039004350081086
FisheyeCamera_1_00364_png.rf.a9a2ae260182758dd32759d27a3f08ae.jpg,13,0.05485106632113457,0.5110024809837341,0.013561414554715157,0.018629074096679688,0.0019156292546540499
FisheyeCamera_1_00364_png.rf.a9a2ae260182758dd32759d27a3f08ae.jpg,13,0.1833084672689438,0.5322219729423523,0.01310704369097948,0.027016934007406235,0.0016786850756034255
FisheyeCamera_1_00364_png.rf.a9a2ae260182758dd32759d27a3f08ae.jpg,10,0.06036783382296562,0.5081357359886169,0.013903333805501461,0.02263406664133072,0.0016551173757761717
FisheyeCamera_1_00364_png.rf.a9a2ae260182758dd32759d27a3f08ae.jpg,13,0.12886373698711395,0.5307234525680542,0.010621694847941399,0.012966450303792953,0.0014530523912981153
FisheyeCamera_1_00364_png.rf.a9a2ae260182758dd32759d27a3f08ae.jpg,13,0.19679921865463257,0.5260064005851746,0.008270263671875,0.01744593121111393,0.0014065505238249898
FisheyeCamera_1_00364_png.rf.a9a2ae260182758dd32759d27a3f08ae.jpg,5,0.5140812993049622,0.5411982536315918,0.024974970147013664,0.020177695900201797,0.001358590554445982
FisheyeCamera_1_00364_png.rf.a9a2ae260182758dd32759d27a3f08ae.jpg,9,0.1861608624458313,0.5198276042938232,0.009038741700351238,0.020915765315294266,0.0011451374739408493
FisheyeCamera_1_00382_png.rf.da9f23f9bb25ab0a204cb881a5ccf798.jpg,13,0.05527064576745033,0.5002644062042236,0.014418896287679672,0.02780180796980858,0.17064912617206573
FisheyeCamera_1_00382_png.rf.da9f23f9bb25ab0a204cb881a5ccf798.jpg,13,0.10855736583471298,0.5068873167037964,0.012211102992296219,0.027464793995022774,0.00782784167677164
FisheyeCamera_1_00382_png.rf.da9f23f9bb25ab0a204cb881a5ccf798.jpg,13,0.1296267956495285,0.5312018394470215,0.013793413527309895,0.01341115590184927,0.007432673592120409
FisheyeCamera_1_00382_png.rf.da9f23f9bb25ab0a204cb881a5ccf798.jpg,13,0.14019055664539337,0.5309514999389648,0.01314579602330923,0.016025030985474586,0.0035965146962553263
FisheyeCamera_1_00382_png.rf.da9f23f9bb25ab0a204cb881a5ccf798.jpg,13,0.058139510452747345,0.5052928924560547,0.014554537832736969,0.03442683815956116,0.0026247866917401552
FisheyeCamera_1_00382_png.rf.da9f23f9bb25ab0a204cb881a5ccf798.jpg,13,0.1435021609067917,0.5497313737869263,0.009763424284756184,0.019197318702936172,0.0021683676168322563
FisheyeCamera_1_00382_png.rf.da9f23f9bb25ab0a204cb881a5ccf798.jpg,1,0.21663790941238403,0.5091202855110168,0.010329246520996094,0.010570232756435871,0.002023516222834587
FisheyeCamera_1_00382_png.rf.da9f23f9bb25ab0a204cb881a5ccf798.jpg,13,0.12860584259033203,0.512385368347168,0.013294514268636703,0.0202484130859375,0.0016654323553666472
FisheyeCamera_1_00382_png.rf.da9f23f9bb25ab0a204cb881a5ccf798.jpg,13,0.14321842789649963,0.5443887114524841,0.011510061100125313,0.014760018326342106,0.0012850563507527113
FisheyeCamera_1_00382_png.rf.da9f23f9bb25ab0a204cb881a5ccf798.jpg,1,0.4126773178577423,0.5456571578979492,0.004807105753570795,0.00992334820330143,0.0010250331833958626
FisheyeCamera_1_00382_png.rf.da9f23f9bb25ab0a204cb881a5ccf798.jpg,0,0.2406117469072342,0.5114798545837402,0.007244220469146967,0.009970885701477528,0.0010169248562306166
FisheyeCamera_1_00454_png.rf.69544c267e97e6de7d8ff36d70f8a8f6.jpg,4,0.8021846413612366,0.5234508514404297,0.010859856382012367,0.01911141350865364,0.22483369708061218
FisheyeCamera_1_00454_png.rf.69544c267e97e6de7d8ff36d70f8a8f6.jpg,0,0.7291736006736755,0.460109144449234,0.02156800590455532,0.01648682914674282,0.17844261229038239
FisheyeCamera_1_00454_png.rf.69544c267e97e6de7d8ff36d70f8a8f6.jpg,3,0.8013546466827393,0.5250908732414246,0.013048172928392887,0.02271006815135479,0.17055562138557434
FisheyeCamera_1_00454_png.rf.69544c267e97e6de7d8ff36d70f8a8f6.jpg,0,0.7270829677581787,0.4636463224887848,0.019249843433499336,0.01593010313808918,0.068441241979599
FisheyeCamera_1_00454_png.rf.69544c267e97e6de7d8ff36d70f8a8f6.jpg,1,0.7307959794998169,0.460031121969223,0.021562431007623672,0.017076639458537102,0.050028230994939804
FisheyeCamera_1_00454_png.rf.69544c267e97e6de7d8ff36d70f8a8f6.jpg,5,0.8018832206726074,0.5238370299339294,0.012966889888048172,0.028898973017930984,0.019027139991521835
FisheyeCamera_1_00454_png.rf.69544c267e97e6de7d8ff36d70f8a8f6.jpg,13,0.1831226944923401,0.5216149091720581,0.00879416149109602,0.02144366130232811,0.011455613188445568
FisheyeCamera_1_00454_png.rf.69544c267e97e6de7d8ff36d70f8a8f6.jpg,5,0.898902177810669,0.5132602453231812,0.009465438313782215,0.015699094161391258,0.006401658523827791
FisheyeCamera_1_00454_png.rf.69544c267e97e6de7d8ff36d70f8a8f6.jpg,13,0.28203055262565613,0.5336294174194336,0.005562635604292154,0.011391713283956051,0.004340831656008959
FisheyeCamera_1_00454_png.rf.69544c267e97e6de7d8ff36d70f8a8f6.jpg,9,0.2817467451095581,0.5350428819656372,0.006735361646860838,0.014841374009847641,0.00392562709748745
FisheyeCamera_1_00454_png.rf.69544c267e97e6de7d8ff36d70f8a8f6.jpg,13,0.7992037534713745,0.5254420042037964,0.019043555483222008,0.025870030745863914,0.0028957852628082037
FisheyeCamera_1_00454_png.rf.69544c267e97e6de7d8ff36d70f8a8f6.jpg,11,0.9081071019172668,0.5129005908966064,0.01099395751953125,0.015953578054904938,0.0026082638651132584
FisheyeCamera_1_00454_png.rf.69544c267e97e6de7d8ff36d70f8a8f6.jpg,1,0.6480957865715027,0.46993139386177063,0.008524381555616856,0.008982879109680653,0.001496681710705161
FisheyeCamera_1_00454_png.rf.69544c267e97e6de7d8ff36d70f8a8f6.jpg,9,0.2450128048658371,0.5330601930618286,0.01295981090515852,0.02046159654855728,0.0013994170585647225
FisheyeCamera_1_00454_png.rf.69544c267e97e6de7d8ff36d70f8a8f6.jpg,3,0.9013782143592834,0.5162519216537476,0.011592571623623371,0.01591484434902668,0.0013156627537682652
FisheyeCamera_1_00454_png.rf.69544c267e97e6de7d8ff36d70f8a8f6.jpg,13,0.18865381181240082,0.5294983983039856,0.008651403710246086,0.012810193933546543,0.00125785858836025
FisheyeCamera_1_00454_png.rf.69544c267e97e6de7d8ff36d70f8a8f6.jpg,13,0.17423561215400696,0.521036684513092,0.006697655189782381,0.009447025135159492,0.0011474824277684093
FisheyeCamera_1_00471_png.rf.eb0a04fb4ec3ae41bf4b96e27bd5d26d.jpg,0,0.519710898399353,0.4583912193775177,0.029793519526720047,0.08781609684228897,0.8802574872970581
FisheyeCamera_1_00471_png.rf.eb0a04fb4ec3ae41bf4b96e27bd5d26d.jpg,0,0.3395915627479553,0.46017464995384216,0.025155289098620415,0.08260169625282288,0.8417976498603821
FisheyeCamera_1_00471_png.rf.eb0a04fb4ec3ae41bf4b96e27bd5d26d.jpg,0,0.3314695358276367,0.4557965397834778,0.03512544184923172,0.07642834633588791,0.008867188356816769
FisheyeCamera_1_00471_png.rf.eb0a04fb4ec3ae41bf4b96e27bd5d26d.jpg,1,0.23706845939159393,0.4711137115955353,0.015268143266439438,0.01069758553057909,0.0031833385583013296
FisheyeCamera_1_00471_png.rf.eb0a04fb4ec3ae41bf4b96e27bd5d26d.jpg,0,0.30854669213294983,0.47089314460754395,0.028248127549886703,0.023575710132718086,0.0029368221294134855
FisheyeCamera_1_00471_png.rf.eb0a04fb4ec3ae41bf4b96e27bd5d26d.jpg,9,0.49875277280807495,0.2972409725189209,0.9958992600440979,0.5944819450378418,0.0017821954097598791
FisheyeCamera_1_00471_png.rf.eb0a04fb4ec3ae41bf4b96e27bd5d26d.jpg,0,0.5939339399337769,0.4680223762989044,0.01596817746758461,0.009534982964396477,0.0013084809761494398
FisheyeCamera_1_00471_png.rf.eb0a04fb4ec3ae41bf4b96e27bd5d26d.jpg,1,0.233072429895401,0.4715411067008972,0.018844936043024063,0.010912529192864895,0.0011817230843007565
FisheyeCamera_1_00471_png.rf.eb0a04fb4ec3ae41bf4b96e27bd5d26d.jpg,0,0.3750828504562378,0.46451452374458313,0.023497655987739563,0.031433988362550735,0.0010192085755988955
FisheyeCamera_1_00476_png.rf.9039468fbc1dab58476b697e479807f8.jpg,0,0.5329642295837402,0.3883059620857239,0.05567184090614319,0.14683254063129425,0.968887209892273
FisheyeCamera_1_00476_png.rf.9039468fbc1dab58476b697e479807f8.jpg,0,0.2514892816543579,0.40177515149116516,0.03640453889966011,0.120456263422966,0.8000138998031616
FisheyeCamera_1_00476_png.rf.9039468fbc1dab58476b697e479807f8.jpg,0,0.27079862356185913,0.42975518107414246,0.056653209030628204,0.05014221742749214,0.001083276467397809
FisheyeCamera_1_00479_png.rf.f7e77b725ba1e70b5dc8b0697e0b1f92.jpg,0,0.5032898187637329,0.4173383116722107,0.014937767758965492,0.011493682861328125,0.4947340190410614
FisheyeCamera_1_00479_png.rf.f7e77b725ba1e70b5dc8b0697e0b1f92.jpg,5,0.9316055774688721,0.5020914077758789,0.013034087605774403,0.026498869061470032,0.33122682571411133
FisheyeCamera_1_00479_png.rf.f7e77b725ba1e70b5dc8b0697e0b1f92.jpg,11,0.9335337281227112,0.5024150013923645,0.017092779278755188,0.02502419427037239,0.2109413594007492
FisheyeCamera_1_00479_png.rf.f7e77b725ba1e70b5dc8b0697e0b1f92.jpg,0,0.5060340762138367,0.41984832286834717,0.013484002090990543,0.017808035016059875,0.20672821998596191
FisheyeCamera_1_00479_png.rf.f7e77b725ba1e70b5dc8b0697e0b1f92.jpg,0,0.7345510721206665,0.4035068452358246,0.04144522175192833,0.021485695615410805,0.17849701642990112
FisheyeCamera_1_00479_png.rf.f7e77b725ba1e70b5dc8b0697e0b1f92.jpg,0,0.5051862001419067,0.41417986154556274,0.012443176470696926,0.017454002052545547,0.17080993950366974
FisheyeCamera_1_00479_png.rf.f7e77b725ba1e70b5dc8b0697e0b1f92.jpg,11,0.9292829632759094,0.5015925168991089,0.02077249437570572,0.025152133777737617,0.09657503664493561
FisheyeCamera_1_00479_png.rf.f7e77b725ba1e70b5dc8b0697e0b1f92.jpg,1,0.5045360326766968,0.4737103581428528,0.012187591753900051,0.008695309050381184,0.025079598650336266
FisheyeCamera_1_00479_png.rf.f7e77b725ba1e70b5dc8b0697e0b1f92.jpg,0,0.51380455493927,0.4185436964035034,0.03566903620958328,0.012484624050557613,0.02009488269686699
FisheyeCamera_1_00479_png.rf.f7e77b725ba1e70b5dc8b0697e0b1f92.jpg,1,0.5059486627578735,0.47518739104270935,0.012956692837178707,0.00954701378941536,0.01697552762925625
FisheyeCamera_1_00479_png.rf.f7e77b725ba1e70b5dc8b0697e0b1f92.jpg,1,0.4976933002471924,0.473829060792923,0.014886490069329739,0.007894222624599934,0.010013547725975513
FisheyeCamera_1_00479_png.rf.f7e77b725ba1e70b5dc8b0697e0b1f92.jpg,4,0.9290221929550171,0.5054397583007812,0.0202664602547884,0.03275130316615105,0.00524764833971858
FisheyeCamera_1_00479_png.rf.f7e77b725ba1e70b5dc8b0697e0b1f92.jpg,5,0.9334913492202759,0.5067065358161926,0.02080286480486393,0.030134202912449837,0.004013985861092806
FisheyeCamera_1_00479_png.rf.f7e77b725ba1e70b5dc8b0697e0b1f92.jpg,0,0.513471782207489,0.4215133786201477,0.023847727105021477,0.015220643021166325,0.0033092943485826254
FisheyeCamera_1_00479_png.rf.f7e77b725ba1e70b5dc8b0697e0b1f92.jpg,0,0.5036746859550476,0.42311492562294006,0.014539572410285473,0.020116660743951797,0.003030413994565606
FisheyeCamera_1_00479_png.rf.f7e77b725ba1e70b5dc8b0697e0b1f92.jpg,1,0.4716721177101135,0.47503307461738586,0.015616417862474918,0.009971252642571926,0.0011067084269598126
FisheyeCamera_1_00480_png.rf.ff94615495e0c4eb7cd3a1cfce3cf2cd.jpg,0,0.5036000609397888,0.4140985310077667,0.016213931143283844,0.012910990044474602,0.5903894901275635
FisheyeCamera_1_00480_png.rf.ff94615495e0c4eb7cd3a1cfce3cf2cd.jpg,0,0.5046632289886475,0.4108526408672333,0.015036949887871742,0.01151415053755045,0.34667909145355225
FisheyeCamera_1_00480_png.rf.ff94615495e0c4eb7cd3a1cfce3cf2cd.jpg,0,0.7476878762245178,0.3935239017009735,0.042705830186605453,0.022169113159179688,0.3235723376274109
FisheyeCamera_1_00480_png.rf.ff94615495e0c4eb7cd3a1cfce3cf2cd.jpg,11,0.9495723843574524,0.4967086911201477,0.015051035210490227,0.024918777868151665,0.23547406494617462
FisheyeCamera_1_00480_png.rf.ff94615495e0c4eb7cd3a1cfce3cf2cd.jpg,5,0.9529696702957153,0.4977976679801941,0.01574472337961197,0.03122425265610218,0.14838948845863342
FisheyeCamera_1_00480_png.rf.ff94615495e0c4eb7cd3a1cfce3cf2cd.jpg,1,0.5050227046012878,0.47238925099372864,0.011476516723632812,0.009719335474073887,0.05491790920495987
FisheyeCamera_1_00480_png.rf.ff94615495e0c4eb7cd3a1cfce3cf2cd.jpg,1,0.7472983598709106,0.39375898241996765,0.04471294954419136,0.023087356239557266,0.04488881677389145
FisheyeCamera_1_00480_png.rf.ff94615495e0c4eb7cd3a1cfce3cf2cd.jpg,1,0.4978569746017456,0.4731202721595764,0.015217634849250317,0.007339478004723787,0.015684902667999268
FisheyeCamera_1_00480_png.rf.ff94615495e0c4eb7cd3a1cfce3cf2cd.jpg,0,0.5130090117454529,0.4148201048374176,0.03755664825439453,0.014110271818935871,0.012946593575179577
FisheyeCamera_1_00480_png.rf.ff94615495e0c4eb7cd3a1cfce3cf2cd.jpg,13,0.954525351524353,0.4978519678115845,0.02146383561193943,0.026584113016724586,0.004497641231864691
FisheyeCamera_1_00480_png.rf.ff94615495e0c4eb7cd3a1cfce3cf2cd.jpg,0,0.5118755102157593,0.41178378462791443,0.02720070071518421,0.013306912034749985,0.004357500933110714
FisheyeCamera_1_00480_png.rf.ff94615495e0c4eb7cd3a1cfce3cf2cd.jpg,1,0.5155078768730164,0.47430628538131714,0.019302882254123688,0.009287321008741856,0.0021401941776275635
FisheyeCamera_1_00480_png.rf.ff94615495e0c4eb7cd3a1cfce3cf2cd.jpg,0,0.5084203481674194,0.41161689162254333,0.027140691876411438,0.018916277214884758,0.001510570291429758
FisheyeCamera_1_00480_png.rf.ff94615495e0c4eb7cd3a1cfce3cf2cd.jpg,8,0.5740925669670105,0.3712460994720459,0.8374326229095459,0.7424921989440918,0.0013043711660429835
FisheyeCamera_1_00509_png.rf.a4fdcf5053bc422a3b30b4cef69e5ea6.jpg,1,0.5099435448646545,0.318624883890152,0.023962609469890594,0.01389943715184927,0.613237202167511
FisheyeCamera_1_00509_png.rf.a4fdcf5053bc422a3b30b4cef69e5ea6.jpg,0,0.5101154446601868,0.3188827335834503,0.024737799540162086,0.015753526240587234,0.35933932662010193
FisheyeCamera_1_00509_png.rf.a4fdcf5053bc422a3b30b4cef69e5ea6.jpg,11,0.6398457884788513,0.5454357266426086,0.008991534821689129,0.013143466785550117,0.19142964482307434
FisheyeCamera_1_00509_png.rf.a4fdcf5053bc422a3b30b4cef69e5ea6.jpg,0,0.5079402923583984,0.31964921951293945,0.04677757993340492,0.021162694320082664,0.06686782091856003
FisheyeCamera_1_00509_png.rf.a4fdcf5053bc422a3b30b4cef69e5ea6.jpg,0,0.5276061296463013,0.3186495900154114,0.04272409901022911,0.021287992596626282,0.045038025826215744
FisheyeCamera_1_00509_png.rf.a4fdcf5053bc422a3b30b4cef69e5ea6.jpg,1,0.5050102472305298,0.32073524594306946,0.031889475882053375,0.014500471763312817,0.023167401552200317
FisheyeCamera_1_00509_png.rf.a4fdcf5053bc422a3b30b4cef69e5ea6.jpg,11,0.6397873759269714,0.5416412353515625,0.005641350522637367,0.013877942226827145,0.017712853848934174
FisheyeCamera_1_00509_png.rf.a4fdcf5053bc422a3b30b4cef69e5ea6.jpg,1,0.5143032073974609,0.3204635679721832,0.03071066178381443,0.015699828043580055,0.009902406483888626
FisheyeCamera_1_00509_png.rf.a4fdcf5053bc422a3b30b4cef69e5ea6.jpg,0,0.5296754837036133,0.32160547375679016,0.05594363808631897,0.0179443359375,0.002392775611951947
FisheyeCamera_1_00509_png.rf.a4fdcf5053bc422a3b30b4cef69e5ea6.jpg,1,0.5089980959892273,0.32437625527381897,0.024524835869669914,0.025656921789050102,0.0018940630834549665
FisheyeCamera_1_00509_png.rf.a4fdcf5053bc422a3b30b4cef69e5ea6.jpg,0,0.5091512203216553,0.3239981234073639,0.02437863126397133,0.024435997009277344,0.0017894112970679998
FisheyeCamera_1_00509_png.rf.a4fdcf5053bc422a3b30b4cef69e5ea6.jpg,1,0.5348360538482666,0.3236265778541565,0.04357462748885155,0.014141377061605453,0.0014914667699486017
FisheyeCamera_1_00509_png.rf.a4fdcf5053bc422a3b30b4cef69e5ea6.jpg,1,0.5129451751708984,0.3151854872703552,0.025762779638171196,0.031490474939346313,0.0011474076891317964
FisheyeCamera_1_00587_png.rf.8f637c2480c931d014f8cc2877541abd.jpg,4,0.5338086485862732,0.5485684275627136,0.009953132830560207,0.00896967388689518,0.17669948935508728
FisheyeCamera_1_00587_png.rf.8f637c2480c931d014f8cc2877541abd.jpg,1,0.6285580992698669,0.49019110202789307,0.008130000904202461,0.0066248090006411076,0.07939916849136353
FisheyeCamera_1_00587_png.rf.8f637c2480c931d014f8cc2877541abd.jpg,4,0.5417211055755615,0.5485538244247437,0.012967769987881184,0.010806817561388016,0.031238410621881485
FisheyeCamera_1_00587_png.rf.8f637c2480c931d014f8cc2877541abd.jpg,4,0.5322793126106262,0.5488422513008118,0.014633766375482082,0.010698392055928707,0.015950212255120277
FisheyeCamera_1_00587_png.rf.8f637c2480c931d014f8cc2877541abd.jpg,1,0.637610912322998,0.4906105399131775,0.014780925586819649,0.0058786687441170216,0.0031772281508892775
FisheyeCamera_1_00594_png.rf.dc0e60f4633360af03461b14c31a1454.jpg,4,0.5201914310455322,0.546272873878479,0.009923934936523438,0.012676972895860672,0.5436321496963501
FisheyeCamera_1_00594_png.rf.dc0e60f4633360af03461b14c31a1454.jpg,4,0.5169842839241028,0.5473495721817017,0.014741898514330387,0.009503657929599285,0.2715596556663513
FisheyeCamera_1_00594_png.rf.dc0e60f4633360af03461b14c31a1454.jpg,1,0.6251247525215149,0.4856126606464386,0.008784661069512367,0.00997939519584179,0.057061899453401566
FisheyeCamera_1_00594_png.rf.dc0e60f4633360af03461b14c31a1454.jpg,1,0.6313984394073486,0.48279574513435364,0.010937911458313465,0.006446545012295246,0.011635866947472095
FisheyeCamera_1_00594_png.rf.dc0e60f4633360af03461b14c31a1454.jpg,13,0.5187353491783142,0.5498716235160828,0.0072047896683216095,0.01744842529296875,0.0045821694657206535
FisheyeCamera_1_00594_png.rf.dc0e60f4633360af03461b14c31a1454.jpg,1,0.6091629266738892,0.4868922829627991,0.012471272610127926,0.008621802553534508,0.002913905307650566
FisheyeCamera_1_00594_png.rf.dc0e60f4633360af03461b14c31a1454.jpg,4,0.5118348002433777,0.5476070642471313,0.02053840458393097,0.011543347500264645,0.002637456404045224
FisheyeCamera_1_00594_png.rf.dc0e60f4633360af03461b14c31a1454.jpg,1,0.6245501637458801,0.48019978404045105,0.014811736531555653,0.010774025693535805,0.0021447918843477964
FisheyeCamera_1_00594_png.rf.dc0e60f4633360af03461b14c31a1454.jpg,1,0.6328626275062561,0.48003777861595154,0.016215985640883446,0.010536634363234043,0.0017913184128701687
FisheyeCamera_1_00600_png.rf.99bc40dcb86cb45b4425a2604dd3cd8d.jpg,4,0.4957643747329712,0.5472685098648071,0.010991756804287434,0.011612526141107082,0.7056584358215332
FisheyeCamera_1_00600_png.rf.99bc40dcb86cb45b4425a2604dd3cd8d.jpg,1,0.6122070550918579,0.47424280643463135,0.013519288040697575,0.007877936586737633,0.15856841206550598
FisheyeCamera_1_00600_png.rf.99bc40dcb86cb45b4425a2604dd3cd8d.jpg,1,0.6193268299102783,0.47439926862716675,0.014250866137444973,0.007634456735104322,0.13158535957336426
FisheyeCamera_1_00600_png.rf.99bc40dcb86cb45b4425a2604dd3cd8d.jpg,12,0.4928475022315979,0.5432972311973572,0.01451624371111393,0.01738981157541275,0.03821557015180588
FisheyeCamera_1_00600_png.rf.99bc40dcb86cb45b4425a2604dd3cd8d.jpg,4,0.5006542205810547,0.5468589067459106,0.01809457689523697,0.012094864621758461,0.013581504113972187
FisheyeCamera_1_00600_png.rf.99bc40dcb86cb45b4425a2604dd3cd8d.jpg,4,0.4897392988204956,0.5453457832336426,0.02243254892528057,0.015334130264818668,0.002514383289963007
FisheyeCamera_1_00600_png.rf.99bc40dcb86cb45b4425a2604dd3cd8d.jpg,1,0.5853521227836609,0.4753481149673462,0.012158393859863281,0.009111111052334309,0.0018783450359478593
FisheyeCamera_1_00600_png.rf.99bc40dcb86cb45b4425a2604dd3cd8d.jpg,1,0.5764541625976562,0.4792390465736389,0.011485687457025051,0.009755355305969715,0.001159372739493847
FisheyeCamera_1_00604_png.rf.fd483074d74e8bee0d71bb87e77ab3ef.jpg,4,0.473919153213501,0.5432360768318176,0.013249177485704422,0.015656398609280586,0.6313380002975464
FisheyeCamera_1_00604_png.rf.fd483074d74e8bee0d71bb87e77ab3ef.jpg,1,0.6074106693267822,0.469306081533432,0.015231499448418617,0.007181608118116856,0.4035181701183319
FisheyeCamera_1_00604_png.rf.fd483074d74e8bee0d71bb87e77ab3ef.jpg,1,0.6090136170387268,0.47111567854881287,0.017830409109592438,0.008820607326924801,0.06303555518388748
FisheyeCamera_1_00604_png.rf.fd483074d74e8bee0d71bb87e77ab3ef.jpg,1,0.6021543741226196,0.4711150527000427,0.01577714830636978,0.008679023943841457,0.02683320827782154
FisheyeCamera_1_00604_png.rf.fd483074d74e8bee0d71bb87e77ab3ef.jpg,1,0.6144920587539673,0.4699474573135376,0.021836061030626297,0.007942640222609043,0.008217042312026024
FisheyeCamera_1_00604_png.rf.fd483074d74e8bee0d71bb87e77ab3ef.jpg,1,0.564353883266449,0.47344422340393066,0.014236964285373688,0.008773510344326496,0.007057680748403072
FisheyeCamera_1_00604_png.rf.fd483074d74e8bee0d71bb87e77ab3ef.jpg,1,0.5967846512794495,0.469313383102417,0.020979074761271477,0.007494193036109209,0.0069074672646820545
FisheyeCamera_1_00604_png.rf.fd483074d74e8bee0d71bb87e77ab3ef.jpg,4,0.47490590810775757,0.5404531359672546,0.012172698974609375,0.02340463548898697,0.0019087237305939198
FisheyeCamera_1_00604_png.rf.fd483074d74e8bee0d71bb87e77ab3ef.jpg,5,0.47374191880226135,0.5483903288841248,0.01790090836584568,0.020156273618340492,0.0015551774995401502
FisheyeCamera_1_00604_png.rf.fd483074d74e8bee0d71bb87e77ab3ef.jpg,3,0.4730040729045868,0.5432952046394348,0.014776377007365227,0.024876374751329422,0.0011494472855702043
FisheyeCamera_1_00615_png.rf.6b8b9a4df61e83d15119053ea613f434.jpg,4,0.33927032351493835,0.5264148712158203,0.024072354659438133,0.035770490765571594,0.5487313270568848
FisheyeCamera_1_00615_png.rf.6b8b9a4df61e83d15119053ea613f434.jpg,1,0.5621873140335083,0.4459553062915802,0.019603069871664047,0.012438627891242504,0.29931557178497314
FisheyeCamera_1_00615_png.rf.6b8b9a4df61e83d15119053ea613f434.jpg,1,0.5604867935180664,0.4434192478656769,0.014353386126458645,0.008329684846103191,0.2908284068107605
FisheyeCamera_1_00615_png.rf.6b8b9a4df61e83d15119053ea613f434.jpg,1,0.5625672340393066,0.44196805357933044,0.013920124620199203,0.007968902587890625,0.18371759355068207
FisheyeCamera_1_00615_png.rf.6b8b9a4df61e83d15119053ea613f434.jpg,1,0.5572169423103333,0.44649723172187805,0.018576916307210922,0.011352833360433578,0.09383983165025711
FisheyeCamera_1_00615_png.rf.6b8b9a4df61e83d15119053ea613f434.jpg,12,0.33821848034858704,0.5261887311935425,0.02616339549422264,0.03655741736292839,0.07971607893705368
FisheyeCamera_1_00615_png.rf.6b8b9a4df61e83d15119053ea613f434.jpg,5,0.33821848034858704,0.5248080492019653,0.02445257641375065,0.03128213435411453,0.06028683856129646
FisheyeCamera_1_00615_png.rf.6b8b9a4df61e83d15119053ea613f434.jpg,1,0.5610347986221313,0.4408475458621979,0.01733105070888996,0.016340550035238266,0.009153538383543491
FisheyeCamera_1_00615_png.rf.6b8b9a4df61e83d15119053ea613f434.jpg,1,0.5569023489952087,0.43821465969085693,0.018836315721273422,0.01922871544957161,0.0037375239189714193
FisheyeCamera_1_00615_png.rf.6b8b9a4df61e83d15119053ea613f434.jpg,1,0.576489269733429,0.4472547173500061,0.021121099591255188,0.010907980613410473,0.0012484517646953464
FisheyeCamera_1_00631_png.rf.ef7fde7123c71d075628496a468eb1df.jpg,1,0.5118861198425293,0.3477644622325897,0.02294892631471157,0.01644354686141014,0.4895940124988556
FisheyeCamera_1_00631_png.rf.ef7fde7123c71d075628496a468eb1df.jpg,11,0.43703022599220276,0.5475737452507019,0.00874079205095768,0.013645319268107414,0.04831207916140556
FisheyeCamera_1_00631_png.rf.ef7fde7123c71d075628496a468eb1df.jpg,1,0.5150702595710754,0.3450525104999542,0.02879553660750389,0.017661169171333313,0.0018368843011558056
FisheyeCamera_1_00922_png.rf.408835a278b9c700eb1a2f358ca58d07.jpg,1,0.18385812640190125,0.49059605598449707,0.008283578790724277,0.00659619877114892,0.10099177807569504
FisheyeCamera_1_00922_png.rf.408835a278b9c700eb1a2f358ca58d07.jpg,1,0.15973308682441711,0.4873707592487335,0.009809054434299469,0.007526691537350416,0.03510037437081337
FisheyeCamera_1_00922_png.rf.408835a278b9c700eb1a2f358ca58d07.jpg,1,0.10811008512973785,0.49367931485176086,0.0070238118059933186,0.010738960467278957,0.018101153895258904
FisheyeCamera_1_00922_png.rf.408835a278b9c700eb1a2f358ca58d07.jpg,11,0.10942701250314713,0.49668624997138977,0.007229897193610668,0.014632078818976879,0.007226233836263418
FisheyeCamera_1_00922_png.rf.408835a278b9c700eb1a2f358ca58d07.jpg,1,0.18227893114089966,0.4916189908981323,0.01120501384139061,0.013417831622064114,0.005807499401271343
FisheyeCamera_1_00922_png.rf.408835a278b9c700eb1a2f358ca58d07.jpg,12,0.18792761862277985,0.4865112006664276,0.009601189754903316,0.00932187307626009,0.004599628038704395
FisheyeCamera_1_00922_png.rf.408835a278b9c700eb1a2f358ca58d07.jpg,1,0.159427210688591,0.48285889625549316,0.011931006796658039,0.016127806156873703,0.0022427826188504696
FisheyeCamera_1_00922_png.rf.408835a278b9c700eb1a2f358ca58d07.jpg,1,0.1786232739686966,0.4845143258571625,0.00988516490906477,0.019111046567559242,0.0016899920301511884
FisheyeCamera_1_01013_png.rf.9464970b75fa02363baae3c682e99f39.jpg,0,0.569682776927948,0.5103644132614136,0.015917997807264328,0.010338563472032547,0.5245773792266846
FisheyeCamera_1_01013_png.rf.9464970b75fa02363baae3c682e99f39.jpg,0,0.6853064298629761,0.43296027183532715,0.030627472326159477,0.023225272074341774,0.22647757828235626
FisheyeCamera_1_01013_png.rf.9464970b75fa02363baae3c682e99f39.jpg,0,0.5357007384300232,0.5127105116844177,0.013771058060228825,0.008648212067782879,0.12734104692935944
FisheyeCamera_1_01013_png.rf.9464970b75fa02363baae3c682e99f39.jpg,0,0.6912828683853149,0.43262746930122375,0.04341888427734375,0.027699250727891922,0.10147713124752045
FisheyeCamera_1_01013_png.rf.9464970b75fa02363baae3c682e99f39.jpg,0,0.5426965951919556,0.5117920637130737,0.018451984971761703,0.009594184346497059,0.07533644884824753
FisheyeCamera_1_01013_png.rf.9464970b75fa02363baae3c682e99f39.jpg,0,0.7251865863800049,0.4442451298236847,0.022759364917874336,0.020475314930081367,0.06383439898490906
FisheyeCamera_1_01013_png.rf.9464970b75fa02363baae3c682e99f39.jpg,0,0.5672541260719299,0.5142537355422974,0.009203104302287102,0.015027560293674469,0.018051201477646828
FisheyeCamera_1_01013_png.rf.9464970b75fa02363baae3c682e99f39.jpg,0,0.5689826607704163,0.5073467493057251,0.00864388421177864,0.018436506390571594,0.015101212076842785
FisheyeCamera_1_01013_png.rf.9464970b75fa02363baae3c682e99f39.jpg,0,0.7125963568687439,0.44072607159614563,0.04507241025567055,0.020349502563476562,0.0138178626075387
FisheyeCamera_1_01013_png.rf.9464970b75fa02363baae3c682e99f39.jpg,0,0.5482139587402344,0.5149434208869934,0.0031984036322683096,0.014486313797533512,0.0014855638146400452
FisheyeCamera_1_01026_png.rf.dfb591570ded3c052e6641cb4f2d80c1.jpg,0,0.3996124863624573,0.49270278215408325,0.016948480159044266,0.011853878386318684,0.6497666239738464
FisheyeCamera_1_01026_png.rf.dfb591570ded3c052e6641cb4f2d80c1.jpg,0,0.4394684135913849,0.4953966438770294,0.016759652644395828,0.008394462056457996,0.44242358207702637
FisheyeCamera_1_01026_png.rf.dfb591570ded3c052e6641cb4f2d80c1.jpg,0,0.40361911058425903,0.49349668622016907,0.022767947986721992,0.011379462666809559,0.16443482041358948
FisheyeCamera_1_01026_png.rf.dfb591570ded3c052e6641cb4f2d80c1.jpg,0,0.44294989109039307,0.4963698089122772,0.018415158614516258,0.012414492666721344,0.13015979528427124
FisheyeCamera_1_01026_png.rf.dfb591570ded3c052e6641cb4f2d80c1.jpg,0,0.42912572622299194,0.4900854825973511,0.012461735866963863,0.008725387044250965,0.08680789917707443
FisheyeCamera_1_01026_png.rf.dfb591570ded3c052e6641cb4f2d80c1.jpg,0,0.3954614996910095,0.49416500329971313,0.01927207224071026,0.009797023609280586,0.0489923432469368
FisheyeCamera_1_01026_png.rf.dfb591570ded3c052e6641cb4f2d80c1.jpg,0,0.4456319510936737,0.496444970369339,0.01995798386633396,0.0077249822206795216,0.032138001173734665
FisheyeCamera_1_01026_png.rf.dfb591570ded3c052e6641cb4f2d80c1.jpg,0,0.4875086843967438,0.4877414107322693,0.007234427146613598,0.009542538784444332,0.0033892032224684954
FisheyeCamera_1_01026_png.rf.dfb591570ded3c052e6641cb4f2d80c1.jpg,1,0.48852989077568054,0.4839673638343811,0.008500906638801098,0.02587391808629036,0.002895274432376027
FisheyeCamera_1_01026_png.rf.dfb591570ded3c052e6641cb4f2d80c1.jpg,0,0.4007292687892914,0.4859916865825653,0.01761862076818943,0.0220999363809824,0.002746436046436429
FisheyeCamera_1_01026_png.rf.dfb591570ded3c052e6641cb4f2d80c1.jpg,0,0.4001031219959259,0.4910036325454712,0.014670445583760738,0.022669866681098938,0.0022283364087343216
FisheyeCamera_1_01026_png.rf.dfb591570ded3c052e6641cb4f2d80c1.jpg,0,0.4445295035839081,0.5010409355163574,0.015342713333666325,0.01746881939470768,0.0017962295096367598
FisheyeCamera_1_01026_png.rf.dfb591570ded3c052e6641cb4f2d80c1.jpg,11,0.4191482365131378,0.5449398756027222,0.011382763274013996,0.012122668325901031,0.0016729691997170448
FisheyeCamera_1_01026_png.rf.dfb591570ded3c052e6641cb4f2d80c1.jpg,0,0.4402424991130829,0.5012260675430298,0.015790939331054688,0.017152493819594383,0.001427311566658318
FisheyeCamera_1_01026_png.rf.dfb591570ded3c052e6641cb4f2d80c1.jpg,0,0.4202360212802887,0.492240309715271,0.010684453882277012,0.01435830071568489,0.0010581444948911667
FisheyeCamera_1_01037_png.rf.870a2a09f0f8cb2a0b5f4a4a3b3ccadc.jpg,0,0.3100985884666443,0.46526917815208435,0.018508251756429672,0.016154656186699867,0.6670665740966797
FisheyeCamera_1_01037_png.rf.870a2a09f0f8cb2a0b5f4a4a3b3ccadc.jpg,0,0.3695450723171234,0.4709978401660919,0.018772711977362633,0.012993153184652328,0.5272508859634399
FisheyeCamera_1_01037_png.rf.870a2a09f0f8cb2a0b5f4a4a3b3ccadc.jpg,0,0.31195613741874695,0.46172961592674255,0.020397627726197243,0.019880222156643867,0.34010133147239685
FisheyeCamera_1_01037_png.rf.870a2a09f0f8cb2a0b5f4a4a3b3ccadc.jpg,0,0.37415915727615356,0.469387412071228,0.02375037968158722,0.013255340047180653,0.03535396233201027
FisheyeCamera_1_01037_png.rf.870a2a09f0f8cb2a0b5f4a4a3b3ccadc.jpg,7,0.3721585273742676,0.5362662076950073,0.006818404886871576,0.015188511461019516,0.01672411523759365
FisheyeCamera_1_01037_png.rf.870a2a09f0f8cb2a0b5f4a4a3b3ccadc.jpg,11,0.37194135785102844,0.5399683117866516,0.007196573540568352,0.01681988127529621,0.01004061195999384
FisheyeCamera_1_01037_png.rf.870a2a09f0f8cb2a0b5f4a4a3b3ccadc.jpg,0,0.37153708934783936,0.4631575644016266,0.020808953791856766,0.02273809164762497,0.008004458621144295
FisheyeCamera_1_01037_png.rf.870a2a09f0f8cb2a0b5f4a4a3b3ccadc.jpg,1,0.2379063218832016,0.5306989550590515,0.008204423822462559,0.01215215865522623,0.006600452587008476
FisheyeCamera_1_01037_png.rf.870a2a09f0f8cb2a0b5f4a4a3b3ccadc.jpg,1,0.4381258487701416,0.46503156423568726,0.012283619493246078,0.017756683751940727,0.006254717707633972
FisheyeCamera_1_01037_png.rf.870a2a09f0f8cb2a0b5f4a4a3b3ccadc.jpg,0,0.32692888379096985,0.4682188928127289,0.0341082364320755,0.01639028824865818,0.0025124491658061743
FisheyeCamera_1_01037_png.rf.870a2a09f0f8cb2a0b5f4a4a3b3ccadc.jpg,1,0.24138928949832916,0.531038224697113,0.011361709795892239,0.019776271656155586,0.0022157181520015
FisheyeCamera_1_01037_png.rf.870a2a09f0f8cb2a0b5f4a4a3b3ccadc.jpg,0,0.30865150690078735,0.46628111600875854,0.030923917889595032,0.01869957335293293,0.0016931227874010801
FisheyeCamera_1_01037_png.rf.870a2a09f0f8cb2a0b5f4a4a3b3ccadc.jpg,11,0.31419965624809265,0.5377130508422852,0.007981006987392902,0.01824415661394596,0.0012037742417305708
FisheyeCamera_1_01037_png.rf.870a2a09f0f8cb2a0b5f4a4a3b3ccadc.jpg,1,0.43873921036720276,0.45289328694343567,0.012369009666144848,0.037659719586372375,0.001068235607817769
FisheyeCamera_1_01082_png.rf.da2e5bebfb023e66aacd368902a130ef.jpg,1,0.8007852435112,0.503746509552002,0.010812906548380852,0.028230447322130203,0.7733485698699951
FisheyeCamera_1_01082_png.rf.da2e5bebfb023e66aacd368902a130ef.jpg,7,0.2956406772136688,0.5451051592826843,0.010619604028761387,0.012300638481974602,0.0032535025384277105
FisheyeCamera_1_01082_png.rf.da2e5bebfb023e66aacd368902a130ef.jpg,11,0.6300886869430542,0.541519045829773,0.01033137459307909,0.015307500027120113,0.0029167206957936287
FisheyeCamera_1_01082_png.rf.da2e5bebfb023e66aacd368902a130ef.jpg,1,0.5454171895980835,0.543580949306488,0.011302654631435871,0.014707859605550766,0.0024359526578336954
FisheyeCamera_1_01082_png.rf.da2e5bebfb023e66aacd368902a130ef.jpg,1,0.2850233316421509,0.5449889898300171,0.012688343413174152,0.010515800677239895,0.0021627580281347036
FisheyeCamera_1_01082_png.rf.da2e5bebfb023e66aacd368902a130ef.jpg,4,0.6379459500312805,0.5414736270904541,0.01328659150749445,0.015778029337525368,0.001859487732872367
FisheyeCamera_1_01086_png.rf.dd1b44b6d6e2e2da3f3f6ab8f823bc01.jpg,1,0.7801103591918945,0.5027138590812683,0.010144307278096676,0.029064767062664032,0.8228248357772827
FisheyeCamera_1_01086_png.rf.dd1b44b6d6e2e2da3f3f6ab8f823bc01.jpg,1,0.7769602537155151,0.5016586184501648,0.009320479817688465,0.03166903182864189,0.11290988326072693
FisheyeCamera_1_01086_png.rf.dd1b44b6d6e2e2da3f3f6ab8f823bc01.jpg,11,0.572559654712677,0.5433398485183716,0.010557468049228191,0.013525890186429024,0.009756182320415974
FisheyeCamera_1_01086_png.rf.dd1b44b6d6e2e2da3f3f6ab8f823bc01.jpg,1,0.6249534487724304,0.5099861025810242,0.005553759168833494,0.006547194439917803,0.009350283071398735
FisheyeCamera_1_01086_png.rf.dd1b44b6d6e2e2da3f3f6ab8f823bc01.jpg,0,0.23759855329990387,0.5421919226646423,0.013330313377082348,0.012853843159973621,0.0033754699397832155
FisheyeCamera_1_01086_png.rf.dd1b44b6d6e2e2da3f3f6ab8f823bc01.jpg,0,0.4891330897808075,0.5438719391822815,0.011654047295451164,0.015546945855021477,0.0030520993750542402
FisheyeCamera_1_01086_png.rf.dd1b44b6d6e2e2da3f3f6ab8f823bc01.jpg,4,0.5453940629959106,0.5475749969482422,0.007290033623576164,0.006395780481398106,0.0022614970803260803
FisheyeCamera_1_01086_png.rf.dd1b44b6d6e2e2da3f3f6ab8f823bc01.jpg,1,0.6383869647979736,0.5093576312065125,0.01286169234663248,0.005683018825948238,0.0016147546702995896
FisheyeCamera_1_01086_png.rf.dd1b44b6d6e2e2da3f3f6ab8f823bc01.jpg,11,0.5824973583221436,0.542651355266571,0.009076852351427078,0.014014758169651031,0.001260254648514092
FisheyeCamera_1_01090_png.rf.663e34306a969d1e2d3f1ca290e1ddd7.jpg,1,0.7541255354881287,0.5024693608283997,0.01139435451477766,0.033214423805475235,0.7894496917724609
FisheyeCamera_1_01090_png.rf.663e34306a969d1e2d3f1ca290e1ddd7.jpg,1,0.7495676279067993,0.5019977688789368,0.018377451226115227,0.03222905844449997,0.010574843734502792
FisheyeCamera_1_01090_png.rf.663e34306a969d1e2d3f1ca290e1ddd7.jpg,1,0.5823465585708618,0.5088257789611816,0.010193311609327793,0.006653492338955402,0.007349360268563032
FisheyeCamera_1_01090_png.rf.663e34306a969d1e2d3f1ca290e1ddd7.jpg,1,0.5663537979125977,0.5104950070381165,0.005654408596456051,0.006510441191494465,0.004420064855366945
FisheyeCamera_1_01090_png.rf.663e34306a969d1e2d3f1ca290e1ddd7.jpg,11,0.5144783854484558,0.5444284081459045,0.009772888384759426,0.012592903338372707,0.002848893404006958
FisheyeCamera_1_01090_png.rf.663e34306a969d1e2d3f1ca290e1ddd7.jpg,13,0.4302319884300232,0.5433295369148254,0.010944366455078125,0.014509128406643867,0.0026111856568604708
FisheyeCamera_1_01090_png.rf.663e34306a969d1e2d3f1ca290e1ddd7.jpg,11,0.5247111916542053,0.5434386134147644,0.009156887419521809,0.013542176224291325,0.0012491857632994652
FisheyeCamera_1_01098_png.rf.e141b30ac0a11cc0c857435f655656fc.jpg,1,0.8095967769622803,0.4813709855079651,0.015619425103068352,0.040912557393312454,0.7187201380729675
FisheyeCamera_1_01098_png.rf.e141b30ac0a11cc0c857435f655656fc.jpg,1,0.551012396812439,0.5074336528778076,0.008641316555440426,0.006819284986704588,0.013483171351253986
FisheyeCamera_1_01098_png.rf.e141b30ac0a11cc0c857435f655656fc.jpg,11,0.13015124201774597,0.5278406739234924,0.01752481237053871,0.01442960649728775,0.004159904550760984
FisheyeCamera_1_01098_png.rf.e141b30ac0a11cc0c857435f655656fc.jpg,1,0.5472704172134399,0.5032303929328918,0.006964096799492836,0.010725535452365875,0.0024018690455704927
FisheyeCamera_1_01098_png.rf.e141b30ac0a11cc0c857435f655656fc.jpg,9,0.49370262026786804,0.5442243814468384,0.00970451720058918,0.013310506008565426,0.0019248613389208913
FisheyeCamera_1_01098_png.rf.e141b30ac0a11cc0c857435f655656fc.jpg,1,0.4870383143424988,0.5432054400444031,0.009978587739169598,0.015418493188917637,0.0016764538595452905
FisheyeCamera_1_01098_png.rf.e141b30ac0a11cc0c857435f655656fc.jpg,13,0.1391451209783554,0.5280484557151794,0.014975511468946934,0.015265244990587234,0.0010966877453029156
FisheyeCamera_1_01099_png.rf.d3e2606bc19452ecaec7548723f05a0b.jpg,1,0.8189646005630493,0.4782175123691559,0.014533409848809242,0.042115580290555954,0.7853581309318542
FisheyeCamera_1_01099_png.rf.d3e2606bc19452ecaec7548723f05a0b.jpg,1,0.5523829460144043,0.5071433186531067,0.009593743830919266,0.006989699322730303,0.0537407360970974
FisheyeCamera_1_01099_png.rf.d3e2606bc19452ecaec7548723f05a0b.jpg,1,0.5473170280456543,0.502819836139679,0.007446142844855785,0.010063685476779938,0.006171316374093294
FisheyeCamera_1_01099_png.rf.d3e2606bc19452ecaec7548723f05a0b.jpg,4,0.4475785195827484,0.5475358366966248,0.00897994451224804,0.007662333082407713,0.0031801473814994097
FisheyeCamera_1_01099_png.rf.d3e2606bc19452ecaec7548723f05a0b.jpg,11,0.47602567076683044,0.5441343188285828,0.009795116260647774,0.011672386899590492,0.0020484994165599346
FisheyeCamera_1_01099_png.rf.d3e2606bc19452ecaec7548723f05a0b.jpg,9,0.49020934104919434,0.543127179145813,0.0037696545477956533,0.012763390317559242,0.0018001513089984655
FisheyeCamera_1_01099_png.rf.d3e2606bc19452ecaec7548723f05a0b.jpg,11,0.1261635571718216,0.5276511907577515,0.014612693339586258,0.013567925430834293,0.0013049005065113306
FisheyeCamera_1_01099_png.rf.d3e2606bc19452ecaec7548723f05a0b.jpg,1,0.8150904178619385,0.4772902727127075,0.024146154522895813,0.03963712602853775,0.001204963307827711
FisheyeCamera_1_01104_png.rf.1c0a4fa66929930288c5ff6e293ca501.jpg,1,0.8608243465423584,0.459110289812088,0.017524132505059242,0.054251305758953094,0.8262676000595093
FisheyeCamera_1_01104_png.rf.1c0a4fa66929930288c5ff6e293ca501.jpg,11,0.0705433040857315,0.5153701901435852,0.007111494429409504,0.014766253530979156,0.02419237606227398
FisheyeCamera_1_01104_png.rf.1c0a4fa66929930288c5ff6e293ca501.jpg,11,0.08611764013767242,0.5181105136871338,0.008774464018642902,0.01803075335919857,0.005933180917054415
FisheyeCamera_1_01104_png.rf.1c0a4fa66929930288c5ff6e293ca501.jpg,1,0.5156351327896118,0.5059085488319397,0.012943708337843418,0.008510516956448555,0.005383247509598732
FisheyeCamera_1_01104_png.rf.1c0a4fa66929930288c5ff6e293ca501.jpg,1,0.5199390649795532,0.501767635345459,0.011089985258877277,0.008755170740187168,0.004774871282279491
FisheyeCamera_1_01104_png.rf.1c0a4fa66929930288c5ff6e293ca501.jpg,11,0.08656010776758194,0.5205320119857788,0.011644730344414711,0.012524458579719067,0.0032982327975332737
FisheyeCamera_1_01104_png.rf.1c0a4fa66929930288c5ff6e293ca501.jpg,13,0.09249231219291687,0.5189459919929504,0.009238647297024727,0.015273461118340492,0.0030245822854340076
FisheyeCamera_1_01104_png.rf.1c0a4fa66929930288c5ff6e293ca501.jpg,4,0.4926178455352783,0.5483132600784302,0.005154683254659176,0.010444054380059242,0.0030039444100111723
FisheyeCamera_1_01104_png.rf.1c0a4fa66929930288c5ff6e293ca501.jpg,1,0.49795985221862793,0.5024924278259277,0.010778500698506832,0.009900900535285473,0.0026831168215721846
FisheyeCamera_1_01104_png.rf.1c0a4fa66929930288c5ff6e293ca501.jpg,1,0.5219796895980835,0.5062001347541809,0.014131399802863598,0.007943813689053059,0.0016333720413967967
FisheyeCamera_1_01104_png.rf.1c0a4fa66929930288c5ff6e293ca501.jpg,6,0.4062001407146454,0.5480238795280457,0.0069453902542591095,0.009271915070712566,0.0015675515169277787
FisheyeCamera_1_01104_png.rf.1c0a4fa66929930288c5ff6e293ca501.jpg,1,0.08858449012041092,0.5210024118423462,0.008677024394273758,0.016306070610880852,0.0011577130062505603
FisheyeCamera_1_01104_png.rf.1c0a4fa66929930288c5ff6e293ca501.jpg,0,0.35641011595726013,0.538183331489563,0.014052978716790676,0.01956683024764061,0.00106799544300884
FisheyeCamera_1_01147_png.rf.4b377ccbafe830dd921c6b606ab4f94a.jpg,0,0.4374667704105377,0.40938180685043335,0.022937335073947906,0.012416326440870762,0.4687187075614929
FisheyeCamera_1_01147_png.rf.4b377ccbafe830dd921c6b606ab4f94a.jpg,0,0.43524715304374695,0.4104278087615967,0.023624861612915993,0.017591476440429688,0.024498289451003075
FisheyeCamera_1_01147_png.rf.4b377ccbafe830dd921c6b606ab4f94a.jpg,3,0.3546571731567383,0.5465236306190491,0.0060107894241809845,0.010701913386583328,0.011006135493516922
FisheyeCamera_1_01147_png.rf.4b377ccbafe830dd921c6b606ab4f94a.jpg,0,0.44328492879867554,0.4080692529678345,0.03384333476424217,0.013152489438652992,0.01037751603871584
FisheyeCamera_1_01147_png.rf.4b377ccbafe830dd921c6b606ab4f94a.jpg,11,0.06660769879817963,0.5050008893013,0.010999606922268867,0.01855754852294922,0.0019613581243902445
FisheyeCamera_1_01147_png.rf.4b377ccbafe830dd921c6b606ab4f94a.jpg,5,0.41015559434890747,0.5417234897613525,0.010819802060723305,0.017002180218696594,0.0011160742724314332
FisheyeCamera_1_01147_png.rf.4b377ccbafe830dd921c6b606ab4f94a.jpg,0,0.4377639889717102,0.4051598310470581,0.023986229673027992,0.022101623937487602,0.0010591556783765554
road104_png.rf.4468adcd7c2dcfc04377146de785c0a6.jpg,11,0.4938950836658478,0.48859789967536926,0.7205713391304016,0.8879435658454895,0.9541130661964417
road108_png.rf.9655ebb7a27af56ab1d0360d10685ec8.jpg,6,0.4515100121498108,0.5435453057289124,0.02983841672539711,0.0468091256916523,0.27044764161109924
road108_png.rf.9655ebb7a27af56ab1d0360d10685ec8.jpg,1,0.8939991593360901,0.20346833765506744,0.017223358154296875,0.028972113505005836,0.19123414158821106
road108_png.rf.9655ebb7a27af56ab1d0360d10685ec8.jpg,9,0.4520586133003235,0.5434712171554565,0.030505402013659477,0.04728632792830467,0.044396501034498215
road108_png.rf.9655ebb7a27af56ab1d0360d10685ec8.jpg,1,0.45136672258377075,0.543126106262207,0.028721297159790993,0.04817742854356766,0.01015493180602789
road108_png.rf.9655ebb7a27af56ab1d0360d10685ec8.jpg,1,0.8919199705123901,0.2062491774559021,0.02560644969344139,0.032762859016656876,0.0018108985386788845
road108_png.rf.9655ebb7a27af56ab1d0360d10685ec8.jpg,3,0.5596272349357605,0.48985621333122253,0.8807456493377686,0.9797124266624451,0.0013247586321085691
road108_png.rf.9655ebb7a27af56ab1d0360d10685ec8.jpg,1,0.9187149405479431,0.2020031213760376,0.077803835272789,0.02946820668876171,0.0010418837191537023
road108_png.rf.9655ebb7a27af56ab1d0360d10685ec8.jpg,1,0.9199455380439758,0.21446995437145233,0.036661297082901,0.02045426145195961,0.0010138120269402862
road109_png.rf.c7fd39b9ac59c325ec73dc6b5ece99fd.jpg,8,0.6468909382820129,0.510267436504364,0.08289895206689835,0.11273061484098434,0.7196770906448364
road109_png.rf.c7fd39b9ac59c325ec73dc6b5ece99fd.jpg,7,0.6485757827758789,0.5123562812805176,0.07476792484521866,0.1111079752445221,0.4828374981880188
road109_png.rf.c7fd39b9ac59c325ec73dc6b5ece99fd.jpg,1,0.3934130370616913,0.5022580027580261,0.7868260741233826,0.9954839944839478,0.010273096151649952
road112_png.rf.b765c2b5d3a2145d317b0ceadfb08464.jpg,5,0.513672947883606,0.30899330973625183,0.31920692324638367,0.5060796737670898,0.9667437672615051
road112_png.rf.b765c2b5d3a2145d317b0ceadfb08464.jpg,1,0.9837903380393982,0.5966207981109619,0.03158364072442055,0.04589139670133591,0.003887162311002612
road112_png.rf.b765c2b5d3a2145d317b0ceadfb08464.jpg,1,0.9821138978004456,0.6367115378379822,0.035744596272706985,0.12785589694976807,0.0012002061121165752
road11_png.rf.40b76142a629faa238c042bcb209cc27.jpg,0,0.4931412637233734,0.38454723358154297,0.04888864979147911,0.11456108838319778,0.5168133974075317
road11_png.rf.40b76142a629faa238c042bcb209cc27.jpg,0,0.8163042664527893,0.6186694502830505,0.047008074820041656,0.09945594519376755,0.3985385298728943
road11_png.rf.40b76142a629faa238c042bcb209cc27.jpg,0,0.8952242136001587,0.17877840995788574,0.058734308928251266,0.3575568199157715,0.22795715928077698
road11_png.rf.40b76142a629faa238c042bcb209cc27.jpg,1,0.4941859841346741,0.3850131928920746,0.04845487326383591,0.11892201751470566,0.19760605692863464
road11_png.rf.40b76142a629faa238c042bcb209cc27.jpg,0,0.8948760628700256,0.09540314227342606,0.05504520237445831,0.1908062845468521,0.0638263076543808
road11_png.rf.40b76142a629faa238c042bcb209cc27.jpg,1,0.7130560278892517,0.14627937972545624,0.02758745104074478,0.0194406695663929,0.029559461399912834
road11_png.rf.40b76142a629faa238c042bcb209cc27.jpg,0,0.8785598874092102,0.10934863239526749,0.03775303438305855,0.21869726479053497,0.02933698706328869
road11_png.rf.40b76142a629faa238c042bcb209cc27.jpg,0,0.8752405047416687,0.1227726861834526,0.029467804357409477,0.12569689750671387,0.024190552532672882
road11_png.rf.40b76142a629faa238c042bcb209cc27.jpg,1,0.6126317977905273,0.7317842841148376,0.023750819265842438,0.031100934371352196,0.023356935009360313
road11_png.rf.40b76142a629faa238c042bcb209cc27.jpg,1,0.0988946184515953,0.6823217272758484,0.014334789477288723,0.01486176811158657,0.02177525870501995
road11_png.rf.40b76142a629faa238c042bcb209cc27.jpg,1,0.2775605022907257,0.4673449993133545,0.016825823113322258,0.015133124776184559,0.01172278169542551
road11_png.rf.40b76142a629faa238c042bcb209cc27.jpg,0,0.9006736874580383,0.11333821713924408,0.039392031729221344,0.22667643427848816,0.010348360054194927
road11_png.rf.40b76142a629faa238c042bcb209cc27.jpg,1,0.5768803358078003,0.7465062141418457,0.034389350563287735,0.020718207582831383,0.010151323862373829
road11_png.rf.40b76142a629faa238c042bcb209cc27.jpg,1,0.5692468881607056,0.7489705085754395,0.04154939204454422,0.02046702615916729,0.009943565353751183
road11_png.rf.40b76142a629faa238c042bcb209cc27.jpg,1,0.7044281959533691,0.14856815338134766,0.040938157588243484,0.020350273698568344,0.009754998609423637
road11_png.rf.40b76142a629faa238c042bcb209cc27.jpg,0,0.8841217160224915,0.07924490422010422,0.05223817378282547,0.15848980844020844,0.007679488975554705
road11_png.rf.40b76142a629faa238c042bcb209cc27.jpg,1,0.5573174357414246,0.7478155493736267,0.033530235290527344,0.024702660739421844,0.005688006989657879
road11_png.rf.40b76142a629faa238c042bcb209cc27.jpg,1,0.26559868454933167,0.45726802945137024,0.02565721422433853,0.023090803995728493,0.005009787622839212
road11_png.rf.40b76142a629faa238c042bcb209cc27.jpg,1,0.5559943318367004,0.7492321133613586,0.018413398414850235,0.012637211941182613,0.00455507542937994
road11_png.rf.40b76142a629faa238c042bcb209cc27.jpg,0,0.8757436275482178,0.06065398082137108,0.03720562532544136,0.12130796164274216,0.003904663724824786
road11_png.rf.40b76142a629faa238c042bcb209cc27.jpg,1,0.6227222681045532,0.7572920918464661,0.03143750876188278,0.025553777813911438,0.0038478972855955362
road11_png.rf.40b76142a629faa238c042bcb209cc27.jpg,1,0.6107127070426941,0.7564949989318848,0.02633652463555336,0.022281941026449203,0.0036040807608515024
road11_png.rf.40b76142a629faa238c042bcb209cc27.jpg,8,0.8514248132705688,0.6163408160209656,0.05097580328583717,0.046067167073488235,0.003443704219534993
road11_png.rf.40b76142a629faa238c042bcb209cc27.jpg,0,0.8904966711997986,0.2636391520500183,0.06489548832178116,0.5272783041000366,0.003263387829065323
road11_png.rf.40b76142a629faa238c042bcb209cc27.jpg,1,0.8058908581733704,0.6074032783508301,0.08387507498264313,0.13569296896457672,0.0027452553622424603
road11_png.rf.40b76142a629faa238c042bcb209cc27.jpg,1,0.09504089504480362,0.6833133101463318,0.017142223194241524,0.01714280992746353,0.0026417970657348633
road11_png.rf.40b76142a629faa238c042bcb209cc27.jpg,1,0.6018463969230652,0.7318966388702393,0.04783916473388672,0.02880316600203514,0.0025744482409209013
road11_png.rf.40b76142a629faa238c042bcb209cc27.jpg,8,0.8404215574264526,0.6392003297805786,0.045866161584854126,0.05165558680891991,0.002340475330129266
road11_png.rf.40b76142a629faa238c042bcb209cc27.jpg,6,0.8761865496635437,0.12710630893707275,0.030866624787449837,0.11033212393522263,0.0022449539974331856
road11_png.rf.40b76142a629faa238c042bcb209cc27.jpg,1,0.5752179026603699,0.7517662048339844,0.04131023958325386,0.02162933349609375,0.002053376054391265
road11_png.rf.40b76142a629faa238c042bcb209cc27.jpg,1,0.5983906984329224,0.7821545600891113,0.01582600548863411,0.02523774467408657,0.0019538241904228926
road11_png.rf.40b76142a629faa238c042bcb209cc27.jpg,1,0.26954206824302673,0.4607297480106354,0.02258763089776039,0.023847874253988266,0.0018223226070404053
road11_png.rf.40b76142a629faa238c042bcb209cc27.jpg,0,0.8168774843215942,0.6025537848472595,0.057666193693876266,0.13772723078727722,0.0016962271183729172
road11_png.rf.40b76142a629faa238c042bcb209cc27.jpg,1,0.8027072548866272,0.553816556930542,0.09086990356445312,0.05083619803190231,0.0016655044164508581
road11_png.rf.40b76142a629faa238c042bcb209cc27.jpg,1,0.09850940853357315,0.6979003548622131,0.015833524987101555,0.04548586532473564,0.001580331940203905
road11_png.rf.40b76142a629faa238c042bcb209cc27.jpg,8,0.8183802366256714,0.621963620185852,0.048331040889024734,0.09321946650743484,0.0015540110180154443
road11_png.rf.40b76142a629faa238c042bcb209cc27.jpg,1,0.6874929070472717,0.739998996257782,0.01848558336496353,0.01573137193918228,0.0013698191614821553
road11_png.rf.40b76142a629faa238c042bcb209cc27.jpg,1,0.9133960008621216,0.06492802500724792,0.027673281729221344,0.12963098287582397,0.0011509465985000134
road11_png.rf.40b76142a629faa238c042bcb209cc27.jpg,1,0.717958927154541,0.7133825421333313,0.013727628625929356,0.020374884828925133,0.0010899838525801897
road11_png.rf.40b76142a629faa238c042bcb209cc27.jpg,0,0.5931102633476257,0.7819154858589172,0.013822702690958977,0.025600874796509743,0.0010888132965192199
road157_png.rf.e48c88408b366592b950018ee5d6426d.jpg,8,0.7246054410934448,0.20761960744857788,0.11946986615657806,0.08770081400871277,0.9039568901062012
road157_png.rf.e48c88408b366592b950018ee5d6426d.jpg,11,0.7228786945343018,0.20635837316513062,0.12032978981733322,0.0902400016784668,0.2283109724521637
road157_png.rf.e48c88408b366592b950018ee5d6426d.jpg,1,0.6064067482948303,0.020601676777005196,0.06971641629934311,0.04026128724217415,0.05657309666275978
road157_png.rf.e48c88408b366592b950018ee5d6426d.jpg,0,0.11982529610395432,0.5504670739173889,0.016809538006782532,0.038237061351537704,0.0028458512388169765
road157_png.rf.e48c88408b366592b950018ee5d6426d.jpg,10,0.7243070006370544,0.2958737015724182,0.11749942600727081,0.10302538424730301,0.0026089760940521955
road157_png.rf.e48c88408b366592b950018ee5d6426d.jpg,1,0.7319842576980591,0.40520375967025757,0.06044652312994003,0.09331101924180984,0.002579153049737215
road157_png.rf.e48c88408b366592b950018ee5d6426d.jpg,1,0.21632009744644165,0.5735377073287964,0.01389822643250227,0.014808655716478825,0.0022460182663053274
road157_png.rf.e48c88408b366592b950018ee5d6426d.jpg,1,0.005808140616863966,0.4019370675086975,0.011554049327969551,0.052373889833688736,0.0018166734371334314
road157_png.rf.e48c88408b366592b950018ee5d6426d.jpg,1,0.0055610667914152145,0.5032830238342285,0.011122133582830429,0.04347170516848564,0.0015367548912763596
road157_png.rf.e48c88408b366592b950018ee5d6426d.jpg,1,0.7966150641441345,0.5635783076286316,0.024020269513130188,0.015436319634318352,0.0011005967389792204
road157_png.rf.e48c88408b366592b950018ee5d6426d.jpg,1,0.9935857653617859,0.5294837355613708,0.011950859799981117,0.02044391632080078,0.0010114358738064766
road16_png.rf.9aba07c7ac70aab405028e7e8a750fb7.jpg,1,0.5840272307395935,0.2539641857147217,0.04105428606271744,0.15179435908794403,0.9204983115196228
road16_png.rf.9aba07c7ac70aab405028e7e8a750fb7.jpg,1,0.6272115111351013,0.5150442123413086,0.0554095059633255,0.06207539886236191,0.3230089843273163
road16_png.rf.9aba07c7ac70aab405028e7e8a750fb7.jpg,1,0.2815967798233032,0.47041937708854675,0.0345323272049427,0.08068583905696869,0.2366754114627838
road16_png.rf.9aba07c7ac70aab405028e7e8a750fb7.jpg,1,0.32283011078834534,0.4262721836566925,0.06438115984201431,0.024581102654337883,0.1411031037569046
road16_png.rf.9aba07c7ac70aab405028e7e8a750fb7.jpg,1,0.33294692635536194,0.40697863698005676,0.043460845947265625,0.050853438675403595,0.04997120052576065
road16_png.rf.9aba07c7ac70aab405028e7e8a750fb7.jpg,1,0.3201855719089508,0.40595632791519165,0.06921584904193878,0.05338793620467186,0.04400591179728508
road16_png.rf.9aba07c7ac70aab405028e7e8a750fb7.jpg,1,0.58660888671875,0.7239636778831482,0.028338653966784477,0.026630990207195282,0.018112368881702423
road16_png.rf.9aba07c7ac70aab405028e7e8a750fb7.jpg,1,0.29517433047294617,0.45345818996429443,0.05915364995598793,0.0940752774477005,0.013435780070722103
road16_png.rf.9aba07c7ac70aab405028e7e8a750fb7.jpg,1,0.45535361766815186,0.9180657863616943,0.062292687594890594,0.02900666557252407,0.0074411919340491295
road16_png.rf.9aba07c7ac70aab405028e7e8a750fb7.jpg,1,0.6482555866241455,0.5231758952140808,0.0884041115641594,0.05035165697336197,0.005658832844346762
road16_png.rf.9aba07c7ac70aab405028e7e8a750fb7.jpg,1,0.30796194076538086,0.4249957799911499,0.076209656894207,0.029240243136882782,0.005047832615673542
road16_png.rf.9aba07c7ac70aab405028e7e8a750fb7.jpg,1,0.5738630294799805,0.588403582572937,0.03389483317732811,0.07004815340042114,0.003445344278588891
road16_png.rf.9aba07c7ac70aab405028e7e8a750fb7.jpg,1,0.314789354801178,0.4376267194747925,0.07697063684463501,0.028088057413697243,0.0027455061208456755
road16_png.rf.9aba07c7ac70aab405028e7e8a750fb7.jpg,1,0.6115545630455017,0.2573630213737488,0.09167950600385666,0.1559060961008072,0.0026708533987402916
road16_png.rf.9aba07c7ac70aab405028e7e8a750fb7.jpg,1,0.5868303179740906,0.23057161271572113,0.0369873046875,0.1020122691988945,0.002201185328885913
road16_png.rf.9aba07c7ac70aab405028e7e8a750fb7.jpg,0,0.04326963424682617,0.38638755679130554,0.08212409168481827,0.05534025654196739,0.0020721890032291412
road16_png.rf.9aba07c7ac70aab405028e7e8a750fb7.jpg,1,0.32545018196105957,0.44982996582984924,0.052307698875665665,0.04224109649658203,0.0018027226906269789
road16_png.rf.9aba07c7ac70aab405028e7e8a750fb7.jpg,1,0.31183281540870667,0.4651183784008026,0.05694963410496712,0.06745155155658722,0.001641158596612513
road16_png.rf.9aba07c7ac70aab405028e7e8a750fb7.jpg,1,0.772964358329773,0.5386286973953247,0.02600625902414322,0.038074348121881485,0.0016297496622428298
road16_png.rf.9aba07c7ac70aab405028e7e8a750fb7.jpg,1,0.5802448391914368,0.7639989852905273,0.042436160147190094,0.03473575413227081,0.0015060927253216505
road16_png.rf.9aba07c7ac70aab405028e7e8a750fb7.jpg,1,0.5057190656661987,0.5495176911354065,0.05560236796736717,0.027237672358751297,0.001429047784768045
road16_png.rf.9aba07c7ac70aab405028e7e8a750fb7.jpg,1,0.309890478849411,0.39788496494293213,0.07964427769184113,0.052862681448459625,0.001232373178936541
road16_png.rf.9aba07c7ac70aab405028e7e8a750fb7.jpg,1,0.5639827251434326,0.847880482673645,0.07108960300683975,0.03982485458254814,0.0011651053791865706
road16_png.rf.9aba07c7ac70aab405028e7e8a750fb7.jpg,0,0.6602813005447388,0.5291959047317505,0.09699128568172455,0.04160235449671745,0.0010419873287901282
road196_png.rf.6aa5da1b76ad6487d317d27963cc00d1.jpg,8,0.5609962940216064,0.32008296251296997,0.2229491025209427,0.1669713705778122,0.9655600190162659
road19_png.rf.05e1657af2361aab3c4d5deb43b29087.jpg,0,0.4107317626476288,0.3259235918521881,0.0709541067481041,0.12864942848682404,0.9547377228736877
road19_png.rf.05e1657af2361aab3c4d5deb43b29087.jpg,1,0.33399540185928345,0.21208074688911438,0.04444151744246483,0.06225083768367767,0.23343899846076965
road19_png.rf.05e1657af2361aab3c4d5deb43b29087.jpg,0,0.3374170958995819,0.21018533408641815,0.04351036623120308,0.05992383509874344,0.021598055958747864
road19_png.rf.05e1657af2361aab3c4d5deb43b29087.jpg,1,0.22907234728336334,0.007234835997223854,0.08558328449726105,0.014469671994447708,0.017894502729177475
road19_png.rf.05e1657af2361aab3c4d5deb43b29087.jpg,1,0.4685189425945282,0.3405473530292511,0.03566287085413933,0.10466920584440231,0.009314768016338348
road19_png.rf.05e1657af2361aab3c4d5deb43b29087.jpg,0,0.3996736705303192,0.29870831966400146,0.06560172140598297,0.18430574238300323,0.009072245098650455
road19_png.rf.05e1657af2361aab3c4d5deb43b29087.jpg,1,0.6251924633979797,0.4493001103401184,0.031914930790662766,0.02243555523455143,0.004765897523611784
road19_png.rf.05e1657af2361aab3c4d5deb43b29087.jpg,1,0.3488770127296448,0.22451093792915344,0.033217210322618484,0.0411151759326458,0.004559719935059547
road19_png.rf.05e1657af2361aab3c4d5deb43b29087.jpg,0,0.394747257232666,0.24174334108829498,0.05030228570103645,0.060892436653375626,0.004266568925231695
road19_png.rf.05e1657af2361aab3c4d5deb43b29087.jpg,0,0.46935737133026123,0.3453945517539978,0.03741396591067314,0.09491920471191406,0.003998001106083393
road19_png.rf.05e1657af2361aab3c4d5deb43b29087.jpg,1,0.06078113242983818,0.059358011931180954,0.12128335237503052,0.11871602386236191,0.0039749667048454285
road19_png.rf.05e1657af2361aab3c4d5deb43b29087.jpg,1,0.9900625944137573,0.40733835101127625,0.01987493969500065,0.10487637668848038,0.0032332066912204027
road19_png.rf.05e1657af2361aab3c4d5deb43b29087.jpg,1,0.37951523065567017,0.2328871339559555,0.023182503879070282,0.045840706676244736,0.0026616305112838745
road19_png.rf.05e1657af2361aab3c4d5deb43b29087.jpg,0,0.43259117007255554,0.33541595935821533,0.09517743438482285,0.12878188490867615,0.0023560477420687675
road19_png.rf.05e1657af2361aab3c4d5deb43b29087.jpg,1,0.3348425328731537,0.2574836313724518,0.049885090440511703,0.11938507854938507,0.0020299474708735943
road19_png.rf.05e1657af2361aab3c4d5deb43b29087.jpg,1,0.45456403493881226,0.4788365960121155,0.04370322823524475,0.03553816303610802,0.0019607048016041517
road19_png.rf.05e1657af2361aab3c4d5deb43b29087.jpg,1,0.3542358875274658,0.21688233315944672,0.02581493742763996,0.058376021683216095,0.0015526222996413708
road19_png.rf.05e1657af2361aab3c4d5deb43b29087.jpg,1,0.23416341841220856,0.01687774807214737,0.07556750625371933,0.03375549614429474,0.001536684692837298
road19_png.rf.05e1657af2361aab3c4d5deb43b29087.jpg,0,0.341781347990036,0.23655544221401215,0.05490604043006897,0.08144749701023102,0.0012786315055564046
road243_png.rf.555053220adbac3849def1e4105008fd.jpg,3,0.4832031726837158,0.6116970181465149,0.046942126005887985,0.03385811671614647,0.5544202327728271
road243_png.rf.555053220adbac3849def1e4105008fd.jpg,3,0.5265598893165588,0.6099593639373779,0.04133884981274605,0.032479286193847656,0.4480271637439728
road243_png.rf.555053220adbac3849def1e4105008fd.jpg,12,0.5259267687797546,0.6097143292427063,0.044093500822782516,0.03393576666712761,0.4310094714164734
road243_png.rf.555053220adbac3849def1e4105008fd.jpg,12,0.4834265410900116,0.610822319984436,0.0402173288166523,0.035719212144613266,0.25563281774520874
road243_png.rf.555053220adbac3849def1e4105008fd.jpg,3,0.5078312754631042,0.6133526563644409,0.05897705629467964,0.031801555305719376,0.01823512837290764
road254_png.rf.5ed92d428851755882973a8e28944076.jpg,8,0.4426273703575134,0.2417624294757843,0.158644899725914,0.11760418862104416,0.9663573503494263
road254_png.rf.5ed92d428851755882973a8e28944076.jpg,1,0.03969908878207207,0.7848386168479919,0.017667138949036598,0.0415705181658268,0.006902928929775953
road254_png.rf.5ed92d428851755882973a8e28944076.jpg,0,0.7178713083267212,0.6240363717079163,0.0388384610414505,0.03381318598985672,0.006656853947788477
road260_png.rf.47ad1e33078da07b4bf3b0e5712c926d.jpg,8,0.5436603426933289,0.4108022451400757,0.22052039206027985,0.18142619729042053,0.9574512839317322
road277_png.rf.3f53c2534447d823337f731b63c65c75.jpg,8,0.6603716611862183,0.3259124457836151,0.1916068196296692,0.14367926120758057,0.9364915490150452
road277_png.rf.3f53c2534447d823337f731b63c65c75.jpg,8,0.6482558846473694,0.9915532469749451,0.1166023537516594,0.01676177978515625,0.01056476030498743
road286_png.rf.702db0cc9906e626d838a77a4e79244d.jpg,8,0.47892484068870544,0.42328813672065735,0.2224612683057785,0.1730145812034607,0.958463728427887
road286_png.rf.702db0cc9906e626d838a77a4e79244d.jpg,0,0.42220404744148254,0.9349284768104553,0.061674561351537704,0.13014309108257294,0.0017104782164096832
road288_png.rf.db64fffa70c02e58aabcbb10e3a19798.jpg,8,0.39752909541130066,0.4716615080833435,0.11519960314035416,0.09018208831548691,0.967091977596283
road288_png.rf.db64fffa70c02e58aabcbb10e3a19798.jpg,13,0.021954035386443138,0.8548427820205688,0.043868619948625565,0.23527058959007263,0.0010571908205747604
road289_png.rf.ba6012fe8a27d9f53d8d66bb29db5ad8.jpg,14,0.3465714156627655,0.4596618711948395,0.27511024475097656,0.21673811972141266,0.9849260449409485
road289_png.rf.ba6012fe8a27d9f53d8d66bb29db5ad8.jpg,0,0.909522294998169,0.8979938626289368,0.18061359226703644,0.20401236414909363,0.8999202847480774
road289_png.rf.ba6012fe8a27d9f53d8d66bb29db5ad8.jpg,1,0.8814988136291504,0.01561793778091669,0.12419671565294266,0.031071962788701057,0.10747351497411728
road289_png.rf.ba6012fe8a27d9f53d8d66bb29db5ad8.jpg,8,0.29275771975517273,0.01173152681440115,0.05691271647810936,0.022990502417087555,0.05299670621752739
road289_png.rf.ba6012fe8a27d9f53d8d66bb29db5ad8.jpg,1,0.9009619355201721,0.024318840354681015,0.1053835079073906,0.04863768070936203,0.02149195596575737
road289_png.rf.ba6012fe8a27d9f53d8d66bb29db5ad8.jpg,1,0.8936910033226013,0.037983279675245285,0.12968459725379944,0.07596655935049057,0.011707283556461334
road289_png.rf.ba6012fe8a27d9f53d8d66bb29db5ad8.jpg,0,0.8459904193878174,0.9036335945129395,0.05698365718126297,0.1927328109741211,0.006987614091485739
road289_png.rf.ba6012fe8a27d9f53d8d66bb29db5ad8.jpg,0,0.9720118045806885,0.045884013175964355,0.055250462144613266,0.09176802635192871,0.006038030609488487
road289_png.rf.ba6012fe8a27d9f53d8d66bb29db5ad8.jpg,1,0.8518717288970947,0.014194070361554623,0.07708974927663803,0.02789069525897503,0.004557175561785698
road289_png.rf.ba6012fe8a27d9f53d8d66bb29db5ad8.jpg,14,0.3463567793369293,0.5677468180656433,0.2810034453868866,0.4222496747970581,0.002695821225643158
road289_png.rf.ba6012fe8a27d9f53d8d66bb29db5ad8.jpg,1,0.9753520488739014,0.05584419146180153,0.046878963708877563,0.10936181992292404,0.0019765265751630068
road289_png.rf.ba6012fe8a27d9f53d8d66bb29db5ad8.jpg,1,0.8609352707862854,0.01890622451901436,0.08748406916856766,0.03781244903802872,0.0012864235322922468
road289_png.rf.ba6012fe8a27d9f53d8d66bb29db5ad8.jpg,0,0.9163492321968079,0.036397650837898254,0.10225384682416916,0.07279530167579651,0.001247502164915204
road289_png.rf.ba6012fe8a27d9f53d8d66bb29db5ad8.jpg,0,0.9445049166679382,0.04354169964790344,0.09718308597803116,0.08708339929580688,0.001026394427753985
road28_png.rf.d0de3563c76ae8b60ecdaf41757d472b.jpg,1,0.4495234787464142,0.0798247680068016,0.04234365373849869,0.1366177201271057,0.7293478846549988
road28_png.rf.d0de3563c76ae8b60ecdaf41757d472b.jpg,0,0.36497360467910767,0.401825487613678,0.03386673703789711,0.10096476972103119,0.2033938467502594
road28_png.rf.d0de3563c76ae8b60ecdaf41757d472b.jpg,0,0.7546821236610413,0.48519375920295715,0.03623698279261589,0.056097473949193954,0.016769468784332275
road28_png.rf.d0de3563c76ae8b60ecdaf41757d472b.jpg,1,0.7061619758605957,0.3228453993797302,0.04276040941476822,0.141009122133255,0.014786657877266407
road28_png.rf.d0de3563c76ae8b60ecdaf41757d472b.jpg,9,0.7331092953681946,0.141397625207901,0.03494028002023697,0.06505249440670013,0.006458509247750044
road28_png.rf.d0de3563c76ae8b60ecdaf41757d472b.jpg,0,0.45058566331863403,0.20338447391986847,0.02610045298933983,0.06167514622211456,0.0032923270482569933
road28_png.rf.d0de3563c76ae8b60ecdaf41757d472b.jpg,0,0.705806314945221,0.3248732388019562,0.04080963134765625,0.13306596875190735,0.002667329739779234
road28_png.rf.d0de3563c76ae8b60ecdaf41757d472b.jpg,0,0.3661266565322876,0.41441529989242554,0.02681981772184372,0.07877731323242188,0.0022079264745116234
road28_png.rf.d0de3563c76ae8b60ecdaf41757d472b.jpg,7,0.36690017580986023,0.4027892053127289,0.04141778498888016,0.1019783765077591,0.0021736999042332172
road28_png.rf.d0de3563c76ae8b60ecdaf41757d472b.jpg,1,0.4507370889186859,0.20363931357860565,0.026247171685099602,0.06399892270565033,0.0020943526178598404
road28_png.rf.d0de3563c76ae8b60ecdaf41757d472b.jpg,1,0.3442402780056,0.4064265787601471,0.022609271109104156,0.07926692068576813,0.001985360635444522
road28_png.rf.d0de3563c76ae8b60ecdaf41757d472b.jpg,1,0.6430928111076355,0.014449384063482285,0.02193979173898697,0.028689069673419,0.0018433548975735903
road28_png.rf.d0de3563c76ae8b60ecdaf41757d472b.jpg,7,0.3438640236854553,0.40319621562957764,0.021729396656155586,0.08673829585313797,0.0016521943034604192
road28_png.rf.d0de3563c76ae8b60ecdaf41757d472b.jpg,12,0.7327678799629211,0.14226730167865753,0.034588009119033813,0.06682535260915756,0.0013796843122690916
road28_png.rf.d0de3563c76ae8b60ecdaf41757d472b.jpg,8,0.3900866210460663,0.41244038939476013,0.018202856183052063,0.06116991862654686,0.0012309853918850422
road28_png.rf.d0de3563c76ae8b60ecdaf41757d472b.jpg,1,0.4207373559474945,0.07823944091796875,0.08259311318397522,0.14025820791721344,0.001071195350959897
road28_png.rf.d0de3563c76ae8b60ecdaf41757d472b.jpg,0,0.9937624335289001,0.43051302433013916,0.012103741057217121,0.07383405417203903,0.0010085111716762185
road305_png.rf.f807df671677244a7387d2ffbe200f58.jpg,8,0.544005274772644,0.4202151894569397,0.477100670337677,0.5344635844230652,0.957697331905365
road312_png.rf.ad2229fb2f7e136d7747b9568f121af4.jpg,8,0.2926222085952759,0.3785167932510376,0.5148438811302185,0.5557206273078918,0.9593954086303711
road312_png.rf.ad2229fb2f7e136d7747b9568f121af4.jpg,0,0.9830785989761353,0.6239109039306641,0.033842749893665314,0.3659418225288391,0.03047751635313034
road312_png.rf.ad2229fb2f7e136d7747b9568f121af4.jpg,8,0.9911859035491943,0.7003747224807739,0.017577245831489563,0.08376356214284897,0.013131530955433846
road312_png.rf.ad2229fb2f7e136d7747b9568f121af4.jpg,0,0.9864171743392944,0.7019246220588684,0.026839477941393852,0.11336459219455719,0.0060512954369187355
road312_png.rf.ad2229fb2f7e136d7747b9568f121af4.jpg,8,0.9866483211517334,0.7121087312698364,0.02537243254482746,0.11654384434223175,0.0032260275911539793
road312_png.rf.ad2229fb2f7e136d7747b9568f121af4.jpg,8,0.983258068561554,0.7331783771514893,0.03265644982457161,0.12181121110916138,0.0013949860585853457
road314_png.rf.697a2d138347ee6ee2da288b2ffe8e9d.jpg,8,0.47529780864715576,0.4909856617450714,0.18032866716384888,0.14440639317035675,0.9336448907852173
road314_png.rf.697a2d138347ee6ee2da288b2ffe8e9d.jpg,8,0.17322973906993866,0.7127389907836914,0.08360426872968674,0.06162643805146217,0.8474907875061035
road314_png.rf.697a2d138347ee6ee2da288b2ffe8e9d.jpg,7,0.1709793359041214,0.7133214473724365,0.08743499219417572,0.06568410247564316,0.6040878295898438
road314_png.rf.697a2d138347ee6ee2da288b2ffe8e9d.jpg,7,0.17021676898002625,0.7426900267601013,0.09154228121042252,0.1272445172071457,0.0027956897392868996
road314_png.rf.697a2d138347ee6ee2da288b2ffe8e9d.jpg,1,0.5694963335990906,0.8437752723693848,0.021935829892754555,0.08058782666921616,0.0024390763137489557
road314_png.rf.697a2d138347ee6ee2da288b2ffe8e9d.jpg,0,0.9783825278282166,0.8468403220176697,0.03820463642477989,0.08796178549528122,0.0019114926690235734
road314_png.rf.697a2d138347ee6ee2da288b2ffe8e9d.jpg,8,0.1704608052968979,0.7786966562271118,0.09275975823402405,0.07099063694477081,0.001907760975882411
road320_png.rf.65f55afb9e0eb549cb01be72786c8b42.jpg,8,0.6127347946166992,0.5950585603713989,0.16055086255073547,0.1252051144838333,0.9126927256584167
road320_png.rf.65f55afb9e0eb549cb01be72786c8b42.jpg,0,0.9552455544471741,0.692754864692688,0.016797726973891258,0.057381704449653625,0.0034963905345648527
road321_png.rf.f9c13308da074b8ee78f43f6c7ea54f3.jpg,8,0.5197499990463257,0.48115748167037964,0.13649500906467438,0.10498964041471481,0.9476761221885681
road321_png.rf.f9c13308da074b8ee78f43f6c7ea54f3.jpg,7,0.33902454376220703,0.6664402484893799,0.046718891710042953,0.04734068736433983,0.0037501794286072254
road321_png.rf.f9c13308da074b8ee78f43f6c7ea54f3.jpg,1,0.697693943977356,0.7415894269943237,0.01930002123117447,0.07399705797433853,0.0018254886381328106
road321_png.rf.f9c13308da074b8ee78f43f6c7ea54f3.jpg,1,0.17674249410629272,0.006475410889834166,0.11843301355838776,0.012757943943142891,0.001250367728061974
road322_png.rf.6028574359019d435c66689704d0418f.jpg,8,0.42518386244773865,0.45151495933532715,0.15033626556396484,0.16081157326698303,0.9572705626487732
road322_png.rf.6028574359019d435c66689704d0418f.jpg,5,0.7571506500244141,0.4338911771774292,0.48477962613105774,0.8673593401908875,0.0013076439499855042
road322_png.rf.6028574359019d435c66689704d0418f.jpg,9,0.9943336248397827,0.4213625490665436,0.010946127586066723,0.06614692509174347,0.0011846523266285658
road322_png.rf.6028574359019d435c66689704d0418f.jpg,0,0.6504597067832947,0.8194189667701721,0.03545159846544266,0.1730581521987915,0.0010600908426567912
road323_png.rf.b843dd95b3d22917710ac75cca4a57b0.jpg,14,0.5655791163444519,0.4172819256782532,0.24769362807273865,0.18851375579833984,0.9936530590057373
road323_png.rf.b843dd95b3d22917710ac75cca4a57b0.jpg,9,0.6003870964050293,0.6144033670425415,0.2718758285045624,0.2113131880760193,0.9483634829521179
road323_png.rf.b843dd95b3d22917710ac75cca4a57b0.jpg,1,0.870803713798523,0.6822092533111572,0.24570788443088531,0.6196977496147156,0.0021331394091248512
road323_png.rf.b843dd95b3d22917710ac75cca4a57b0.jpg,9,0.8725377917289734,0.6848724484443665,0.254924476146698,0.6240234375,0.0011421965900808573
road339_png.rf.a176f5700f7182473dd4c3a268ebcbbd.jpg,14,0.4977272152900696,0.2595069408416748,0.3740609288215637,0.28160062432289124,0.9720771908760071
road339_png.rf.a176f5700f7182473dd4c3a268ebcbbd.jpg,14,0.3844938278198242,0.25491729378700256,0.10104575753211975,0.09515450894832611,0.0013118638889864087
road339_png.rf.a176f5700f7182473dd4c3a268ebcbbd.jpg,14,0.612966001033783,0.24163192510604858,0.6125084161758423,0.36747610569000244,0.0010987791465595365
road351_png.rf.917ea4e951348855c275b66bb4d890ad.jpg,8,0.5095120668411255,0.3793454170227051,0.26040342450141907,0.19733694195747375,0.9752671122550964
road351_png.rf.917ea4e951348855c275b66bb4d890ad.jpg,1,0.9860507845878601,0.052182190120220184,0.027898496016860008,0.0990830808877945,0.017542416229844093
road351_png.rf.917ea4e951348855c275b66bb4d890ad.jpg,0,0.9885061383247375,0.053087953478097916,0.022987807169556618,0.0985289216041565,0.004396467003971338
road351_png.rf.917ea4e951348855c275b66bb4d890ad.jpg,1,0.6052467226982117,0.008197113871574402,0.14413060247898102,0.016394227743148804,0.0033565654885023832
road351_png.rf.917ea4e951348855c275b66bb4d890ad.jpg,7,0.9856789112091064,0.04892022907733917,0.02834819070994854,0.09446672350168228,0.002150686224922538
road351_png.rf.917ea4e951348855c275b66bb4d890ad.jpg,1,0.9741075038909912,0.058575257658958435,0.05115949362516403,0.11707201600074768,0.0018254459137097
road351_png.rf.917ea4e951348855c275b66bb4d890ad.jpg,8,0.30416813492774963,0.15077108144760132,0.038946446031332016,0.05755840986967087,0.0014953470090404153
road351_png.rf.917ea4e951348855c275b66bb4d890ad.jpg,8,0.2659584879875183,0.1713728904724121,0.02303079515695572,0.04248596355319023,0.0013859932078048587
road351_png.rf.917ea4e951348855c275b66bb4d890ad.jpg,12,0.984833836555481,0.04932915046811104,0.030332492664456367,0.0947996973991394,0.001306832768023014
road351_png.rf.917ea4e951348855c275b66bb4d890ad.jpg,0,0.6075514554977417,0.008318489417433739,0.15392938256263733,0.016430562362074852,0.00116868840996176
road353_png.rf.deb497f4908212e3409c887fbb0544df.jpg,8,0.4450939893722534,0.4983094334602356,0.20286472141742706,0.14300529658794403,0.947797417640686
road353_png.rf.deb497f4908212e3409c887fbb0544df.jpg,0,0.360388845205307,0.014533639885485172,0.035289324820041656,0.02861352264881134,0.0088195214048028
road353_png.rf.deb497f4908212e3409c887fbb0544df.jpg,0,0.3835698068141937,0.016060268506407738,0.15017260611057281,0.031909164041280746,0.007147118914872408
road353_png.rf.deb497f4908212e3409c887fbb0544df.jpg,1,0.38145536184310913,0.015552716329693794,0.13086311519145966,0.030723614618182182,0.0042945221066474915
road353_png.rf.deb497f4908212e3409c887fbb0544df.jpg,8,0.290542334318161,0.5414338111877441,0.053211525082588196,0.03732879459857941,0.003729072865098715
road353_png.rf.deb497f4908212e3409c887fbb0544df.jpg,0,0.38668566942214966,0.016697105020284653,0.07707229256629944,0.032932016998529434,0.0034967095125466585
road353_png.rf.deb497f4908212e3409c887fbb0544df.jpg,8,0.30782604217529297,0.5242506861686707,0.06254086643457413,0.04464766010642052,0.0023891315795481205
road353_png.rf.deb497f4908212e3409c887fbb0544df.jpg,8,0.30281126499176025,0.5473111867904663,0.06891690939664841,0.029947135597467422,0.0016085291281342506
road353_png.rf.deb497f4908212e3409c887fbb0544df.jpg,8,0.28686729073524475,0.5625959634780884,0.054329726845026016,0.026197874918580055,0.0012962092878296971
road353_png.rf.deb497f4908212e3409c887fbb0544df.jpg,8,0.27919551730155945,0.5478737950325012,0.05558710917830467,0.03321273624897003,0.0012486082268878818
road353_png.rf.deb497f4908212e3409c887fbb0544df.jpg,8,0.316678911447525,0.5301110148429871,0.05012153089046478,0.050261277705430984,0.0012204835657030344
road353_png.rf.deb497f4908212e3409c887fbb0544df.jpg,8,0.37942954897880554,0.5213384032249451,0.07052098959684372,0.08943939208984375,0.0011598161654546857
road353_png.rf.deb497f4908212e3409c887fbb0544df.jpg,0,0.3426377773284912,0.010642790235579014,0.04444672539830208,0.02112816832959652,0.001029633218422532
road355_png.rf.c43f3ac674a10af91051d8cb228747ad.jpg,8,0.41512683033943176,0.37229129672050476,0.18204858899116516,0.13654601573944092,0.956244170665741
road362_png.rf.765355e68b8097399c60024a6f28840c.jpg,8,0.3945962190628052,0.4945681095123291,0.2245626598596573,0.17415282130241394,0.9639716148376465
road367_png.rf.68facda4326805592fce6d2bfb2dba6c.jpg,7,0.4370872974395752,0.4292777180671692,0.12513336539268494,0.0967656672000885,0.9578571319580078
road388_png.rf.cc49d1d1343172eaa95da35bf070a7d3.jpg,13,0.536782443523407,0.38360634446144104,0.11197325587272644,0.08213835954666138,0.8495432734489441
road388_png.rf.cc49d1d1343172eaa95da35bf070a7d3.jpg,0,0.09542937576770782,0.43385234475135803,0.018545646220445633,0.011244554072618484,0.008505032397806644
road388_png.rf.cc49d1d1343172eaa95da35bf070a7d3.jpg,13,0.06390439718961716,0.5146997570991516,0.010746470652520657,0.016009477898478508,0.005602994468063116
road388_png.rf.cc49d1d1343172eaa95da35bf070a7d3.jpg,3,0.031253524124622345,0.5760990381240845,0.015224053524434566,0.027872232720255852,0.002243566093966365
road388_png.rf.cc49d1d1343172eaa95da35bf070a7d3.jpg,13,0.05185413733124733,0.5074467658996582,0.020977919921278954,0.019050011411309242,0.0017108138417825103
road388_png.rf.cc49d1d1343172eaa95da35bf070a7d3.jpg,1,0.17171618342399597,0.283945769071579,0.02910856157541275,0.017194967716932297,0.0013996170600876212
road388_png.rf.cc49d1d1343172eaa95da35bf070a7d3.jpg,13,0.0430578850209713,0.5048185586929321,0.015671107918024063,0.01455431804060936,0.0012812732020393014
road388_png.rf.cc49d1d1343172eaa95da35bf070a7d3.jpg,3,0.1687486171722412,0.282742977142334,0.027562839910387993,0.01821143925189972,0.0010389151284471154
road38_png.rf.8b6e15b041aab397eb10b38728fa1e15.jpg,1,0.13963860273361206,0.1868688017129898,0.0933285728096962,0.3737376034259796,0.8184372782707214
road38_png.rf.8b6e15b041aab397eb10b38728fa1e15.jpg,1,0.7366430163383484,0.7219653725624084,0.16451220214366913,0.4056400954723358,0.39639943838119507
road38_png.rf.8b6e15b041aab397eb10b38728fa1e15.jpg,1,0.5739598870277405,0.012413831427693367,0.06320615857839584,0.024767274037003517,0.16368211805820465
road38_png.rf.8b6e15b041aab397eb10b38728fa1e15.jpg,1,0.7501906752586365,0.6516992449760437,0.14074164628982544,0.2657134532928467,0.05812865123152733
road38_png.rf.8b6e15b041aab397eb10b38728fa1e15.jpg,0,0.5728225708007812,0.01582706905901432,0.06972533464431763,0.031197641044855118,0.045843157917261124
road38_png.rf.8b6e15b041aab397eb10b38728fa1e15.jpg,1,0.10667038708925247,0.19114920496940613,0.16286292672157288,0.3807015120983124,0.02515135332942009
road38_png.rf.8b6e15b041aab397eb10b38728fa1e15.jpg,1,0.11432009935379028,0.4930998980998993,0.1549064964056015,0.9830561876296997,0.012396709993481636
road38_png.rf.8b6e15b041aab397eb10b38728fa1e15.jpg,1,0.11197119206190109,0.013865810818970203,0.07690417021512985,0.027531569823622704,0.009691661223769188
road38_png.rf.8b6e15b041aab397eb10b38728fa1e15.jpg,1,0.1259288787841797,0.1365559697151184,0.07222249358892441,0.2688330113887787,0.008001324720680714
road38_png.rf.8b6e15b041aab397eb10b38728fa1e15.jpg,1,0.9902321100234985,0.12347007542848587,0.019341543316841125,0.028480127453804016,0.0075479415245354176
road38_png.rf.8b6e15b041aab397eb10b38728fa1e15.jpg,0,0.9868133068084717,0.12725910544395447,0.023720229044556618,0.027950875461101532,0.007279356941580772
road38_png.rf.8b6e15b041aab397eb10b38728fa1e15.jpg,1,0.13169868290424347,0.18462148308753967,0.0767572671175003,0.2243858128786087,0.0056150793097913265
road38_png.rf.8b6e15b041aab397eb10b38728fa1e15.jpg,11,0.2487759292125702,0.035083964467048645,0.07864614576101303,0.07016792893409729,0.0043678549118340015
road38_png.rf.8b6e15b041aab397eb10b38728fa1e15.jpg,1,0.12561380863189697,0.1786326766014099,0.07026344537734985,0.15529431402683258,0.003571354318410158
road38_png.rf.8b6e15b041aab397eb10b38728fa1e15.jpg,1,0.7584612965583801,0.577492356300354,0.11788207292556763,0.12225782126188278,0.0028364029712975025
road38_png.rf.8b6e15b041aab397eb10b38728fa1e15.jpg,1,0.24940557777881622,0.03256819024682045,0.08898016810417175,0.0651363804936409,0.0023451352026313543
road38_png.rf.8b6e15b041aab397eb10b38728fa1e15.jpg,1,0.20598822832107544,0.3473225235939026,0.03557329997420311,0.05818711966276169,0.0021128251682966948
road38_png.rf.8b6e15b041aab397eb10b38728fa1e15.jpg,1,0.5591827034950256,0.019019344821572304,0.09845154732465744,0.03803868964314461,0.001834113267250359
road38_png.rf.8b6e15b041aab397eb10b38728fa1e15.jpg,1,0.23757436871528625,0.4944422245025635,0.42822906374931335,0.988884449005127,0.0015207900432869792
road38_png.rf.8b6e15b041aab397eb10b38728fa1e15.jpg,11,0.2640625238418579,0.03242242708802223,0.05134135112166405,0.06467736512422562,0.001438527018763125
road38_png.rf.8b6e15b041aab397eb10b38728fa1e15.jpg,1,0.15197311341762543,0.23214846849441528,0.09020767360925674,0.28858911991119385,0.001290342421270907
road38_png.rf.8b6e15b041aab397eb10b38728fa1e15.jpg,0,0.9850742816925049,0.06147567927837372,0.028220251202583313,0.05015862360596657,0.0012679168721660972
road38_png.rf.8b6e15b041aab397eb10b38728fa1e15.jpg,1,0.5526930093765259,0.009293407201766968,0.11041311174631119,0.018286779522895813,0.001173669588752091
road38_png.rf.8b6e15b041aab397eb10b38728fa1e15.jpg,1,0.9900317788124084,0.053633589297533035,0.019733136519789696,0.031255219131708145,0.00116579863242805
road38_png.rf.8b6e15b041aab397eb10b38728fa1e15.jpg,1,0.13468922674655914,0.252045601606369,0.07446575164794922,0.2551434636116028,0.00106367701664567
road393_png.rf.4fe43a89433923b9841d1435d98c4aae.jpg,3,0.5472245812416077,0.6798043251037598,0.1136748269200325,0.08725959062576294,0.8866418600082397
road393_png.rf.4fe43a89433923b9841d1435d98c4aae.jpg,1,0.8443328738212585,0.9573863744735718,0.018126415088772774,0.0712272971868515,0.011250350624322891
road397_png.rf.64b46468e2e241a3cb5dbce555894da3.jpg,3,0.5861318707466125,0.2523491680622101,0.3048022389411926,0.22943446040153503,0.9514850378036499
road400_png.rf.03186a0125d7e8f9ccbad9322201c91a.jpg,3,0.6327869892120361,0.5606195330619812,0.15362226963043213,0.11476810276508331,0.9630082845687866
road400_png.rf.03186a0125d7e8f9ccbad9322201c91a.jpg,0,0.9647794365882874,0.9932830333709717,0.06288939714431763,0.01343404408544302,0.03573179244995117
road400_png.rf.03186a0125d7e8f9ccbad9322201c91a.jpg,0,0.26122549176216125,0.9471737146377563,0.025849122554063797,0.10526276379823685,0.018919212743639946
road400_png.rf.03186a0125d7e8f9ccbad9322201c91a.jpg,0,0.9008334279060364,0.9867958426475525,0.04724297299981117,0.026408417150378227,0.0030382785480469465
road400_png.rf.03186a0125d7e8f9ccbad9322201c91a.jpg,0,0.961266040802002,0.9835857152938843,0.07451043277978897,0.03177819028496742,0.002922625746577978
road400_png.rf.03186a0125d7e8f9ccbad9322201c91a.jpg,0,0.281461626291275,0.939402163028717,0.03148343041539192,0.1211957260966301,0.0026400526985526085
road400_png.rf.03186a0125d7e8f9ccbad9322201c91a.jpg,0,0.296316534280777,0.9622311592102051,0.04621616005897522,0.07328929007053375,0.0018931933445855975
road400_png.rf.03186a0125d7e8f9ccbad9322201c91a.jpg,0,0.9073894619941711,0.977557897567749,0.0564270056784153,0.044459566473960876,0.001084847841411829
road402_png.rf.8b57601c39d08578c3fba71d26f6dd1a.jpg,13,0.4221328794956207,0.6595717668533325,0.11258477717638016,0.08533771336078644,0.7910156846046448
road402_png.rf.8b57601c39d08578c3fba71d26f6dd1a.jpg,3,0.42197003960609436,0.6556916236877441,0.11287454515695572,0.08531761169433594,0.2750742733478546
road402_png.rf.8b57601c39d08578c3fba71d26f6dd1a.jpg,4,0.15171374380588531,0.726511538028717,0.028531845659017563,0.0416211374104023,0.001013402477838099
road412_png.rf.f3dc3c3dcb2d0a679c190b33c3a3178b.jpg,3,0.5796764492988586,0.5105904936790466,0.08270028978586197,0.06746556609869003,0.9284377694129944
road412_png.rf.f3dc3c3dcb2d0a679c190b33c3a3178b.jpg,0,0.9172950983047485,0.9708335995674133,0.07114806771278381,0.056463684886693954,0.001498534344136715
road412_png.rf.f3dc3c3dcb2d0a679c190b33c3a3178b.jpg,0,0.5920434594154358,0.5626535415649414,0.04952739179134369,0.034614197909832,0.001390607561916113
road412_png.rf.f3dc3c3dcb2d0a679c190b33c3a3178b.jpg,0,0.9310941100120544,0.965715229511261,0.04457884654402733,0.04741727560758591,0.0012080675223842263
road420_png.rf.4db7dbd13a7b9c37ddddb7df9adf0834.jpg,13,0.5351316332817078,0.615359902381897,0.2037268429994583,0.15524058043956757,0.972307562828064
road421_png.rf.cd6d5f5724ac207f49f64d2ecc32f9f6.jpg,13,0.5244253873825073,0.4977036416530609,0.2557445764541626,0.20074228942394257,0.9742588996887207
road422_png.rf.9b9d58bbb154a5b030ff2addac608ef8.jpg,12,0.35816657543182373,0.5357578992843628,0.05852552875876427,0.04392271861433983,0.7182846069335938
road422_png.rf.9b9d58bbb154a5b030ff2addac608ef8.jpg,13,0.35814449191093445,0.5345994830131531,0.059817902743816376,0.042952392250299454,0.6735538840293884
road422_png.rf.9b9d58bbb154a5b030ff2addac608ef8.jpg,10,0.35882169008255005,0.5840656161308289,0.05868545174598694,0.04352870583534241,0.10150858014822006
road422_png.rf.9b9d58bbb154a5b030ff2addac608ef8.jpg,3,0.04465954378247261,0.6611568331718445,0.029576431959867477,0.02520722709596157,0.008840600028634071
road422_png.rf.9b9d58bbb154a5b030ff2addac608ef8.jpg,0,0.40261831879615784,0.3784646689891815,0.02174076810479164,0.012101761065423489,0.007224660366773605
road422_png.rf.9b9d58bbb154a5b030ff2addac608ef8.jpg,10,0.35753631591796875,0.5629178285598755,0.05834653228521347,0.07472317665815353,0.0036210711114108562
road422_png.rf.9b9d58bbb154a5b030ff2addac608ef8.jpg,0,0.2590920925140381,0.17138586938381195,0.035411983728408813,0.02117234095931053,0.0036183386109769344
road422_png.rf.9b9d58bbb154a5b030ff2addac608ef8.jpg,5,0.05596960708498955,0.6605544090270996,0.03883921355009079,0.03214571997523308,0.003582271048799157
road422_png.rf.9b9d58bbb154a5b030ff2addac608ef8.jpg,5,0.04257994517683983,0.6602705717086792,0.02931094542145729,0.029595743864774704,0.0032668777275830507
road422_png.rf.9b9d58bbb154a5b030ff2addac608ef8.jpg,5,0.359206885099411,0.6263232231140137,0.035413891077041626,0.06626363843679428,0.0029869668651372194
road422_png.rf.9b9d58bbb154a5b030ff2addac608ef8.jpg,13,0.35867801308631897,0.5528864860534668,0.05864239111542702,0.07418119162321091,0.0029489246662706137
road422_png.rf.9b9d58bbb154a5b030ff2addac608ef8.jpg,0,0.15162183344364166,0.4538784921169281,0.019534239545464516,0.014279586263000965,0.0026079623494297266
road422_png.rf.9b9d58bbb154a5b030ff2addac608ef8.jpg,3,0.050594624131917953,0.660995602607727,0.050924450159072876,0.028487427160143852,0.0022092924918979406
road422_png.rf.9b9d58bbb154a5b030ff2addac608ef8.jpg,1,0.25718051195144653,0.17373788356781006,0.04215303063392639,0.02192552387714386,0.0021903859451413155
road422_png.rf.9b9d58bbb154a5b030ff2addac608ef8.jpg,1,0.2693433463573456,0.1770547777414322,0.022935794666409492,0.018846586346626282,0.0020431983284652233
road422_png.rf.9b9d58bbb154a5b030ff2addac608ef8.jpg,1,0.4041244089603424,0.37902772426605225,0.02332526072859764,0.01360174361616373,0.0019793068058788776
road422_png.rf.9b9d58bbb154a5b030ff2addac608ef8.jpg,13,0.3593251407146454,0.5818374156951904,0.05785414204001427,0.051140714436769485,0.0017275416757911444
road422_png.rf.9b9d58bbb154a5b030ff2addac608ef8.jpg,12,0.14661747217178345,0.5445115566253662,0.2889872193336487,0.41155368089675903,0.001651948899962008
road422_png.rf.9b9d58bbb154a5b030ff2addac608ef8.jpg,10,0.19706159830093384,0.6031972765922546,0.019927099347114563,0.06230457127094269,0.001306649181060493
road422_png.rf.9b9d58bbb154a5b030ff2addac608ef8.jpg,3,0.359174519777298,0.583153486251831,0.05571013316512108,0.046934422105550766,0.0010179204400628805
road431_png.rf.4cf451707a1af9d139094513881b7654.jpg,13,0.18162287771701813,0.6020691990852356,0.1854844093322754,0.1449042111635208,0.9587223529815674
road431_png.rf.4cf451707a1af9d139094513881b7654.jpg,0,0.44713297486305237,0.4388284385204315,0.024752911180257797,0.12992148101329803,0.005691263824701309
road431_png.rf.4cf451707a1af9d139094513881b7654.jpg,0,0.5651625990867615,0.502190113067627,0.016327785328030586,0.019753016531467438,0.003575725946575403
road439_png.rf.3a8f1ca30bf60d80f05733e8d83212d9.jpg,13,0.25992974638938904,0.791218101978302,0.1663113385438919,0.13123732805252075,0.9732787609100342
road43_png.rf.c576096fc5f0b00379321f94ddffcbc6.jpg,0,0.6751276254653931,0.5284026861190796,0.02664155326783657,0.08163239806890488,0.6658554673194885
road43_png.rf.c576096fc5f0b00379321f94ddffcbc6.jpg,0,0.4610445499420166,0.361257940530777,0.039842166006565094,0.11243030428886414,0.6647413969039917
road43_png.rf.c576096fc5f0b00379321f94ddffcbc6.jpg,0,0.8380405902862549,0.5280140042304993,0.028451479971408844,0.08461079746484756,0.5954555869102478
road43_png.rf.c576096fc5f0b00379321f94ddffcbc6.jpg,0,0.045161597430706024,0.4048973023891449,0.03416404500603676,0.11086251586675644,0.589871883392334
road43_png.rf.c576096fc5f0b00379321f94ddffcbc6.jpg,0,0.24054023623466492,0.38063299655914307,0.041997652500867844,0.11052403599023819,0.4442635774612427
road43_png.rf.c576096fc5f0b00379321f94ddffcbc6.jpg,0,0.6464192271232605,0.7366142272949219,0.02839631401002407,0.043025970458984375,0.30174025893211365
road43_png.rf.c576096fc5f0b00379321f94ddffcbc6.jpg,1,0.5624018907546997,0.7235543727874756,0.015157846733927727,0.019308824092149734,0.12638439238071442
road43_png.rf.c576096fc5f0b00379321f94ddffcbc6.jpg,1,0.6481903791427612,0.7351975440979004,0.023271560668945312,0.041412353515625,0.10541670769453049
road43_png.rf.c576096fc5f0b00379321f94ddffcbc6.jpg,0,0.6419931650161743,0.7354902625083923,0.02487652190029621,0.034615736454725266,0.09384270012378693
road43_png.rf.c576096fc5f0b00379321f94ddffcbc6.jpg,1,0.603035569190979,0.7261328101158142,0.017783019691705704,0.015875304117798805,0.07654333114624023
road43_png.rf.c576096fc5f0b00379321f94ddffcbc6.jpg,1,0.5317906737327576,0.7285651564598083,0.023189472034573555,0.033344123512506485,0.05414390563964844
road43_png.rf.c576096fc5f0b00379321f94ddffcbc6.jpg,0,0.015328994952142239,0.40632888674736023,0.03060479834675789,0.10490168631076813,0.026627086102962494
road43_png.rf.c576096fc5f0b00379321f94ddffcbc6.jpg,1,0.5539383888244629,0.7251140475273132,0.026552714407444,0.025795424357056618,0.0227307491004467
road43_png.rf.c576096fc5f0b00379321f94ddffcbc6.jpg,1,0.7161357998847961,0.705512285232544,0.022474143654108047,0.017806127667427063,0.016362354159355164
road43_png.rf.c576096fc5f0b00379321f94ddffcbc6.jpg,1,0.5999718308448792,0.7311862111091614,0.02346060983836651,0.02419310435652733,0.01160722691565752
road43_png.rf.c576096fc5f0b00379321f94ddffcbc6.jpg,0,0.6503779292106628,0.7200955748558044,0.019067324697971344,0.01112219039350748,0.009566796943545341
road43_png.rf.c576096fc5f0b00379321f94ddffcbc6.jpg,1,0.5323224663734436,0.717512845993042,0.028169412165880203,0.022060835734009743,0.00876693893224001
road43_png.rf.c576096fc5f0b00379321f94ddffcbc6.jpg,1,0.5623789429664612,0.7303380370140076,0.01668790727853775,0.031108563765883446,0.008476112969219685
road43_png.rf.c576096fc5f0b00379321f94ddffcbc6.jpg,1,0.536114513874054,0.725480854511261,0.03192190080881119,0.024949735030531883,0.008319616317749023
road43_png.rf.c576096fc5f0b00379321f94ddffcbc6.jpg,0,0.6499226689338684,0.730287492275238,0.02479274570941925,0.027541382238268852,0.008307689800858498
road43_png.rf.c576096fc5f0b00379321f94ddffcbc6.jpg,0,0.6593769192695618,0.5324680209159851,0.06454937160015106,0.06913728266954422,0.007497161161154509
road43_png.rf.c576096fc5f0b00379321f94ddffcbc6.jpg,1,0.4031493663787842,0.8389601707458496,0.018428802490234375,0.05597129464149475,0.007357807829976082
road43_png.rf.c576096fc5f0b00379321f94ddffcbc6.jpg,1,0.5532459020614624,0.7349165678024292,0.024741394445300102,0.03263884410262108,0.006353884469717741
road43_png.rf.c576096fc5f0b00379321f94ddffcbc6.jpg,1,0.6904193162918091,0.7087098956108093,0.018128616735339165,0.020960001274943352,0.005982422269880772
road43_png.rf.c576096fc5f0b00379321f94ddffcbc6.jpg,8,0.7993960380554199,0.5438611507415771,0.023404929786920547,0.04633360728621483,0.00592763489112258
road43_png.rf.c576096fc5f0b00379321f94ddffcbc6.jpg,1,0.6883187294006348,0.7156549692153931,0.021988356485962868,0.024708382785320282,0.005924093071371317
road43_png.rf.c576096fc5f0b00379321f94ddffcbc6.jpg,1,0.6112453937530518,0.7293908596038818,0.02366025745868683,0.024951055645942688,0.005299287382513285
road43_png.rf.c576096fc5f0b00379321f94ddffcbc6.jpg,1,0.3460543751716614,0.75067538022995,0.030564015731215477,0.017650458961725235,0.005192160606384277
road43_png.rf.c576096fc5f0b00379321f94ddffcbc6.jpg,1,0.6080706119537354,0.725025475025177,0.017215728759765625,0.019525527954101562,0.005122285336256027
road43_png.rf.c576096fc5f0b00379321f94ddffcbc6.jpg,1,0.5972873568534851,0.7277963161468506,0.024126200005412102,0.01742788590490818,0.005056729540228844
road43_png.rf.c576096fc5f0b00379321f94ddffcbc6.jpg,1,0.6940122842788696,0.7092242240905762,0.01821415312588215,0.017638280987739563,0.004673153627663851
road43_png.rf.c576096fc5f0b00379321f94ddffcbc6.jpg,1,0.7037047147750854,0.707371711730957,0.041454315185546875,0.021623024716973305,0.004296720959246159
road43_png.rf.c576096fc5f0b00379321f94ddffcbc6.jpg,1,0.6397218108177185,0.7298812866210938,0.037328869104385376,0.025884775444865227,0.003976297564804554
road43_png.rf.c576096fc5f0b00379321f94ddffcbc6.jpg,1,0.133015975356102,0.7031558156013489,0.012875025160610676,0.0332697369158268,0.003685649484395981
road43_png.rf.c576096fc5f0b00379321f94ddffcbc6.jpg,1,0.5679486989974976,0.725240170955658,0.019482392817735672,0.019665351137518883,0.002878071740269661
road43_png.rf.c576096fc5f0b00379321f94ddffcbc6.jpg,1,0.9285101294517517,0.6819064617156982,0.02031414397060871,0.0181475430727005,0.0028642630204558372
road43_png.rf.c576096fc5f0b00379321f94ddffcbc6.jpg,0,0.44640639424324036,0.36273571848869324,0.062432657927274704,0.11451692134141922,0.0027263187803328037
road43_png.rf.c576096fc5f0b00379321f94ddffcbc6.jpg,1,0.6496456265449524,0.7169449329376221,0.02482825145125389,0.020728185772895813,0.0022502942010760307
road43_png.rf.c576096fc5f0b00379321f94ddffcbc6.jpg,1,0.5755529403686523,0.8400108814239502,0.07994868606328964,0.04951433092355728,0.002131019253283739
road43_png.rf.c576096fc5f0b00379321f94ddffcbc6.jpg,0,0.2555786371231079,0.6943243741989136,0.015289820730686188,0.03478006273508072,0.0020531455520540476
road43_png.rf.c576096fc5f0b00379321f94ddffcbc6.jpg,0,0.4739203155040741,0.3563535213470459,0.06732221692800522,0.10921066254377365,0.0016829208470880985
road43_png.rf.c576096fc5f0b00379321f94ddffcbc6.jpg,1,0.15643347799777985,0.7833216190338135,0.059313081204891205,0.0322064645588398,0.0014323592185974121
road43_png.rf.c576096fc5f0b00379321f94ddffcbc6.jpg,1,0.6058242917060852,0.7235586643218994,0.014295064844191074,0.014415301382541656,0.0014103262219578028
road43_png.rf.c576096fc5f0b00379321f94ddffcbc6.jpg,0,0.48288705945014954,0.3660501539707184,0.04718678072094917,0.10183320194482803,0.0013971679145470262
road43_png.rf.c576096fc5f0b00379321f94ddffcbc6.jpg,1,0.14657285809516907,0.7834053039550781,0.06282132863998413,0.04006092622876167,0.0013526220573112369
road43_png.rf.c576096fc5f0b00379321f94ddffcbc6.jpg,1,0.7256186604499817,0.7683619260787964,0.018097804859280586,0.02833586558699608,0.0011742175556719303
road446_png.rf.f38afaa2d572c8426b05a88bdb4a5d3d.jpg,13,0.5270573496818542,0.3616154193878174,0.21465112268924713,0.1726258397102356,0.9737504720687866
road446_png.rf.f38afaa2d572c8426b05a88bdb4a5d3d.jpg,0,0.9053324460983276,0.8912956118583679,0.02156287059187889,0.08240392059087753,0.0018734220648184419
road450_png.rf.4066ba8e8ac659692b69cbcf144c575f.jpg,10,0.47829338908195496,0.4453742802143097,0.1476067155599594,0.11747947335243225,0.9966368675231934
road450_png.rf.4066ba8e8ac659692b69cbcf144c575f.jpg,9,0.47876113653182983,0.41172894835472107,0.14783316850662231,0.18656335771083832,0.005634792149066925
road450_png.rf.4066ba8e8ac659692b69cbcf144c575f.jpg,9,0.4777020514011383,0.3096499443054199,0.14245665073394775,0.10726386308670044,0.0020921952091157436
road450_png.rf.4066ba8e8ac659692b69cbcf144c575f.jpg,0,0.11970334500074387,0.5072439908981323,0.03409567475318909,0.009897892363369465,0.0012044492177665234
road450_png.rf.4066ba8e8ac659692b69cbcf144c575f.jpg,12,0.7018043398857117,0.6759029030799866,0.5963914394378662,0.5581313371658325,0.0010694192023947835
road450_png.rf.4066ba8e8ac659692b69cbcf144c575f.jpg,0,0.7642985582351685,0.8600173592567444,0.028130752965807915,0.031515270471572876,0.0010054800659418106
road450_png.rf.4066ba8e8ac659692b69cbcf144c575f.jpg,11,0.4785301089286804,0.3160209655761719,0.14667217433452606,0.10805981606245041,0.0010017033200711012
road453_png.rf.2ac6332c02e34b01f38bd0daf2dee199.jpg,10,0.44453299045562744,0.47388529777526855,0.2770117223262787,0.22569377720355988,0.9788726568222046
road459_png.rf.90e8843192d53e6f83e48ef5a09736a3.jpg,12,0.48186495900154114,0.44247639179229736,0.21320314705371857,0.17192071676254272,0.982404887676239
road459_png.rf.90e8843192d53e6f83e48ef5a09736a3.jpg,1,0.4197416603565216,0.8774352669715881,0.13531208038330078,0.2451295256614685,0.7997651100158691
road459_png.rf.90e8843192d53e6f83e48ef5a09736a3.jpg,0,0.496208131313324,0.9038491249084473,0.04081711545586586,0.18367856740951538,0.027021784335374832
road459_png.rf.90e8843192d53e6f83e48ef5a09736a3.jpg,0,0.49226754903793335,0.929154634475708,0.035086266696453094,0.14169077575206757,0.004230275750160217
road459_png.rf.90e8843192d53e6f83e48ef5a09736a3.jpg,0,0.4145679175853729,0.959756076335907,0.11621791124343872,0.07975476235151291,0.0022226297296583652
road459_png.rf.90e8843192d53e6f83e48ef5a09736a3.jpg,1,0.4934506118297577,0.9008337259292603,0.03901071101427078,0.1946679651737213,0.0020065188873559237
road459_png.rf.90e8843192d53e6f83e48ef5a09736a3.jpg,0,0.4759911298751831,0.946294367313385,0.023469779640436172,0.10691452771425247,0.0018524137558415532
road45_png.rf.de2883de8bdeb35347f7dfbd23b1916c.jpg,0,0.6601874232292175,0.15032629668712616,0.0393475778400898,0.11834181845188141,0.4686405658721924
road45_png.rf.de2883de8bdeb35347f7dfbd23b1916c.jpg,1,0.627052903175354,0.29417791962623596,0.17584845423698425,0.16504716873168945,0.18547172844409943
road45_png.rf.de2883de8bdeb35347f7dfbd23b1916c.jpg,0,0.8681530952453613,0.43098267912864685,0.06550583988428116,0.04276261106133461,0.08304402232170105
road45_png.rf.de2883de8bdeb35347f7dfbd23b1916c.jpg,0,0.7282027006149292,0.4078948199748993,0.0909133329987526,0.07010694593191147,0.025939762592315674
road45_png.rf.de2883de8bdeb35347f7dfbd23b1916c.jpg,1,0.42669159173965454,0.030889494344592094,0.03929578512907028,0.02695568837225437,0.016234004870057106
road45_png.rf.de2883de8bdeb35347f7dfbd23b1916c.jpg,1,0.41517141461372375,0.02419653907418251,0.061158403754234314,0.04126711189746857,0.015162759460508823
road45_png.rf.de2883de8bdeb35347f7dfbd23b1916c.jpg,0,0.09650988131761551,0.520728349685669,0.046476811170578,0.03812980651855469,0.01429299358278513
road45_png.rf.de2883de8bdeb35347f7dfbd23b1916c.jpg,0,0.6729503273963928,0.22251935303211212,0.06330695748329163,0.2583979666233063,0.010822719894349575
road45_png.rf.de2883de8bdeb35347f7dfbd23b1916c.jpg,1,0.011156831867992878,0.3736311197280884,0.022313663735985756,0.11684095114469528,0.007968739606440067
road45_png.rf.de2883de8bdeb35347f7dfbd23b1916c.jpg,1,0.752491295337677,0.4028725028038025,0.04047657921910286,0.06867210566997528,0.007323780562728643
road45_png.rf.de2883de8bdeb35347f7dfbd23b1916c.jpg,0,0.7481350302696228,0.40807491540908813,0.050678402185440063,0.07246773689985275,0.0065848445519804955
road45_png.rf.de2883de8bdeb35347f7dfbd23b1916c.jpg,1,0.5743305087089539,0.23492856323719025,0.029527371749281883,0.040207166224718094,0.006074852775782347
road45_png.rf.de2883de8bdeb35347f7dfbd23b1916c.jpg,1,0.4009537398815155,0.021036421880126,0.09710913896560669,0.028269223868846893,0.0057040187530219555
road45_png.rf.de2883de8bdeb35347f7dfbd23b1916c.jpg,1,0.6452307105064392,0.29793205857276917,0.07390844076871872,0.14377664029598236,0.005191515199840069
road45_png.rf.de2883de8bdeb35347f7dfbd23b1916c.jpg,10,0.942504346370697,0.5546165108680725,0.009586774744093418,0.020031416788697243,0.004780378192663193
road45_png.rf.de2883de8bdeb35347f7dfbd23b1916c.jpg,0,0.00969692412763834,0.36857107281684875,0.018963780254125595,0.11070193350315094,0.003682962618768215
road45_png.rf.de2883de8bdeb35347f7dfbd23b1916c.jpg,1,0.011370265856385231,0.20748095214366913,0.022740531712770462,0.0846485048532486,0.0034861399326473475
road45_png.rf.de2883de8bdeb35347f7dfbd23b1916c.jpg,1,0.375806599855423,0.020771820098161697,0.12379323691129684,0.04145367443561554,0.00282397517003119
road45_png.rf.de2883de8bdeb35347f7dfbd23b1916c.jpg,1,0.20502826571464539,0.2601517140865326,0.04136309400200844,0.06843236833810806,0.0026264875195920467
road45_png.rf.de2883de8bdeb35347f7dfbd23b1916c.jpg,1,0.20288798213005066,0.6469449996948242,0.05718392878770828,0.032588958740234375,0.002588778268545866
road45_png.rf.de2883de8bdeb35347f7dfbd23b1916c.jpg,1,0.49336594343185425,0.3604201078414917,0.04851524904370308,0.029649294912815094,0.0023545047733932734
road45_png.rf.de2883de8bdeb35347f7dfbd23b1916c.jpg,1,0.6936777830123901,0.27885815501213074,0.042018305510282516,0.16007857024669647,0.002189540769904852
road45_png.rf.de2883de8bdeb35347f7dfbd23b1916c.jpg,10,0.980800986289978,0.5570278167724609,0.014074472710490227,0.019534625113010406,0.0021573584526777267
road45_png.rf.de2883de8bdeb35347f7dfbd23b1916c.jpg,1,0.6647645831108093,0.28570395708084106,0.10195967555046082,0.1719559282064438,0.0020470444578677416
road45_png.rf.de2883de8bdeb35347f7dfbd23b1916c.jpg,0,0.707595705986023,0.4020097553730011,0.095306396484375,0.049495257437229156,0.0018368030432611704
road45_png.rf.de2883de8bdeb35347f7dfbd23b1916c.jpg,0,0.4655492603778839,0.5524450540542603,0.15881891548633575,0.05154191702604294,0.0017667312640696764
road45_png.rf.de2883de8bdeb35347f7dfbd23b1916c.jpg,1,0.5632550120353699,0.31866106390953064,0.2975504398345947,0.234291672706604,0.0016205997671931982
road45_png.rf.de2883de8bdeb35347f7dfbd23b1916c.jpg,1,0.33658573031425476,0.01017878856509924,0.08173451572656631,0.020252810791134834,0.0014118662802502513
road45_png.rf.de2883de8bdeb35347f7dfbd23b1916c.jpg,0,0.4893006682395935,0.36144110560417175,0.035790152847766876,0.024117397144436836,0.0012882996816188097
road45_png.rf.de2883de8bdeb35347f7dfbd23b1916c.jpg,1,0.3464125394821167,0.01702030561864376,0.09955611824989319,0.03381442651152611,0.001233621733263135
road45_png.rf.de2883de8bdeb35347f7dfbd23b1916c.jpg,0,0.45075523853302,0.631803035736084,0.17651639878749847,0.08388783782720566,0.0011697999434545636
road45_png.rf.de2883de8bdeb35347f7dfbd23b1916c.jpg,0,0.01718919910490513,0.19765383005142212,0.034169673919677734,0.11870142817497253,0.0011359828058630228
road45_png.rf.de2883de8bdeb35347f7dfbd23b1916c.jpg,1,0.7403786182403564,0.4047536253929138,0.06734437495470047,0.07214362919330597,0.0010577579960227013
road45_png.rf.de2883de8bdeb35347f7dfbd23b1916c.jpg,1,0.4308807849884033,0.03577808663249016,0.03426302596926689,0.026682360097765923,0.001033018110319972
road45_png.rf.de2883de8bdeb35347f7dfbd23b1916c.jpg,0,0.6712857484817505,0.39664775133132935,0.03952217102050781,0.03603377938270569,0.0010188635205850005
road466_png.rf.d57ae6325b53f1b11ebb16fbfefd48e0.jpg,12,0.36546921730041504,0.25203850865364075,0.27765560150146484,0.2025381624698639,0.9667197465896606
road466_png.rf.d57ae6325b53f1b11ebb16fbfefd48e0.jpg,0,0.3194931149482727,0.7970821261405945,0.18269532918930054,0.365891695022583,0.9622515439987183
road466_png.rf.d57ae6325b53f1b11ebb16fbfefd48e0.jpg,0,0.9699748754501343,0.994131863117218,0.05942007526755333,0.011736356653273106,0.0013846540823578835
road466_png.rf.d57ae6325b53f1b11ebb16fbfefd48e0.jpg,8,0.5685290098190308,0.769930362701416,0.3074907660484314,0.20984987914562225,0.0012801960110664368
road466_png.rf.d57ae6325b53f1b11ebb16fbfefd48e0.jpg,0,0.19971272349357605,0.5359724164009094,0.3994254469871521,0.9212052822113037,0.0010494166053831577
road470_png.rf.7670afafae0b681bed4d7bd1ce2f1775.jpg,12,0.3262375295162201,0.5435274839401245,0.1879521906375885,0.14393718540668488,0.9695919752120972
road470_png.rf.7670afafae0b681bed4d7bd1ce2f1775.jpg,0,0.6298119425773621,0.9281680583953857,0.06736285984516144,0.1286628544330597,0.02737928181886673
road470_png.rf.7670afafae0b681bed4d7bd1ce2f1775.jpg,0,0.5210850834846497,0.9388696551322937,0.025305235758423805,0.12091299891471863,0.021823925897479057
road470_png.rf.7670afafae0b681bed4d7bd1ce2f1775.jpg,0,0.5208960771560669,0.9086372256278992,0.028468646109104156,0.1803874969482422,0.006288150325417519
road470_png.rf.7670afafae0b681bed4d7bd1ce2f1775.jpg,0,0.593887984752655,0.9308326840400696,0.13803863525390625,0.13821308314800262,0.003962676506489515
road470_png.rf.7670afafae0b681bed4d7bd1ce2f1775.jpg,0,0.8136389255523682,0.16245052218437195,0.1401921808719635,0.05279697850346565,0.0010902856010943651
road470_png.rf.7670afafae0b681bed4d7bd1ce2f1775.jpg,0,0.04448487237095833,0.6099335551261902,0.046742066740989685,0.0919869914650917,0.0010383748449385166
road485_png.rf.27b8f614cd9acbfc022c4c40b8707cbf.jpg,12,0.3837586045265198,0.4704687297344208,0.42875224351882935,0.3233407139778137,0.9579094052314758
road487_png.rf.dc7045b0bb497d4a44959dc9f8466232.jpg,12,0.5762737393379211,0.425258606672287,0.10521460324525833,0.0852796882390976,0.9549000859260559
road487_png.rf.dc7045b0bb497d4a44959dc9f8466232.jpg,1,0.26965612173080444,0.018765607848763466,0.02762053720653057,0.0374746210873127,0.0024527490604668856
road487_png.rf.dc7045b0bb497d4a44959dc9f8466232.jpg,0,0.27466121315956116,0.12633885443210602,0.030963752418756485,0.10760465264320374,0.002298804000020027
road487_png.rf.dc7045b0bb497d4a44959dc9f8466232.jpg,1,0.3014968931674957,0.0209520123898983,0.020966896787285805,0.0419040247797966,0.0022341562435030937
road487_png.rf.dc7045b0bb497d4a44959dc9f8466232.jpg,12,0.3916136920452118,0.5359108448028564,0.7791612148284912,0.776083767414093,0.0021729017607867718
road487_png.rf.dc7045b0bb497d4a44959dc9f8466232.jpg,1,0.06028520315885544,0.012552053667604923,0.02732095494866371,0.0250236913561821,0.0020191597286611795
road487_png.rf.dc7045b0bb497d4a44959dc9f8466232.jpg,0,0.6075541377067566,0.05780014395713806,0.028062637895345688,0.11028929054737091,0.0016187477158382535
road487_png.rf.dc7045b0bb497d4a44959dc9f8466232.jpg,12,0.38029980659484863,0.48188239336013794,0.5178723335266113,0.7518205046653748,0.0015184733783826232
road487_png.rf.dc7045b0bb497d4a44959dc9f8466232.jpg,1,0.2757214903831482,0.014576488174498081,0.030142271891236305,0.02906632050871849,0.0012501999735832214
road487_png.rf.dc7045b0bb497d4a44959dc9f8466232.jpg,10,0.5743089914321899,0.515041172504425,0.10431873053312302,0.07995612919330597,0.0011301004560664296
road488_png.rf.d96ab5854f2c6a2137b4005752cadeec.jpg,12,0.6749229431152344,0.3611452877521515,0.1251712292432785,0.09810220450162888,0.9256855845451355
road488_png.rf.d96ab5854f2c6a2137b4005752cadeec.jpg,1,0.7723263502120972,0.013720459304749966,0.025889471173286438,0.02729063667356968,0.0073675550520420074
road488_png.rf.d96ab5854f2c6a2137b4005752cadeec.jpg,1,0.08740813285112381,0.006432108115404844,0.047347087413072586,0.01267991866916418,0.0029073194600641727
road488_png.rf.d96ab5854f2c6a2137b4005752cadeec.jpg,1,0.7204816341400146,0.01746962033212185,0.02535277232527733,0.0349392406642437,0.002811366692185402
road488_png.rf.d96ab5854f2c6a2137b4005752cadeec.jpg,0,0.01199591625481844,0.020927058532834053,0.022842898964881897,0.041115861386060715,0.0025200946256518364
road488_png.rf.d96ab5854f2c6a2137b4005752cadeec.jpg,1,0.6653766632080078,0.013213593512773514,0.020285680890083313,0.026427187025547028,0.0011525984155014157
road488_png.rf.d96ab5854f2c6a2137b4005752cadeec.jpg,0,0.7193135023117065,0.06682362407445908,0.032789379358291626,0.13364724814891815,0.0010488313855603337
road490_png.rf.464f4426af72921b633d86c047b4eb7a.jpg,12,0.530991792678833,0.3698117733001709,0.15845797955989838,0.12253116071224213,0.9384704232215881
road490_png.rf.464f4426af72921b633d86c047b4eb7a.jpg,1,0.521929919719696,0.013272501528263092,0.023558910936117172,0.026519693434238434,0.06922830641269684
road490_png.rf.464f4426af72921b633d86c047b4eb7a.jpg,1,0.4694896340370178,0.010509086772799492,0.023225491866469383,0.020857300609350204,0.0351339690387249
road490_png.rf.464f4426af72921b633d86c047b4eb7a.jpg,1,0.6394414305686951,0.02397184818983078,0.021268991753458977,0.04757159575819969,0.028485435992479324
road490_png.rf.464f4426af72921b633d86c047b4eb7a.jpg,1,0.46148279309272766,0.010315699502825737,0.019825715571641922,0.020002491772174835,0.007088899612426758
road490_png.rf.464f4426af72921b633d86c047b4eb7a.jpg,1,0.4103626012802124,0.00847027450799942,0.027057355269789696,0.016733741387724876,0.005786966532468796
road490_png.rf.464f4426af72921b633d86c047b4eb7a.jpg,0,0.05564374476671219,0.020544076338410378,0.03172677382826805,0.041088152676820755,0.002027392154559493
road490_png.rf.464f4426af72921b633d86c047b4eb7a.jpg,0,0.47022712230682373,0.01431824080646038,0.01810924895107746,0.025457963347434998,0.001793369185179472
road490_png.rf.464f4426af72921b633d86c047b4eb7a.jpg,1,0.5110335946083069,0.012584171257913113,0.02563733421266079,0.024791419506072998,0.0016548153944313526
road490_png.rf.464f4426af72921b633d86c047b4eb7a.jpg,1,0.4859696626663208,0.011386190541088581,0.02541879564523697,0.022626204416155815,0.001366087351925671
road490_png.rf.464f4426af72921b633d86c047b4eb7a.jpg,0,0.40578940510749817,0.013816909864544868,0.022757384926080704,0.026909971609711647,0.0012679439969360828
road490_png.rf.464f4426af72921b633d86c047b4eb7a.jpg,1,0.6394201517105103,0.03822832927107811,0.023932091891765594,0.07534827291965485,0.0012055040569975972
road490_png.rf.464f4426af72921b633d86c047b4eb7a.jpg,1,0.05105723813176155,0.011906730942428112,0.03161412104964256,0.023665504530072212,0.0010762725723907351
road491_png.rf.878b3a369b2f57b3edeb679ff3e03c23.jpg,12,0.5725401043891907,0.40334564447402954,0.19696031510829926,0.15136264264583588,0.9879432320594788
road491_png.rf.878b3a369b2f57b3edeb679ff3e03c23.jpg,0,0.29715102910995483,0.09385491907596588,0.025610044598579407,0.033910807222127914,0.0034920137841254473
road491_png.rf.878b3a369b2f57b3edeb679ff3e03c23.jpg,0,0.28777024149894714,0.79395991563797,0.011204573325812817,0.029170257970690727,0.002237275941297412
road506_png.rf.7a13ac3369dd9c4a13997267c82b32a6.jpg,12,0.3102506697177887,0.6754285097122192,0.23466143012046814,0.1843726933002472,0.9818222522735596
road519_png.rf.aa9e93bebe13bca1fd49aa4b08f47354.jpg,12,0.5805553197860718,0.4695844054222107,0.08851660788059235,0.06597299128770828,0.9676970839500427
road519_png.rf.aa9e93bebe13bca1fd49aa4b08f47354.jpg,14,0.4404800236225128,0.7734553813934326,0.021959232166409492,0.017768127843737602,0.0020844044629484415
road519_png.rf.aa9e93bebe13bca1fd49aa4b08f47354.jpg,0,0.37804266810417175,0.7662495374679565,0.012224637903273106,0.018754813820123672,0.002033730736002326
road519_png.rf.aa9e93bebe13bca1fd49aa4b08f47354.jpg,13,0.2626640498638153,0.7956738471984863,0.011075460352003574,0.023945443332195282,0.001788779511116445
road519_png.rf.aa9e93bebe13bca1fd49aa4b08f47354.jpg,13,0.21430830657482147,0.7949901223182678,0.02219489961862564,0.02086668834090233,0.0011179795255884528
road519_png.rf.aa9e93bebe13bca1fd49aa4b08f47354.jpg,1,0.23966291546821594,0.6622528433799744,0.01473228819668293,0.032940205186605453,0.0011073051718994975
road51_png.rf.049d6ceefd959818a9f59c81f8d1387a.jpg,1,0.5559200644493103,0.5012958645820618,0.13436731696128845,0.32355448603630066,0.9584524631500244
road51_png.rf.049d6ceefd959818a9f59c81f8d1387a.jpg,0,0.5556382536888123,0.4949224293231964,0.13374054431915283,0.3191729784011841,0.06491543352603912
road51_png.rf.049d6ceefd959818a9f59c81f8d1387a.jpg,1,0.5534171462059021,0.39795276522636414,0.12953361868858337,0.106009341776371,0.02619108557701111
road51_png.rf.049d6ceefd959818a9f59c81f8d1387a.jpg,1,0.6685156226158142,0.02979389578104019,0.053773295134305954,0.05958779156208038,0.01753942295908928
road51_png.rf.049d6ceefd959818a9f59c81f8d1387a.jpg,1,0.5353171229362488,0.03726842626929283,0.059372611343860626,0.07453685253858566,0.013443741016089916
road51_png.rf.049d6ceefd959818a9f59c81f8d1387a.jpg,1,0.5228228569030762,0.03569355607032776,0.04641158878803253,0.07122748345136642,0.007078740745782852
road51_png.rf.049d6ceefd959818a9f59c81f8d1387a.jpg,1,0.205005943775177,0.035306673496961594,0.039096761494874954,0.07051216810941696,0.0029053420294076204
road51_png.rf.049d6ceefd959818a9f59c81f8d1387a.jpg,1,0.009635228663682938,0.40997573733329773,0.018667493015527725,0.0827137902379036,0.0016477814642712474
road51_png.rf.049d6ceefd959818a9f59c81f8d1387a.jpg,0,0.9906614422798157,0.8657103776931763,0.018677199259400368,0.17270000278949738,0.0012712409952655435
road51_png.rf.049d6ceefd959818a9f59c81f8d1387a.jpg,1,0.5418726205825806,0.040899526327848434,0.02959662303328514,0.08179905265569687,0.0011491910554468632
road520_png.rf.937374420bcb13bddc7b27ad6128d860.jpg,12,0.6370497941970825,0.4099329113960266,0.15727032721042633,0.12149987369775772,0.9644386172294617
road520_png.rf.937374420bcb13bddc7b27ad6128d860.jpg,0,0.34180378913879395,0.43429791927337646,0.03863298147916794,0.018058044835925102,0.008010891266167164
road520_png.rf.937374420bcb13bddc7b27ad6128d860.jpg,0,0.3658748269081116,0.8789674639701843,0.014851571060717106,0.05113983526825905,0.002517484128475189
road520_png.rf.937374420bcb13bddc7b27ad6128d860.jpg,0,0.31456270813941956,0.9082041382789612,0.018842991441488266,0.06695087254047394,0.0016118277562782168
road520_png.rf.937374420bcb13bddc7b27ad6128d860.jpg,0,0.36336174607276917,0.8956990838050842,0.013704814016819,0.06015528365969658,0.0014307860983535647
road520_png.rf.937374420bcb13bddc7b27ad6128d860.jpg,12,0.33694860339164734,0.8095430731773376,0.5932224988937378,0.38091403245925903,0.0010259095579385757
road554_png.rf.534262cf45c8f7f6ad9e709bfa74bd81.jpg,8,0.38216763734817505,0.7104260921478271,0.1747635453939438,0.13724195957183838,0.9377333521842957
road573_png.rf.692497fab5c04bfffa1d5f4b2b285213.jpg,8,0.379789799451828,0.6538991332054138,0.2955893874168396,0.23115350306034088,0.9765715599060059
road573_png.rf.692497fab5c04bfffa1d5f4b2b285213.jpg,5,0.3994307219982147,0.9012412428855896,0.27825409173965454,0.1975175440311432,0.001759698148816824
road574_png.rf.e9300ee48cadd50aff3821e5d303d293.jpg,8,0.49106064438819885,0.6610328555107117,0.39523786306381226,0.29850316047668457,0.9690988659858704
road576_png.rf.f46db39f9f64118df1377c6196897c25.jpg,8,0.2577191889286041,0.33338427543640137,0.12309553474187851,0.09178754687309265,0.9733313918113708
road576_png.rf.f46db39f9f64118df1377c6196897c25.jpg,0,0.8758715391159058,0.5329563021659851,0.03429310396313667,0.02820865996181965,0.06955063343048096
road576_png.rf.f46db39f9f64118df1377c6196897c25.jpg,13,0.567297101020813,0.6656960844993591,0.011679429560899734,0.03336305171251297,0.003469854360446334
road576_png.rf.f46db39f9f64118df1377c6196897c25.jpg,0,0.8833248019218445,0.5343273878097534,0.02300497330725193,0.0321526899933815,0.002125547733157873
road576_png.rf.f46db39f9f64118df1377c6196897c25.jpg,3,0.8763559460639954,0.5336672067642212,0.031319838017225266,0.028285320848226547,0.0020045521669089794
road576_png.rf.f46db39f9f64118df1377c6196897c25.jpg,8,0.22065548598766327,0.2583233416080475,0.06615815311670303,0.04103800281882286,0.0010558541398495436
road582_png.rf.930fbae49546d10b46e1f533c4e0a291.jpg,1,0.6473336219787598,0.6218938231468201,0.05093559995293617,0.10936154425144196,0.9019151329994202
road582_png.rf.930fbae49546d10b46e1f533c4e0a291.jpg,0,0.35152894258499146,0.3615531921386719,0.05358938127756119,0.10899762064218521,0.29988759756088257
road582_png.rf.930fbae49546d10b46e1f533c4e0a291.jpg,1,0.3555416762828827,0.36638906598091125,0.05565159395337105,0.10766888409852982,0.2287616729736328
road582_png.rf.930fbae49546d10b46e1f533c4e0a291.jpg,1,0.7191457152366638,0.7810166478157043,0.01815561205148697,0.03151673823595047,0.0018011489883065224
road582_png.rf.930fbae49546d10b46e1f533c4e0a291.jpg,14,0.7176060676574707,0.7739623188972473,0.019425172358751297,0.022307323291897774,0.0015703210374340415
road585_png.rf.9f55a59547b49a85d4b9012e0f24859c.jpg,12,0.5014504194259644,0.3192455768585205,0.133803591132164,0.1017020121216774,0.9320402145385742
road585_png.rf.9f55a59547b49a85d4b9012e0f24859c.jpg,12,0.43833544850349426,0.49433988332748413,0.8766708970069885,0.9395591020584106,0.0011855339398607612
road587_png.rf.a53ec0d32057731c117123acb2f3b4e1.jpg,12,0.45430442690849304,0.5158476829528809,0.06931518018245697,0.053859565407037735,0.9352083206176758
road587_png.rf.a53ec0d32057731c117123acb2f3b4e1.jpg,1,0.03402983769774437,0.6422247290611267,0.013807544484734535,0.018258608877658844,0.07109834998846054
road587_png.rf.a53ec0d32057731c117123acb2f3b4e1.jpg,9,0.12326206266880035,0.6779420375823975,0.015300458297133446,0.01532862801104784,0.009942326694726944
road587_png.rf.a53ec0d32057731c117123acb2f3b4e1.jpg,12,0.41031721234321594,0.6245148181915283,0.8206344246864319,0.6053819060325623,0.005731893237680197
road587_png.rf.a53ec0d32057731c117123acb2f3b4e1.jpg,0,0.4507990777492523,0.6301295161247253,0.016366079449653625,0.04149642586708069,0.0021578550804406404
road587_png.rf.a53ec0d32057731c117123acb2f3b4e1.jpg,13,0.12760217487812042,0.678674578666687,0.015490862540900707,0.014731774106621742,0.0021076358389109373
road587_png.rf.a53ec0d32057731c117123acb2f3b4e1.jpg,1,0.03782029077410698,0.6414361000061035,0.021241124719381332,0.020681675523519516,0.0015719770453870296
road587_png.rf.a53ec0d32057731c117123acb2f3b4e1.jpg,12,0.18946200609207153,0.6073652505874634,0.37892401218414307,0.4759967625141144,0.00149336620233953
road587_png.rf.a53ec0d32057731c117123acb2f3b4e1.jpg,1,0.009314185939729214,0.6436396837234497,0.018009424209594727,0.02383173443377018,0.0014591813087463379
road587_png.rf.a53ec0d32057731c117123acb2f3b4e1.jpg,14,0.11713145673274994,0.677278995513916,0.02157548815011978,0.023000717163085938,0.0014266158686950803
road587_png.rf.a53ec0d32057731c117123acb2f3b4e1.jpg,12,0.6472164988517761,0.5444297194480896,0.7055671215057373,0.5586936473846436,0.0011068781604990363
road587_png.rf.a53ec0d32057731c117123acb2f3b4e1.jpg,12,0.26263365149497986,0.5431917309761047,0.5252673029899597,0.5232577323913574,0.0010663961293175817
road596_png.rf.11f43967e3d8f54a7c94b5810f527f23.jpg,12,0.50575852394104,0.3865903615951538,0.11307599395513535,0.08743029832839966,0.9518529772758484
road596_png.rf.11f43967e3d8f54a7c94b5810f527f23.jpg,0,0.4282807409763336,0.4857405722141266,0.05881698429584503,0.05040176212787628,0.00287325750105083
road596_png.rf.11f43967e3d8f54a7c94b5810f527f23.jpg,12,0.45289650559425354,0.6313872337341309,0.9057930111885071,0.7009323239326477,0.001252901740372181
road596_png.rf.11f43967e3d8f54a7c94b5810f527f23.jpg,0,0.35844340920448303,0.5083017945289612,0.02365581877529621,0.09231141954660416,0.0012007899349555373
road59_png.rf.f43173a745a9712aebbbc8f919e0fff6.jpg,14,0.6963185667991638,0.5007197856903076,0.4756709039211273,0.6218099594116211,0.9489550590515137
road59_png.rf.f43173a745a9712aebbbc8f919e0fff6.jpg,0,0.2371717393398285,0.016954490914940834,0.13477641344070435,0.0330129936337471,0.03280196338891983
road59_png.rf.f43173a745a9712aebbbc8f919e0fff6.jpg,0,0.20587599277496338,0.015390818938612938,0.08512669801712036,0.03033318929374218,0.011238984763622284
road59_png.rf.f43173a745a9712aebbbc8f919e0fff6.jpg,1,0.22119170427322388,0.015008569695055485,0.11575141549110413,0.029319006949663162,0.006403433158993721
road59_png.rf.f43173a745a9712aebbbc8f919e0fff6.jpg,0,0.21731247007846832,0.012365976348519325,0.1372828185558319,0.024476144462823868,0.005146699026226997
road59_png.rf.f43173a745a9712aebbbc8f919e0fff6.jpg,0,0.1834917813539505,0.01415023673325777,0.06411582231521606,0.027787361294031143,0.004523363895714283
road604_png.rf.78092f95d0c775d7e2b266dee85e6c5d.jpg,12,0.33195289969444275,0.29433488845825195,0.15303966403007507,0.11658599227666855,0.9678621292114258
road604_png.rf.78092f95d0c775d7e2b266dee85e6c5d.jpg,1,0.9853559136390686,0.37393882870674133,0.02561143785715103,0.08976775407791138,0.013692458160221577
road604_png.rf.78092f95d0c775d7e2b266dee85e6c5d.jpg,0,0.9853106141090393,0.3717168867588043,0.02537301927804947,0.09283865988254547,0.007787047419697046
road604_png.rf.78092f95d0c775d7e2b266dee85e6c5d.jpg,12,0.6172398924827576,0.4163386821746826,0.7655203342437744,0.7863839268684387,0.00238795205950737
road604_png.rf.78092f95d0c775d7e2b266dee85e6c5d.jpg,12,0.7825678586959839,0.38639509677886963,0.4348643124103546,0.710820734500885,0.0017991430358961225
road604_png.rf.78092f95d0c775d7e2b266dee85e6c5d.jpg,12,0.6811356544494629,0.2575453817844391,0.6377288103103638,0.5136793255805969,0.0012114616110920906
road604_png.rf.78092f95d0c775d7e2b266dee85e6c5d.jpg,0,0.3861772119998932,0.5650539994239807,0.024106834083795547,0.05363750830292702,0.0010166037827730179
road613_png.rf.560c13a685d02ca31a65b6b2b172772a.jpg,9,0.5609424710273743,0.5172284841537476,0.08920560032129288,0.0687655657529831,0.9516862630844116
road613_png.rf.560c13a685d02ca31a65b6b2b172772a.jpg,11,0.561821699142456,0.5147942304611206,0.08986429125070572,0.06735362112522125,0.02770049311220646
road613_png.rf.560c13a685d02ca31a65b6b2b172772a.jpg,8,0.5599206686019897,0.5165450572967529,0.091915063560009,0.068385049700737,0.012178828939795494
road613_png.rf.560c13a685d02ca31a65b6b2b172772a.jpg,0,0.9232397675514221,0.21074892580509186,0.037438467144966125,0.029502393677830696,0.0054841614328324795
road613_png.rf.560c13a685d02ca31a65b6b2b172772a.jpg,1,0.5713033676147461,0.38891008496284485,0.015307060442864895,0.03096221201121807,0.004504061304032803
road613_png.rf.560c13a685d02ca31a65b6b2b172772a.jpg,1,0.5711016654968262,0.3995584547519684,0.016430342569947243,0.04403077811002731,0.0028743655420839787
road613_png.rf.560c13a685d02ca31a65b6b2b172772a.jpg,1,0.8260906338691711,0.3444315493106842,0.022355154156684875,0.08284018933773041,0.002350239083170891
road613_png.rf.560c13a685d02ca31a65b6b2b172772a.jpg,9,0.6137415170669556,0.5136440992355347,0.19652074575424194,0.08056281507015228,0.0015850503696128726
road613_png.rf.560c13a685d02ca31a65b6b2b172772a.jpg,8,0.2184150069952011,0.47577327489852905,0.034170299768447876,0.02450833097100258,0.001036090194247663
road619_png.rf.afe775af026ad763791eed33be445f64.jpg,8,0.528018057346344,0.43447354435920715,0.16833049058914185,0.1331203281879425,0.9457095265388489
road619_png.rf.afe775af026ad763791eed33be445f64.jpg,8,0.5148666501045227,0.31962183117866516,0.04203605651855469,0.048144854605197906,0.0010201260447502136
road629_png.rf.79a049eae4f765c580544c533220d5f5.jpg,9,0.6618213653564453,0.3738664984703064,0.3367803990840912,0.26182326674461365,0.9495984315872192
road629_png.rf.79a049eae4f765c580544c533220d5f5.jpg,0,0.17179548740386963,0.9899707436561584,0.027498356997966766,0.019637035205960274,0.0025194173213094473
road629_png.rf.79a049eae4f765c580544c533220d5f5.jpg,0,0.009957024827599525,0.42706242203712463,0.015517088584601879,0.020574864000082016,0.0014146845787763596
road62_png.rf.b3288434b3cf3e2b6d2f057c1f5a0502.jpg,14,0.6405321955680847,0.3952963054180145,0.32229742407798767,0.2269100844860077,0.987604022026062
road633_png.rf.282d128c502ba602126742a5064cd054.jpg,14,0.3929755389690399,0.3176363408565521,0.13110293447971344,0.10436490923166275,0.9488192796707153
road633_png.rf.282d128c502ba602126742a5064cd054.jpg,8,0.6343808770179749,0.019246404990553856,0.026370709761977196,0.03824888914823532,0.003148250048980117
road633_png.rf.282d128c502ba602126742a5064cd054.jpg,3,0.3585575222969055,0.9944919347763062,0.05442245304584503,0.011016258969902992,0.0018125716596841812
road633_png.rf.282d128c502ba602126742a5064cd054.jpg,0,0.6865594983100891,0.016607901081442833,0.020289642736315727,0.032998986542224884,0.0012725361157208681
road639_png.rf.74306332af06fee257b44f5dd9ae02fb.jpg,11,0.5369130373001099,0.6275255084037781,0.13838739693164825,0.10830439627170563,0.9630275964736938
road639_png.rf.74306332af06fee257b44f5dd9ae02fb.jpg,9,0.0743367150425911,0.7748119235038757,0.06473177671432495,0.052357014268636703,0.42986661195755005
road639_png.rf.74306332af06fee257b44f5dd9ae02fb.jpg,8,0.07393638044595718,0.7756237387657166,0.06684055924415588,0.04908693954348564,0.42542481422424316
road639_png.rf.74306332af06fee257b44f5dd9ae02fb.jpg,11,0.0758328065276146,0.7755913138389587,0.06440210342407227,0.05334736779332161,0.3018406331539154
road639_png.rf.74306332af06fee257b44f5dd9ae02fb.jpg,1,0.6160117387771606,0.07931329309940338,0.018584949895739555,0.05406038835644722,0.007325856480747461
road639_png.rf.74306332af06fee257b44f5dd9ae02fb.jpg,1,0.4973407983779907,0.016431137919425964,0.02658037096261978,0.03244590759277344,0.0062021855264902115
road639_png.rf.74306332af06fee257b44f5dd9ae02fb.jpg,1,0.5537753105163574,0.011953238397836685,0.030036194249987602,0.02336595021188259,0.004088644403964281
road639_png.rf.74306332af06fee257b44f5dd9ae02fb.jpg,4,0.537295937538147,0.6256925463676453,0.1361299753189087,0.10995248705148697,0.0021560797467827797
road639_png.rf.74306332af06fee257b44f5dd9ae02fb.jpg,1,0.09050444513559341,0.010086406953632832,0.06351467967033386,0.020140109583735466,0.001291498076170683
road639_png.rf.74306332af06fee257b44f5dd9ae02fb.jpg,1,0.6154348254203796,0.05662453919649124,0.019617484882473946,0.09926988184452057,0.0011085496516898274
road640_png.rf.d095777d03f03f86a0b6b1f5b32dfdd5.jpg,11,0.7820863127708435,0.3209286332130432,0.15775182843208313,0.11846284568309784,0.9774044752120972
road640_png.rf.d095777d03f03f86a0b6b1f5b32dfdd5.jpg,9,0.24311015009880066,0.4862508177757263,0.06777620315551758,0.05238320305943489,0.6519463062286377
road640_png.rf.d095777d03f03f86a0b6b1f5b32dfdd5.jpg,11,0.24070726335048676,0.48256170749664307,0.06033384054899216,0.05296890810132027,0.10181798040866852
road640_png.rf.d095777d03f03f86a0b6b1f5b32dfdd5.jpg,9,0.782821536064148,0.32091909646987915,0.15711314976215363,0.12300822138786316,0.08305586129426956
road640_png.rf.d095777d03f03f86a0b6b1f5b32dfdd5.jpg,11,0.9065779447555542,0.5352445244789124,0.18684424459934235,0.6908904314041138,0.003206708701327443
road640_png.rf.d095777d03f03f86a0b6b1f5b32dfdd5.jpg,8,0.24415096640586853,0.48713061213493347,0.07357946038246155,0.054025065153837204,0.002884794259443879
road640_png.rf.d095777d03f03f86a0b6b1f5b32dfdd5.jpg,11,0.8769072890281677,0.3528662323951721,0.24618545174598694,0.5341121554374695,0.0019340123981237411
road640_png.rf.d095777d03f03f86a0b6b1f5b32dfdd5.jpg,11,0.4907401204109192,0.40806853771209717,0.8389033079147339,0.7555658221244812,0.0018459634156897664
road640_png.rf.d095777d03f03f86a0b6b1f5b32dfdd5.jpg,0,0.4560772478580475,0.00928119570016861,0.07534731924533844,0.018235761672258377,0.0015314201591536403
road640_png.rf.d095777d03f03f86a0b6b1f5b32dfdd5.jpg,12,0.10311044752597809,0.48169180750846863,0.20449848473072052,0.7629092335700989,0.0014737219316884875
road640_png.rf.d095777d03f03f86a0b6b1f5b32dfdd5.jpg,0,0.29018694162368774,0.05014156177639961,0.019799087196588516,0.03626302629709244,0.0012187932152301073
road640_png.rf.d095777d03f03f86a0b6b1f5b32dfdd5.jpg,11,0.6386628150939941,0.5852485299110413,0.5420845150947571,0.6576781868934631,0.0010702181607484818
road640_png.rf.d095777d03f03f86a0b6b1f5b32dfdd5.jpg,1,0.45839521288871765,0.00934449303895235,0.07616563886404037,0.018449483439326286,0.001063619740307331
road64_png.rf.bf315b45291d211d2e01926d50ddfddf.jpg,14,0.5459283590316772,0.47924670577049255,0.772473931312561,0.9009191989898682,0.9627147316932678
road650_png.rf.b4086d2eec2b5bfe4465ae484a3b762f.jpg,9,0.4827798008918762,0.31849247217178345,0.11779404431581497,0.0921059399843216,0.969569206237793
road650_png.rf.b4086d2eec2b5bfe4465ae484a3b762f.jpg,0,0.6357151865959167,0.02346084825694561,0.024853486567735672,0.04692169651389122,0.0035218268167227507
road650_png.rf.b4086d2eec2b5bfe4465ae484a3b762f.jpg,1,0.3635499179363251,0.024079639464616776,0.027805035933852196,0.04790583997964859,0.002267104107886553
road650_png.rf.b4086d2eec2b5bfe4465ae484a3b762f.jpg,9,0.5121560096740723,0.14443735778331757,0.02824357897043228,0.04226618632674217,0.0022606279235333204
road650_png.rf.b4086d2eec2b5bfe4465ae484a3b762f.jpg,9,0.48501914739608765,0.28970590233802795,0.10922601073980331,0.15379635989665985,0.001935781561769545
road650_png.rf.b4086d2eec2b5bfe4465ae484a3b762f.jpg,7,0.6032819151878357,0.020730720832943916,0.02419765293598175,0.04146144166588783,0.0018134949496015906
road650_png.rf.b4086d2eec2b5bfe4465ae484a3b762f.jpg,1,0.5585338473320007,0.02911401353776455,0.027248017489910126,0.0579475536942482,0.0011474229395389557
road652_png.rf.e82e3cfaed8d2378962fd6c1380f5d02.jpg,8,0.48033106327056885,0.45572707056999207,0.0637086033821106,0.04888373240828514,0.8842601180076599
road652_png.rf.e82e3cfaed8d2378962fd6c1380f5d02.jpg,10,0.2871096730232239,0.47222355008125305,0.04707299917936325,0.03888079151511192,0.47658678889274597
road652_png.rf.e82e3cfaed8d2378962fd6c1380f5d02.jpg,9,0.2864508330821991,0.4725189805030823,0.04793776199221611,0.0392778106033802,0.1510247439146042
road652_png.rf.e82e3cfaed8d2378962fd6c1380f5d02.jpg,8,0.2867433428764343,0.47255298495292664,0.04819822311401367,0.03941506892442703,0.10916882753372192
road652_png.rf.e82e3cfaed8d2378962fd6c1380f5d02.jpg,0,0.14337031543254852,0.008259530179202557,0.1348731517791748,0.016427936032414436,0.05183602496981621
road652_png.rf.e82e3cfaed8d2378962fd6c1380f5d02.jpg,1,0.6818726062774658,0.021785477176308632,0.027985353022813797,0.043570954352617264,0.022496163845062256
road652_png.rf.e82e3cfaed8d2378962fd6c1380f5d02.jpg,14,0.29147377610206604,0.43150603771209717,0.052784938365221024,0.03814117982983589,0.009647797793149948
road652_png.rf.e82e3cfaed8d2378962fd6c1380f5d02.jpg,9,0.29173412919044495,0.46362316608428955,0.0529642291367054,0.04086523875594139,0.009023413062095642
road652_png.rf.e82e3cfaed8d2378962fd6c1380f5d02.jpg,5,0.29054298996925354,0.43031448125839233,0.05234784632921219,0.034890104085206985,0.008397514000535011
road652_png.rf.e82e3cfaed8d2378962fd6c1380f5d02.jpg,0,0.160435751080513,0.012237031944096088,0.1610814332962036,0.024041857570409775,0.006265738978981972
road652_png.rf.e82e3cfaed8d2378962fd6c1380f5d02.jpg,0,0.13510200381278992,0.02144426852464676,0.12050291895866394,0.04286666586995125,0.004221268463879824
road652_png.rf.e82e3cfaed8d2378962fd6c1380f5d02.jpg,0,0.5497082471847534,0.01024184562265873,0.0454791896045208,0.02048369124531746,0.0034700112883001566
road652_png.rf.e82e3cfaed8d2378962fd6c1380f5d02.jpg,0,0.08374561369419098,0.017859406769275665,0.11489886790513992,0.03571881353855133,0.002310874406248331
road652_png.rf.e82e3cfaed8d2378962fd6c1380f5d02.jpg,11,0.4765159785747528,0.4522581696510315,0.06027662009000778,0.05100947245955467,0.0022271282505244017
road652_png.rf.e82e3cfaed8d2378962fd6c1380f5d02.jpg,1,0.6978153586387634,0.021107805892825127,0.025933632627129555,0.04183657094836235,0.002193017862737179
road652_png.rf.e82e3cfaed8d2378962fd6c1380f5d02.jpg,0,0.33197736740112305,0.00827858503907919,0.13064157962799072,0.015975147485733032,0.0019479665206745267
road652_png.rf.e82e3cfaed8d2378962fd6c1380f5d02.jpg,12,0.38417714834213257,0.2638418674468994,0.7683542966842651,0.5276837348937988,0.0015620533376932144
road652_png.rf.e82e3cfaed8d2378962fd6c1380f5d02.jpg,0,0.6794683337211609,0.019495556131005287,0.032868899405002594,0.038765955716371536,0.0014975457452237606
road652_png.rf.e82e3cfaed8d2378962fd6c1380f5d02.jpg,0,0.5662738084793091,0.009356801398098469,0.050067536532878876,0.018713602796196938,0.0013943526428192854
road652_png.rf.e82e3cfaed8d2378962fd6c1380f5d02.jpg,1,0.17308419942855835,0.01390338409692049,0.2091493010520935,0.02780676819384098,0.0013058491749688983
road652_png.rf.e82e3cfaed8d2378962fd6c1380f5d02.jpg,11,0.3598140478134155,0.4368911385536194,0.05011478066444397,0.04935499653220177,0.001299358787946403
road652_png.rf.e82e3cfaed8d2378962fd6c1380f5d02.jpg,9,0.2876981198787689,0.4344170093536377,0.04855874925851822,0.038858562707901,0.0012873957166448236
road652_png.rf.e82e3cfaed8d2378962fd6c1380f5d02.jpg,3,0.29111701250076294,0.47409260272979736,0.045260943472385406,0.03219905495643616,0.0012377516832202673
road653_png.rf.a69e562a3dab509d536c1f6d7689c4de.jpg,8,0.5714913606643677,0.5722423791885376,0.07134591788053513,0.05640837177634239,0.8566324710845947
road653_png.rf.a69e562a3dab509d536c1f6d7689c4de.jpg,10,0.3344767093658447,0.5938650369644165,0.05167139694094658,0.040469978004693985,0.588142991065979
road653_png.rf.a69e562a3dab509d536c1f6d7689c4de.jpg,8,0.33438441157341003,0.5940157771110535,0.050878528505563736,0.03975817188620567,0.15460334718227386
road653_png.rf.a69e562a3dab509d536c1f6d7689c4de.jpg,3,0.5708799362182617,0.5695757269859314,0.07656266540288925,0.058963045477867126,0.11480185389518738
road653_png.rf.a69e562a3dab509d536c1f6d7689c4de.jpg,3,0.3381666839122772,0.5921134948730469,0.05074970796704292,0.037547845393419266,0.028528736904263496
road653_png.rf.a69e562a3dab509d536c1f6d7689c4de.jpg,5,0.3361455500125885,0.5488600134849548,0.051992859691381454,0.03870692849159241,0.016914205625653267
road653_png.rf.a69e562a3dab509d536c1f6d7689c4de.jpg,0,0.8684254288673401,0.018827853724360466,0.12600767612457275,0.03765570744872093,0.011032835580408573
road653_png.rf.a69e562a3dab509d536c1f6d7689c4de.jpg,7,0.5726057887077332,0.5715471506118774,0.07163422554731369,0.0532282330095768,0.009862537495791912
road653_png.rf.a69e562a3dab509d536c1f6d7689c4de.jpg,7,0.3343079686164856,0.5486385822296143,0.050324589014053345,0.043778713792562485,0.009650354273617268
road653_png.rf.a69e562a3dab509d536c1f6d7689c4de.jpg,12,0.3344781696796417,0.5486822128295898,0.052026309072971344,0.04167747497558594,0.005795914679765701
road653_png.rf.a69e562a3dab509d536c1f6d7689c4de.jpg,1,0.9649173617362976,0.007547446526587009,0.06662236899137497,0.015094893053174019,0.00505322078242898
road653_png.rf.a69e562a3dab509d536c1f6d7689c4de.jpg,0,0.4513700306415558,0.013188325800001621,0.03204873949289322,0.026182005181908607,0.004728726111352444
road653_png.rf.a69e562a3dab509d536c1f6d7689c4de.jpg,0,0.38547173142433167,0.0066391415894031525,0.11903117597103119,0.013121836818754673,0.004669276066124439
road653_png.rf.a69e562a3dab509d536c1f6d7689c4de.jpg,1,0.37314537167549133,0.0070280940271914005,0.11125432699918747,0.013800126500427723,0.003998634871095419
road653_png.rf.a69e562a3dab509d536c1f6d7689c4de.jpg,0,0.9019070267677307,0.013305568136274815,0.17502008378505707,0.026433367282152176,0.0035146651789546013
road653_png.rf.a69e562a3dab509d536c1f6d7689c4de.jpg,0,0.8551000952720642,0.013229642994701862,0.09658622741699219,0.026459285989403725,0.0033321655355393887
road653_png.rf.a69e562a3dab509d536c1f6d7689c4de.jpg,12,0.316154420375824,0.5319598913192749,0.632308840751648,0.6719668507575989,0.003326539183035493
road653_png.rf.a69e562a3dab509d536c1f6d7689c4de.jpg,1,0.34539514780044556,0.007498794700950384,0.07411010563373566,0.014752399176359177,0.0032321924809366465
road653_png.rf.a69e562a3dab509d536c1f6d7689c4de.jpg,0,0.9352689385414124,0.011971169151365757,0.12162869423627853,0.02370533160865307,0.001814139075577259
road653_png.rf.a69e562a3dab509d536c1f6d7689c4de.jpg,0,0.3970743417739868,0.009346853010356426,0.1292557418346405,0.018626948818564415,0.0017862609820440412
road653_png.rf.a69e562a3dab509d536c1f6d7689c4de.jpg,0,0.4543731212615967,0.3414723575115204,0.03072878159582615,0.022767728194594383,0.0015255706384778023
road653_png.rf.a69e562a3dab509d536c1f6d7689c4de.jpg,9,0.3333908021450043,0.5810470581054688,0.04810311272740364,0.06751229614019394,0.0014233359834179282
road653_png.rf.a69e562a3dab509d536c1f6d7689c4de.jpg,10,0.3359486758708954,0.575901448726654,0.05399557575583458,0.03820617496967316,0.0011642344761639833
road653_png.rf.a69e562a3dab509d536c1f6d7689c4de.jpg,12,0.3838234543800354,0.33520200848579407,0.7676469087600708,0.6679705381393433,0.0011066208826377988
road654_png.rf.dccac1ff09c216df1ecd3c90e1d3923b.jpg,8,0.42535725235939026,0.4999314248561859,0.08277592808008194,0.06414428353309631,0.9424166679382324
road654_png.rf.dccac1ff09c216df1ecd3c90e1d3923b.jpg,10,0.13727062940597534,0.5205094814300537,0.05854260176420212,0.0437486357986927,0.6953287720680237
road654_png.rf.dccac1ff09c216df1ecd3c90e1d3923b.jpg,3,0.13919134438037872,0.5219658613204956,0.05561396852135658,0.04144470766186714,0.16701637208461761
road654_png.rf.dccac1ff09c216df1ecd3c90e1d3923b.jpg,10,0.42477095127105713,0.4973267912864685,0.08338209241628647,0.062478289008140564,0.14970137178897858
road654_png.rf.dccac1ff09c216df1ecd3c90e1d3923b.jpg,5,0.13912516832351685,0.4683350920677185,0.0560675784945488,0.044933468103408813,0.08939763903617859
road654_png.rf.dccac1ff09c216df1ecd3c90e1d3923b.jpg,0,0.6193045377731323,0.17032335698604584,0.05539454147219658,0.1838795244693756,0.025043118745088577
road654_png.rf.dccac1ff09c216df1ecd3c90e1d3923b.jpg,0,0.6296574473381042,0.22121432423591614,0.035592153668403625,0.08810362964868546,0.009651903063058853
road654_png.rf.dccac1ff09c216df1ecd3c90e1d3923b.jpg,0,0.6028537750244141,0.1673794388771057,0.04919228330254555,0.19691170752048492,0.006789722945541143
road654_png.rf.dccac1ff09c216df1ecd3c90e1d3923b.jpg,0,0.6051754951477051,0.2040606141090393,0.035421114414930344,0.1163671538233757,0.004722740035504103
road654_png.rf.dccac1ff09c216df1ecd3c90e1d3923b.jpg,9,0.1395455151796341,0.47210267186164856,0.0566728301346302,0.05286649614572525,0.0025845831260085106
road654_png.rf.dccac1ff09c216df1ecd3c90e1d3923b.jpg,0,0.4152897894382477,0.16304084658622742,0.019933994859457016,0.05680561438202858,0.0023712171241641045
road654_png.rf.dccac1ff09c216df1ecd3c90e1d3923b.jpg,1,0.6341924071311951,0.1489657759666443,0.03005203977227211,0.13876931369304657,0.00213221600279212
road654_png.rf.dccac1ff09c216df1ecd3c90e1d3923b.jpg,8,0.6311600804328918,0.2256288230419159,0.03370780497789383,0.07905461639165878,0.0015371310291811824
road654_png.rf.dccac1ff09c216df1ecd3c90e1d3923b.jpg,12,0.3318415582180023,0.2670010030269623,0.6636831164360046,0.5340020060539246,0.0013287358451634645
road655_png.rf.ff15054285f0f0f70cd01a48ab24b450.jpg,8,0.6457989811897278,0.527431845664978,0.09427346289157867,0.0701962262392044,0.9708611369132996
road655_png.rf.ff15054285f0f0f70cd01a48ab24b450.jpg,10,0.2973341643810272,0.5610695481300354,0.06242258846759796,0.04774027690291405,0.8124882578849792
road655_png.rf.ff15054285f0f0f70cd01a48ab24b450.jpg,3,0.2945583462715149,0.5591320991516113,0.06273394823074341,0.054230693727731705,0.1918860524892807
road655_png.rf.ff15054285f0f0f70cd01a48ab24b450.jpg,12,0.298361212015152,0.5037521123886108,0.06405778974294662,0.04340127855539322,0.03707495704293251
road655_png.rf.ff15054285f0f0f70cd01a48ab24b450.jpg,3,0.6428908705711365,0.5257498025894165,0.09430064260959625,0.0699976459145546,0.0327201746404171
road655_png.rf.ff15054285f0f0f70cd01a48ab24b450.jpg,9,0.2968476414680481,0.5624421238899231,0.06554640829563141,0.05120835080742836,0.020170532166957855
road655_png.rf.ff15054285f0f0f70cd01a48ab24b450.jpg,5,0.2969704568386078,0.5002505779266357,0.05592309683561325,0.04227176308631897,0.01633518561720848
road655_png.rf.ff15054285f0f0f70cd01a48ab24b450.jpg,0,0.5837124586105347,0.16923972964286804,0.018459027633070946,0.056429423391819,0.014011424034833908
road655_png.rf.ff15054285f0f0f70cd01a48ab24b450.jpg,8,0.29629194736480713,0.5627076029777527,0.06655370444059372,0.051061779260635376,0.008733876049518585
road655_png.rf.ff15054285f0f0f70cd01a48ab24b450.jpg,5,0.29628679156303406,0.5187986493110657,0.0609908327460289,0.09821723401546478,0.008383164182305336
road655_png.rf.ff15054285f0f0f70cd01a48ab24b450.jpg,1,0.547001302242279,0.015889236703515053,0.07348178327083588,0.03020801767706871,0.008293809369206429
road655_png.rf.ff15054285f0f0f70cd01a48ab24b450.jpg,7,0.2971789538860321,0.5640603303909302,0.06299992650747299,0.05497917905449867,0.006361668463796377
road655_png.rf.ff15054285f0f0f70cd01a48ab24b450.jpg,9,0.2976754307746887,0.506357729434967,0.06596389412879944,0.055063396692276,0.005185896065086126
road655_png.rf.ff15054285f0f0f70cd01a48ab24b450.jpg,1,0.5456774234771729,0.008473244495689869,0.06497001647949219,0.01658759079873562,0.00480359373614192
road655_png.rf.ff15054285f0f0f70cd01a48ab24b450.jpg,1,0.5707768201828003,0.008926767855882645,0.08499894291162491,0.016933610662817955,0.0033034207299351692
road655_png.rf.ff15054285f0f0f70cd01a48ab24b450.jpg,1,0.0739428848028183,0.012012717314064503,0.0910298153758049,0.023995645344257355,0.0024277304764837027
road655_png.rf.ff15054285f0f0f70cd01a48ab24b450.jpg,5,0.3013538420200348,0.43782466650009155,0.07446613907814026,0.14142535626888275,0.002394289942458272
road655_png.rf.ff15054285f0f0f70cd01a48ab24b450.jpg,1,0.614831268787384,0.010232839733362198,0.043090712279081345,0.01883678510785103,0.00220147124491632
road655_png.rf.ff15054285f0f0f70cd01a48ab24b450.jpg,0,0.011366759426891804,0.02955988235771656,0.022327814251184464,0.05627134069800377,0.0020088818855583668
road655_png.rf.ff15054285f0f0f70cd01a48ab24b450.jpg,0,0.8233779072761536,0.24575573205947876,0.026833022013306618,0.03638308122754097,0.0019088727422058582
road655_png.rf.ff15054285f0f0f70cd01a48ab24b450.jpg,1,0.5509794354438782,0.006800573319196701,0.04845648631453514,0.01330612227320671,0.001869084662757814
road655_png.rf.ff15054285f0f0f70cd01a48ab24b450.jpg,12,0.3330965042114258,0.3379519581794739,0.6661930084228516,0.6754536628723145,0.0015776311047375202
road655_png.rf.ff15054285f0f0f70cd01a48ab24b450.jpg,0,0.5537678599357605,0.4691852629184723,0.06554919481277466,0.32418105006217957,0.0014720914186909795
road655_png.rf.ff15054285f0f0f70cd01a48ab24b450.jpg,1,0.6366452574729919,0.008809957653284073,0.03965187072753906,0.016343262046575546,0.001388696487993002
road655_png.rf.ff15054285f0f0f70cd01a48ab24b450.jpg,10,0.2977176904678345,0.5045673847198486,0.06383289396762848,0.045546241104602814,0.0011744870571419597
road655_png.rf.ff15054285f0f0f70cd01a48ab24b450.jpg,12,0.8898550271987915,0.4802890419960022,0.22029004991054535,0.9242205023765564,0.0011552469804883003
road655_png.rf.ff15054285f0f0f70cd01a48ab24b450.jpg,0,0.04592273384332657,0.02434636652469635,0.0365801602602005,0.0486927330493927,0.001034117885865271
road655_png.rf.ff15054285f0f0f70cd01a48ab24b450.jpg,1,0.5276142954826355,0.007888349704444408,0.07969636470079422,0.015585141256451607,0.0010326033225283027
road65_png.rf.35a17912d8a5df128c238eff97db75eb.jpg,14,0.520999014377594,0.4552462100982666,0.4631137251853943,0.3030385375022888,0.9528298377990723
road65_png.rf.35a17912d8a5df128c238eff97db75eb.jpg,1,0.7949901819229126,0.12348537892103195,0.11677331477403641,0.06471206992864609,0.002404762664809823
road661_png.rf.9b3a953ded6512ace828850f97be4472.jpg,8,0.5147990584373474,0.6420888304710388,0.24843187630176544,0.1997743844985962,0.9586126208305359
road661_png.rf.9b3a953ded6512ace828850f97be4472.jpg,14,0.9863522052764893,0.5107337236404419,0.025807015597820282,0.12779368460178375,0.001113214297220111
road666_png.rf.7d914d9d62e7d0fcc23d5bce18bb5d3c.jpg,10,0.5548867583274841,0.6898214221000671,0.3585715889930725,0.2914120852947235,0.9609118700027466
road673_png.rf.4180f0a6afa7416d52c729d8b9305d75.jpg,14,0.3356185853481293,0.4494691491127014,0.05990109220147133,0.050629545003175735,0.8096640110015869
road673_png.rf.4180f0a6afa7416d52c729d8b9305d75.jpg,14,0.34862014651298523,0.44184696674346924,0.04550090432167053,0.03874705359339714,0.018802650272846222
road673_png.rf.4180f0a6afa7416d52c729d8b9305d75.jpg,14,0.3220537006855011,0.4561450183391571,0.035850103944540024,0.05340561643242836,0.010290350764989853
road673_png.rf.4180f0a6afa7416d52c729d8b9305d75.jpg,9,0.33263593912124634,0.4490508437156677,0.05002783238887787,0.05162547528743744,0.008711903356015682
road673_png.rf.4180f0a6afa7416d52c729d8b9305d75.jpg,1,0.33090338110923767,0.46921902894973755,0.04615446552634239,0.0902266874909401,0.001829964341595769
road673_png.rf.4180f0a6afa7416d52c729d8b9305d75.jpg,8,0.27047616243362427,0.4287019371986389,0.029705194756388664,0.03357725962996483,0.00135551777202636
road673_png.rf.4180f0a6afa7416d52c729d8b9305d75.jpg,9,0.3250126540660858,0.27736157178878784,0.030921204015612602,0.030116485431790352,0.0011809703428298235
road673_png.rf.4180f0a6afa7416d52c729d8b9305d75.jpg,9,0.2698097229003906,0.42866185307502747,0.028354646638035774,0.03357740491628647,0.001072404789738357
road673_png.rf.4180f0a6afa7416d52c729d8b9305d75.jpg,12,0.22172389924526215,0.5400646924972534,0.4432476758956909,0.8233529925346375,0.0010675793746486306
road673_png.rf.4180f0a6afa7416d52c729d8b9305d75.jpg,14,0.35575634241104126,0.4612008035182953,0.03538960963487625,0.03407038375735283,0.0010097576305270195
road691_png.rf.3ca3931933e5623e51596577124c3447.jpg,5,0.5026446580886841,0.35338571667671204,0.15846209228038788,0.12075278162956238,0.9733579158782959
road691_png.rf.3ca3931933e5623e51596577124c3447.jpg,3,0.49927082657814026,0.5463303327560425,0.15904676914215088,0.11662600934505463,0.9625990390777588
road692_png.rf.428a4cfb2f374f0acb60ffc5c57e0750.jpg,3,0.43990811705589294,0.6051318645477295,0.2259577363729477,0.17182445526123047,0.9844561815261841
road692_png.rf.428a4cfb2f374f0acb60ffc5c57e0750.jpg,5,0.4458538293838501,0.3324301838874817,0.22388136386871338,0.1715650111436844,0.9823939800262451
road701_png.rf.cdb390be5b29eb46e8125d30c802cde0.jpg,5,0.8913851380348206,0.3832554817199707,0.21722985804080963,0.19015760719776154,0.9820458292961121
road701_png.rf.cdb390be5b29eb46e8125d30c802cde0.jpg,3,0.8934897184371948,0.672851026058197,0.21152380108833313,0.17790952324867249,0.9706689119338989
road701_png.rf.cdb390be5b29eb46e8125d30c802cde0.jpg,5,0.0258739423006773,0.6362397074699402,0.04440811276435852,0.04542457312345505,0.011860786005854607
road701_png.rf.cdb390be5b29eb46e8125d30c802cde0.jpg,1,0.7623457908630371,0.22512902319431305,0.01502345222979784,0.07295399904251099,0.007712418679147959
road701_png.rf.cdb390be5b29eb46e8125d30c802cde0.jpg,5,0.8523151278495789,0.377814382314682,0.13195376098155975,0.18181109428405762,0.00647625932469964
road701_png.rf.cdb390be5b29eb46e8125d30c802cde0.jpg,0,0.7630290985107422,0.22630345821380615,0.013775459490716457,0.07102189213037491,0.002027505077421665
road708_png.rf.d9bf7da6e0e73af3295909a18a2cabee.jpg,5,0.5238947868347168,0.4414558708667755,0.23561881482601166,0.18690741062164307,0.9930467009544373
road708_png.rf.d9bf7da6e0e73af3295909a18a2cabee.jpg,3,0.525645911693573,0.7311139106750488,0.22896352410316467,0.17979548871517181,0.9675329327583313
road708_png.rf.d9bf7da6e0e73af3295909a18a2cabee.jpg,5,0.46891629695892334,0.609876275062561,0.043928880244493484,0.03481337055563927,0.017649373039603233
road708_png.rf.d9bf7da6e0e73af3295909a18a2cabee.jpg,5,0.4744666814804077,0.4394356310367584,0.1311126947402954,0.17330698668956757,0.013405922800302505
road708_png.rf.d9bf7da6e0e73af3295909a18a2cabee.jpg,5,0.5806232690811157,0.6134414672851562,0.03900131955742836,0.030559981241822243,0.007589201908558607
road708_png.rf.d9bf7da6e0e73af3295909a18a2cabee.jpg,5,0.5258325338363647,0.4917006194591522,0.23164372146129608,0.07700949907302856,0.006448001600801945
road708_png.rf.d9bf7da6e0e73af3295909a18a2cabee.jpg,5,0.5024511814117432,0.46199917793273926,0.18331851065158844,0.13324260711669922,0.0017355292802676558
road708_png.rf.d9bf7da6e0e73af3295909a18a2cabee.jpg,3,0.7135074138641357,0.8530555367469788,0.2328905463218689,0.29388904571533203,0.0012764703715220094
road708_png.rf.d9bf7da6e0e73af3295909a18a2cabee.jpg,3,0.9031842350959778,0.8428895473480225,0.19363154470920563,0.3142211139202118,0.0011806447291746736
road709_png.rf.4247ab0b03caf6c144ac9d5203850b81.jpg,5,0.48996296525001526,0.5021998286247253,0.07710589468479156,0.059699647128582,0.9570171236991882
road709_png.rf.4247ab0b03caf6c144ac9d5203850b81.jpg,3,0.4852413833141327,0.5935866236686707,0.074599489569664,0.053831104189157486,0.9211379289627075
road709_png.rf.4247ab0b03caf6c144ac9d5203850b81.jpg,5,0.7991332411766052,0.5906870365142822,0.09439805895090103,0.06806296855211258,0.13866782188415527
road709_png.rf.4247ab0b03caf6c144ac9d5203850b81.jpg,5,0.48492223024368286,0.462672621011734,0.08017921447753906,0.13459338247776031,0.005148612894117832
road709_png.rf.4247ab0b03caf6c144ac9d5203850b81.jpg,5,0.4607369005680084,0.49264952540397644,0.13226795196533203,0.06946057826280594,0.004872537683695555
road709_png.rf.4247ab0b03caf6c144ac9d5203850b81.jpg,3,0.8000673651695251,0.59260493516922,0.10415370762348175,0.0764882043004036,0.0035668835043907166
road709_png.rf.4247ab0b03caf6c144ac9d5203850b81.jpg,0,0.37530800700187683,0.11937840282917023,0.03246813639998436,0.019581612199544907,0.0023632082156836987
road709_png.rf.4247ab0b03caf6c144ac9d5203850b81.jpg,5,0.6586672067642212,0.5708110332489014,0.027954982593655586,0.0405024029314518,0.0014556345995515585
road716_png.rf.b9085b6c292ddd763a6e1481465dd3cd.jpg,5,0.6209296584129333,0.5534412860870361,0.0648893266916275,0.05253087729215622,0.8722941875457764
road716_png.rf.b9085b6c292ddd763a6e1481465dd3cd.jpg,3,0.5348631739616394,0.5501591563224792,0.060117870569229126,0.04628526419401169,0.6181005835533142
road716_png.rf.b9085b6c292ddd763a6e1481465dd3cd.jpg,5,0.5329036116600037,0.5487877726554871,0.061646830290555954,0.042227525264024734,0.2938566505908966
road716_png.rf.b9085b6c292ddd763a6e1481465dd3cd.jpg,5,0.725734531879425,0.405120313167572,0.1436004638671875,0.11205365508794785,0.07394032180309296
road716_png.rf.b9085b6c292ddd763a6e1481465dd3cd.jpg,3,0.6278604865074158,0.5501738786697388,0.07713343948125839,0.0608753077685833,0.006205175071954727
road716_png.rf.b9085b6c292ddd763a6e1481465dd3cd.jpg,3,0.6222389936447144,0.5557205677032471,0.05481980741024017,0.04993094131350517,0.004947044420987368
road720_png.rf.bdc71460f5121259128f84a720780e9e.jpg,8,0.3799256682395935,0.5187376141548157,0.092182457447052,0.07314286381006241,0.9495651721954346
road720_png.rf.bdc71460f5121259128f84a720780e9e.jpg,1,0.5459868311882019,0.616331934928894,0.031184198334813118,0.026270611211657524,0.004295727238059044
road720_png.rf.bdc71460f5121259128f84a720780e9e.jpg,8,0.3845707178115845,0.4353436231613159,0.09346683323383331,0.06920234858989716,0.0022159793879836798
road743_png.rf.09b77e4a47a21b7c3482c28b37c86ecb.jpg,5,0.27149391174316406,0.37769147753715515,0.09289147704839706,0.0723201334476471,0.973381519317627
road743_png.rf.09b77e4a47a21b7c3482c28b37c86ecb.jpg,3,0.2592093348503113,0.48409146070480347,0.09502671658992767,0.06852443516254425,0.9005173444747925
road743_png.rf.09b77e4a47a21b7c3482c28b37c86ecb.jpg,5,0.268229603767395,0.3448754549026489,0.08024487644433975,0.13368578255176544,0.002771570347249508
road743_png.rf.09b77e4a47a21b7c3482c28b37c86ecb.jpg,5,0.16785722970962524,0.291916161775589,0.04700946807861328,0.02076934091746807,0.001733451965264976
road743_png.rf.09b77e4a47a21b7c3482c28b37c86ecb.jpg,6,0.5885944366455078,0.20479939877986908,0.7379637956619263,0.3960149586200714,0.0011999300913885236
road747_png.rf.66031af78137deac5c6878292d9ce7db.jpg,5,0.8932675123214722,0.3423483371734619,0.21346503496170044,0.1882876753807068,0.9913137555122375
road747_png.rf.66031af78137deac5c6878292d9ce7db.jpg,3,0.8778893947601318,0.627223014831543,0.23087385296821594,0.18062299489974976,0.9722391963005066
road747_png.rf.66031af78137deac5c6878292d9ce7db.jpg,0,0.24709878861904144,0.008849259465932846,0.08785659074783325,0.017408207058906555,0.0029893293976783752
road747_png.rf.66031af78137deac5c6878292d9ce7db.jpg,5,0.8503336906433105,0.34211522340774536,0.12269871681928635,0.1860026717185974,0.0029391618445515633
road747_png.rf.66031af78137deac5c6878292d9ce7db.jpg,0,0.500013530254364,0.9628806710243225,0.03140948340296745,0.07361632585525513,0.00206776917912066
road747_png.rf.66031af78137deac5c6878292d9ce7db.jpg,5,0.8931763172149658,0.39436689019203186,0.203839972615242,0.077480249106884,0.001559936790727079
road747_png.rf.66031af78137deac5c6878292d9ce7db.jpg,3,0.4340226352214813,0.41738250851631165,0.8680452704429626,0.8230483531951904,0.0015032656956464052
road747_png.rf.66031af78137deac5c6878292d9ce7db.jpg,3,0.4315393269062042,0.1919839233160019,0.8602088093757629,0.37635356187820435,0.0014260330935940146
road747_png.rf.66031af78137deac5c6878292d9ce7db.jpg,1,0.24713267385959625,0.008289013057947159,0.08405443280935287,0.016060102730989456,0.0011055245995521545
road747_png.rf.66031af78137deac5c6878292d9ce7db.jpg,1,0.3086755871772766,0.9542558789253235,0.03555716201663017,0.09148833155632019,0.0010377755388617516
road760_png.rf.cb25cb1c5c71e6bbf07a9dc3b11915d2.jpg,3,0.48655951023101807,0.35779711604118347,0.2004261165857315,0.15664570033550262,0.982181966304779
road760_png.rf.cb25cb1c5c71e6bbf07a9dc3b11915d2.jpg,1,0.011684066615998745,0.4151151776313782,0.022160986438393593,0.039793528616428375,0.025714633986353874
road760_png.rf.cb25cb1c5c71e6bbf07a9dc3b11915d2.jpg,3,0.018758997321128845,0.5580431222915649,0.03184124082326889,0.035000141710042953,0.001451781950891018
road770_png.rf.192c2e4a2994c3c1bdfa14f69586392c.jpg,12,0.5173497796058655,0.4471738934516907,0.09947410225868225,0.07878442853689194,0.7955945134162903
road770_png.rf.192c2e4a2994c3c1bdfa14f69586392c.jpg,7,0.5188206434249878,0.4467049539089203,0.09795842319726944,0.07707229256629944,0.3178814649581909
road770_png.rf.192c2e4a2994c3c1bdfa14f69586392c.jpg,10,0.5191461443901062,0.4477061629295349,0.09851294755935669,0.0775289535522461,0.17557603120803833
road770_png.rf.192c2e4a2994c3c1bdfa14f69586392c.jpg,8,0.5182844400405884,0.4467243254184723,0.09948701411485672,0.07765300571918488,0.04881724342703819
road770_png.rf.192c2e4a2994c3c1bdfa14f69586392c.jpg,1,0.958827793598175,0.3103969097137451,0.03657443821430206,0.09460654854774475,0.02210860885679722
road770_png.rf.192c2e4a2994c3c1bdfa14f69586392c.jpg,1,0.9536908864974976,0.28684478998184204,0.0314691998064518,0.036022115498781204,0.019962815567851067
road770_png.rf.192c2e4a2994c3c1bdfa14f69586392c.jpg,1,0.9756066799163818,0.2857280969619751,0.03516872227191925,0.038799140602350235,0.01888122968375683
road770_png.rf.192c2e4a2994c3c1bdfa14f69586392c.jpg,1,0.9580179452896118,0.284021258354187,0.04712354391813278,0.03612082079052925,0.017484817653894424
road770_png.rf.192c2e4a2994c3c1bdfa14f69586392c.jpg,1,0.7011300921440125,0.4560873508453369,0.017675399780273438,0.025244787335395813,0.00986550934612751
road770_png.rf.192c2e4a2994c3c1bdfa14f69586392c.jpg,1,0.9533437490463257,0.2971481382846832,0.04570036754012108,0.06227104738354683,0.005115970969200134
road770_png.rf.192c2e4a2994c3c1bdfa14f69586392c.jpg,1,0.9515265226364136,0.3142041265964508,0.04002820700407028,0.07838696986436844,0.004087510518729687
road770_png.rf.192c2e4a2994c3c1bdfa14f69586392c.jpg,1,0.9796535968780518,0.3104977309703827,0.030279014259576797,0.04756949841976166,0.002120446180924773
road770_png.rf.192c2e4a2994c3c1bdfa14f69586392c.jpg,1,0.9893761873245239,0.28887417912483215,0.02124771848320961,0.041401974856853485,0.0013894557487219572
road770_png.rf.192c2e4a2994c3c1bdfa14f69586392c.jpg,1,0.9843053221702576,0.2861836850643158,0.031202170997858047,0.04113113135099411,0.0011490854667499661
road773_png.rf.b467561d9bc1abfaa69c770187f44c38.jpg,12,0.6467499732971191,0.49464380741119385,0.061547502875328064,0.048528965562582016,0.7124624252319336
road773_png.rf.b467561d9bc1abfaa69c770187f44c38.jpg,7,0.6469473838806152,0.49582725763320923,0.06116221845149994,0.05291806906461716,0.04738631844520569
road773_png.rf.b467561d9bc1abfaa69c770187f44c38.jpg,1,0.8952577710151672,0.4789435565471649,0.020488739013671875,0.010390795767307281,0.010203707031905651
road773_png.rf.b467561d9bc1abfaa69c770187f44c38.jpg,1,0.915509045124054,0.6208864450454712,0.021622585132718086,0.011462871916592121,0.009302882477641106
road773_png.rf.b467561d9bc1abfaa69c770187f44c38.jpg,12,0.8033038377761841,0.4161938726902008,0.39339250326156616,0.7806665897369385,0.004585759248584509
road773_png.rf.b467561d9bc1abfaa69c770187f44c38.jpg,12,0.8181185722351074,0.557439386844635,0.3637629449367523,0.47529882192611694,0.0028124055825173855
road773_png.rf.b467561d9bc1abfaa69c770187f44c38.jpg,1,0.05811147764325142,0.6262267231941223,0.03614553436636925,0.017604827880859375,0.0026921762619167566
road773_png.rf.b467561d9bc1abfaa69c770187f44c38.jpg,0,0.05480761080980301,0.626983106136322,0.028371775522828102,0.01563791185617447,0.0026487703435122967
road773_png.rf.b467561d9bc1abfaa69c770187f44c38.jpg,1,0.9222531914710999,0.6169983744621277,0.01429249718785286,0.010821012780070305,0.0024061768781393766
road773_png.rf.b467561d9bc1abfaa69c770187f44c38.jpg,12,0.42273661494255066,0.5607578158378601,0.8454732298851013,0.5750209093093872,0.0019158645300194621
road773_png.rf.b467561d9bc1abfaa69c770187f44c38.jpg,1,0.46349114179611206,0.48710525035858154,0.014262566342949867,0.019311759620904922,0.0012974574929103255
road773_png.rf.b467561d9bc1abfaa69c770187f44c38.jpg,1,0.9278814792633057,0.6219143271446228,0.0332440622150898,0.013426121324300766,0.0011922965059056878
road773_png.rf.b467561d9bc1abfaa69c770187f44c38.jpg,12,0.2547333538532257,0.5390497446060181,0.5094667077064514,0.5480965375900269,0.0010600020177662373
road773_png.rf.b467561d9bc1abfaa69c770187f44c38.jpg,9,0.6462610960006714,0.4965379536151886,0.06271596997976303,0.0534258633852005,0.0010557479690760374
road774_png.rf.01952886ddecdd8280c5df688e7f3f0e.jpg,12,0.6588989496231079,0.4351658523082733,0.06232408434152603,0.05575260892510414,0.7968264222145081
road774_png.rf.01952886ddecdd8280c5df688e7f3f0e.jpg,8,0.659263551235199,0.4362243711948395,0.0644587054848671,0.05700485780835152,0.1364148110151291
road774_png.rf.01952886ddecdd8280c5df688e7f3f0e.jpg,7,0.6592665910720825,0.43529078364372253,0.06541091203689575,0.058363623917102814,0.09037240594625473
road794_png.rf.3569e6160a38765029861dd0a34ebfdd.jpg,13,0.443855881690979,0.6106301546096802,0.2020757496356964,0.15534761548042297,0.9753869771957397
road794_png.rf.3569e6160a38765029861dd0a34ebfdd.jpg,12,0.08456213027238846,0.9445022344589233,0.04536491259932518,0.039337158203125,0.17805051803588867
road794_png.rf.3569e6160a38765029861dd0a34ebfdd.jpg,10,0.08509553968906403,0.9445306062698364,0.043455932289361954,0.039836738258600235,0.12589573860168457
road794_png.rf.3569e6160a38765029861dd0a34ebfdd.jpg,5,0.08464879542589188,0.9414730668067932,0.03845207765698433,0.04932110384106636,0.013537039048969746
road794_png.rf.3569e6160a38765029861dd0a34ebfdd.jpg,9,0.08491384238004684,0.9411482810974121,0.04255120828747749,0.04474082589149475,0.004787213634699583
road794_png.rf.3569e6160a38765029861dd0a34ebfdd.jpg,13,0.08373620361089706,0.9402403831481934,0.04619486629962921,0.045039691030979156,0.003742281347513199
road794_png.rf.3569e6160a38765029861dd0a34ebfdd.jpg,0,0.28113695979118347,0.29107874631881714,0.05091021955013275,0.02439245954155922,0.0026510225143283606
road794_png.rf.3569e6160a38765029861dd0a34ebfdd.jpg,0,0.2886066436767578,0.28741875290870667,0.04040628299117088,0.026271013543009758,0.00140188739169389
road794_png.rf.3569e6160a38765029861dd0a34ebfdd.jpg,0,0.7427849769592285,0.3068934977054596,0.049769625067710876,0.020610535517334938,0.0011453224578872323
road803_png.rf.ec1de6db189d7a63e98b91529236a7d1.jpg,3,0.527946949005127,0.587052047252655,0.09759242832660675,0.07784491777420044,0.9652649760246277
road804_png.rf.c07a9b7b679e771fad740f296ee3a8f7.jpg,3,0.6540908813476562,0.49248629808425903,0.1262442171573639,0.10003501176834106,0.9313986897468567
road804_png.rf.c07a9b7b679e771fad740f296ee3a8f7.jpg,0,0.20991124212741852,0.4864535629749298,0.41952407360076904,0.9556422233581543,0.011823862791061401
road811_png.rf.e8ae9aefbf35658164ee88a52ed39bd8.jpg,13,0.4528293013572693,0.5135493874549866,0.17513392865657806,0.13409453630447388,0.9826279282569885
road811_png.rf.e8ae9aefbf35658164ee88a52ed39bd8.jpg,3,0.9814143180847168,0.7199034690856934,0.028105076402425766,0.02604660764336586,0.001932887127622962
road811_png.rf.e8ae9aefbf35658164ee88a52ed39bd8.jpg,10,0.5955780744552612,0.7932215929031372,0.0069927070289850235,0.01961517333984375,0.0012188060209155083
road822_png.rf.b3ba7f5457042a083bad8aac3fe5f819.jpg,14,0.4582129120826721,0.2712090015411377,0.2023749053478241,0.15841375291347504,0.9863032698631287
road822_png.rf.b3ba7f5457042a083bad8aac3fe5f819.jpg,1,0.4810836911201477,0.5573731064796448,0.13196270167827606,0.27611902356147766,0.9595720767974854
road822_png.rf.b3ba7f5457042a083bad8aac3fe5f819.jpg,0,0.3720625936985016,0.6069253087043762,0.07724549621343613,0.18365596234798431,0.44774067401885986
road822_png.rf.b3ba7f5457042a083bad8aac3fe5f819.jpg,0,0.478520005941391,0.5594350099563599,0.12237835675477982,0.2723270654678345,0.0860351100564003
road822_png.rf.b3ba7f5457042a083bad8aac3fe5f819.jpg,0,0.9274951815605164,0.8480179905891418,0.08998416364192963,0.031651571393013,0.007775943260639906
road822_png.rf.b3ba7f5457042a083bad8aac3fe5f819.jpg,0,0.8706763386726379,0.9620919227600098,0.05782875791192055,0.035706449300050735,0.003662695875391364
road822_png.rf.b3ba7f5457042a083bad8aac3fe5f819.jpg,0,0.9183122515678406,0.8605902791023254,0.08264321833848953,0.035124413669109344,0.003181275213137269
road836_png.rf.05522d5697471753f15583e9c74d9908.jpg,12,0.5851221084594727,0.3876003623008728,0.19679129123687744,0.153146892786026,0.9645660519599915
road836_png.rf.05522d5697471753f15583e9c74d9908.jpg,0,0.875479519367218,0.9939594864845276,0.012784224934875965,0.011160630732774734,0.02154262363910675
road836_png.rf.05522d5697471753f15583e9c74d9908.jpg,0,0.46761104464530945,0.9924584031105042,0.0418291836977005,0.015083313919603825,0.001887703314423561
road836_png.rf.05522d5697471753f15583e9c74d9908.jpg,0,0.045686639845371246,0.9344671368598938,0.03983097895979881,0.025526048615574837,0.0018822900019586086
road836_png.rf.05522d5697471753f15583e9c74d9908.jpg,0,0.6534305810928345,0.9836129546165466,0.020186498761177063,0.03165142610669136,0.0017013264587149024
road836_png.rf.05522d5697471753f15583e9c74d9908.jpg,0,0.45631781220436096,0.9919607043266296,0.029163140803575516,0.01599590666592121,0.001347596407867968
road836_png.rf.05522d5697471753f15583e9c74d9908.jpg,0,0.7676041722297668,0.6516342163085938,0.022464899346232414,0.031658172607421875,0.001314724562689662
road841_png.rf.7ddce1ff42545b101a28f63e6a1e5af7.jpg,12,0.42928946018218994,0.40781980752944946,0.13200363516807556,0.09998717904090881,0.9713568687438965
road841_png.rf.7ddce1ff42545b101a28f63e6a1e5af7.jpg,0,0.4275451600551605,0.31811752915382385,0.12766918540000916,0.276498943567276,0.0030871799681335688
road841_png.rf.7ddce1ff42545b101a28f63e6a1e5af7.jpg,0,0.009161851368844509,0.9348987340927124,0.018323702737689018,0.056138552725315094,0.0027306368574500084
road841_png.rf.7ddce1ff42545b101a28f63e6a1e5af7.jpg,0,0.4277609586715698,0.9822636842727661,0.027697930112481117,0.03507394343614578,0.002364710671827197
road841_png.rf.7ddce1ff42545b101a28f63e6a1e5af7.jpg,1,0.9153386354446411,0.2865493893623352,0.16932283341884613,0.40269771218299866,0.0014727356610819697
road841_png.rf.7ddce1ff42545b101a28f63e6a1e5af7.jpg,1,0.8340951800346375,0.2932755947113037,0.3269464075565338,0.4199661314487457,0.0011297232704237103
road841_png.rf.7ddce1ff42545b101a28f63e6a1e5af7.jpg,0,0.9125280976295471,0.2904929220676422,0.17403662204742432,0.4083380401134491,0.001023435383103788
road842_png.rf.eaef28c5ea8a82fe3cfba78634bebf18.jpg,12,0.33501604199409485,0.4424011707305908,0.1637338548898697,0.128008633852005,0.9650841355323792
road842_png.rf.eaef28c5ea8a82fe3cfba78634bebf18.jpg,0,0.8891127109527588,0.32514217495918274,0.206662118434906,0.48647743463516235,0.026211414486169815
road842_png.rf.eaef28c5ea8a82fe3cfba78634bebf18.jpg,1,0.8868486881256104,0.3258354365825653,0.20751704275608063,0.48643577098846436,0.012290437705814838
road842_png.rf.eaef28c5ea8a82fe3cfba78634bebf18.jpg,12,0.8865482807159424,0.32928115129470825,0.20855332911014557,0.4905392825603485,0.0038568489253520966
road842_png.rf.eaef28c5ea8a82fe3cfba78634bebf18.jpg,12,0.2183193862438202,0.9916883111000061,0.04801622033119202,0.01622229442000389,0.0022339264396578074
road842_png.rf.eaef28c5ea8a82fe3cfba78634bebf18.jpg,0,0.3347693681716919,0.3373277187347412,0.1220206543803215,0.34172332286834717,0.0021536846179515123
road842_png.rf.eaef28c5ea8a82fe3cfba78634bebf18.jpg,0,0.2206038385629654,0.9931093454360962,0.05415571853518486,0.013781401328742504,0.0013512455625459552
road84_png.rf.3c4a24183c70e3af08fc01ae65761c88.jpg,14,0.4982328712940216,0.2982698678970337,0.25098198652267456,0.1763339340686798,0.9901330471038818
road84_png.rf.3c4a24183c70e3af08fc01ae65761c88.jpg,1,0.4179593026638031,0.18500787019729614,0.11098334193229675,0.03641932085156441,0.0028704009018838406
road850_png.rf.74fa86d3aaa9d85f0c87bf9bb5ce433e.jpg,12,0.2956389784812927,0.33034810423851013,0.061171021312475204,0.04925975576043129,0.9527292847633362
road850_png.rf.74fa86d3aaa9d85f0c87bf9bb5ce433e.jpg,0,0.52986741065979,0.4188515841960907,0.042110592126846313,0.056020740419626236,0.00706318998709321
road850_png.rf.74fa86d3aaa9d85f0c87bf9bb5ce433e.jpg,0,0.5393531918525696,0.42562514543533325,0.0358869843184948,0.040400948375463486,0.0028627451974898577
road850_png.rf.74fa86d3aaa9d85f0c87bf9bb5ce433e.jpg,12,0.6296783089637756,0.18225443363189697,0.7406434416770935,0.36142468452453613,0.0020545520819723606
road850_png.rf.74fa86d3aaa9d85f0c87bf9bb5ce433e.jpg,12,0.17906565964221954,0.45813268423080444,0.3581313192844391,0.866671085357666,0.0010115283075720072
road851_png.rf.30b2392d540fed2bdafd783c8defefb9.jpg,12,0.4139765501022339,0.3207640051841736,0.06790513545274734,0.059151872992515564,0.9577891826629639
road851_png.rf.30b2392d540fed2bdafd783c8defefb9.jpg,1,0.9948672652244568,0.40362781286239624,0.010265497490763664,0.03855331242084503,0.020913507789373398
road851_png.rf.30b2392d540fed2bdafd783c8defefb9.jpg,0,0.6045438051223755,0.4299134910106659,0.017803706228733063,0.07354736328125,0.00641659228131175
road851_png.rf.30b2392d540fed2bdafd783c8defefb9.jpg,12,0.26052895188331604,0.2441255748271942,0.5210579037666321,0.4831068813800812,0.0017743498319759965
road851_png.rf.30b2392d540fed2bdafd783c8defefb9.jpg,12,0.34442976117134094,0.48110830783843994,0.6888595223426819,0.8705030679702759,0.001633829320780933
road851_png.rf.30b2392d540fed2bdafd783c8defefb9.jpg,0,0.6010839343070984,0.4518091380596161,0.027472643181681633,0.032779254019260406,0.0015491497470065951
road851_png.rf.30b2392d540fed2bdafd783c8defefb9.jpg,0,0.606510579586029,0.4303418695926666,0.029247505590319633,0.07915746420621872,0.0015085305785760283
road851_png.rf.30b2392d540fed2bdafd783c8defefb9.jpg,12,0.6847343444824219,0.18491804599761963,0.6305313110351562,0.3677026331424713,0.0012347078882157803
road851_png.rf.30b2392d540fed2bdafd783c8defefb9.jpg,1,0.9305910468101501,0.3955671489238739,0.013567998073995113,0.022424772381782532,0.0011507723247632384
road851_png.rf.30b2392d540fed2bdafd783c8defefb9.jpg,12,0.24053460359573364,0.15811194479465485,0.4810692071914673,0.31527137756347656,0.001039996393956244
road856_png.rf.c56e130a9afef0aa81d3359ce467f4b1.jpg,12,0.5095948576927185,0.22952251136302948,0.1441034972667694,0.11284495145082474,0.9201198816299438
road856_png.rf.c56e130a9afef0aa81d3359ce467f4b1.jpg,0,0.31237301230430603,0.6461405158042908,0.028799699619412422,0.06846145540475845,0.02002680115401745
road856_png.rf.c56e130a9afef0aa81d3359ce467f4b1.jpg,1,0.3095049560070038,0.6406713724136353,0.01747622899711132,0.08298122137784958,0.011005714535713196
road856_png.rf.c56e130a9afef0aa81d3359ce467f4b1.jpg,0,0.31715020537376404,0.6415969729423523,0.0407760888338089,0.08412200212478638,0.001580592361278832
road856_png.rf.c56e130a9afef0aa81d3359ce467f4b1.jpg,12,0.27517762780189514,0.6343093514442444,0.5188721418380737,0.6471132636070251,0.0011516776867210865
road859_png.rf.f0e4bbd39d237c79817d4ade35676364.jpg,12,0.4690917134284973,0.40619170665740967,0.08055482059717178,0.06159225106239319,0.9048587679862976
road859_png.rf.f0e4bbd39d237c79817d4ade35676364.jpg,1,0.2596181333065033,0.5482196807861328,0.012340032495558262,0.018321551382541656,0.12975995242595673
road859_png.rf.f0e4bbd39d237c79817d4ade35676364.jpg,8,0.4677833914756775,0.40494102239608765,0.07639188319444656,0.060540568083524704,0.11651133000850677
road859_png.rf.f0e4bbd39d237c79817d4ade35676364.jpg,0,0.014076008461415768,0.11206014454364777,0.028055494651198387,0.024742603302001953,0.008618224412202835
road859_png.rf.f0e4bbd39d237c79817d4ade35676364.jpg,1,0.13828018307685852,0.566117525100708,0.01388606708496809,0.012459682300686836,0.004563817288726568
road859_png.rf.f0e4bbd39d237c79817d4ade35676364.jpg,1,0.26110658049583435,0.5695974230766296,0.015518849715590477,0.05629803612828255,0.0028808945789933205
road859_png.rf.f0e4bbd39d237c79817d4ade35676364.jpg,7,0.46868905425071716,0.40637245774269104,0.0805976614356041,0.061209533363580704,0.0028128509875386953
road859_png.rf.f0e4bbd39d237c79817d4ade35676364.jpg,8,0.01786201260983944,0.11333449184894562,0.034968819469213486,0.026677792891860008,0.001497227931395173
road859_png.rf.f0e4bbd39d237c79817d4ade35676364.jpg,12,0.7157028317451477,0.17867037653923035,0.5685943961143494,0.35554417967796326,0.0012643411755561829
road859_png.rf.f0e4bbd39d237c79817d4ade35676364.jpg,12,0.37883472442626953,0.6123677492141724,0.7576694488525391,0.7752645611763,0.0011124250013381243
road85_png.rf.86fab2367257fba23a95cad102a7dd82.jpg,14,0.5184491872787476,0.5402065515518188,0.4812755882740021,0.36322733759880066,0.9371379017829895
road865_png.rf.d20a4a3f4030905929c2739f03eba9b8.jpg,10,0.5801839232444763,0.256333589553833,0.11133795976638794,0.08459179848432541,0.9344814419746399
road865_png.rf.d20a4a3f4030905929c2739f03eba9b8.jpg,12,0.5821952223777771,0.25526487827301025,0.11125124990940094,0.08751410990953445,0.6706251502037048
road865_png.rf.d20a4a3f4030905929c2739f03eba9b8.jpg,7,0.5821629762649536,0.2560444474220276,0.11051148921251297,0.0855167880654335,0.025863928720355034
road865_png.rf.d20a4a3f4030905929c2739f03eba9b8.jpg,12,0.7769039869308472,0.13944923877716064,0.44619208574295044,0.27583929896354675,0.0017418920760974288
road865_png.rf.d20a4a3f4030905929c2739f03eba9b8.jpg,9,0.5810180902481079,0.2567748427391052,0.11053460091352463,0.08605212718248367,0.001466284622438252
road865_png.rf.d20a4a3f4030905929c2739f03eba9b8.jpg,5,0.9936074018478394,0.6129046082496643,0.012785252183675766,0.05566193535923958,0.0010682741412892938
road86_png.rf.618acea5b57f584ad3cf0c2ddd8be8b3.jpg,14,0.49865713715553284,0.5088445544242859,0.2740703821182251,0.4074724316596985,0.9730753302574158
road86_png.rf.618acea5b57f584ad3cf0c2ddd8be8b3.jpg,0,0.9532945156097412,0.3623215854167938,0.049711376428604126,0.03740090876817703,0.03095848858356476
road86_png.rf.618acea5b57f584ad3cf0c2ddd8be8b3.jpg,1,0.8854577541351318,0.5093314051628113,0.05984233319759369,0.057872481644153595,0.010943297296762466
road86_png.rf.618acea5b57f584ad3cf0c2ddd8be8b3.jpg,1,0.9123045206069946,0.5103242993354797,0.0283889789134264,0.051667362451553345,0.0031972683500498533
road86_png.rf.618acea5b57f584ad3cf0c2ddd8be8b3.jpg,0,0.9707655906677246,0.362521767616272,0.05702459067106247,0.04472769424319267,0.0017954218201339245
road86_png.rf.618acea5b57f584ad3cf0c2ddd8be8b3.jpg,14,0.5010778903961182,0.6411827206611633,0.29041603207588196,0.647352397441864,0.0011007487773895264
road872_png.rf.d95002240567bc0114365d0ba181071f.jpg,8,0.33613166213035583,0.5506060123443604,0.10539759695529938,0.08260712772607803,0.9753788113594055
road872_png.rf.d95002240567bc0114365d0ba181071f.jpg,1,0.7612558603286743,0.669525146484375,0.03688812255859375,0.031797558069229126,0.22220362722873688
road872_png.rf.d95002240567bc0114365d0ba181071f.jpg,14,0.7586736679077148,0.6727249026298523,0.04625599458813667,0.039656128734350204,0.10510527342557907
road872_png.rf.d95002240567bc0114365d0ba181071f.jpg,1,0.7551636099815369,0.6741614937782288,0.0469769723713398,0.040162600576877594,0.06411314010620117
road872_png.rf.d95002240567bc0114365d0ba181071f.jpg,9,0.6116346716880798,0.7051476240158081,0.021794870495796204,0.04888637363910675,0.0012280259979888797
road872_png.rf.d95002240567bc0114365d0ba181071f.jpg,1,0.7684728503227234,0.6723393797874451,0.06151008978486061,0.04277860373258591,0.0010456827003508806
road876_png.rf.723330bcac2a5e357c0a325590dbff3c.jpg,8,0.4794774353504181,0.3653516173362732,0.22355659306049347,0.17225207388401031,0.9586755037307739
road876_png.rf.723330bcac2a5e357c0a325590dbff3c.jpg,14,0.29996711015701294,0.7644442319869995,0.04867817834019661,0.046843163669109344,0.8589785099029541
road876_png.rf.723330bcac2a5e357c0a325590dbff3c.jpg,6,0.3013869524002075,0.7616194486618042,0.041774291545152664,0.04305927827954292,0.038640785962343216
road876_png.rf.723330bcac2a5e357c0a325590dbff3c.jpg,14,0.4006710946559906,0.7750267386436462,0.017803192138671875,0.03129753842949867,0.003517012344673276
road876_png.rf.723330bcac2a5e357c0a325590dbff3c.jpg,14,0.3034559488296509,0.7737758755683899,0.05023868381977081,0.06973853707313538,0.0023625337053090334
road876_png.rf.723330bcac2a5e357c0a325590dbff3c.jpg,8,0.051470961421728134,0.6617786884307861,0.04125631973147392,0.01869436539709568,0.001459010411053896
road94_png.rf.77920ec51ee4fe99a6fb6f8d99f67954.jpg,14,0.5127376317977905,0.511012852191925,0.5068383812904358,0.5737447738647461,0.9541372656822205
