image_id,class_id,x_center,y_center,width,height,confidence
000003_jpg.rf.8511b9c219dbf9799a6d58900b15917d.jpg,7,0.49777406454086304,0.48106053471565247,0.45028746128082275,0.6219887137413025,0.964848518371582
000006_jpg.rf.89610ec419ccfab22f8314026b90ee26.jpg,7,0.3775540888309479,0.16529151797294617,0.274775892496109,0.3302532732486725,0.963463306427002
000006_jpg.rf.89610ec419ccfab22f8314026b90ee26.jpg,8,0.3189067244529724,0.5767653584480286,0.03814402222633362,0.06041794642806053,0.0013151715975254774
000006_jpg.rf.89610ec419ccfab22f8314026b90ee26.jpg,3,0.812233030796051,0.617392361164093,0.37547004222869873,0.6154075264930725,0.0006154305301606655
00000_00000_00003_png.rf.d18afc3c9625ffb1974029d3e3762aee.jpg,6,0.5157181620597839,0.5030808448791504,0.5721113085746765,0.5779864192008972,0.9319714307785034
00000_00000_00003_png.rf.d18afc3c9625ffb1974029d3e3762aee.jpg,1,0.5272743105888367,0.015206573531031609,0.11354120075702667,0.03023655340075493,0.0019038553582504392
00000_00000_00003_png.rf.d18afc3c9625ffb1974029d3e3762aee.jpg,1,0.5844962000846863,0.01497619692236185,0.171929731965065,0.0299523938447237,0.0015160830225795507
00000_00000_00005_png.rf.ab60a274676963d378f5014e89d9e2b1.jpg,6,0.5362495183944702,0.5318094491958618,0.6041980385780334,0.6226277351379395,0.94899982213974
00000_00000_00005_png.rf.ab60a274676963d378f5014e89d9e2b1.jpg,6,0.10038170963525772,0.05913548171520233,0.20076341927051544,0.11823196709156036,0.0005256569711491466
00000_00000_00006_png.rf.9d1ea68507aff6973a1dbcdc6f4422a8.jpg,6,0.5360090136528015,0.5554525256156921,0.5902358293533325,0.5990570187568665,0.9522242546081543
00000_00000_00008_png.rf.ff305dcd6e9ceb9188937311a4a1b207.jpg,6,0.5131241679191589,0.5070403218269348,0.6425756812095642,0.6507052183151245,0.9524931311607361
00000_00000_00008_png.rf.ff305dcd6e9ceb9188937311a4a1b207.jpg,0,0.36419570446014404,0.01573026180267334,0.07206260412931442,0.03146052360534668,0.0009106050711125135
00000_00000_00008_png.rf.ff305dcd6e9ceb9188937311a4a1b207.jpg,6,0.059359025210142136,0.10754536092281342,0.11866886168718338,0.21493080258369446,0.000746208184864372
00000_00000_00008_png.rf.ff305dcd6e9ceb9188937311a4a1b207.jpg,6,0.06414095312356949,0.18793387711048126,0.12828190624713898,0.3758677542209625,0.0006062276661396027
00000_00000_00013_png.rf.9076cbfc7f7811fa22547539a7e7ac02.jpg,6,0.5350568890571594,0.49869540333747864,0.6989671587944031,0.713421642780304,0.9615175724029541
00000_00000_00017_png.rf.6c2381a6a103a041f23159fbd44868ed.jpg,6,0.5319041609764099,0.5259005427360535,0.7436827421188354,0.7327863574028015,0.959784746170044
00000_00000_00021_png.rf.0803f8eb5b4566c44100cfef9d0bfa8e.jpg,6,0.5359216928482056,0.5366998314857483,0.7616928815841675,0.793168306350708,0.9504031538963318
00000_00000_00024_png.rf.8b21eb79678eed47df52a9ab4319bc08.jpg,6,0.5085796117782593,0.5083596110343933,0.7984329462051392,0.8138638138771057,0.9557099938392639
00000_00000_00024_png.rf.8b21eb79678eed47df52a9ab4319bc08.jpg,14,0.7483121752738953,0.8735275864601135,0.5033756494522095,0.2529449462890625,0.0005571008077822626
00000_00001_00008_png.rf.936b0185c3b9131c96d42d60a5da1abb.jpg,6,0.53300940990448,0.5359138250350952,0.5816869735717773,0.6143199801445007,0.9581487774848938
00000_00001_00008_png.rf.936b0185c3b9131c96d42d60a5da1abb.jpg,6,0.06254073232412338,0.07153592258691788,0.12504225969314575,0.1427650898694992,0.0005868562730029225
00000_00001_00008_png.rf.936b0185c3b9131c96d42d60a5da1abb.jpg,6,0.09271584451198578,0.09716424345970154,0.18543168902397156,0.19432848691940308,0.0005583976744674146
00000_00001_00008_png.rf.936b0185c3b9131c96d42d60a5da1abb.jpg,6,0.9432021379470825,0.5857475399971008,0.11359574645757675,0.46804922819137573,0.0005057698581367731
00000_00001_00013_png.rf.c2367f9d1b377597b2cc3706b70fa818.jpg,6,0.5194766521453857,0.5281652212142944,0.6334543228149414,0.6476395130157471,0.9530688524246216
00000_00001_00013_png.rf.c2367f9d1b377597b2cc3706b70fa818.jpg,0,0.3616691529750824,0.014706484042108059,0.06906157732009888,0.029412968084216118,0.016094187274575233
00000_00001_00013_png.rf.c2367f9d1b377597b2cc3706b70fa818.jpg,0,0.33016499876976013,0.01615281030535698,0.13185131549835205,0.03230562061071396,0.0005036393413320184
00000_00001_00016_png.rf.2818a0160369aa9d2465007de479d6d3.jpg,6,0.5158907175064087,0.5085722804069519,0.6457207202911377,0.6652347445487976,0.9390519261360168
00000_00001_00016_png.rf.2818a0160369aa9d2465007de479d6d3.jpg,6,0.7511718273162842,0.8632429838180542,0.49765652418136597,0.2735140323638916,0.000720909156370908
00000_00001_00016_png.rf.2818a0160369aa9d2465007de479d6d3.jpg,6,0.6809016466140747,0.048802174627780914,0.5783932209014893,0.09718844294548035,0.0006606570677831769
00000_00001_00016_png.rf.2818a0160369aa9d2465007de479d6d3.jpg,14,0.7157648205757141,0.04748515784740448,0.5228195786476135,0.09462010860443115,0.000655584444757551
00000_00001_00016_png.rf.2818a0160369aa9d2465007de479d6d3.jpg,6,0.8733951449394226,0.8709845542907715,0.25320976972579956,0.2580309808254242,0.0005273293936625123
00000_00001_00016_png.rf.2818a0160369aa9d2465007de479d6d3.jpg,1,0.05367496237158775,0.07918863743543625,0.10704179108142853,0.1583772748708725,0.0005030669854022563
00000_00001_00020_png.rf.4fc3ed0f124f480c5152a541fff2dbf7.jpg,6,0.5291265845298767,0.4975402057170868,0.6717026829719543,0.7149290442466736,0.963444173336029
00000_00001_00020_png.rf.af293e6651965d897c75935cf2084f7d.jpg,6,0.5291265845298767,0.4975402057170868,0.6717026829719543,0.7149290442466736,0.963444173336029
00000_00001_00021_png.rf.beb4a4004ddd09e998abac6f77de0322.jpg,6,0.5279196500778198,0.5077385902404785,0.6966615915298462,0.735744297504425,0.946769654750824
00000_00002_00012_png.rf.d345a307460a0fa32e159261cffa0e88.jpg,6,0.5166674852371216,0.5150521993637085,0.6038102507591248,0.6213578581809998,0.9584963917732239
00000_00002_00012_png.rf.d345a307460a0fa32e159261cffa0e88.jpg,1,0.5779896974563599,0.01518325787037611,0.13063937425613403,0.03036651574075222,0.0005250728572718799
00000_00002_00015_png.rf.9c6647dad127ad8ea26b08ef5e31f15f.jpg,6,0.5325492024421692,0.5215657949447632,0.6796571612358093,0.6826714873313904,0.9654843807220459
00000_00002_00015_png.rf.9c6647dad127ad8ea26b08ef5e31f15f.jpg,1,0.014583767391741276,0.02539082057774067,0.028810368850827217,0.05078164115548134,0.0008557954570278525
00000_00002_00026_png.rf.092c69361ef48fd43b479aa48fc829d9.jpg,6,0.5052388310432434,0.5066219568252563,0.7888626456260681,0.7770057320594788,0.9684354066848755
00000_00002_00026_png.rf.092c69361ef48fd43b479aa48fc829d9.jpg,0,0.47683200240135193,0.006287922151386738,0.02396678924560547,0.012263140641152859,0.006925087887793779
00000_00002_00026_png.rf.092c69361ef48fd43b479aa48fc829d9.jpg,0,0.2048158049583435,0.00797964632511139,0.12924346327781677,0.015653427690267563,0.002822007518261671
00000_00002_00026_png.rf.092c69361ef48fd43b479aa48fc829d9.jpg,1,0.7544218301773071,0.08607687801122665,0.0348382368683815,0.031497735530138016,0.0009654422174207866
00000_00002_00026_png.rf.092c69361ef48fd43b479aa48fc829d9.jpg,0,0.22423119843006134,0.0054589444771409035,0.10912209749221802,0.010674692690372467,0.0008771731518208981
00000_00002_00026_png.rf.092c69361ef48fd43b479aa48fc829d9.jpg,1,0.47894713282585144,0.00827102828770876,0.02169392816722393,0.016344834119081497,0.000761315634008497
00000_00003_00003_png.rf.cb1242e3f504fdf75084201d1d568a93.jpg,6,0.5384958982467651,0.5590886473655701,0.5709879994392395,0.5593774318695068,0.9271973967552185
00000_00003_00003_png.rf.cb1242e3f504fdf75084201d1d568a93.jpg,1,0.7034304738044739,0.07230361551046371,0.585400402545929,0.14422304928302765,0.007524317596107721
00000_00003_00003_png.rf.cb1242e3f504fdf75084201d1d568a93.jpg,1,0.4701542556285858,0.07619724422693253,0.656596302986145,0.15214288234710693,0.006741169840097427
00000_00003_00003_png.rf.cb1242e3f504fdf75084201d1d568a93.jpg,1,0.24913284182548523,0.06299033015966415,0.47044429183006287,0.12570270895957947,0.0034093763679265976
00000_00003_00003_png.rf.cb1242e3f504fdf75084201d1d568a93.jpg,1,0.6899213194847107,0.05673618242144585,0.365460067987442,0.11326723545789719,0.002361431485041976
00000_00003_00003_png.rf.cb1242e3f504fdf75084201d1d568a93.jpg,0,0.7859290242195129,0.06903532892465591,0.4112442135810852,0.13807065784931183,0.0021937242709100246
00000_00003_00003_png.rf.cb1242e3f504fdf75084201d1d568a93.jpg,1,0.8619094491004944,0.06233043223619461,0.2761812210083008,0.12437252700328827,0.0017169880447909236
00000_00003_00003_png.rf.cb1242e3f504fdf75084201d1d568a93.jpg,1,0.5371503233909607,0.06961186975240707,0.2730739116668701,0.13915963470935822,0.001556095201522112
00000_00003_00003_png.rf.cb1242e3f504fdf75084201d1d568a93.jpg,1,0.420326292514801,0.06680078059434891,0.27831172943115234,0.13360156118869781,0.0007922284421510994
00000_00003_00003_png.rf.cb1242e3f504fdf75084201d1d568a93.jpg,1,0.27310386300086975,0.03231172636151314,0.2999526262283325,0.06462345272302628,0.0007523925742134452
00000_00003_00003_png.rf.cb1242e3f504fdf75084201d1d568a93.jpg,6,0.1368173062801361,0.5528532266616821,0.2736346125602722,0.769888699054718,0.0007438304601237178
00000_00003_00003_png.rf.cb1242e3f504fdf75084201d1d568a93.jpg,1,0.16711080074310303,0.048794735223054886,0.23844580352306366,0.09758947044610977,0.0006970406393520534
00000_00003_00003_png.rf.cb1242e3f504fdf75084201d1d568a93.jpg,0,0.7972174882888794,0.3210839629173279,0.40556517243385315,0.6413761973381042,0.0005475609214045107
00000_00003_00005_png.rf.91e4d86cd4241911356889c94ae3f5ee.jpg,6,0.5323213338851929,0.5337725877761841,0.5543323159217834,0.5747473239898682,0.9409878849983215
00000_00003_00005_png.rf.91e4d86cd4241911356889c94ae3f5ee.jpg,1,0.39055028557777405,0.061399415135383606,0.5197728872299194,0.12263946235179901,0.024609677493572235
00000_00003_00005_png.rf.91e4d86cd4241911356889c94ae3f5ee.jpg,1,0.5782632231712341,0.0630580261349678,0.5786983966827393,0.12571211159229279,0.004779173526912928
00000_00003_00005_png.rf.91e4d86cd4241911356889c94ae3f5ee.jpg,1,0.26129502058029175,0.05143957585096359,0.45862022042274475,0.10229535400867462,0.0034696070943027735
00000_00003_00005_png.rf.91e4d86cd4241911356889c94ae3f5ee.jpg,1,0.4495810270309448,0.053212057799100876,0.28122541308403015,0.10642411559820175,0.002750133164227009
00000_00003_00005_png.rf.91e4d86cd4241911356889c94ae3f5ee.jpg,0,0.7236409187316895,0.034526433795690536,0.3419170379638672,0.06879089027643204,0.0016242648707702756
00000_00003_00005_png.rf.91e4d86cd4241911356889c94ae3f5ee.jpg,1,0.28034478425979614,0.0449804924428463,0.2476070523262024,0.0899609848856926,0.001590461004525423
00000_00003_00005_png.rf.91e4d86cd4241911356889c94ae3f5ee.jpg,1,0.28684553503990173,0.02273205853998661,0.26940226554870605,0.04546411707997322,0.0012727590510621667
00000_00003_00005_png.rf.91e4d86cd4241911356889c94ae3f5ee.jpg,1,0.5334256887435913,0.05954740196466446,0.28234750032424927,0.11902155727148056,0.0010009210091084242
00000_00003_00005_png.rf.91e4d86cd4241911356889c94ae3f5ee.jpg,0,0.8002894520759583,0.05173064023256302,0.39942115545272827,0.10346128046512604,0.0009357561939395964
00000_00003_00011_png.rf.7d5f2a85458f70654be03f2a2cd47c06.jpg,6,0.5334929823875427,0.5146707892417908,0.6168031096458435,0.628619372844696,0.9551771283149719
00000_00003_00011_png.rf.7d5f2a85458f70654be03f2a2cd47c06.jpg,1,0.39026927947998047,0.050915248692035675,0.34220436215400696,0.10183049738407135,0.003594646230340004
00000_00003_00011_png.rf.7d5f2a85458f70654be03f2a2cd47c06.jpg,0,0.7766693830490112,0.027040965855121613,0.4254021942615509,0.053750235587358475,0.0028380004223436117
00000_00003_00011_png.rf.7d5f2a85458f70654be03f2a2cd47c06.jpg,1,0.2644892632961273,0.013420489616692066,0.2544795870780945,0.026840979233384132,0.002370461355894804
00000_00003_00011_png.rf.7d5f2a85458f70654be03f2a2cd47c06.jpg,1,0.714665949344635,0.015317448414862156,0.3520885705947876,0.030634896829724312,0.0018202905775979161
00000_00003_00011_png.rf.7d5f2a85458f70654be03f2a2cd47c06.jpg,1,0.5851098895072937,0.046632155776023865,0.5490487813949585,0.0927686020731926,0.0012446577893570065
00000_00003_00011_png.rf.7d5f2a85458f70654be03f2a2cd47c06.jpg,0,0.6393079161643982,0.029879558831453323,0.4040128290653229,0.059540316462516785,0.0011943603167310357
00000_00003_00011_png.rf.7d5f2a85458f70654be03f2a2cd47c06.jpg,1,0.4087633788585663,0.01764608360826969,0.29522693157196045,0.03529216721653938,0.0010326318442821503
00000_00003_00011_png.rf.7d5f2a85458f70654be03f2a2cd47c06.jpg,0,0.13848161697387695,0.012574645690619946,0.26873090863227844,0.025075215846300125,0.0009560497128404677
00000_00003_00011_png.rf.7d5f2a85458f70654be03f2a2cd47c06.jpg,1,0.5073083639144897,0.02976684458553791,0.2654950022697449,0.05953368917107582,0.0006687600398436189
00000_00003_00011_png.rf.7d5f2a85458f70654be03f2a2cd47c06.jpg,0,0.39575716853141785,0.03985191881656647,0.5275338888168335,0.07916837185621262,0.0006186309037730098
00000_00003_00011_png.rf.7d5f2a85458f70654be03f2a2cd47c06.jpg,0,0.7760984897613525,0.17928026616573334,0.43676817417144775,0.3585605323314667,0.0006097322329878807
00000_00003_00015_png.rf.a18e8c7a509b0f5f98fe6221bac9aee4.jpg,6,0.5346972346305847,0.5349928140640259,0.6789235472679138,0.7055404782295227,0.9507960081100464
00000_00003_00015_png.rf.a18e8c7a509b0f5f98fe6221bac9aee4.jpg,0,0.37010952830314636,0.035333044826984406,0.5351004600524902,0.07066608965396881,0.0013253896031528711
00000_00003_00015_png.rf.a18e8c7a509b0f5f98fe6221bac9aee4.jpg,1,0.3550626039505005,0.037852879613637924,0.3709217309951782,0.07570575922727585,0.0005360857467167079
00000_00003_00017_png.rf.cb107aac6c3f74cfb122de76625c4abc.jpg,6,0.5034517049789429,0.517013669013977,0.7267724275588989,0.6988577246665955,0.9555841684341431
00000_00003_00017_png.rf.cb107aac6c3f74cfb122de76625c4abc.jpg,0,0.3166041076183319,0.9592147469520569,0.2250109314918518,0.08157062530517578,0.0005085276206955314
00000_00003_00019_png.rf.d5f22619ed92e72b6d2ed7150b2db7c3.jpg,6,0.5234192609786987,0.51409512758255,0.7144315242767334,0.7242338061332703,0.9560777544975281
00000_00004_00027_png.rf.339c3f63582ed2785e9d0740821e561e.jpg,6,0.521385669708252,0.5218511819839478,0.7967222332954407,0.8020430207252502,0.9659446477890015
00000_00004_00027_png.rf.339c3f63582ed2785e9d0740821e561e.jpg,1,0.5330643057823181,0.05193695053458214,0.1269441843032837,0.10387390106916428,0.0049951644614338875
00000_00004_00027_png.rf.339c3f63582ed2785e9d0740821e561e.jpg,0,0.5310201048851013,0.05169904604554176,0.12999476492404938,0.10339809209108353,0.002349201822653413
00000_00005_00000_png.rf.4b0a9b1409c4ee2cc880aa6e173d5e0e.jpg,6,0.5283917784690857,0.5155080556869507,0.551430881023407,0.5635032653808594,0.9492930173873901
00000_00005_00000_png.rf.4b0a9b1409c4ee2cc880aa6e173d5e0e.jpg,6,0.6025931239128113,0.05131099000573158,0.4357074797153473,0.10238990932703018,0.0005683486233465374
00000_00005_00000_png.rf.4b0a9b1409c4ee2cc880aa6e173d5e0e.jpg,6,0.6503443717956543,0.09954840689897537,0.4103849530220032,0.19909681379795074,0.0005055483779869974
00000_00005_00003_png.rf.df858754a637fecb106924e9bc47a832.jpg,6,0.5567556023597717,0.5299866795539856,0.5484745502471924,0.5904530882835388,0.9423398971557617
00000_00005_00009_png.rf.318081408daa3bd6bd66422e94bd3dca.jpg,6,0.539543628692627,0.5162877440452576,0.6120657920837402,0.63361656665802,0.9633671641349792
00000_00005_00009_png.rf.318081408daa3bd6bd66422e94bd3dca.jpg,1,0.6041129231452942,0.014622809365391731,0.23804427683353424,0.029245618730783463,0.0005343606462702155
00000_00005_00016_png.rf.80996367c51768326648d4c53f8a1e63.jpg,6,0.5221813917160034,0.48822230100631714,0.6552419662475586,0.7003633379936218,0.9703896641731262
00000_00005_00025_png.rf.f6c63209955abab1fc2ea39248553192.jpg,6,0.5219110250473022,0.5109224319458008,0.7640167474746704,0.8165597319602966,0.9646530151367188
00000_00005_00027_png.rf.397ea37e7f1f7c3029ef77da37b4d73a.jpg,6,0.5090732574462891,0.5054476857185364,0.7918861508369446,0.8078970909118652,0.9637942910194397
00000_00006_00000_png.rf.89204de3eb332a0f1dfbdbfeed2c4f19.jpg,6,0.4874893128871918,0.5521262288093567,0.42836183309555054,0.582989513874054,0.9230102896690369
00000_00006_00000_png.rf.89204de3eb332a0f1dfbdbfeed2c4f19.jpg,0,0.2974700927734375,0.029102686792612076,0.06561636924743652,0.058125969022512436,0.0009587210370227695
00000_00006_00004_png.rf.f3eaa594302a3387574994936ac8af80.jpg,6,0.49251610040664673,0.5103164315223694,0.547417163848877,0.6010150909423828,0.9490863680839539
00000_00006_00009_png.rf.69ada07a494f34af78f9cbb977bb1fe7.jpg,6,0.5213679075241089,0.5282061100006104,0.6569294929504395,0.645045816898346,0.9432716369628906
00000_00006_00009_png.rf.abb45158e58a911f6eb8f4784f718205.jpg,6,0.5213679075241089,0.5282061100006104,0.6569294929504395,0.645045816898346,0.9432716369628906
00000_00006_00014_png.rf.c18a9a99443ea933a462c18e7d9cc035.jpg,6,0.5134274363517761,0.48916760087013245,0.6837916374206543,0.6824011206626892,0.9573279023170471
00000_00006_00014_png.rf.c18a9a99443ea933a462c18e7d9cc035.jpg,0,0.6655138731002808,0.013447964563965797,0.1346278190612793,0.0266205295920372,0.0005696135922335088
00000_00006_00021_png.rf.ceba1690308218617be309fd8dd38971.jpg,6,0.525462806224823,0.5197336077690125,0.7378742098808289,0.7218450903892517,0.9579508304595947
00000_00006_00022_png.rf.8a9524bcedd0aa85d431b5314bdaf179.jpg,6,0.5102524161338806,0.5189484357833862,0.7405339479446411,0.7274803519248962,0.9625560641288757
00000_00006_00022_png.rf.ac6d1330d86c61ae4067afdd3a258ab3.jpg,6,0.5102524161338806,0.5189484357833862,0.7405339479446411,0.7274803519248962,0.9625560641288757
000012_jpg.rf.a2e9009c1ca91c2272045589701123f0.jpg,7,0.4940512776374817,0.3352687656879425,0.789503276348114,0.3722116947174072,0.9146479964256287
000012_jpg.rf.a2e9009c1ca91c2272045589701123f0.jpg,7,0.29821711778640747,0.306811660528183,0.41461941599845886,0.33239349722862244,0.002626043977215886
000012_jpg.rf.a2e9009c1ca91c2272045589701123f0.jpg,3,0.15545690059661865,0.9798721671104431,0.0505807138979435,0.03391265869140625,0.0006676064804196358
000015_jpg.rf.1c60d15418d0291507def26c241ed27e.jpg,7,0.25694504380226135,0.3699328601360321,0.39975354075431824,0.46660536527633667,0.966432511806488
000015_jpg.rf.1c60d15418d0291507def26c241ed27e.jpg,0,0.5780148506164551,0.010530411265790462,0.06624317169189453,0.021060822531580925,0.2601970136165619
000015_jpg.rf.1c60d15418d0291507def26c241ed27e.jpg,0,0.5602323412895203,0.00919992197304964,0.04005091264843941,0.01814563013613224,0.012728831730782986
000015_jpg.rf.1c60d15418d0291507def26c241ed27e.jpg,0,0.5562838912010193,0.015279747545719147,0.05512942001223564,0.029567014425992966,0.002285806927829981
000015_jpg.rf.1c60d15418d0291507def26c241ed27e.jpg,0,0.6942858695983887,0.09539065510034561,0.05037645250558853,0.03459184989333153,0.0014192374655976892
000015_jpg.rf.1c60d15418d0291507def26c241ed27e.jpg,14,0.8574872612953186,0.463843435049057,0.28450337052345276,0.5301423072814941,0.001037492766045034
000015_jpg.rf.1c60d15418d0291507def26c241ed27e.jpg,12,0.5759861469268799,0.009077313356101513,0.068010114133358,0.017815405502915382,0.0009159810724668205
000015_jpg.rf.1c60d15418d0291507def26c241ed27e.jpg,7,0.5864731669425964,0.010512955486774445,0.07610625773668289,0.02102591097354889,0.0008270815014839172
000015_jpg.rf.1c60d15418d0291507def26c241ed27e.jpg,7,0.05617484822869301,0.9560220241546631,0.04344428703188896,0.054512832313776016,0.0007397399749606848
000015_jpg.rf.1c60d15418d0291507def26c241ed27e.jpg,8,0.023929882794618607,0.7129803895950317,0.04720194265246391,0.07199639827013016,0.0007396405562758446
000015_jpg.rf.1c60d15418d0291507def26c241ed27e.jpg,0,0.7053204774856567,0.09036385267972946,0.051331743597984314,0.02793707326054573,0.0006208239356055856
00001_00006_00004_png.rf.d10a2232f001894c293a3899de728cad.jpg,7,0.5261917114257812,0.5277140140533447,0.7368013262748718,0.7548058032989502,0.9615626335144043
00001_00006_00004_png.rf.d10a2232f001894c293a3899de728cad.jpg,14,0.7531125545501709,0.8866212368011475,0.49377501010894775,0.22675764560699463,0.0009996540611609817
00001_00006_00004_png.rf.d10a2232f001894c293a3899de728cad.jpg,11,0.2626214921474457,0.08688783645629883,0.5245006680488586,0.17377567291259766,0.0008550817728973925
00001_00006_00026_png.rf.49d271a1ad59fd8fc3022b9d27fd55e2.jpg,7,0.4988170266151428,0.5061036348342896,0.7851946949958801,0.8077570199966431,0.9655846953392029
00001_00006_00026_png.rf.49d271a1ad59fd8fc3022b9d27fd55e2.jpg,14,0.7420170903205872,0.8749232292175293,0.5159658789634705,0.25015363097190857,0.0018699149368330836
00001_00006_00026_png.rf.49d271a1ad59fd8fc3022b9d27fd55e2.jpg,1,0.990885853767395,0.22864782810211182,0.017960770055651665,0.10276470333337784,0.001244017155840993
00001_00010_00003_png.rf.7aafa0add84d32dae0f70c72f29be839.jpg,7,0.5278459787368774,0.5655954480171204,0.5291764140129089,0.5276025533676147,0.851500928401947
00001_00010_00003_png.rf.7aafa0add84d32dae0f70c72f29be839.jpg,9,0.5300374627113342,0.5674586892127991,0.5257889628410339,0.5266405344009399,0.46044257283210754
00001_00010_00003_png.rf.7aafa0add84d32dae0f70c72f29be839.jpg,11,0.4976840913295746,0.13329347968101501,0.622282862663269,0.26617664098739624,0.012406871654093266
00001_00010_00010_png.rf.0c717d1fcb47c63dc21133891c67058d.jpg,7,0.5490881204605103,0.5421689748764038,0.582597017288208,0.6150993704795837,0.955490231513977
00001_00011_00006_png.rf.b3c9ed7b58e8b06312406f5fb6ecb9cd.jpg,7,0.5121534466743469,0.529157280921936,0.6400558948516846,0.6246184706687927,0.9416719675064087
00001_00014_00020_png.rf.dae49e781829147dd4dfd5b4812d0068.jpg,7,0.49987733364105225,0.5162361860275269,0.7666671276092529,0.7963706851005554,0.6789812445640564
00001_00014_00020_png.rf.dae49e781829147dd4dfd5b4812d0068.jpg,6,0.5068209767341614,0.510640025138855,0.7864997982978821,0.809319019317627,0.6288856267929077
00001_00019_00006_png.rf.ba8186909430430fb44e7eea3282a96b.jpg,7,0.5373364090919495,0.5102148652076721,0.5974845290184021,0.6065911054611206,0.9456387162208557
00001_00020_00001_png.rf.558285df18ab5e029ed28ae9b0442173.jpg,7,0.48782581090927124,0.5305553674697876,0.6263802647590637,0.7476218342781067,0.9536206722259521
00001_00020_00009_png.rf.70d380dd904a8b782ac06daf41622bc8.jpg,7,0.49216926097869873,0.5108356475830078,0.701547384262085,0.7731292843818665,0.9587569832801819
00001_00021_00006_png.rf.c24e2e36491660b540a9b81687c16bc3.jpg,7,0.5288578271865845,0.5459933280944824,0.5686978697776794,0.6024790406227112,0.9317174553871155
00001_00021_00006_png.rf.c24e2e36491660b540a9b81687c16bc3.jpg,9,0.5259037613868713,0.5466261506080627,0.5676641464233398,0.5995523929595947,0.7830512523651123
00001_00021_00007_png.rf.7054b7fcb56980bcabcf57e0f1cb9182.jpg,7,0.5374523401260376,0.5102903246879578,0.5761173367500305,0.6315855383872986,0.9430533051490784
00001_00022_00001_png.rf.f68bab926df5c93b7a8baf9d168955d1.jpg,7,0.5191771388053894,0.5185551643371582,0.6326563954353333,0.5515173673629761,0.950788676738739
00001_00023_00007_png.rf.f20610daefe32091399ce0ee1b9799f6.jpg,7,0.5677114725112915,0.5656120181083679,0.5464685559272766,0.5947403311729431,0.9439186453819275
00001_00023_00007_png.rf.f20610daefe32091399ce0ee1b9799f6.jpg,5,0.8668848276138306,0.3711364269256592,0.2662302851676941,0.7422728538513184,0.0005634236731566489
00001_00025_00025_png.rf.9556a94e4da441bd05e548d86099c3c0.jpg,7,0.509225606918335,0.5094143152236938,0.7543544173240662,0.7773245573043823,0.9605919122695923
00001_00025_00025_png.rf.9556a94e4da441bd05e548d86099c3c0.jpg,12,0.8110862970352173,0.7755548357963562,0.3778274357318878,0.3322942852973938,0.0007660237606614828
00001_00028_00017_png.rf.ff6c0bf1f57a58c63e706c5a59b9b55e.jpg,7,0.5175625681877136,0.4785909354686737,0.6810941100120544,0.7763410210609436,0.9469939470291138
00001_00028_00017_png.rf.ff6c0bf1f57a58c63e706c5a59b9b55e.jpg,6,0.9740862250328064,0.4833938777446747,0.05155240744352341,0.7732453942298889,0.0013605108251795173
00001_00029_00011_png.rf.8778f18a5af227481b72a0bd897cb144.jpg,7,0.537507951259613,0.5312656760215759,0.6446484923362732,0.6493335962295532,0.9428937435150146
00001_00030_00008_png.rf.f42a5ab100ba2300ff2ef3273198a629.jpg,7,0.5288546681404114,0.5277574062347412,0.5449485182762146,0.6670122146606445,0.9642033576965332
00001_00031_00011_png.rf.d92d0588e5bfd7f8ced37d558e0efd54.jpg,7,0.5392378568649292,0.49483925104141235,0.5631235241889954,0.5985321998596191,0.9524350762367249
00001_00032_00012_png.rf.e30cf3974f41a7316dff0477b7c4c589.jpg,7,0.498694509267807,0.5394374132156372,0.6605111956596375,0.6761728525161743,0.953079879283905
00001_00032_00012_png.rf.e30cf3974f41a7316dff0477b7c4c589.jpg,1,0.24445904791355133,0.01979738101363182,0.07786917686462402,0.039297573268413544,0.0005441972170956433
00001_00033_00010_png.rf.4b1b4602c3c04f4aa72ce1f952cce126.jpg,7,0.5146232843399048,0.5082769989967346,0.6162082552909851,0.611042857170105,0.9393788576126099
00001_00033_00013_png.rf.7df949e59990e9dabfbc631176beada9.jpg,7,0.553988516330719,0.5642653703689575,0.6317369937896729,0.6558565497398376,0.9482401013374329
00001_00035_00012_png.rf.ef688824fa8eae681376cbaa7708a2dd.jpg,7,0.5281633138656616,0.5367298126220703,0.6318805813789368,0.5889369249343872,0.9553356170654297
00001_00038_00012_png.rf.769276765c04567a8afdd2300298c7cb.jpg,7,0.4931897222995758,0.48406529426574707,0.5835522413253784,0.5821729898452759,0.9587714672088623
00001_00038_00013_png.rf.9bea2c6ade7591cafa7a3ee2d6447b63.jpg,7,0.5095742344856262,0.48723071813583374,0.5878583788871765,0.5983484387397766,0.9648658037185669
00001_00042_00000_png.rf.ac8cef49708d26776dd018e63c08ee29.jpg,7,0.5167561769485474,0.5336053967475891,0.5538017153739929,0.5944690704345703,0.9489085674285889
00001_00059_00004_png.rf.74b0bb0dc2200bf50c665e4b2017a9cf.jpg,7,0.5388481020927429,0.5165135860443115,0.638286292552948,0.659496545791626,0.9470282793045044
00001_00060_00007_png.rf.1bf10fd8b24b215fba58ab5975968559.jpg,7,0.5061755180358887,0.5380467176437378,0.6764037013053894,0.6801743507385254,0.9432649612426758
00001_00063_00003_png.rf.e87ae69015487ca78a229870bc3ed27f.jpg,7,0.572194516658783,0.5688382983207703,0.5814647078514099,0.6321846842765808,0.9269359111785889
00001_00063_00003_png.rf.e87ae69015487ca78a229870bc3ed27f.jpg,11,0.5690212249755859,0.5722874999046326,0.5882682800292969,0.6338932514190674,0.016002777963876724
00001_00063_00003_png.rf.e87ae69015487ca78a229870bc3ed27f.jpg,7,0.9394273161888123,0.3186735510826111,0.11999417096376419,0.6351677179336548,0.0006407483015209436
00001_00064_00019_png.rf.135e30aa3fe9209e095eb3ff5e304ebb.jpg,7,0.5298756957054138,0.48969513177871704,0.6887142658233643,0.7233154773712158,0.9582309722900391
00001_00065_00006_png.rf.161dc86f1aaaf56ceadeedb9920c11ec.jpg,7,0.5637995600700378,0.5127363801002502,0.6312784552574158,0.6205496788024902,0.9444566369056702
00001_00066_00015_png.rf.e1adfeb91011dcf5d548147d1acc30eb.jpg,7,0.4903516173362732,0.5148714780807495,0.7499349117279053,0.7598298192024231,0.9490451216697693
00001_00066_00015_png.rf.e1adfeb91011dcf5d548147d1acc30eb.jpg,7,0.9716619849205017,0.44927284121513367,0.05654313042759895,0.6031093597412109,0.007222007028758526
00001_00066_00015_png.rf.e1adfeb91011dcf5d548147d1acc30eb.jpg,12,0.9687691926956177,0.4691062569618225,0.062122493982315063,0.593838632106781,0.005467210430651903
00001_00066_00015_png.rf.e1adfeb91011dcf5d548147d1acc30eb.jpg,6,0.9728484749794006,0.46672961115837097,0.05385890603065491,0.569987416267395,0.005122076254338026
00001_00068_00007_png.rf.4bb41a90249c981be7a87239ef7d4288.jpg,7,0.4816424548625946,0.5234450697898865,0.5871151089668274,0.5803258419036865,0.9411426782608032
00002_00000_00005_png.rf.6a3d73b59a12500d97c5ad071900f3e8.jpg,9,0.5265293717384338,0.5091212391853333,0.6205599308013916,0.7302289009094238,0.9527853727340698
00002_00000_00005_png.rf.6a3d73b59a12500d97c5ad071900f3e8.jpg,1,0.17753399908542633,0.45159444212913513,0.02622995153069496,0.06335335969924927,0.003320456249639392
00002_00000_00005_png.rf.6a3d73b59a12500d97c5ad071900f3e8.jpg,9,0.6822056174278259,0.04131139814853668,0.6339067816734314,0.08253183215856552,0.0024371000472456217
00002_00000_00005_png.rf.6a3d73b59a12500d97c5ad071900f3e8.jpg,1,0.15168114006519318,0.451643705368042,0.03167533874511719,0.06375114619731903,0.0017707472434267402
00002_00000_00005_png.rf.6a3d73b59a12500d97c5ad071900f3e8.jpg,9,0.7156848907470703,0.17510202527046204,0.5671491622924805,0.34701305627822876,0.0006583830108866096
00002_00000_00008_png.rf.fef84220cd4e8886da3b88267904e21d.jpg,9,0.5340747237205505,0.5135800838470459,0.6640424132347107,0.768989086151123,0.9442956447601318
00002_00000_00008_png.rf.fef84220cd4e8886da3b88267904e21d.jpg,9,0.7223035097122192,0.03872675821185112,0.5537468194961548,0.07744161039590836,0.0010067798430100083
00002_00000_00008_png.rf.fef84220cd4e8886da3b88267904e21d.jpg,9,0.7120583057403564,0.20164264738559723,0.5747877359390259,0.39841949939727783,0.000990300322882831
00002_00000_00016_png.rf.5c98b3aeaa1ebc1ebc1afb2b2e8d9750.jpg,9,0.5003924369812012,0.5159624814987183,0.7013121843338013,0.8069196343421936,0.9456565380096436
00002_00000_00016_png.rf.5c98b3aeaa1ebc1ebc1afb2b2e8d9750.jpg,9,0.6895137429237366,0.02794947661459446,0.6194958686828613,0.05589895322918892,0.0009441638831049204
00002_00000_00016_png.rf.5c98b3aeaa1ebc1ebc1afb2b2e8d9750.jpg,9,0.7111313343048096,0.1317557394504547,0.576367974281311,0.2635114789009094,0.0005164676695130765
00002_00004_00025_png.rf.088e01a14aec1e026c95b0b5ab8b08ec.jpg,9,0.5154103636741638,0.5251045823097229,0.7935348153114319,0.7731799483299255,0.9445636868476868
00002_00004_00025_png.rf.088e01a14aec1e026c95b0b5ab8b08ec.jpg,9,0.8038669228553772,0.20937886834144592,0.391262024641037,0.4177647531032562,0.00127384380903095
00002_00004_00025_png.rf.088e01a14aec1e026c95b0b5ab8b08ec.jpg,11,0.942496120929718,0.7324013113975525,0.11500784754753113,0.186383917927742,0.0012045330367982388
00002_00004_00025_png.rf.088e01a14aec1e026c95b0b5ab8b08ec.jpg,9,0.042254067957401276,0.10539966076612473,0.08450813591480255,0.20406337082386017,0.0006118538440205157
00002_00006_00028_png.rf.70f98b1fc1d0c548e37ffe7968c81a40.jpg,9,0.5029674768447876,0.5199639797210693,0.7124683260917664,0.7840022444725037,0.9455582499504089
00002_00006_00028_png.rf.70f98b1fc1d0c548e37ffe7968c81a40.jpg,9,0.9332038760185242,0.9244593381881714,0.1333320438861847,0.15108130872249603,0.0009371721534989774
00002_00007_00012_png.rf.cda4cec2b68cd6819ec43a7799d667a5.jpg,9,0.528050422668457,0.5100656151771545,0.617909848690033,0.6745074391365051,0.9510842561721802
00002_00007_00012_png.rf.cda4cec2b68cd6819ec43a7799d667a5.jpg,9,0.3403874635696411,0.16065295040607452,0.6798405051231384,0.32130590081214905,0.0020127149764448404
00002_00007_00012_png.rf.cda4cec2b68cd6819ec43a7799d667a5.jpg,9,0.03716720640659332,0.32854679226875305,0.07433441281318665,0.2170708328485489,0.0019366235937923193
00002_00007_00012_png.rf.cda4cec2b68cd6819ec43a7799d667a5.jpg,9,0.8164082765579224,0.18881037831306458,0.36580777168273926,0.3763296902179718,0.0014643471222370863
00002_00007_00012_png.rf.cda4cec2b68cd6819ec43a7799d667a5.jpg,9,0.17491286993026733,0.23054388165473938,0.34982573986053467,0.46094462275505066,0.0007668684120289981
00002_00007_00012_png.rf.cda4cec2b68cd6819ec43a7799d667a5.jpg,9,0.25509196519851685,0.38033920526504517,0.5095157623291016,0.7606784105300903,0.0007491965079680085
00002_00007_00012_png.rf.cda4cec2b68cd6819ec43a7799d667a5.jpg,9,0.3297717869281769,0.07232002168893814,0.6595435738563538,0.14464004337787628,0.0007101426017470658
00002_00007_00012_png.rf.cda4cec2b68cd6819ec43a7799d667a5.jpg,9,0.06127823516726494,0.918425977230072,0.12255647033452988,0.16314814984798431,0.0006425121682696044
00002_00007_00012_png.rf.cda4cec2b68cd6819ec43a7799d667a5.jpg,9,0.088255874812603,0.06748004257678986,0.17071789503097534,0.13491936028003693,0.0005603215540759265
00002_00007_00012_png.rf.cda4cec2b68cd6819ec43a7799d667a5.jpg,9,0.8245146870613098,0.0708904042840004,0.35097071528434753,0.1417808085680008,0.0005568877095356584
00002_00010_00029_png.rf.526a5527eafd2cdc74e872afe9fb8276.jpg,9,0.4888160526752472,0.5128768682479858,0.7741180062294006,0.8047347664833069,0.9607555866241455
00002_00011_00028_png.rf.4b4e80fab739c206b44c9d195a2f08e0.jpg,9,0.4987626373767853,0.49234381318092346,0.6895750164985657,0.7761287093162537,0.9554967880249023
00002_00015_00017_png.rf.81a2cb9a7cc2d150109c3af756943d8e.jpg,9,0.5021277666091919,0.5180301666259766,0.7360677123069763,0.7357433438301086,0.9493134021759033
00002_00015_00017_png.rf.81a2cb9a7cc2d150109c3af756943d8e.jpg,1,0.06046486273407936,0.023082956671714783,0.021861430257558823,0.045999541878700256,0.0019033862045034766
00002_00016_00002_png.rf.c2bf6b0c65f3f2b845d281aef33328e0.jpg,9,0.5258994698524475,0.5350516438484192,0.5953874588012695,0.6227816343307495,0.9517727494239807
00002_00017_00020_png.rf.1a27fc5910f7ff6cd9e5ecad10609fe4.jpg,9,0.5186609029769897,0.5130277872085571,0.709930419921875,0.7158269286155701,0.9420647621154785
00002_00017_00020_png.rf.1a27fc5910f7ff6cd9e5ecad10609fe4.jpg,10,0.489296555519104,0.9592067003250122,0.3979693353176117,0.08158669620752335,0.06657614558935165
00002_00017_00020_png.rf.1a27fc5910f7ff6cd9e5ecad10609fe4.jpg,11,0.487441748380661,0.9588027596473694,0.3807506561279297,0.08239459991455078,0.010805740021169186
00002_00017_00026_png.rf.0e0c876d62e868e7b8bbea45c2854b90.jpg,9,0.4992729127407074,0.5150216817855835,0.7596485018730164,0.7915027737617493,0.9612017869949341
00002_00017_00026_png.rf.0e0c876d62e868e7b8bbea45c2854b90.jpg,10,0.49047738313674927,0.9749084115028381,0.4273059070110321,0.05018315091729164,0.0005333340377546847
00002_00028_00013_png.rf.4c1b88702f75ba47a05c979c6a1a24af.jpg,9,0.5293741226196289,0.5160658955574036,0.6518481373786926,0.6416208744049072,0.9474238157272339
00002_00028_00013_png.rf.4c1b88702f75ba47a05c979c6a1a24af.jpg,9,0.32385268807411194,0.11293964833021164,0.6477053761482239,0.22587929666042328,0.0011914274655282497
00002_00028_00013_png.rf.4c1b88702f75ba47a05c979c6a1a24af.jpg,9,0.27012699842453003,0.20574432611465454,0.5387803912162781,0.4107399582862854,0.0005853533511981368
00002_00029_00020_png.rf.92b3fdd9df0a753fcf7dd9e098f54ca5.jpg,9,0.4927978217601776,0.5196191668510437,0.7507665753364563,0.7387121319770813,0.9508450627326965
00002_00029_00020_png.rf.92b3fdd9df0a753fcf7dd9e098f54ca5.jpg,11,0.5913588404655457,0.05755114182829857,0.473983496427536,0.11500288546085358,0.0013050297275185585
00002_00029_00020_png.rf.92b3fdd9df0a753fcf7dd9e098f54ca5.jpg,11,0.379318505525589,0.08518200367689133,0.5589975714683533,0.17028337717056274,0.0005351887084543705
00002_00032_00021_png.rf.45636f29d1c772fb421d516a9741145a.jpg,9,0.4951343834400177,0.5404367446899414,0.6395740509033203,0.6727595925331116,0.9594303965568542
00002_00032_00021_png.rf.45636f29d1c772fb421d516a9741145a.jpg,14,0.5088992118835449,0.9600023627281189,0.3170236647129059,0.07999537885189056,0.020741907879710197
00002_00032_00021_png.rf.45636f29d1c772fb421d516a9741145a.jpg,1,0.6307262778282166,0.010776916518807411,0.04715655744075775,0.021460209041833878,0.0006045653135515749
00002_00057_00023_png.rf.c8c4e00edf84e93fdca59e89ca4480e8.jpg,9,0.5085846781730652,0.5191853642463684,0.7799062132835388,0.769706666469574,0.9501825571060181
00002_00063_00008_png.rf.42b7f6b82f752ce45b8a4128928bea6b.jpg,9,0.5244535207748413,0.5386505722999573,0.5773602724075317,0.5780335664749146,0.9428728818893433
00002_00065_00004_png.rf.dd58840a036850f03da5f6bbdd1940d2.jpg,9,0.5321478247642517,0.5444445013999939,0.665145993232727,0.7329357862472534,0.9454594850540161
00002_00065_00004_png.rf.dd58840a036850f03da5f6bbdd1940d2.jpg,0,0.21901850402355194,0.11384041607379913,0.1265801191329956,0.050982192158699036,0.009698432870209217
00002_00065_00005_png.rf.f156b51c34d4fe59f4f1981ecab62ed0.jpg,9,0.5234870314598083,0.5194573402404785,0.6551346778869629,0.7027961015701294,0.9474108815193176
00003_00000_00008_png.rf.976bc2ecdc3e69167320fc22712ec43d.jpg,10,0.5186389684677124,0.4847330152988434,0.5932356715202332,0.6136407852172852,0.9492380023002625
00003_00002_00016_png.rf.f31757e4e66bdf3dd7c10888f14ba7c6.jpg,10,0.5451183319091797,0.5028644800186157,0.6392563581466675,0.6974078416824341,0.9445267915725708
00003_00002_00023_png.rf.4d47dbf061aedff7277a91be6a5bbc6b.jpg,10,0.5346319079399109,0.5359500050544739,0.7302955985069275,0.7379915714263916,0.9499760866165161
00003_00002_00023_png.rf.4d47dbf061aedff7277a91be6a5bbc6b.jpg,1,0.09005994349718094,0.06456179916858673,0.17762896418571472,0.12912359833717346,0.0012746814172714949
00003_00010_00012_png.rf.992b5dc958856171d8218c027b672b12.jpg,10,0.48940354585647583,0.49467378854751587,0.6023116111755371,0.609184205532074,0.9443737864494324
00003_00014_00015_png.rf.4a4854b32d96279361db09f8b4d4bbcf.jpg,10,0.5468427538871765,0.5365775227546692,0.609101414680481,0.6408683657646179,0.951599657535553
00003_00019_00004_png.rf.0e5e854d48614cdc5bef09b4b3085a03.jpg,10,0.5057443380355835,0.5049686431884766,0.6004135608673096,0.576849639415741,0.9156837463378906
00003_00019_00004_png.rf.0e5e854d48614cdc5bef09b4b3085a03.jpg,1,0.30306121706962585,0.015066217631101608,0.06824011355638504,0.03011505678296089,0.3200983703136444
00003_00019_00004_png.rf.0e5e854d48614cdc5bef09b4b3085a03.jpg,0,0.3039870858192444,0.016604984179139137,0.07102986425161362,0.03307725861668587,0.03531617298722267
00003_00019_00004_png.rf.0e5e854d48614cdc5bef09b4b3085a03.jpg,1,0.5572606325149536,0.017435768619179726,0.02605460397899151,0.03487153723835945,0.013981552794575691
00003_00019_00004_png.rf.0e5e854d48614cdc5bef09b4b3085a03.jpg,1,0.1844348907470703,0.015119490213692188,0.02964073047041893,0.030238980427384377,0.0035659046843647957
00003_00019_00004_png.rf.0e5e854d48614cdc5bef09b4b3085a03.jpg,1,0.21296273171901703,0.011140689253807068,0.0672169104218483,0.022281378507614136,0.0031168346758931875
00003_00019_00004_png.rf.0e5e854d48614cdc5bef09b4b3085a03.jpg,1,0.23175130784511566,0.017327452078461647,0.03466349467635155,0.03450161963701248,0.0022880786564201117
00003_00019_00004_png.rf.0e5e854d48614cdc5bef09b4b3085a03.jpg,1,0.5690217018127441,0.04139970988035202,0.015557986684143543,0.03436199575662613,0.0021974057890474796
00003_00019_00004_png.rf.0e5e854d48614cdc5bef09b4b3085a03.jpg,0,0.5053364634513855,0.015713952481746674,0.033955466002225876,0.03139578178524971,0.0021414835937321186
00003_00019_00004_png.rf.0e5e854d48614cdc5bef09b4b3085a03.jpg,1,0.5683718919754028,0.029593009501695633,0.020756354555487633,0.040194541215896606,0.0017827750416472554
00003_00019_00004_png.rf.0e5e854d48614cdc5bef09b4b3085a03.jpg,1,0.4645574390888214,0.01407050434499979,0.04716290161013603,0.028085796162486076,0.001567406696267426
00003_00019_00004_png.rf.0e5e854d48614cdc5bef09b4b3085a03.jpg,1,0.5419820547103882,0.01808023266494274,0.023874282836914062,0.03616046532988548,0.0014295289292931557
00003_00019_00004_png.rf.0e5e854d48614cdc5bef09b4b3085a03.jpg,1,0.2853308320045471,0.013777610845863819,0.039869897067546844,0.027485528960824013,0.0014160688733682036
00003_00019_00004_png.rf.0e5e854d48614cdc5bef09b4b3085a03.jpg,0,0.2890636622905731,0.024698693305253983,0.0440644696354866,0.04887887462973595,0.0011676980648189783
00003_00019_00004_png.rf.0e5e854d48614cdc5bef09b4b3085a03.jpg,1,0.4792589843273163,0.01575848087668419,0.02131759375333786,0.03133471682667732,0.0009300272795371711
00003_00019_00004_png.rf.0e5e854d48614cdc5bef09b4b3085a03.jpg,1,0.5690024495124817,0.011538994498550892,0.04732407256960869,0.023077988997101784,0.0009101336472667754
00003_00019_00004_png.rf.0e5e854d48614cdc5bef09b4b3085a03.jpg,1,0.21217764914035797,0.025829706341028214,0.0702052116394043,0.05165941268205643,0.0008215357083827257
00003_00019_00004_png.rf.0e5e854d48614cdc5bef09b4b3085a03.jpg,0,0.48032113909721375,0.030880557373166084,0.02567804791033268,0.06176111474633217,0.0007194338832050562
00003_00019_00004_png.rf.0e5e854d48614cdc5bef09b4b3085a03.jpg,1,0.5884419083595276,0.008160142228007317,0.07592839747667313,0.016320284456014633,0.0007069392595440149
00003_00019_00004_png.rf.0e5e854d48614cdc5bef09b4b3085a03.jpg,1,0.23735909163951874,0.026129230856895447,0.022982891649007797,0.052258461713790894,0.0006596689927391708
00003_00019_00004_png.rf.0e5e854d48614cdc5bef09b4b3085a03.jpg,11,0.046636179089546204,0.9134344458580017,0.09310882538557053,0.17234420776367188,0.0006457236595451832
00003_00019_00004_png.rf.0e5e854d48614cdc5bef09b4b3085a03.jpg,9,0.7019360661506653,0.8743630051612854,0.5961279273033142,0.25127410888671875,0.0006088518421165645
00003_00019_00004_png.rf.0e5e854d48614cdc5bef09b4b3085a03.jpg,11,0.254382848739624,0.08931222558021545,0.19438661634922028,0.15592609345912933,0.0005788446287624538
00003_00019_00004_png.rf.0e5e854d48614cdc5bef09b4b3085a03.jpg,11,0.21571718156337738,0.07560151070356369,0.09710409492254257,0.15120302140712738,0.000562310975510627
00003_00019_00004_png.rf.0e5e854d48614cdc5bef09b4b3085a03.jpg,1,0.4130769670009613,0.022666627541184425,0.11199027299880981,0.04533325508236885,0.0005214501288719475
00003_00019_00004_png.rf.0e5e854d48614cdc5bef09b4b3085a03.jpg,1,0.6203737258911133,0.007035640999674797,0.04317845031619072,0.01399482972919941,0.0005071420455351472
00003_00019_00004_png.rf.0e5e854d48614cdc5bef09b4b3085a03.jpg,1,0.4509947896003723,0.0172174870967865,0.07778971642255783,0.034434974193573,0.0005053226486779749
00003_00026_00011_png.rf.33d98e9ee599a39d6f2b819682707a5a.jpg,10,0.5341508388519287,0.5344243049621582,0.5656712651252747,0.5962122082710266,0.9487408399581909
00003_00026_00022_png.rf.f67190b7724f3871c19569e098d5cc02.jpg,10,0.5306220054626465,0.509777843952179,0.6665471196174622,0.6963858008384705,0.9598544836044312
00003_00027_00025_png.rf.4c1fd45a0b5f0f724237f83b7d47c499.jpg,10,0.5322850346565247,0.5071389079093933,0.7495960593223572,0.7643022537231445,0.9533685445785522
00003_00027_00025_png.rf.4c1fd45a0b5f0f724237f83b7d47c499.jpg,1,0.4186721742153168,0.005315613467246294,0.024809837341308594,0.010590381920337677,0.0005513374344445765
00003_00034_00015_png.rf.16921ba926f31008a26ba58d2337527f.jpg,10,0.5056287050247192,0.5099174976348877,0.6632672548294067,0.6724921464920044,0.9448515176773071
00003_00034_00015_png.rf.16921ba926f31008a26ba58d2337527f.jpg,0,0.3602001368999481,0.01381735596805811,0.05290479212999344,0.02763471193611622,0.007598041091114283
00003_00034_00015_png.rf.16921ba926f31008a26ba58d2337527f.jpg,1,0.35089215636253357,0.014153514057397842,0.05004435405135155,0.028307028114795685,0.0042422134429216385
00003_00034_00015_png.rf.16921ba926f31008a26ba58d2337527f.jpg,1,0.5258960723876953,0.01420550886541605,0.031188856810331345,0.0284110177308321,0.0019409151282161474
00003_00034_00015_png.rf.16921ba926f31008a26ba58d2337527f.jpg,14,0.7323217391967773,0.8430428504943848,0.5353565216064453,0.31391438841819763,0.0005010553286410868
00003_00035_00028_png.rf.ee8da916ee92d6dc7e62eedaf09a79e4.jpg,10,0.5053297877311707,0.48779943585395813,0.7638221979141235,0.770768404006958,0.9511953592300415
00003_00036_00017_png.rf.8ac2d0085877d733785436132fdc938e.jpg,10,0.5183627009391785,0.49704527854919434,0.6812364459037781,0.6561827659606934,0.944530725479126
00003_00036_00017_png.rf.8ac2d0085877d733785436132fdc938e.jpg,11,0.7346316576004028,0.8256217241287231,0.5297124981880188,0.34875673055648804,0.000501685484778136
00003_00036_00028_png.rf.b1c4322c721873c9caa6ed9fd25eeb07.jpg,10,0.5026438236236572,0.4944673180580139,0.7767428159713745,0.7942725419998169,0.9600375294685364
00003_00036_00028_png.rf.b1c4322c721873c9caa6ed9fd25eeb07.jpg,1,0.9916932582855225,0.14156578481197357,0.016613520681858063,0.06405261158943176,0.006220622919499874
00003_00036_00028_png.rf.b1c4322c721873c9caa6ed9fd25eeb07.jpg,1,0.8809692859649658,0.0070699541829526424,0.017024626955389977,0.01399350818246603,0.0029868418350815773
00003_00036_00028_png.rf.b1c4322c721873c9caa6ed9fd25eeb07.jpg,14,0.9921301007270813,0.13869927823543549,0.015416366048157215,0.06258368492126465,0.002703671809285879
00003_00036_00028_png.rf.b1c4322c721873c9caa6ed9fd25eeb07.jpg,1,0.873786211013794,0.009113243781030178,0.015118159353733063,0.018031196668744087,0.0017870849696919322
00003_00036_00028_png.rf.b1c4322c721873c9caa6ed9fd25eeb07.jpg,1,0.818303644657135,0.007357390131801367,0.030116669833660126,0.014685246162116528,0.0009981945622712374
00003_00036_00028_png.rf.b1c4322c721873c9caa6ed9fd25eeb07.jpg,1,0.8734341263771057,0.018434105440974236,0.014768821187317371,0.03686821088194847,0.0006817416287958622
00003_00036_00028_png.rf.b3b837a4ff3803383e94a13fe8fc748b.jpg,10,0.5026438236236572,0.4944673180580139,0.7767428159713745,0.7942725419998169,0.9600375294685364
00003_00036_00028_png.rf.b3b837a4ff3803383e94a13fe8fc748b.jpg,1,0.9916932582855225,0.14156578481197357,0.016613520681858063,0.06405261158943176,0.006220622919499874
00003_00036_00028_png.rf.b3b837a4ff3803383e94a13fe8fc748b.jpg,1,0.8809692859649658,0.0070699541829526424,0.017024626955389977,0.01399350818246603,0.0029868418350815773
00003_00036_00028_png.rf.b3b837a4ff3803383e94a13fe8fc748b.jpg,14,0.9921301007270813,0.13869927823543549,0.015416366048157215,0.06258368492126465,0.002703671809285879
00003_00036_00028_png.rf.b3b837a4ff3803383e94a13fe8fc748b.jpg,1,0.873786211013794,0.009113243781030178,0.015118159353733063,0.018031196668744087,0.0017870849696919322
00003_00036_00028_png.rf.b3b837a4ff3803383e94a13fe8fc748b.jpg,1,0.818303644657135,0.007357390131801367,0.030116669833660126,0.014685246162116528,0.0009981945622712374
00003_00036_00028_png.rf.b3b837a4ff3803383e94a13fe8fc748b.jpg,1,0.8734341263771057,0.018434105440974236,0.014768821187317371,0.03686821088194847,0.0006817416287958622
00003_00038_00015_png.rf.68af73eb3c3267953582146c619d7c25.jpg,10,0.5378144383430481,0.502237856388092,0.6523699760437012,0.6696504950523376,0.9508033394813538
00003_00038_00026_png.rf.a69d0576816db3c4d315d0dce5b99721.jpg,10,0.5146073698997498,0.5052040815353394,0.7899228930473328,0.8107515573501587,0.950695276260376
00003_00040_00029_png.rf.7d37fc566ece4627cb04b2b8d32dc473.jpg,10,0.518047034740448,0.5153846144676208,0.6720330119132996,0.6753084063529968,0.9623281955718994
00003_00042_00029_png.rf.d0d6dd339d2be42128efbae34d3f541a.jpg,10,0.5062993764877319,0.5037844777107239,0.7315717935562134,0.7220622897148132,0.963130533695221
00003_00042_00029_png.rf.d0d6dd339d2be42128efbae34d3f541a.jpg,5,0.9276180863380432,0.25016751885414124,0.14476394653320312,0.5003142952919006,0.0005012818146497011
00003_00044_00003_png.rf.2b73723d27b25434c3de6ca04adbe574.jpg,10,0.5456233620643616,0.5268875360488892,0.4940090477466583,0.4743589758872986,0.9494557976722717
00003_00044_00003_png.rf.2b73723d27b25434c3de6ca04adbe574.jpg,9,0.6431217193603516,0.23616158962249756,0.711085855960846,0.4718823730945587,0.0038293665274977684
00003_00044_00003_png.rf.2b73723d27b25434c3de6ca04adbe574.jpg,9,0.7151340842247009,0.11296902596950531,0.5697320103645325,0.22586685419082642,0.0022183340042829514
00003_00044_00011_png.rf.9f723b9e228efc8339bf51faa590a58e.jpg,10,0.5469055771827698,0.5426639318466187,0.5627753138542175,0.5654563903808594,0.9533305168151855
00003_00044_00013_png.rf.24a211df9596dccf36b448483be5f663.jpg,10,0.5376667976379395,0.5162073373794556,0.603367805480957,0.6069319844245911,0.9511046409606934
00003_00044_00020_png.rf.dc91d31ec81c700753fe335f3fc42cf8.jpg,10,0.5287064909934998,0.5145767331123352,0.6987824440002441,0.6977716088294983,0.9556570053100586
00003_00044_00020_png.rf.dc91d31ec81c700753fe335f3fc42cf8.jpg,0,0.9370120763778687,0.12515881657600403,0.0526861809194088,0.04937164857983589,0.0009003402665257454
00003_00044_00020_png.rf.dc91d31ec81c700753fe335f3fc42cf8.jpg,11,0.6789692044258118,0.10036332160234451,0.6298202872276306,0.20072664320468903,0.0007759687141515315
00003_00044_00020_png.rf.dc91d31ec81c700753fe335f3fc42cf8.jpg,6,0.7814504504203796,0.8336980938911438,0.4370172619819641,0.33260390162467957,0.0006116270087659359
00003_00045_00010_png.rf.1eb0ead62274ff3e76b12140d0f4399b.jpg,10,0.5353477597236633,0.5332022905349731,0.5991272330284119,0.589150607585907,0.9431032538414001
00003_00045_00019_png.rf.3120c19400c889f8dfd507e2f6f16995.jpg,10,0.5152947306632996,0.5193377137184143,0.721747875213623,0.712592601776123,0.9564813375473022
00003_00046_00010_png.rf.891f75f30b9f3db0a566b63a5d08287f.jpg,10,0.5223278403282166,0.5046260356903076,0.6152421236038208,0.6190855503082275,0.9401184320449829
000041_jpg.rf.89c814e3db33e70112e3447d54bb42c6.jpg,7,0.5374342203140259,0.31259313225746155,0.26109614968299866,0.4593835473060608,0.9412514567375183
000041_jpg.rf.89c814e3db33e70112e3447d54bb42c6.jpg,0,0.3992978036403656,0.01702079176902771,0.07618552446365356,0.03404158353805542,0.05920092388987541
000041_jpg.rf.89c814e3db33e70112e3447d54bb42c6.jpg,1,0.4221382439136505,0.01683196797966957,0.04435700923204422,0.03366393595933914,0.006645697634667158
000041_jpg.rf.89c814e3db33e70112e3447d54bb42c6.jpg,0,0.1759379357099533,0.0304544847458601,0.07676883041858673,0.06016463786363602,0.006276361644268036
000041_jpg.rf.89c814e3db33e70112e3447d54bb42c6.jpg,1,0.17635460197925568,0.02917633019387722,0.0770992785692215,0.05835266038775444,0.0058670649304986
000041_jpg.rf.89c814e3db33e70112e3447d54bb42c6.jpg,0,0.4310009181499481,0.017307311296463013,0.07090260833501816,0.034614622592926025,0.0035970702301710844
000041_jpg.rf.89c814e3db33e70112e3447d54bb42c6.jpg,1,0.407903254032135,0.016899703070521355,0.09404050558805466,0.03359013795852661,0.0019491396378725767
000041_jpg.rf.89c814e3db33e70112e3447d54bb42c6.jpg,8,0.9606676697731018,0.8220787644386292,0.07866477966308594,0.3542691171169281,0.0013640838442370296
000041_jpg.rf.89c814e3db33e70112e3447d54bb42c6.jpg,0,0.9956543445587158,0.06308506429195404,0.008327117189764977,0.02953849546611309,0.0008560800924897194
000041_jpg.rf.89c814e3db33e70112e3447d54bb42c6.jpg,8,0.7835550308227539,0.8503429293632507,0.26382681727409363,0.23293745517730713,0.0008506961748935282
000041_jpg.rf.89c814e3db33e70112e3447d54bb42c6.jpg,0,0.9861579537391663,0.061196137219667435,0.02768413908779621,0.03925293684005737,0.0006157529423944652
000041_jpg.rf.89c814e3db33e70112e3447d54bb42c6.jpg,7,0.9591726660728455,0.8166420459747314,0.08163738250732422,0.3667158782482147,0.0005587719497270882
000041_jpg.rf.89c814e3db33e70112e3447d54bb42c6.jpg,0,0.8773542046546936,0.9825401902198792,0.04075431823730469,0.03487550467252731,0.0005205944180488586
000041_jpg.rf.89c814e3db33e70112e3447d54bb42c6.jpg,1,0.7256712317466736,0.6434006690979004,0.028112925589084625,0.013146914541721344,0.0005129316705279052
00004_00002_00014_png.rf.66ae4730024327a8ff79210c980a4667.jpg,11,0.5126171708106995,0.5142308473587036,0.6932744979858398,0.6825538277626038,0.9617383480072021
00004_00003_00014_png.rf.fbd79a43c27ae3464c7be84d785ed5e2.jpg,11,0.5465925335884094,0.5130646824836731,0.630060613155365,0.5986024737358093,0.9645097851753235
00004_00004_00006_png.rf.779cd44893dd231e6e05b680dc9bef9a.jpg,11,0.49548399448394775,0.5026346445083618,0.6703874468803406,0.6852870583534241,0.9533718228340149
00004_00004_00006_png.rf.779cd44893dd231e6e05b680dc9bef9a.jpg,9,0.9583626389503479,0.799360990524292,0.08327477425336838,0.25046348571777344,0.005137802567332983
00004_00004_00006_png.rf.779cd44893dd231e6e05b680dc9bef9a.jpg,9,0.18828442692756653,0.05347444489598274,0.37656885385513306,0.10654640942811966,0.004204126074910164
00004_00004_00006_png.rf.779cd44893dd231e6e05b680dc9bef9a.jpg,9,0.2826441824436188,0.0985049232840538,0.5632543563842773,0.1970098465681076,0.0025486398953944445
00004_00004_00006_png.rf.779cd44893dd231e6e05b680dc9bef9a.jpg,9,0.14957237243652344,0.025351660326123238,0.19285112619400024,0.050703320652246475,0.001433508237823844
00004_00004_00006_png.rf.779cd44893dd231e6e05b680dc9bef9a.jpg,9,0.31218963861465454,0.20415273308753967,0.6215745806694031,0.40595364570617676,0.0013055420713499188
00004_00004_00006_png.rf.779cd44893dd231e6e05b680dc9bef9a.jpg,9,0.147301584482193,0.2307601124048233,0.294603168964386,0.4615202248096466,0.0012146407971158624
00004_00004_00006_png.rf.779cd44893dd231e6e05b680dc9bef9a.jpg,9,0.7387158870697021,0.12151255458593369,0.5216042399406433,0.24302510917186737,0.0011422471143305302
00004_00004_00006_png.rf.779cd44893dd231e6e05b680dc9bef9a.jpg,9,0.1980677992105484,0.02263987436890602,0.09670012444257736,0.044915828853845596,0.0011239498853683472
00004_00004_00006_png.rf.779cd44893dd231e6e05b680dc9bef9a.jpg,9,0.14864210784435272,0.11432743817567825,0.29728421568870544,0.2286548763513565,0.0010349665535613894
00004_00004_00006_png.rf.779cd44893dd231e6e05b680dc9bef9a.jpg,9,0.08418091386556625,0.056741561740636826,0.16816149652004242,0.11348312348127365,0.0009685243712738156
00004_00004_00006_png.rf.779cd44893dd231e6e05b680dc9bef9a.jpg,9,0.19783134758472443,0.04582447558641434,0.13577251136302948,0.09079474955797195,0.0008595027611590922
00004_00004_00006_png.rf.779cd44893dd231e6e05b680dc9bef9a.jpg,9,0.029466742649674416,0.25954368710517883,0.05893348529934883,0.2729835510253906,0.0007649262552149594
00004_00004_00006_png.rf.779cd44893dd231e6e05b680dc9bef9a.jpg,9,0.28713932633399963,0.04817189648747444,0.17161825299263,0.09631028771400452,0.0007087099947966635
00004_00004_00006_png.rf.779cd44893dd231e6e05b680dc9bef9a.jpg,14,0.2016109973192215,0.6249927878379822,0.10106443613767624,0.3158174455165863,0.0005611408851109445
00004_00004_00009_png.rf.fc4e5787fbeb0511656710884dc88284.jpg,11,0.5330398678779602,0.512371838092804,0.6757652163505554,0.7029525637626648,0.9465586543083191
00004_00004_00009_png.rf.fc4e5787fbeb0511656710884dc88284.jpg,9,0.7651853561401367,0.17790918052196503,0.4680522084236145,0.3547429144382477,0.001575176022015512
00004_00004_00009_png.rf.fc4e5787fbeb0511656710884dc88284.jpg,9,0.23624949157238007,0.12837731838226318,0.4720013737678528,0.25675463676452637,0.0015484353061765432
00004_00004_00009_png.rf.fc4e5787fbeb0511656710884dc88284.jpg,9,0.054318610578775406,0.07763344049453735,0.10863722115755081,0.1552668809890747,0.001193416304886341
00004_00004_00009_png.rf.fc4e5787fbeb0511656710884dc88284.jpg,9,0.29390302300453186,0.06421631574630737,0.587342381477356,0.12843263149261475,0.0009550733375363052
00004_00004_00009_png.rf.fc4e5787fbeb0511656710884dc88284.jpg,9,0.07234950363636017,0.12344640493392944,0.14444394409656525,0.2468928098678589,0.0009497978608123958
00004_00004_00009_png.rf.fc4e5787fbeb0511656710884dc88284.jpg,9,0.3152611553668976,0.227208212018013,0.6287875175476074,0.45195919275283813,0.0008116760291159153
00004_00004_00009_png.rf.fc4e5787fbeb0511656710884dc88284.jpg,11,0.5323237776756287,0.94061678647995,0.26823264360427856,0.11828921735286713,0.0007341518648900092
00004_00004_00009_png.rf.fc4e5787fbeb0511656710884dc88284.jpg,9,0.03888673707842827,0.41255292296409607,0.07772304117679596,0.23108384013175964,0.0006292731850408018
00004_00004_00009_png.rf.fc4e5787fbeb0511656710884dc88284.jpg,9,0.4112697243690491,0.054371222853660583,0.1307172030210495,0.10846536606550217,0.0005665988428518176
00004_00004_00009_png.rf.fc4e5787fbeb0511656710884dc88284.jpg,11,0.9396770000457764,0.6958600282669067,0.12064611166715622,0.20648476481437683,0.0005178173305466771
00004_00006_00002_png.rf.e126eb56f28cf1c98809239babe89334.jpg,11,0.5224462151527405,0.5369684100151062,0.5637063384056091,0.5608220100402832,0.9575173258781433
00004_00006_00002_png.rf.e126eb56f28cf1c98809239babe89334.jpg,11,0.5351154208183289,0.9466529488563538,0.4751427173614502,0.10585866123437881,0.001013656030409038
00004_00006_00002_png.rf.e126eb56f28cf1c98809239babe89334.jpg,7,0.6909309029579163,0.820639431476593,0.6181381940841675,0.35872122645378113,0.0009056924609467387
00004_00009_00021_png.rf.0f8628e061118cfeaad9228b32489e7c.jpg,11,0.49039995670318604,0.5432279706001282,0.6640757322311401,0.655072033405304,0.9611495733261108
00004_00010_00020_png.rf.8985cbdd62ef877bd3b91429c517b515.jpg,11,0.527969241142273,0.5082600116729736,0.6862531900405884,0.6806257963180542,0.965277373790741
00004_00022_00020_png.rf.56c34e7fb6ec15747810e3706fb11e4a.jpg,11,0.5219284892082214,0.5127743482589722,0.6053088307380676,0.6183565855026245,0.9576432108879089
00004_00030_00003_png.rf.31ed58359e92300b61de2440b5f38d1a.jpg,11,0.5402261018753052,0.5376007556915283,0.5511474609375,0.5273624062538147,0.9614629149436951
00004_00030_00003_png.rf.31ed58359e92300b61de2440b5f38d1a.jpg,11,0.6588164567947388,0.18982739746570587,0.5520097613334656,0.37813183665275574,0.0008240964380092919
00004_00030_00003_png.rf.31ed58359e92300b61de2440b5f38d1a.jpg,11,0.929985523223877,0.05436212942004204,0.1385859102010727,0.10872425884008408,0.0007678095134906471
00004_00030_00003_png.rf.31ed58359e92300b61de2440b5f38d1a.jpg,11,0.8181045055389404,0.07767432928085327,0.3637911081314087,0.1549355685710907,0.0005094149964861572
00004_00030_00010_png.rf.c35b9a70b784be1bcd6b28d9ac1e12f5.jpg,11,0.5403025150299072,0.49563151597976685,0.5874102711677551,0.5896825194358826,0.9560614228248596
00004_00032_00009_png.rf.ea892d563594cad9d6d9ae8e8c9e9780.jpg,11,0.5181800723075867,0.4980268180370331,0.600078284740448,0.5842207074165344,0.9520325064659119
00004_00035_00005_png.rf.b222e7d3ff032a58afdfb10ad73d6911.jpg,11,0.5265040993690491,0.5138421058654785,0.542477548122406,0.5437264442443848,0.9716971516609192
00004_00035_00005_png.rf.b222e7d3ff032a58afdfb10ad73d6911.jpg,9,0.7060137987136841,0.20083244144916534,0.5867899060249329,0.4000612497329712,0.000860097527038306
00004_00036_00014_png.rf.de499ca97d9e6307ab9f8e859dd43336.jpg,11,0.518597424030304,0.5151075124740601,0.6777870655059814,0.6898444294929504,0.963498592376709
00004_00036_00014_png.rf.de499ca97d9e6307ab9f8e859dd43336.jpg,1,0.2216506451368332,0.012700614519417286,0.029285285621881485,0.02525334432721138,0.0008898238884285092
00004_00036_00029_png.rf.f55502d5bebf262101364b930e187143.jpg,11,0.503649890422821,0.5103161931037903,0.7846298217773438,0.7919968962669373,0.9734991192817688
00004_00037_00007_png.rf.223e842f5027e61ac59e32979ca930d6.jpg,11,0.5295678377151489,0.5092784762382507,0.5730288624763489,0.5677645802497864,0.9622347950935364
00004_00038_00011_png.rf.e8a8cb47ee1d09d447e63dd630056862.jpg,11,0.5062969326972961,0.4933631718158722,0.5309402346611023,0.5608382821083069,0.9576157927513123
00004_00038_00016_png.rf.91ed21fee2978def3dd315ee735fc1c0.jpg,11,0.5272485613822937,0.489762544631958,0.5746898651123047,0.6231133341789246,0.9558414816856384
00004_00038_00016_png.rf.91ed21fee2978def3dd315ee735fc1c0.jpg,1,0.7529991269111633,0.013390512205660343,0.04402204975485802,0.026781024411320686,0.023837514221668243
00004_00038_00016_png.rf.91ed21fee2978def3dd315ee735fc1c0.jpg,10,0.05878177657723427,0.06608835607767105,0.11756355315446854,0.1321767121553421,0.0021316681522876024
00004_00038_00016_png.rf.91ed21fee2978def3dd315ee735fc1c0.jpg,1,0.9039819240570068,0.01517545897513628,0.050945062190294266,0.03035091795027256,0.0008250664686784148
00004_00038_00016_png.rf.91ed21fee2978def3dd315ee735fc1c0.jpg,1,0.7232591509819031,0.01142403855919838,0.024221787229180336,0.022717947140336037,0.0006753599736839533
00004_00038_00023_png.rf.d7f850098ec568f71506f85f920d6eb3.jpg,11,0.4922906756401062,0.5159480571746826,0.6701842546463013,0.6932912468910217,0.9526317119598389
00004_00039_00028_png.rf.b088fe4f42e92367b13ca2fe401844ac.jpg,11,0.5223667025566101,0.49625134468078613,0.7599327564239502,0.7592054605484009,0.9757665991783142
00004_00039_00028_png.rf.b088fe4f42e92367b13ca2fe401844ac.jpg,1,0.7636120915412903,0.017626862972974777,0.025408819317817688,0.035253725945949554,0.0006244864198379219
00004_00039_00028_png.rf.b088fe4f42e92367b13ca2fe401844ac.jpg,1,0.7705309987068176,0.00956543255597353,0.03444062918424606,0.019120216369628906,0.0005393518949858844
00004_00044_00016_png.rf.21f8e05be871f651648f89b58c3f20c7.jpg,11,0.5274493098258972,0.5128617882728577,0.6694636940956116,0.6708977222442627,0.9560656547546387
00004_00046_00013_png.rf.6c04ac5c1dc478a3d929f9f1446d90b0.jpg,11,0.5119377970695496,0.5130316615104675,0.6607460379600525,0.6425582766532898,0.9619461297988892
00004_00046_00013_png.rf.6c04ac5c1dc478a3d929f9f1446d90b0.jpg,9,0.27377504110336304,0.1648438274860382,0.5458441972732544,0.3296876549720764,0.0006468940991908312
00004_00049_00008_png.rf.92e7b20cb3ae99c683fc6a1a09ce836b.jpg,11,0.5364881753921509,0.5132155418395996,0.5566809773445129,0.5472583770751953,0.9562796950340271
00004_00050_00020_png.rf.5b1bab0bf6b9284c2c1cffcbe35b12ed.jpg,11,0.49829453229904175,0.5290896892547607,0.6175075769424438,0.6215733289718628,0.9576442241668701
00004_00052_00006_png.rf.17e668414f18071d605e3327513528de.jpg,11,0.5509400963783264,0.5492232441902161,0.5550340414047241,0.5189921855926514,0.9499238133430481
00004_00052_00016_png.rf.bfe7cf72a069a7a4347a21a300041156.jpg,11,0.5324506163597107,0.5087246894836426,0.6126164793968201,0.6032690405845642,0.953315258026123
00004_00059_00010_png.rf.501920c3ea0f3537120f7b2835fcdc82.jpg,11,0.49726349115371704,0.5191847681999207,0.6113503575325012,0.6445230841636658,0.9668494462966919
00004_00059_00010_png.rf.501920c3ea0f3537120f7b2835fcdc82.jpg,11,0.06854643672704697,0.9386278390884399,0.13687807321548462,0.12220845371484756,0.0018795925425365567
00004_00059_00010_png.rf.501920c3ea0f3537120f7b2835fcdc82.jpg,11,0.9694130420684814,0.7100849151611328,0.061173953115940094,0.16213293373584747,0.0010762956226244569
00004_00059_00010_png.rf.501920c3ea0f3537120f7b2835fcdc82.jpg,11,0.7487760782241821,0.8744507431983948,0.5020458102226257,0.2510985732078552,0.0007731292280368507
00004_00059_00010_png.rf.501920c3ea0f3537120f7b2835fcdc82.jpg,11,0.09510932862758636,0.5234994292259216,0.19021865725517273,0.25492343306541443,0.0007606496219523251
00004_00059_00010_png.rf.501920c3ea0f3537120f7b2835fcdc82.jpg,11,0.9443792700767517,0.8256039619445801,0.11124163866043091,0.3487922251224518,0.0006377705722115934
00004_00059_00010_png.rf.501920c3ea0f3537120f7b2835fcdc82.jpg,11,0.904832124710083,0.25535452365875244,0.1892307847738266,0.5068562030792236,0.0005569978384301066
00004_00060_00021_png.rf.eb99d667b724b14132452c88d3674738.jpg,11,0.5173889994621277,0.5244573950767517,0.6855234503746033,0.6948390007019043,0.9718654751777649
00005_00000_00019_png.rf.fb70e266857ce9ceea9b772edb452ab4.jpg,12,0.5312164425849915,0.5261479020118713,0.6702924966812134,0.6720074415206909,0.9727215766906738
00005_00001_00016_png.rf.da02434245fde3214475aa75e6d4e2b6.jpg,12,0.5164432525634766,0.5560898184776306,0.5658203363418579,0.6065475940704346,0.9452282786369324
00005_00003_00012_png.rf.77d9df57d17122641644da65c80d2f0e.jpg,12,0.5287109613418579,0.5479437708854675,0.6339311599731445,0.6470739841461182,0.9391006827354431
00005_00004_00005_png.rf.53f4cde1da9ac0094d8c0d9fd968beb1.jpg,12,0.5533045530319214,0.5409930348396301,0.6223633885383606,0.6007428169250488,0.951657235622406
00005_00012_00025_png.rf.f8b1c97fbb9d575b38ad20cb4fc6e3b3.jpg,12,0.5064917802810669,0.5079330801963806,0.7531200051307678,0.7736124992370605,0.9633281826972961
00005_00014_00005_png.rf.0e24dd3583d580dadb9d69e73a08e78c.jpg,12,0.4887080788612366,0.5016411542892456,0.5825186967849731,0.599357008934021,0.9556100964546204
00005_00014_00017_png.rf.ed92831e745be7167ec08c3f6d416b7d.jpg,12,0.5137215852737427,0.4908284842967987,0.6637257933616638,0.6945415735244751,0.968258261680603
00005_00014_00017_png.rf.ed92831e745be7167ec08c3f6d416b7d.jpg,5,0.5271816253662109,0.7099832892417908,0.6577066779136658,0.2621666193008423,0.0008503954741172493
00005_00014_00017_png.rf.ed92831e745be7167ec08c3f6d416b7d.jpg,11,0.5735942721366882,0.944670557975769,0.695711076259613,0.11065894365310669,0.0005573424859903753
00005_00014_00017_png.rf.ed92831e745be7167ec08c3f6d416b7d.jpg,12,0.7069557905197144,0.12700219452381134,0.5860884785652161,0.2540043890476227,0.0005087433964945376
00005_00016_00001_png.rf.fabe47d765e1b050e861dbb93b32167e.jpg,12,0.5404848456382751,0.5400061011314392,0.5710984468460083,0.5774010419845581,0.953733503818512
00005_00044_00001_png.rf.b18c5a51d57be6cfa719c741ecba5d63.jpg,12,0.526419460773468,0.5192781686782837,0.5881336331367493,0.6371876001358032,0.9462859034538269
00005_00056_00008_png.rf.ce009bd4c68dbecc1d8f76f80550034d.jpg,12,0.5157312750816345,0.5354970097541809,0.617806613445282,0.6284144520759583,0.9427044987678528
00005_00056_00012_png.rf.1125a7436050023f0b75206acb088f2a.jpg,12,0.5000783801078796,0.5269652605056763,0.6111893653869629,0.6201304793357849,0.9540455937385559
000069_jpg.rf.24da8297fff40a7760a8751ac763b821.jpg,7,0.43309614062309265,0.4519927203655243,0.329012006521225,0.488662451505661,0.9590296149253845
000069_jpg.rf.24da8297fff40a7760a8751ac763b821.jpg,0,0.9305409789085388,0.38824522495269775,0.034249305725097656,0.07530194520950317,0.0007734369137324393
000076_jpg.rf.0066537c077a3d460d354c5de1fef980.jpg,7,0.6015597581863403,0.4340420961380005,0.147469162940979,0.20376521348953247,0.9669976830482483
000076_jpg.rf.0066537c077a3d460d354c5de1fef980.jpg,14,0.9031413197517395,0.5592285990715027,0.19295363128185272,0.6146253943443298,0.002218883018940687
000076_jpg.rf.0066537c077a3d460d354c5de1fef980.jpg,7,0.6031941175460815,0.5364871621131897,0.15319178998470306,0.41354015469551086,0.0006571649573743343
000079_jpg.rf.4f001472f7893131e04b4bc151a1bbe6.jpg,7,0.48166996240615845,0.4222192168235779,0.4455772042274475,0.6111422777175903,0.9570046663284302
000079_jpg.rf.4f001472f7893131e04b4bc151a1bbe6.jpg,8,0.9858017563819885,0.4863247573375702,0.02839660830795765,0.0984162986278534,0.02694791741669178
000079_jpg.rf.4f001472f7893131e04b4bc151a1bbe6.jpg,8,0.9894546866416931,0.06278680264949799,0.021055221557617188,0.10272753983736038,0.0009645830141380429
000079_jpg.rf.4f001472f7893131e04b4bc151a1bbe6.jpg,8,0.9958522319793701,0.28120049834251404,0.00829564593732357,0.04875001683831215,0.0006480331649072468
000079_jpg.rf.4f001472f7893131e04b4bc151a1bbe6.jpg,1,0.059186194092035294,0.01522494200617075,0.09596572071313858,0.0304498840123415,0.0005335026071406901
00007_00002_00021_png.rf.3e8282102bcbc3465886670d060ce78f.jpg,3,0.5132298469543457,0.5246270298957825,0.753324031829834,0.7673951983451843,0.9826772809028625
00007_00002_00021_png.rf.3e8282102bcbc3465886670d060ce78f.jpg,3,0.5171935558319092,0.7537567615509033,0.7415100336074829,0.3119738698005676,0.0005060420371592045
00007_00016_00010_png.rf.06129e0dcd04b8601e57009dce36f893.jpg,3,0.5330730080604553,0.5081431865692139,0.6492409706115723,0.6484390497207642,0.9592843651771545
00007_00024_00027_png.rf.566faa37c8dd33d7cd4145572d744276.jpg,3,0.5083206295967102,0.5106232762336731,0.7399865388870239,0.733506977558136,0.9731525182723999
00007_00024_00027_png.rf.566faa37c8dd33d7cd4145572d744276.jpg,1,0.5171982645988464,0.008788020350039005,0.042163558304309845,0.017550867050886154,0.0017833003075793386
00007_00024_00027_png.rf.566faa37c8dd33d7cd4145572d744276.jpg,1,0.527397096157074,0.018563035875558853,0.06797486543655396,0.037126071751117706,0.000995973707176745
00007_00024_00027_png.rf.566faa37c8dd33d7cd4145572d744276.jpg,1,0.43322426080703735,0.006794140674173832,0.025159653276205063,0.013588281348347664,0.0008266229997389019
00007_00024_00027_png.rf.566faa37c8dd33d7cd4145572d744276.jpg,1,0.4497174322605133,0.006315583363175392,0.036712646484375,0.012631166726350784,0.0006908272043801844
00007_00024_00027_png.rf.566faa37c8dd33d7cd4145572d744276.jpg,1,0.4067384898662567,0.006433677393943071,0.022143658250570297,0.012865901924669743,0.0006497771828435361
00007_00024_00027_png.rf.566faa37c8dd33d7cd4145572d744276.jpg,1,0.4793754816055298,0.006666277069598436,0.02225835621356964,0.013273374177515507,0.0005320325144566596
00007_00024_00027_png.rf.566faa37c8dd33d7cd4145572d744276.jpg,1,0.5329959988594055,0.009764552116394043,0.056444939225912094,0.019456777721643448,0.0005157142877578735
00007_00027_00020_png.rf.1c1be801a97cd5152cb9bcceaf08f5cd.jpg,3,0.5126097202301025,0.505999743938446,0.7315409779548645,0.7123241424560547,0.9672930240631104
00007_00028_00022_png.rf.6c2e0f03a47cf5fa2fabb3ecec47124a.jpg,3,0.532700777053833,0.529805064201355,0.7030512094497681,0.7573171257972717,0.9722806215286255
00007_00029_00014_png.rf.cc543e257165aa17476435f594aa76d1.jpg,3,0.5274558067321777,0.5115056037902832,0.6602878570556641,0.6546600461006165,0.9548201560974121
00007_00029_00014_png.rf.cc543e257165aa17476435f594aa76d1.jpg,3,0.5324547290802002,0.725918710231781,0.648025393486023,0.22923961281776428,0.0006901585729792714
00007_00033_00014_png.rf.73a43aaa12af693eff052e2fb710db31.jpg,3,0.5611808896064758,0.5161610841751099,0.6203804016113281,0.6543110609054565,0.9597735404968262
00007_00033_00014_png.rf.73a43aaa12af693eff052e2fb710db31.jpg,9,0.3873940110206604,0.9344578981399536,0.7730199098587036,0.13108429312705994,0.0005710413097403944
00007_00040_00020_png.rf.845babcc2b4638d89980330cf6c5bcb2.jpg,3,0.5148298144340515,0.5066015124320984,0.6343173980712891,0.6526634097099304,0.9476206302642822
00007_00040_00020_png.rf.845babcc2b4638d89980330cf6c5bcb2.jpg,1,0.7698019742965698,0.014659223146736622,0.06886665523052216,0.029318446293473244,0.0005213638651184738
00007_00040_00027_png.rf.8479c71333ccd871fbed5311de8ceaf8.jpg,3,0.5302356481552124,0.5170741081237793,0.6747636795043945,0.6795130968093872,0.9594841599464417
00007_00040_00027_png.rf.8479c71333ccd871fbed5311de8ceaf8.jpg,11,0.9508441686630249,0.12384165078401566,0.09785615652799606,0.2476833015680313,0.010517229326069355
00007_00040_00027_png.rf.8479c71333ccd871fbed5311de8ceaf8.jpg,1,0.47020506858825684,0.012940005399286747,0.03945959731936455,0.025462741032242775,0.007456047926098108
00007_00040_00027_png.rf.8479c71333ccd871fbed5311de8ceaf8.jpg,1,0.5380944013595581,0.020079143345355988,0.04830305650830269,0.040158286690711975,0.0035253006499260664
00007_00040_00027_png.rf.8479c71333ccd871fbed5311de8ceaf8.jpg,0,0.4730117619037628,0.012832670472562313,0.03567655384540558,0.025412824004888535,0.003482359927147627
00007_00040_00027_png.rf.8479c71333ccd871fbed5311de8ceaf8.jpg,0,0.35752496123313904,0.02128739468753338,0.1563424915075302,0.04257478937506676,0.0028870003297924995
00007_00040_00027_png.rf.8479c71333ccd871fbed5311de8ceaf8.jpg,1,0.5243417024612427,0.01863885298371315,0.033135414123535156,0.03725222870707512,0.0027464895974844694
00007_00040_00027_png.rf.8479c71333ccd871fbed5311de8ceaf8.jpg,0,0.4541734755039215,0.01343689113855362,0.07582473754882812,0.02687378227710724,0.002322119427844882
00007_00040_00027_png.rf.8479c71333ccd871fbed5311de8ceaf8.jpg,1,0.4080754816532135,0.011681092903017998,0.1678064465522766,0.022898420691490173,0.0018078655702993274
00007_00040_00027_png.rf.8479c71333ccd871fbed5311de8ceaf8.jpg,0,0.3537541925907135,0.012797657400369644,0.24824115633964539,0.025583770126104355,0.0015677806222811341
00007_00040_00027_png.rf.8479c71333ccd871fbed5311de8ceaf8.jpg,1,0.5582407712936401,0.022004002705216408,0.07233359664678574,0.044008005410432816,0.0010190095053985715
00007_00040_00027_png.rf.8479c71333ccd871fbed5311de8ceaf8.jpg,0,0.33171167969703674,0.04219680279493332,0.09804203361272812,0.08439360558986664,0.0009464009199291468
00007_00040_00027_png.rf.8479c71333ccd871fbed5311de8ceaf8.jpg,0,0.988381028175354,0.035446763038635254,0.02296733856201172,0.07089352607727051,0.0008631298551335931
00007_00040_00027_png.rf.8479c71333ccd871fbed5311de8ceaf8.jpg,1,0.6371378302574158,0.009782485663890839,0.03169265389442444,0.019564971327781677,0.0008373396121896803
00007_00040_00027_png.rf.8479c71333ccd871fbed5311de8ceaf8.jpg,1,0.6451814770698547,0.015111968852579594,0.042817629873752594,0.030223937705159187,0.0005008598091080785
00007_00041_00000_png.rf.45f1f53954863a0d12d1cd00c092939b.jpg,3,0.5503544807434082,0.5389308929443359,0.552462637424469,0.5712732672691345,0.9520734548568726
00007_00041_00002_png.rf.02df629489fd7c902fdbd6c1dd2f78ae.jpg,3,0.5463528633117676,0.52088862657547,0.5575599670410156,0.5506964325904846,0.9480421543121338
00007_00042_00000_png.rf.b6fa9ef6ce63f92b01992d4ea8d63f5a.jpg,3,0.5033801198005676,0.5216405391693115,0.5801631808280945,0.556456446647644,0.9351623058319092
00007_00042_00000_png.rf.b6fa9ef6ce63f92b01992d4ea8d63f5a.jpg,9,0.5039495229721069,0.51948481798172,0.5758573412895203,0.5591868758201599,0.5235249996185303
00007_00042_00000_png.rf.b6fa9ef6ce63f92b01992d4ea8d63f5a.jpg,1,0.18314586579799652,0.33903735876083374,0.36629173159599304,0.6780747175216675,0.0006108792731538415
00007_00043_00010_png.rf.b292148f880510d6254fec1a3d3bed44.jpg,3,0.5146825909614563,0.5195193886756897,0.613198459148407,0.6072945594787598,0.9589747786521912
000080_jpg.rf.254656b428b79e343e536f6ee51a24fc.jpg,7,0.7381629943847656,0.3755856454372406,0.3471795320510864,0.48936861753463745,0.9622145891189575
000080_jpg.rf.254656b428b79e343e536f6ee51a24fc.jpg,8,0.2647497057914734,0.009131294675171375,0.07462048530578613,0.018202900886535645,0.016026154160499573
000086_jpg.rf.b654137b1cae075367f483dd2b5bac85.jpg,7,0.32056912779808044,0.49155816435813904,0.4323885142803192,0.6063069701194763,0.9635782837867737
00008_00003_00002_png.rf.70816dfa48b29ed84d1abcb9bb09bf70.jpg,12,0.5672945380210876,0.53864586353302,0.5470885634422302,0.5401505827903748,0.7035577893257141
00008_00003_00002_png.rf.70816dfa48b29ed84d1abcb9bb09bf70.jpg,5,0.5614529848098755,0.539874792098999,0.5460478067398071,0.5404236912727356,0.6558374166488647
00008_00003_00002_png.rf.70816dfa48b29ed84d1abcb9bb09bf70.jpg,5,0.5607110261917114,0.9296005368232727,0.5046718120574951,0.14079901576042175,0.0012578393798321486
00008_00004_00016_png.rf.3ba26e964ab9827715594ec40609937e.jpg,5,0.5218950510025024,0.5205111503601074,0.6546310782432556,0.7075086832046509,0.9581674933433533
00008_00004_00016_png.rf.3ba26e964ab9827715594ec40609937e.jpg,1,0.2624734044075012,0.19384735822677612,0.027214674279093742,0.08124420791864395,0.0006984553183428943
00008_00004_00016_png.rf.3ba26e964ab9827715594ec40609937e.jpg,11,0.40652725100517273,0.9462717771530151,0.17563894391059875,0.10732211172580719,0.0005548552726395428
00008_00005_00014_png.rf.31eccab502c0a10e9e32f0718618105e.jpg,5,0.5183424949645996,0.508389949798584,0.6695479154586792,0.6739774346351624,0.9477225542068481
00008_00005_00014_png.rf.31eccab502c0a10e9e32f0718618105e.jpg,5,0.5157373547554016,0.7320759296417236,0.6749152541160583,0.22981593012809753,0.0005581659497693181
00008_00006_00026_png.rf.cb433297defc6e2a91fd89685c39f39f.jpg,5,0.5222780704498291,0.5378836393356323,0.6992221474647522,0.7124804258346558,0.9624161720275879
00008_00006_00026_png.rf.cb433297defc6e2a91fd89685c39f39f.jpg,11,0.8928881883621216,0.24221894145011902,0.2142237275838852,0.4825323820114136,0.0012772601330652833
00008_00006_00026_png.rf.cb433297defc6e2a91fd89685c39f39f.jpg,1,0.9109641909599304,0.010969785042107105,0.030831705778837204,0.02193957008421421,0.0009717145003378391
00008_00006_00026_png.rf.cb433297defc6e2a91fd89685c39f39f.jpg,5,0.5308029055595398,0.7638466358184814,0.6654281616210938,0.250692218542099,0.0005689136451110244
00008_00007_00009_png.rf.8289199643586993b107ff888e950eab.jpg,5,0.5925208330154419,0.5184046626091003,0.579075038433075,0.5788688659667969,0.9421855807304382
00008_00007_00009_png.rf.8289199643586993b107ff888e950eab.jpg,5,0.6052002310752869,0.9347195625305176,0.5529621243476868,0.13056102395057678,0.000579778861720115
00008_00007_00010_png.rf.d2dc382f864442f6d8551cc9f41e0bc7.jpg,5,0.5653579831123352,0.5166605710983276,0.5772392153739929,0.5796971917152405,0.954214870929718
00008_00007_00010_png.rf.d2dc382f864442f6d8551cc9f41e0bc7.jpg,7,0.5507664680480957,0.6758028864860535,0.5146200060844421,0.3081025183200836,0.0005480666295625269
00008_00007_00010_png.rf.d2dc382f864442f6d8551cc9f41e0bc7.jpg,5,0.5126068592071533,0.6687650680541992,0.4601403772830963,0.33178526163101196,0.0005361011135391891
00008_00009_00012_png.rf.fa47f1ade7b6ffafc8c23e106e4ec0a9.jpg,5,0.5160821080207825,0.5160713195800781,0.5813080072402954,0.5927382707595825,0.9484060406684875
00008_00009_00012_png.rf.fa47f1ade7b6ffafc8c23e106e4ec0a9.jpg,5,0.5369040966033936,0.9312296509742737,0.5441247224807739,0.1375408172607422,0.0008451648754999042
00008_00011_00006_png.rf.416887ff8fd6e24fc585ce1838c632a4.jpg,5,0.5023320913314819,0.5361208915710449,0.5523067712783813,0.5540988445281982,0.9466434717178345
00008_00011_00006_png.rf.416887ff8fd6e24fc585ce1838c632a4.jpg,1,0.5778450965881348,0.014769733883440495,0.0582929402589798,0.02953946776688099,0.0006875490071251988
00008_00011_00006_png.rf.416887ff8fd6e24fc585ce1838c632a4.jpg,5,0.48628851771354675,0.6875062584877014,0.47083136439323425,0.29340264201164246,0.0005512811476364732
00008_00012_00022_png.rf.a76810c64a1c1a3def5cc808bb562890.jpg,5,0.5188468098640442,0.5103358030319214,0.7228302359580994,0.7230864763259888,0.9659792184829712
00008_00012_00022_png.rf.a76810c64a1c1a3def5cc808bb562890.jpg,5,0.5259097814559937,0.6920877695083618,0.710881233215332,0.3566684126853943,0.0005903920973651111
00008_00012_00022_png.rf.a76810c64a1c1a3def5cc808bb562890.jpg,1,0.318430095911026,0.010064014233648777,0.08059283345937729,0.020128028467297554,0.0005207974463701248
00008_00014_00012_png.rf.a62ba5f792b061df92e0177a04931c7b.jpg,5,0.5125659704208374,0.5287071466445923,0.6339450478553772,0.6174394488334656,0.9673397541046143
00008_00019_00004_png.rf.b716b893116e783e1bd33e79d972b5ae.jpg,5,0.5375000834465027,0.5413299798965454,0.5723795294761658,0.5939638018608093,0.9512742161750793
00008_00020_00007_png.rf.956ee64b06ed8ea4354a07ebb0c979a1.jpg,5,0.5358232855796814,0.530993640422821,0.5614670515060425,0.5780689716339111,0.9643493890762329
00008_00020_00015_png.rf.1815b3c75c86dd9d26141470c0c8542b.jpg,5,0.522293746471405,0.5170646905899048,0.5208163857460022,0.5462839603424072,0.9600879549980164
00008_00034_00008_png.rf.811d6bdaab24c4e03281dd023835def5.jpg,5,0.538429856300354,0.5009544491767883,0.5856330394744873,0.580298125743866,0.946262001991272
00008_00034_00008_png.rf.811d6bdaab24c4e03281dd023835def5.jpg,5,0.5344256162643433,0.9212819337844849,0.6033561825752258,0.15743623673915863,0.005951799917966127
00008_00034_00008_png.rf.811d6bdaab24c4e03281dd023835def5.jpg,12,0.5431406497955322,0.9208207726478577,0.5940573811531067,0.15835849940776825,0.00445230258628726
00008_00034_00008_png.rf.811d6bdaab24c4e03281dd023835def5.jpg,5,0.5430899858474731,0.6508044004440308,0.5866789817810059,0.28077149391174316,0.0005239070160314441
00008_00043_00018_png.rf.cb403d912587a88325e095df6ab3f1df.jpg,5,0.5279504060745239,0.5486734509468079,0.6387127637863159,0.691278874874115,0.9638847708702087
00008_00043_00018_png.rf.cb403d912587a88325e095df6ab3f1df.jpg,1,0.4864920377731323,0.012215563096106052,0.04123031347990036,0.0243463646620512,0.0027802889235317707
00008_00043_00018_png.rf.cb403d912587a88325e095df6ab3f1df.jpg,1,0.4717438220977783,0.013534889556467533,0.07539977133274078,0.02705756016075611,0.001644008094444871
00008_00043_00018_png.rf.cb403d912587a88325e095df6ab3f1df.jpg,5,0.54304438829422,0.7676406502723694,0.6217678189277649,0.23345442116260529,0.000929812784306705
00008_00043_00018_png.rf.cb403d912587a88325e095df6ab3f1df.jpg,14,0.562813401222229,0.9643130898475647,0.48957398533821106,0.07137379795312881,0.0007507617701776326
00008_00043_00018_png.rf.cb403d912587a88325e095df6ab3f1df.jpg,1,0.7827410697937012,0.01097968127578497,0.06299268454313278,0.021785661578178406,0.0006459292490035295
00008_00043_00018_png.rf.cb403d912587a88325e095df6ab3f1df.jpg,0,0.24955914914608002,0.08828893303871155,0.0322866253554821,0.03177264705300331,0.0005411980673670769
00008_00045_00006_png.rf.04585cc625839dc38c94a4357ec9d19c.jpg,5,0.5282527208328247,0.5142375826835632,0.5971036553382874,0.6427971124649048,0.9630190134048462
00008_00045_00006_png.rf.04585cc625839dc38c94a4357ec9d19c.jpg,12,0.6160649061203003,0.09484858065843582,0.759688138961792,0.18969716131687164,0.0006260518566705287
00008_00045_00006_png.rf.04585cc625839dc38c94a4357ec9d19c.jpg,5,0.5404842495918274,0.7227925658226013,0.5957748293876648,0.24651624262332916,0.0005440895329229534
00008_00046_00015_png.rf.fca28beca2d7c7a733ca865755be6dbc.jpg,5,0.5332684516906738,0.5124804377555847,0.6497535705566406,0.6688688397407532,0.9538378715515137
000091_jpg.rf.9762d3529d876b77e9d99aa8027e449c.jpg,7,0.4680496156215668,0.5038830637931824,0.534049928188324,0.7806108593940735,0.9609283804893494
000091_jpg.rf.9762d3529d876b77e9d99aa8027e449c.jpg,13,0.7753580808639526,0.47889190912246704,0.041873861104249954,0.06851941347122192,0.02944023720920086
000091_jpg.rf.9762d3529d876b77e9d99aa8027e449c.jpg,9,0.773545503616333,0.479043573141098,0.044648464769124985,0.06692468374967575,0.016222212463617325
000091_jpg.rf.9762d3529d876b77e9d99aa8027e449c.jpg,3,0.775334894657135,0.4782520532608032,0.03706015273928642,0.06788595020771027,0.00906764343380928
000091_jpg.rf.9762d3529d876b77e9d99aa8027e449c.jpg,11,0.7729373574256897,0.4784811735153198,0.04527510330080986,0.06790018081665039,0.005539967678487301
000091_jpg.rf.9762d3529d876b77e9d99aa8027e449c.jpg,8,0.7760013937950134,0.47882360219955444,0.040379598736763,0.06794023513793945,0.004227213561534882
000091_jpg.rf.9762d3529d876b77e9d99aa8027e449c.jpg,3,0.7103972434997559,0.4659026265144348,0.03593664988875389,0.08053167164325714,0.0009490931988693774
000099_jpg.rf.cc64c31e94947e188ec07796f1f590a2.jpg,7,0.65070641040802,0.40550124645233154,0.4318808913230896,0.7740048766136169,0.9659422636032104
000099_jpg.rf.cc64c31e94947e188ec07796f1f590a2.jpg,7,0.23609839379787445,0.48282772302627563,0.4721967875957489,0.952979326248169,0.0005677089793607593
000100_jpg.rf.8948ed8c132dae637b8dde18d0c5be7b.jpg,9,0.7226015329360962,0.2257268726825714,0.1646784394979477,0.21075835824012756,0.986828088760376
000100_jpg.rf.8948ed8c132dae637b8dde18d0c5be7b.jpg,1,0.9038771390914917,0.9945202469825745,0.030984293669462204,0.010794493369758129,0.0018335056956857443
000100_jpg.rf.8948ed8c132dae637b8dde18d0c5be7b.jpg,9,0.8075194954872131,0.5260171294212341,0.3307073414325714,0.8333089351654053,0.0009338020463474095
000100_jpg.rf.8948ed8c132dae637b8dde18d0c5be7b.jpg,1,0.3708229660987854,0.6314683556556702,0.7416459321975708,0.7370633482933044,0.000583399145398289
000117_jpg.rf.c63f6b715b912a6e219500db2c4dd6fc.jpg,9,0.3924271762371063,0.4475640654563904,0.2928537130355835,0.19277401268482208,0.9476461410522461
000117_jpg.rf.c63f6b715b912a6e219500db2c4dd6fc.jpg,9,0.39514851570129395,0.3442687690258026,0.3310379683971405,0.38544681668281555,0.0010121751111000776
000117_jpg.rf.c63f6b715b912a6e219500db2c4dd6fc.jpg,9,0.3917831480503082,0.5578993558883667,0.2907194197177887,0.40947917103767395,0.0005015991628170013
000121_jpg.rf.c26ea4c0be18ece889414f12976c49f2.jpg,9,0.5029857754707336,0.25259870290756226,0.23651006817817688,0.34478020668029785,0.9525609612464905
000129_jpg.rf.549b104a7fd5f8171f046d77ca7ddae7.jpg,9,0.6453477144241333,0.5363559722900391,0.5290952920913696,0.5631926655769348,0.9545655846595764
000130_jpg.rf.21da097324e3450bb8ab634399961e84.jpg,9,0.491616427898407,0.3696364164352417,0.24453410506248474,0.15708206593990326,0.9847203493118286
000130_jpg.rf.21da097324e3450bb8ab634399961e84.jpg,1,0.43698474764823914,0.005870132241398096,0.05274450033903122,0.011444845236837864,0.008889027871191502
000130_jpg.rf.21da097324e3450bb8ab634399961e84.jpg,0,0.04050746187567711,0.007562010083347559,0.08101492375135422,0.01501401700079441,0.006713646464049816
000130_jpg.rf.21da097324e3450bb8ab634399961e84.jpg,0,0.4906700849533081,0.1992902159690857,0.26121464371681213,0.16963954269886017,0.0013208795571699739
000130_jpg.rf.21da097324e3450bb8ab634399961e84.jpg,9,0.489113450050354,0.19795136153697968,0.2524113655090332,0.16778536140918732,0.0013079160125926137
000130_jpg.rf.21da097324e3450bb8ab634399961e84.jpg,1,0.26570186018943787,0.005453195888549089,0.05205855146050453,0.010790683329105377,0.0007341697346419096
000130_jpg.rf.21da097324e3450bb8ab634399961e84.jpg,9,0.48970386385917664,0.28838902711868286,0.25876063108444214,0.3189283013343811,0.000601553765591234
000132_jpg.rf.6da2ad3a8754fb97cfa5a54b1fa794dd.jpg,9,0.3561537265777588,0.30005136132240295,0.21549277007579803,0.19280295073986053,0.9415501952171326
000145_jpg.rf.e37be0ff8c6d10e897956e8599346f71.jpg,9,0.49212148785591125,0.38122546672821045,0.7818242907524109,0.50263512134552,0.9561480283737183
000147_jpg.rf.bca55a14814a6d3a2554145932eb5490.jpg,9,0.5163240432739258,0.15545907616615295,0.3767825663089752,0.15559270977973938,0.9420806169509888
000147_jpg.rf.bca55a14814a6d3a2554145932eb5490.jpg,9,0.5098571181297302,0.2307114154100418,0.3794570565223694,0.30639198422431946,0.001872947788797319
00014_00001_00006_png.rf.98b02c00237d76518ece14a1bdc194e9.jpg,14,0.5142393708229065,0.5152327418327332,0.6422501802444458,0.655426025390625,0.9536900520324707
00014_00001_00009_png.rf.e13fd9f6dce4c523d54929047f528a21.jpg,14,0.5195918679237366,0.5169887542724609,0.6870335936546326,0.696649968624115,0.9514604210853577
00014_00001_00011_png.rf.3484d601f5012f5329eece492b0e69fa.jpg,14,0.5288761854171753,0.5268625617027283,0.6915454864501953,0.7408103346824646,0.9574075937271118
00014_00001_00019_png.rf.b23da2fc3bd75fcd44441c5f1e724952.jpg,14,0.5136946439743042,0.5115678906440735,0.7786718606948853,0.7950648665428162,0.9619871973991394
00014_00001_00019_png.rf.b23da2fc3bd75fcd44441c5f1e724952.jpg,0,0.058619722723960876,0.5349826812744141,0.11696790158748627,0.40213969349861145,0.004817233420908451
00014_00001_00019_png.rf.b23da2fc3bd75fcd44441c5f1e724952.jpg,0,0.5416563749313354,0.960252046585083,0.13840998709201813,0.07949601858854294,0.0012996835866943002
00014_00002_00029_png.rf.39fe8d27d845bd7b01172c8fe6e4f766.jpg,14,0.5060299038887024,0.5087099671363831,0.7560352683067322,0.7915618419647217,0.967567503452301
00014_00002_00029_png.rf.39fe8d27d845bd7b01172c8fe6e4f766.jpg,0,0.423429936170578,0.0070178997702896595,0.12593801319599152,0.013903525657951832,0.001453403732739389
00014_00002_00029_png.rf.39fe8d27d845bd7b01172c8fe6e4f766.jpg,1,0.4183334708213806,0.006944712717086077,0.12767095863819122,0.013779654167592525,0.0007658489630557597
00014_00003_00001_png.rf.54c82cd619fe6dfe68ff0e9d0de201bd.jpg,14,0.528701901435852,0.5166999101638794,0.6861936450004578,0.7122285962104797,0.9639838933944702
00014_00003_00007_png.rf.4a4b5bfabfe079ec34b2bf1142a0461b.jpg,14,0.5166149735450745,0.4893950819969177,0.7415530681610107,0.7692225575447083,0.9652490615844727
00014_00003_00007_png.rf.4a4b5bfabfe079ec34b2bf1142a0461b.jpg,14,0.7253912687301636,0.8285124897956848,0.5492174625396729,0.3429749608039856,0.0020385521929711103
00014_00003_00007_png.rf.4a4b5bfabfe079ec34b2bf1142a0461b.jpg,14,0.7315916419029236,0.9529507160186768,0.5368167757987976,0.09409860521554947,0.0005149450735189021
00014_00003_00009_png.rf.1e49e9f368c48bc8051b5d9f131171c3.jpg,14,0.5314345955848694,0.5091055035591125,0.7353194355964661,0.7841362953186035,0.9647286534309387
00014_00003_00009_png.rf.1e49e9f368c48bc8051b5d9f131171c3.jpg,14,0.7334758043289185,0.8465982675552368,0.5330485701560974,0.30680355429649353,0.0008373583550564945
00014_00004_00010_png.rf.d35020e5fb797eed8b025b0dca4fe434.jpg,14,0.517515242099762,0.5319919586181641,0.7488412857055664,0.7310565114021301,0.9521499872207642
00014_00004_00010_png.rf.d35020e5fb797eed8b025b0dca4fe434.jpg,0,0.2499915510416031,0.01221083290874958,0.11887568980455399,0.024356897920370102,0.011806921102106571
00014_00004_00010_png.rf.d35020e5fb797eed8b025b0dca4fe434.jpg,1,0.24559348821640015,0.012948939576745033,0.1312224119901657,0.025686269626021385,0.0035465506371110678
00014_00004_00010_png.rf.d35020e5fb797eed8b025b0dca4fe434.jpg,1,0.09330883622169495,0.08514323085546494,0.1691192239522934,0.17001330852508545,0.000589167233556509
00014_00004_00020_png.rf.e3b35f3ca153fde99af4db4a67d2a564.jpg,14,0.5093298554420471,0.5129616856575012,0.7832727432250977,0.7851014137268066,0.9514133930206299
00014_00004_00020_png.rf.e3b35f3ca153fde99af4db4a67d2a564.jpg,1,0.7038062214851379,0.01630573906004429,0.017416222020983696,0.03261147812008858,0.0009772460907697678
00014_00004_00020_png.rf.e3b35f3ca153fde99af4db4a67d2a564.jpg,9,0.04743395745754242,0.9189702868461609,0.09477221220731735,0.16205942630767822,0.0005009999731555581
00014_00005_00004_png.rf.a5fc79eb6e949f3b096df8ccc70d188f.jpg,14,0.5174533128738403,0.5228202939033508,0.758077085018158,0.7736579775810242,0.9697853326797485
00014_00005_00004_png.rf.a5fc79eb6e949f3b096df8ccc70d188f.jpg,1,0.654073178768158,0.011956683360040188,0.08058346807956696,0.023913366720080376,0.0033528157509863377
00014_00005_00004_png.rf.a5fc79eb6e949f3b096df8ccc70d188f.jpg,0,0.6561150550842285,0.014718882739543915,0.08730008453130722,0.02943776547908783,0.001595437410287559
00014_00005_00004_png.rf.a5fc79eb6e949f3b096df8ccc70d188f.jpg,14,0.2788562476634979,0.8375840187072754,0.5577124953269958,0.3248319625854492,0.001428508898243308
00014_00005_00004_png.rf.a5fc79eb6e949f3b096df8ccc70d188f.jpg,14,0.7573469877243042,0.8431628346443176,0.485306054353714,0.31367436051368713,0.0005556716350838542
00014_00005_00025_png.rf.297d8a9543fcea575965086bb06f4890.jpg,14,0.5097087621688843,0.5181896090507507,0.7966833114624023,0.8030968308448792,0.9595327973365784
00014_00006_00015_png.rf.5cb649de18ff690e33a86445aca080dd.jpg,14,0.5257878303527832,0.5254188776016235,0.7158824801445007,0.731267511844635,0.9532440900802612
00014_00007_00002_png.rf.280a89db2cae24714734ae7f443731ba.jpg,14,0.5132328867912292,0.5134892463684082,0.6120931506156921,0.6019873023033142,0.9492910504341125
00014_00007_00002_png.rf.280a89db2cae24714734ae7f443731ba.jpg,14,0.6335210800170898,0.08997875452041626,0.7329578399658203,0.17995750904083252,0.005881040822714567
00014_00007_00002_png.rf.280a89db2cae24714734ae7f443731ba.jpg,10,0.5766758322715759,0.0682336837053299,0.5249313116073608,0.13642865419387817,0.0007002531783655286
00014_00007_00006_png.rf.d3261be1ac6d7605e46470fb8e4940f4.jpg,14,0.5085638761520386,0.5144461989402771,0.6450191736221313,0.6587647795677185,0.9491698145866394
00014_00007_00006_png.rf.d3261be1ac6d7605e46470fb8e4940f4.jpg,1,0.4223005771636963,0.015390635468065739,0.025387471541762352,0.030781270936131477,0.0012352365301921964
00014_00007_00006_png.rf.d3261be1ac6d7605e46470fb8e4940f4.jpg,1,0.43219175934791565,0.014943130314350128,0.021572040393948555,0.029886260628700256,0.0009347274317406118
00014_00007_00006_png.rf.d3261be1ac6d7605e46470fb8e4940f4.jpg,14,0.9330846071243286,0.651384174823761,0.13383087515830994,0.6347427368164062,0.0005242928746156394
00014_00007_00006_png.rf.d3261be1ac6d7605e46470fb8e4940f4.jpg,14,0.8426572680473328,0.6933872699737549,0.31396523118019104,0.6041197776794434,0.0005017751827836037
00014_00007_00013_png.rf.bd8b36832e03b17e904c7a1a33f8937e.jpg,14,0.5223520994186401,0.5210134983062744,0.741382360458374,0.7588005065917969,0.9656224250793457
00014_00007_00013_png.rf.bd8b36832e03b17e904c7a1a33f8937e.jpg,9,0.02576071210205555,0.9161157011985779,0.0515214242041111,0.1677687019109726,0.020252088084816933
00014_00007_00013_png.rf.bd8b36832e03b17e904c7a1a33f8937e.jpg,11,0.025543954223394394,0.9167953133583069,0.051030486822128296,0.16640935838222504,0.01985914632678032
00014_00007_00013_png.rf.bd8b36832e03b17e904c7a1a33f8937e.jpg,10,0.026262426748871803,0.9160130023956299,0.05228349193930626,0.16797396540641785,0.017456432804465294
00014_00007_00013_png.rf.bd8b36832e03b17e904c7a1a33f8937e.jpg,1,0.32433781027793884,0.1062028631567955,0.02258557640016079,0.0613362081348896,0.012120404280722141
00014_00007_00013_png.rf.bd8b36832e03b17e904c7a1a33f8937e.jpg,1,0.2071678191423416,0.02869320660829544,0.022222373634576797,0.05684288218617439,0.009306134656071663
00014_00007_00013_png.rf.bd8b36832e03b17e904c7a1a33f8937e.jpg,1,0.8699968457221985,0.04968122020363808,0.027652008458971977,0.06824588030576706,0.0018631693674251437
00014_00007_00013_png.rf.bd8b36832e03b17e904c7a1a33f8937e.jpg,1,0.1933356076478958,0.02294936403632164,0.029901890084147453,0.04589872807264328,0.0015359650133177638
00014_00007_00013_png.rf.bd8b36832e03b17e904c7a1a33f8937e.jpg,1,0.8717390298843384,0.9736863374710083,0.021834373474121094,0.051850687712430954,0.0015297855716198683
00014_00007_00013_png.rf.bd8b36832e03b17e904c7a1a33f8937e.jpg,1,0.2175408899784088,0.02643863670527935,0.03266831487417221,0.0528772734105587,0.0008390768780373037
00014_00007_00013_png.rf.bd8b36832e03b17e904c7a1a33f8937e.jpg,14,0.2856937050819397,0.8739368319511414,0.5713874101638794,0.25212639570236206,0.0005338770570233464
00014_00007_00013_png.rf.bd8b36832e03b17e904c7a1a33f8937e.jpg,1,0.9902815222740173,0.6952359676361084,0.019365310668945312,0.124176986515522,0.0005218424485065043
00014_00007_00013_png.rf.bd8b36832e03b17e904c7a1a33f8937e.jpg,1,0.8561825752258301,0.9757789969444275,0.02545943669974804,0.046340212225914,0.0005215216660872102
00014_00008_00004_png.rf.ce893afcdfcca67343de52c60d510a98.jpg,14,0.5402131080627441,0.5424339175224304,0.5964360237121582,0.6624011993408203,0.9494358897209167
00014_00008_00013_png.rf.a9f7b30283b689f1a5808560a69c0f7c.jpg,14,0.5065860152244568,0.5245115756988525,0.6771996021270752,0.7095736265182495,0.9440823793411255
00014_00008_00013_png.rf.a9f7b30283b689f1a5808560a69c0f7c.jpg,14,0.4278858006000519,0.1299971342086792,0.0214727483689785,0.02397727221250534,0.0028792554512619972
00014_00008_00013_png.rf.a9f7b30283b689f1a5808560a69c0f7c.jpg,14,0.43705663084983826,0.13015154004096985,0.012392117641866207,0.019930308684706688,0.0013894876465201378
00014_00008_00013_png.rf.a9f7b30283b689f1a5808560a69c0f7c.jpg,7,0.8151446580886841,0.26857122778892517,0.36911702156066895,0.5367458462715149,0.0007057360489852726
00014_00008_00013_png.rf.a9f7b30283b689f1a5808560a69c0f7c.jpg,7,0.6930294036865234,0.18231309950351715,0.6139411330223083,0.3636181652545929,0.0005408094730228186
00014_00008_00013_png.rf.a9f7b30283b689f1a5808560a69c0f7c.jpg,7,0.6271447539329529,0.08024179935455322,0.7319173812866211,0.16048359870910645,0.0005216245772317052
00014_00008_00028_png.rf.41dc94b1892472b66d391791d753bb84.jpg,14,0.5079941749572754,0.5127153992652893,0.801302433013916,0.78566575050354,0.9654342532157898
00014_00009_00009_png.rf.b4d1b6a8d582e147ba85747dd85cc451.jpg,14,0.53561931848526,0.5240524411201477,0.6304945349693298,0.6410457491874695,0.9585396647453308
00014_00009_00014_png.rf.5998ff1f31bd52e787eaa23bb04f06d2.jpg,14,0.5129995346069336,0.5132805109024048,0.7377199530601501,0.7406855821609497,0.9592897295951843
00014_00009_00022_png.rf.c59286af8197704e8e88c3efdbf7b9d5.jpg,14,0.521431565284729,0.49994465708732605,0.8045109510421753,0.8238071799278259,0.9696319699287415
00014_00009_00022_png.rf.c59286af8197704e8e88c3efdbf7b9d5.jpg,5,0.41285502910614014,0.04153982922434807,0.24911728501319885,0.08307965844869614,0.0007069500279612839
00014_00010_00014_png.rf.3f9712dbd32c574c45bf9dbb8517dd9f.jpg,14,0.5189399123191833,0.5379843711853027,0.7798887491226196,0.7736853361129761,0.9560494422912598
00014_00010_00017_png.rf.10f5ad5e297030721e4521481f8ca702.jpg,14,0.5081815123558044,0.5122036337852478,0.7871808409690857,0.7747703790664673,0.9641101956367493
00014_00011_00027_png.rf.c81a4600612fc1eb5cc21661de7ef62b.jpg,14,0.49165016412734985,0.5024567246437073,0.7798442840576172,0.7856845259666443,0.9637709259986877
00014_00012_00028_png.rf.7e4a7979b1766d76ca5628991607b48c.jpg,14,0.5197055339813232,0.5186028480529785,0.7807267308235168,0.7760087847709656,0.9705331325531006
00014_00012_00028_png.rf.7e4a7979b1766d76ca5628991607b48c.jpg,1,0.9203663468360901,0.023500828072428703,0.03402248024940491,0.04700165614485741,0.0009660549112595618
00014_00013_00000_png.rf.230606f2f715a2bde5a237acafa3604b.jpg,14,0.5134315490722656,0.58021479845047,0.6114276051521301,0.4861763119697571,0.9079433083534241
00014_00013_00000_png.rf.230606f2f715a2bde5a237acafa3604b.jpg,1,0.5678161978721619,0.16285113990306854,0.7855983972549438,0.32498466968536377,0.001866494189016521
00014_00013_00001_png.rf.e01f34bee93788d71a9ca127de49b201.jpg,14,0.5018326640129089,0.5195678472518921,0.5854514241218567,0.5500717163085938,0.9542663097381592
00014_00013_00003_png.rf.774d46f2b5700aec9e78f1959fd3030f.jpg,14,0.5082308650016785,0.5391948223114014,0.6092424392700195,0.616339385509491,0.9577414989471436
00014_00022_00002_png.rf.067f3be88afec79842f718b26732c307.jpg,14,0.5305308103561401,0.5141667723655701,0.6351996660232544,0.6820363402366638,0.9382825493812561
00014_00022_00002_png.rf.067f3be88afec79842f718b26732c307.jpg,6,0.4523923993110657,0.8128380179405212,0.8935160636901855,0.37432408332824707,0.0010128326248377562
00014_00023_00018_png.rf.7f4df748842e9a2b90d343c5612ff812.jpg,14,0.5196540951728821,0.5130445957183838,0.764575183391571,0.7669249773025513,0.9694380164146423
00014_00023_00018_png.rf.7f4df748842e9a2b90d343c5612ff812.jpg,12,0.5227977633476257,0.059309594333171844,0.7027294039726257,0.11861918866634369,0.0060274600982666016
00014_00023_00018_png.rf.7f4df748842e9a2b90d343c5612ff812.jpg,5,0.5057328939437866,0.053261470049619675,0.7074486017227173,0.10652294009923935,0.0030222537461668253
00014_00023_00018_png.rf.7f4df748842e9a2b90d343c5612ff812.jpg,10,0.5359054803848267,0.05706498399376869,0.678067147731781,0.11412996798753738,0.0010094253811985254
00014_00023_00018_png.rf.7f4df748842e9a2b90d343c5612ff812.jpg,1,0.9140320420265198,0.007650330197066069,0.07300487160682678,0.015068030916154385,0.0008678743033669889
00014_00023_00018_png.rf.7f4df748842e9a2b90d343c5612ff812.jpg,1,0.8114433884620667,0.009874869138002396,0.0495452880859375,0.01926008239388466,0.0008599910070188344
00014_00023_00018_png.rf.7f4df748842e9a2b90d343c5612ff812.jpg,0,0.8143420815467834,0.0100167291238904,0.04624411091208458,0.01969512365758419,0.0007105860859155655
00014_00023_00018_png.rf.7f4df748842e9a2b90d343c5612ff812.jpg,1,0.7810267806053162,0.008432877250015736,0.044233910739421844,0.0164057444781065,0.0005802747909910977
00014_00023_00018_png.rf.7f4df748842e9a2b90d343c5612ff812.jpg,1,0.26856181025505066,0.11400233209133148,0.020662546157836914,0.039397478103637695,0.000550410128198564
00014_00024_00018_png.rf.1b7a484113cbc1f29d56a8f50156948a.jpg,14,0.5213559865951538,0.5308145880699158,0.7427650094032288,0.7337964177131653,0.9607453942298889
000163_jpg.rf.55c9537881a01c071eb6c3b46008b884.jpg,9,0.18771494925022125,0.1440654695034027,0.3383817672729492,0.27928122878074646,0.9546993374824524
000163_jpg.rf.55c9537881a01c071eb6c3b46008b884.jpg,0,0.7102361917495728,0.09187419712543488,0.05120020732283592,0.03285239264369011,0.0011990662897005677
000163_jpg.rf.55c9537881a01c071eb6c3b46008b884.jpg,0,0.7326480150222778,0.07888132333755493,0.08570245653390884,0.04470410943031311,0.0009753076592460275
000166_jpg.rf.f37d1c743a28243f0e0f2482f2a67290.jpg,9,0.5022678375244141,0.48264989256858826,0.3611014187335968,0.6366493701934814,0.945068359375
000166_jpg.rf.f37d1c743a28243f0e0f2482f2a67290.jpg,11,0.23992130160331726,0.2018221765756607,0.05413833260536194,0.16311942040920258,0.0006720654782839119
000174_jpg.rf.4f68fb9dc24d6b51af78e847b1e30c10.jpg,9,0.6036373972892761,0.3955051004886627,0.279252290725708,0.4216046929359436,0.9491676688194275
000174_jpg.rf.4f68fb9dc24d6b51af78e847b1e30c10.jpg,0,0.2997593581676483,0.8572564125061035,0.08908473700284958,0.04265117645263672,0.006050563883036375
000175_jpg.rf.3690880bd7e62c2260306322a3762cc7.jpg,9,0.6023906469345093,0.40111151337623596,0.28274470567703247,0.42708155512809753,0.9494481682777405
000175_jpg.rf.3690880bd7e62c2260306322a3762cc7.jpg,8,0.3208378851413727,0.9592334628105164,0.03843975067138672,0.04600715637207031,0.002375631593167782
000178_jpg.rf.0b4d8766b1bfcd897098e2f8b9bbe5d1.jpg,9,0.48039931058883667,0.5081658363342285,0.7683999538421631,0.5419968366622925,0.9549523591995239
000191_jpg.rf.055356915ad47ae7e1c0ded839d6c748.jpg,9,0.6863917708396912,0.41819512844085693,0.358417809009552,0.5096181035041809,0.9540784358978271
000191_jpg.rf.055356915ad47ae7e1c0ded839d6c748.jpg,9,0.24470998346805573,0.4928489625453949,0.0748639702796936,0.10410001128911972,0.0009690338629297912
000191_jpg.rf.055356915ad47ae7e1c0ded839d6c748.jpg,9,0.2400723397731781,0.5036364793777466,0.16978776454925537,0.13329315185546875,0.0006743454141542315
000193_jpg.rf.334b364417849eb38db4d2275dc85838.jpg,9,0.5000076293945312,0.34905877709388733,0.6612105965614319,0.4421699643135071,0.9459909796714783
000193_jpg.rf.334b364417849eb38db4d2275dc85838.jpg,7,0.49517524242401123,0.5490081310272217,0.041121888905763626,0.04274427145719528,0.0005166865303181112
000198_jpg.rf.9f156753fda46dd6fe9848a1440afd1b.jpg,9,0.41030070185661316,0.4587457478046417,0.250974178314209,0.38316214084625244,0.9346606135368347
000198_jpg.rf.9f156753fda46dd6fe9848a1440afd1b.jpg,0,0.6371939182281494,0.7594767808914185,0.04588710516691208,0.02273530326783657,0.002445237711071968
000198_jpg.rf.9f156753fda46dd6fe9848a1440afd1b.jpg,1,0.6149753928184509,0.011817563325166702,0.05440158396959305,0.022690901532769203,0.0018949088407680392
000198_jpg.rf.9f156753fda46dd6fe9848a1440afd1b.jpg,0,0.20538462698459625,0.26596134901046753,0.02036496438086033,0.034149169921875,0.0013673329958692193
000198_jpg.rf.9f156753fda46dd6fe9848a1440afd1b.jpg,0,0.1388266533613205,0.2583419978618622,0.04501102864742279,0.018218187615275383,0.0008011795580387115
000198_jpg.rf.9f156753fda46dd6fe9848a1440afd1b.jpg,0,0.514337420463562,0.011603660881519318,0.029761094599962234,0.022957518696784973,0.0007022785139270127
000198_jpg.rf.9f156753fda46dd6fe9848a1440afd1b.jpg,0,0.7777101397514343,0.007092517800629139,0.02594749815762043,0.013881443999707699,0.0006261959788389504
000198_jpg.rf.9f156753fda46dd6fe9848a1440afd1b.jpg,0,0.9906051754951477,0.7025243639945984,0.018509352579712868,0.07297641038894653,0.0005945272860117257
000202_jpg.rf.7b9c03e897bab9b7a170deae87d31266.jpg,8,0.4507790803909302,0.2372726947069168,0.3417613208293915,0.1982184648513794,0.9823586344718933
000204_jpg.rf.0ea9da72e384254681f268a305a35eb6.jpg,8,0.4488084316253662,0.4989011883735657,0.4568576216697693,0.5486568212509155,0.9767618775367737
000216_jpg.rf.ba4ecb747ec69d54c3a1690dcf5f5b3a.jpg,8,0.46787700057029724,0.2786841094493866,0.39396852254867554,0.2243160605430603,0.9897468090057373
000216_jpg.rf.ba4ecb747ec69d54c3a1690dcf5f5b3a.jpg,1,0.8599216341972351,0.004235627595335245,0.024538187310099602,0.008397604338824749,0.0007623683195561171
000216_jpg.rf.ba4ecb747ec69d54c3a1690dcf5f5b3a.jpg,1,0.4072088599205017,0.5725043416023254,0.2471848428249359,0.14762885868549347,0.0007378844893537462
000220_jpg.rf.07bc310baa1bbe3fe3ba7117b874ff64.jpg,8,0.5149809122085571,0.36480242013931274,0.3948809802532196,0.24884791672229767,0.980643630027771
000220_jpg.rf.07bc310baa1bbe3fe3ba7117b874ff64.jpg,0,0.10499373823404312,0.8692380785942078,0.20753419399261475,0.07904397696256638,0.001618150039575994
000223_jpg.rf.dbc866e5b7c69cf418e6bcca0e66e50b.jpg,8,0.6442234516143799,0.4424348771572113,0.578281819820404,0.752781867980957,0.9846432209014893
000231_jpg.rf.71b28020e16b2c6b5aa86d24726609c8.jpg,8,0.5007899403572083,0.7824162840843201,0.2031221091747284,0.13763216137886047,0.979353129863739
000231_jpg.rf.71b28020e16b2c6b5aa86d24726609c8.jpg,0,0.6399750709533691,0.4846665561199188,0.022439956665039062,0.06674785166978836,0.0021499230060726404
000231_jpg.rf.71b28020e16b2c6b5aa86d24726609c8.jpg,1,0.19716142117977142,0.3565511107444763,0.39432284235954285,0.7093346118927002,0.0007178477826528251
000238_jpg.rf.dd14162743767963400cffffaea73ac9.jpg,8,0.6428987383842468,0.4890074133872986,0.5874326825141907,0.9620398879051208,0.961752712726593
000238_jpg.rf.dd14162743767963400cffffaea73ac9.jpg,1,0.07617294043302536,0.005175471305847168,0.07702910900115967,0.01034852210432291,0.0005891849286854267
000239_jpg.rf.9c2470be6d2e5443f4db1ababb992587.jpg,8,0.5164982080459595,0.34166333079338074,0.5567455291748047,0.40936779975891113,0.9863344430923462
000257_jpg.rf.6f63b8fd63b0d875247ba0e3d776bd4f.jpg,8,0.26185932755470276,0.21414631605148315,0.43201348185539246,0.2730233669281006,0.9794812202453613
000257_jpg.rf.6f63b8fd63b0d875247ba0e3d776bd4f.jpg,0,0.1955988109111786,0.9880630373954773,0.12013287842273712,0.023681640625,0.0032114845234900713
000257_jpg.rf.6f63b8fd63b0d875247ba0e3d776bd4f.jpg,1,0.5780457854270935,0.6747097969055176,0.015085293911397457,0.014437162317335606,0.0013130006846040487
000257_jpg.rf.6f63b8fd63b0d875247ba0e3d776bd4f.jpg,1,0.5691359639167786,0.6813610792160034,0.020041098818182945,0.013476738706231117,0.0009064172045327723
000257_jpg.rf.6f63b8fd63b0d875247ba0e3d776bd4f.jpg,1,0.5748916268348694,0.6808995604515076,0.01570386253297329,0.015520903281867504,0.0008445372804999352
000257_jpg.rf.6f63b8fd63b0d875247ba0e3d776bd4f.jpg,0,0.6965916156768799,0.4084838032722473,0.027144579216837883,0.012007530778646469,0.0005833880277350545
000257_jpg.rf.6f63b8fd63b0d875247ba0e3d776bd4f.jpg,1,0.5720193386077881,0.6764042377471924,0.0170291755348444,0.015934357419610023,0.0005723742069676518
000261_jpg.rf.7c97ab6d968e742c9cc124edd2630e3c.jpg,8,0.5024462938308716,0.2580733299255371,0.4447074830532074,0.28915485739707947,0.9790877103805542
000261_jpg.rf.7c97ab6d968e742c9cc124edd2630e3c.jpg,8,0.7509275674819946,0.4825955033302307,0.46469902992248535,0.5606138706207275,0.0008457396761514246
000261_jpg.rf.7c97ab6d968e742c9cc124edd2630e3c.jpg,8,0.2419036626815796,0.4056748151779175,0.4838073253631592,0.7448319792747498,0.0005356651381589472
000267_jpg.rf.45d318ba9ef48ae9327bb408eb24438e.jpg,8,0.6728505492210388,0.5008060336112976,0.2727883458137512,0.17411327362060547,0.944422721862793
000267_jpg.rf.45d318ba9ef48ae9327bb408eb24438e.jpg,0,0.23054181039333344,0.15619893372058868,0.08027491718530655,0.034096021205186844,0.021395888179540634
000267_jpg.rf.45d318ba9ef48ae9327bb408eb24438e.jpg,0,0.6329907774925232,0.6770338416099548,0.1591229885816574,0.13257716596126556,0.012856495566666126
000267_jpg.rf.45d318ba9ef48ae9327bb408eb24438e.jpg,0,0.40775051712989807,0.16576528549194336,0.08101731538772583,0.03183312714099884,0.008132163435220718
000267_jpg.rf.45d318ba9ef48ae9327bb408eb24438e.jpg,1,0.22771626710891724,0.1560267210006714,0.0753631442785263,0.0337374322116375,0.004968537949025631
000267_jpg.rf.45d318ba9ef48ae9327bb408eb24438e.jpg,1,0.636414110660553,0.6780053377151489,0.15022523701190948,0.12673990428447723,0.0010134208714589477
000267_jpg.rf.45d318ba9ef48ae9327bb408eb24438e.jpg,1,0.24224238097667694,0.1604999303817749,0.06190285459160805,0.024392375722527504,0.0006550698890350759
000267_jpg.rf.45d318ba9ef48ae9327bb408eb24438e.jpg,8,0.4498268663883209,0.5073845982551575,0.717788815498352,0.44655460119247437,0.0005924018332734704
000282_jpg.rf.26ad0708d13674c6d8cfce6f6bd40cdb.jpg,8,0.496202290058136,0.4828451871871948,0.8380446434020996,0.5543363094329834,0.9888590574264526
000282_jpg.rf.26ad0708d13674c6d8cfce6f6bd40cdb.jpg,1,0.21822772920131683,0.007011085283011198,0.10449875891208649,0.013880777172744274,0.0034927609376609325
000286_jpg.rf.48a1be45c5db5656f2bacf687164c529.jpg,11,0.37933656573295593,0.47082480788230896,0.46131187677383423,0.8256088495254517,0.7907730937004089
000286_jpg.rf.48a1be45c5db5656f2bacf687164c529.jpg,9,0.37621018290519714,0.48210757970809937,0.44620978832244873,0.8362647891044617,0.06843473017215729
000286_jpg.rf.48a1be45c5db5656f2bacf687164c529.jpg,8,0.37903833389282227,0.5158601403236389,0.44747215509414673,0.7760865688323975,0.0018334934720769525
000287_jpg.rf.a4143ed52df9779f0f27104daf6a8762.jpg,8,0.7593560218811035,0.3507470488548279,0.268829345703125,0.3360001742839813,0.9771901965141296
000287_jpg.rf.a4143ed52df9779f0f27104daf6a8762.jpg,14,0.3420336842536926,0.4696778655052185,0.4201379120349884,0.5234519243240356,0.9580005407333374
000288_jpg.rf.2764018cfc726e02916e1739c8f35b5e.jpg,8,0.48357585072517395,0.6608089804649353,0.44918355345726013,0.2855958640575409,0.9760536551475525
000288_jpg.rf.2764018cfc726e02916e1739c8f35b5e.jpg,8,0.7703706622123718,0.5373076796531677,0.13790740072727203,0.051916785538196564,0.0014066965086385608
000289_jpg.rf.5bcff3507297a43a567fd64d593fd533.jpg,8,0.49176913499832153,0.27314671874046326,0.4909175634384155,0.303096741437912,0.9906437993049622
000289_jpg.rf.5bcff3507297a43a567fd64d593fd533.jpg,1,0.4043026566505432,0.6534348726272583,0.28172817826271057,0.25855565071105957,0.0008427566499449313
000295_jpg.rf.3940d624bf6e15926480dad000dd8fa4.jpg,8,0.533053994178772,0.7156932950019836,0.5027537941932678,0.3450123071670532,0.9754741191864014
000300_jpg.rf.5013849426466f43fb71333c9d7e208b.jpg,10,0.29310718178749084,0.6735547184944153,0.2443595826625824,0.38427305221557617,0.9581298828125
000300_jpg.rf.5013849426466f43fb71333c9d7e208b.jpg,1,0.6059940457344055,0.4429502785205841,0.04312119260430336,0.06272327154874802,0.004882541485130787
000300_jpg.rf.5013849426466f43fb71333c9d7e208b.jpg,14,0.6744546294212341,0.27167776226997375,0.09251998364925385,0.21057665348052979,0.0013309523928910494
000300_jpg.rf.5013849426466f43fb71333c9d7e208b.jpg,1,0.8165369629859924,0.4760647118091583,0.3669261932373047,0.9489970803260803,0.0007819676538929343
000300_jpg.rf.5013849426466f43fb71333c9d7e208b.jpg,1,0.9141541719436646,0.3393154740333557,0.009565500542521477,0.013320409692823887,0.0006283005350269377
000336_jpg.rf.be0bfe39579236b8f1710a54065f106c.jpg,12,0.8426612019538879,0.27339091897010803,0.1795283854007721,0.2849280536174774,0.6164257526397705
000336_jpg.rf.be0bfe39579236b8f1710a54065f106c.jpg,7,0.8447908759117126,0.27467095851898193,0.1842501014471054,0.2892017066478729,0.582282543182373
000336_jpg.rf.be0bfe39579236b8f1710a54065f106c.jpg,10,0.8422619104385376,0.2720039486885071,0.18003039062023163,0.2846986949443817,0.1677013635635376
000336_jpg.rf.be0bfe39579236b8f1710a54065f106c.jpg,1,0.3730744421482086,0.4332175850868225,0.017624855041503906,0.022572701796889305,0.00865043606609106
000336_jpg.rf.be0bfe39579236b8f1710a54065f106c.jpg,0,0.5055182576179504,0.5671865940093994,0.0490959994494915,0.03510086610913277,0.0017674269620329142
000336_jpg.rf.be0bfe39579236b8f1710a54065f106c.jpg,10,0.3554738163948059,0.273882120847702,0.5026252865791321,0.5392699241638184,0.0012380977859720588
000336_jpg.rf.be0bfe39579236b8f1710a54065f106c.jpg,12,0.4546041786670685,0.44539281725883484,0.9050894975662231,0.8820797204971313,0.0006471776869148016
000336_jpg.rf.be0bfe39579236b8f1710a54065f106c.jpg,0,0.43807244300842285,0.4294033348560333,0.025448139756917953,0.015978630632162094,0.0005076939123682678
000338_jpg.rf.69f491edc3091d390af673d2da54e080.jpg,10,0.236622616648674,0.15896613895893097,0.07198814302682877,0.13181909918785095,0.9878426790237427
000338_jpg.rf.69f491edc3091d390af673d2da54e080.jpg,0,0.6655635833740234,0.4076879322528839,0.04258427396416664,0.023143475875258446,0.05347491800785065
000338_jpg.rf.69f491edc3091d390af673d2da54e080.jpg,0,0.6610587239265442,0.4139937162399292,0.03601595386862755,0.021084895357489586,0.04228535294532776
000338_jpg.rf.69f491edc3091d390af673d2da54e080.jpg,0,0.6633550524711609,0.39886170625686646,0.030869485810399055,0.022412888705730438,0.01289718970656395
000338_jpg.rf.69f491edc3091d390af673d2da54e080.jpg,1,0.7397735714912415,0.14078566431999207,0.037382274866104126,0.016387581825256348,0.0012104626512154937
000338_jpg.rf.69f491edc3091d390af673d2da54e080.jpg,8,0.834210216999054,0.28090450167655945,0.05415784567594528,0.06681744754314423,0.0011016909265890718
000338_jpg.rf.69f491edc3091d390af673d2da54e080.jpg,6,0.6155592203140259,0.3591470718383789,0.5984142422676086,0.5573654174804688,0.0007968978025019169
000338_jpg.rf.69f491edc3091d390af673d2da54e080.jpg,6,0.45118626952171326,0.47406554222106934,0.9023725390434265,0.8617730736732483,0.00073678616899997
000338_jpg.rf.69f491edc3091d390af673d2da54e080.jpg,10,0.44276002049446106,0.12036202102899551,0.43319064378738403,0.24072404205799103,0.0006178141920827329
000338_jpg.rf.69f491edc3091d390af673d2da54e080.jpg,10,0.054568495601415634,0.27113908529281616,0.10897152870893478,0.5401118993759155,0.0005820351070724428
000338_jpg.rf.69f491edc3091d390af673d2da54e080.jpg,6,0.028012694790959358,0.3407992124557495,0.05592609569430351,0.3173396587371826,0.0005268653621897101
000338_jpg.rf.69f491edc3091d390af673d2da54e080.jpg,12,0.03271659463644028,0.2671441435813904,0.06543318927288055,0.5342882871627808,0.0005191942909732461
000344_jpg.rf.86a946abb84be97bc833636b8b47b779.jpg,10,0.219380185008049,0.4415518045425415,0.23605652153491974,0.35798415541648865,0.9565796852111816
000344_jpg.rf.86a946abb84be97bc833636b8b47b779.jpg,8,0.764416515827179,0.5174285173416138,0.04718303680419922,0.052852265536785126,0.0008254015119746327
000359_jpg.rf.767bed64e2ff0d34ec7b1db1d0e6c398.jpg,10,0.6596899032592773,0.415284663438797,0.3220648765563965,0.49473199248313904,0.9474178552627563
000359_jpg.rf.767bed64e2ff0d34ec7b1db1d0e6c398.jpg,7,0.8296826481819153,0.7244976758956909,0.34035199880599976,0.4112389385700226,0.0005426924326457083
000361_jpg.rf.373518288e417cc551b309d3533c6d0f.jpg,10,0.6654756665229797,0.4439108371734619,0.350929319858551,0.5021802186965942,0.9640358686447144
000380_jpg.rf.7216ac7b95b9137ab398250ae08e026c.jpg,10,0.5509669184684753,0.44421565532684326,0.16876950860023499,0.2704159617424011,0.9818409085273743
000380_jpg.rf.7216ac7b95b9137ab398250ae08e026c.jpg,10,0.552876353263855,0.6546016931533813,0.19695909321308136,0.6907966732978821,0.0006515178247354925
000383_jpg.rf.070efbd57b6f1e61ece84acca33ec797.jpg,10,0.5976086854934692,0.4349247217178345,0.154915452003479,0.22635801136493683,0.9690687656402588
000384_jpg.rf.0bd20cbc913cf806be9769b408f6e5d6.jpg,10,0.3764844536781311,0.3485991656780243,0.09585931152105331,0.12241409718990326,0.983025312423706
000384_jpg.rf.0bd20cbc913cf806be9769b408f6e5d6.jpg,1,0.2187398076057434,0.5385212302207947,0.019139859825372696,0.08216865360736847,0.00514239352196455
000384_jpg.rf.0bd20cbc913cf806be9769b408f6e5d6.jpg,6,0.4986017942428589,0.373709499835968,0.35573136806488037,0.24784904718399048,0.0006762848352082074
000384_jpg.rf.0bd20cbc913cf806be9769b408f6e5d6.jpg,1,0.2394264191389084,0.5352471470832825,0.035846710205078125,0.07612496614456177,0.0006355518708005548
000384_jpg.rf.0bd20cbc913cf806be9769b408f6e5d6.jpg,6,0.4857920706272125,0.492933452129364,0.7408521771430969,0.49429425597190857,0.0006028452189639211
000384_jpg.rf.0bd20cbc913cf806be9769b408f6e5d6.jpg,7,0.3727208077907562,0.34923282265663147,0.0996876135468483,0.12952500581741333,0.0005141083966009319
000412_jpg.rf.4201db338b39b5c120994db37fbf058f.jpg,7,0.6350744962692261,0.41936054825782776,0.4908408522605896,0.6464893817901611,0.9647367596626282
000412_jpg.rf.4201db338b39b5c120994db37fbf058f.jpg,11,0.9489697813987732,0.414000540971756,0.10180260986089706,0.20840014517307281,0.0009672052110545337
000443_jpg.rf.a212d740b71445278e52aec90cdd3e47.jpg,7,0.6136648058891296,0.31279146671295166,0.25904569029808044,0.38180920481681824,0.9567545652389526
000443_jpg.rf.a212d740b71445278e52aec90cdd3e47.jpg,0,0.825120210647583,0.9309033155441284,0.02307840622961521,0.03528286889195442,0.029924198985099792
000443_jpg.rf.a212d740b71445278e52aec90cdd3e47.jpg,0,0.8255528211593628,0.9517589211463928,0.022523880004882812,0.06380484998226166,0.009480544365942478
000443_jpg.rf.a212d740b71445278e52aec90cdd3e47.jpg,7,0.14381647109985352,0.4130551815032959,0.28731608390808105,0.8237481713294983,0.0029128375463187695
000443_jpg.rf.a212d740b71445278e52aec90cdd3e47.jpg,9,0.14849436283111572,0.361676424741745,0.29698872566223145,0.7195438742637634,0.0009940771851688623
000446_jpg.rf.6c9f95ad6ab51802829691fd907953e2.jpg,7,0.6403749585151672,0.4873182773590088,0.4379280209541321,0.6279330849647522,0.9667446613311768
000446_jpg.rf.6c9f95ad6ab51802829691fd907953e2.jpg,1,0.22187848389148712,0.549596905708313,0.041454315185546875,0.027207082137465477,0.001383590279147029
000446_jpg.rf.6c9f95ad6ab51802829691fd907953e2.jpg,0,0.9938415288925171,0.61306232213974,0.012316998094320297,0.03297831490635872,0.0013424116186797619
000446_jpg.rf.6c9f95ad6ab51802829691fd907953e2.jpg,1,0.40502792596817017,0.004345646593719721,0.04951638728380203,0.008535405620932579,0.0010407923255115747
000446_jpg.rf.6c9f95ad6ab51802829691fd907953e2.jpg,1,0.2328811138868332,0.27988457679748535,0.03291153907775879,0.025700954720377922,0.0009914402617141604
000446_jpg.rf.6c9f95ad6ab51802829691fd907953e2.jpg,0,0.9613364934921265,0.6142876744270325,0.06106472387909889,0.030570801347494125,0.0009724573465064168
000446_jpg.rf.6c9f95ad6ab51802829691fd907953e2.jpg,1,0.3449341058731079,0.011898194439709187,0.05505206063389778,0.021936366334557533,0.0007965048425830901
000446_jpg.rf.6c9f95ad6ab51802829691fd907953e2.jpg,0,0.2615077495574951,0.7086819410324097,0.044389963150024414,0.03156794235110283,0.0007704065064899623
000446_jpg.rf.6c9f95ad6ab51802829691fd907953e2.jpg,1,0.2173784226179123,0.2884034216403961,0.05224165692925453,0.033530090004205704,0.0007360696326941252
000446_jpg.rf.6c9f95ad6ab51802829691fd907953e2.jpg,1,0.26416292786598206,0.7090320587158203,0.041779372841119766,0.029321085661649704,0.0007189774769358337
000446_jpg.rf.6c9f95ad6ab51802829691fd907953e2.jpg,0,0.010301817208528519,0.9137402176856995,0.020603634417057037,0.04705524444580078,0.0006389889167621732
000446_jpg.rf.6c9f95ad6ab51802829691fd907953e2.jpg,1,0.10635662823915482,0.6294957399368286,0.03578628972172737,0.024030832573771477,0.0005229199305176735
000464_jpg.rf.e5b8f6d9c318c1ad7e34ee049bd64988.jpg,11,0.3191024959087372,0.28297027945518494,0.28826409578323364,0.534638524055481,0.9701732397079468
000464_jpg.rf.e5b8f6d9c318c1ad7e34ee049bd64988.jpg,0,0.2641300559043884,0.7260438203811646,0.011506466194987297,0.034587714821100235,0.00448147626593709
000464_jpg.rf.e5b8f6d9c318c1ad7e34ee049bd64988.jpg,0,0.685624361038208,0.8208257555961609,0.07297244668006897,0.036197662353515625,0.0006287573487497866
000464_jpg.rf.e5b8f6d9c318c1ad7e34ee049bd64988.jpg,11,0.08695900440216064,0.8801239132881165,0.17298157513141632,0.23975226283073425,0.000588629802223295
000464_jpg.rf.e5b8f6d9c318c1ad7e34ee049bd64988.jpg,0,0.25958365201950073,0.7255458831787109,0.011831614188849926,0.03473355248570442,0.0005176297854632139
000466_jpg.rf.f609fd155d77826a456bb83ec2fba973.jpg,11,0.5029402375221252,0.4458184540271759,0.3450588285923004,0.20747537910938263,0.946493923664093
000466_jpg.rf.f609fd155d77826a456bb83ec2fba973.jpg,0,0.9848805069923401,0.1491508036851883,0.02997860684990883,0.02644968219101429,0.06516236811876297
000466_jpg.rf.f609fd155d77826a456bb83ec2fba973.jpg,0,0.9875114560127258,0.136228546500206,0.024977244436740875,0.051093827933073044,0.0008036814979277551
000475_jpg.rf.b44fe1a1d53315f7ff81d3bea0277189.jpg,11,0.5892113447189331,0.21029935777187347,0.2848445177078247,0.3512520492076874,0.9395998120307922
000475_jpg.rf.b44fe1a1d53315f7ff81d3bea0277189.jpg,1,0.3018173277378082,0.5437589883804321,0.6036346554756165,0.7584373950958252,0.017464816570281982
000478_jpg.rf.ea1348c002d93944315cd4db7cccc0ed.jpg,11,0.6761358976364136,0.35189807415008545,0.19532211124897003,0.2974178194999695,0.938852846622467
000478_jpg.rf.ea1348c002d93944315cd4db7cccc0ed.jpg,0,0.23862755298614502,0.40980252623558044,0.03279685974121094,0.021249661222100258,0.000815690029412508
000485_jpg.rf.af7e94cba40a41c54db6ce2495de5789.jpg,11,0.519785463809967,0.6404640674591064,0.1562451273202896,0.21533328294754028,0.982956051826477
000488_jpg.rf.39fb3e780926eca95137e27b755f19af.jpg,11,0.6837700009346008,0.6421366930007935,0.36350294947624207,0.2388445883989334,0.9449375867843628
000488_jpg.rf.39fb3e780926eca95137e27b755f19af.jpg,11,0.6880090236663818,0.5232161283493042,0.3682018518447876,0.4735788404941559,0.0005684805219061673
000495_jpg.rf.62cc333852734fdf12c38fb00d5a8273.jpg,11,0.23041795194149017,0.5142137408256531,0.26848241686820984,0.4396021366119385,0.944247841835022
000500_jpg.rf.b742528d52c611a0eb6f2d0453a3c81a.jpg,11,0.8207901120185852,0.4396294951438904,0.09580157697200775,0.13100565969944,0.9730369448661804
000507_jpg.rf.cef3041f8b255c4cea0070fe8e2c04e4.jpg,11,0.6727137565612793,0.34400516748428345,0.3463638424873352,0.2776761054992676,0.9249284267425537
000507_jpg.rf.cef3041f8b255c4cea0070fe8e2c04e4.jpg,3,0.11440037190914154,0.5879689455032349,0.0361127145588398,0.03311751410365105,0.0018126147333532572
000507_jpg.rf.cef3041f8b255c4cea0070fe8e2c04e4.jpg,3,0.09591094404459,0.5864071249961853,0.07205710560083389,0.03556336089968681,0.0005609042709693313
000512_jpg.rf.e2e180ced9b44c98c59556fef04838bd.jpg,11,0.8301142454147339,0.1986314207315445,0.20192492008209229,0.24916432797908783,0.9622858166694641
000512_jpg.rf.e2e180ced9b44c98c59556fef04838bd.jpg,11,0.3816017806529999,0.4711378812789917,0.573468029499054,0.7124713063240051,0.9613829851150513
000514_jpg.rf.b0d6f6a9a9a1c36ac223b9185a3cfed6.jpg,11,0.7139620184898376,0.26326984167099,0.08084546774625778,0.10893372446298599,0.9122388362884521
000514_jpg.rf.b0d6f6a9a9a1c36ac223b9185a3cfed6.jpg,9,0.7126303911209106,0.2634966969490051,0.08041741698980331,0.10915600508451462,0.43186473846435547
000514_jpg.rf.b0d6f6a9a9a1c36ac223b9185a3cfed6.jpg,0,0.22484472393989563,0.0452122688293457,0.07836848497390747,0.03352468088269234,0.042984556406736374
000514_jpg.rf.b0d6f6a9a9a1c36ac223b9185a3cfed6.jpg,8,0.7146826982498169,0.26569899916648865,0.07870946079492569,0.10857555270195007,0.009159897454082966
000514_jpg.rf.b0d6f6a9a9a1c36ac223b9185a3cfed6.jpg,0,0.22780174016952515,0.05677969753742218,0.07791981846094131,0.04053317382931709,0.008106165565550327
000514_jpg.rf.b0d6f6a9a9a1c36ac223b9185a3cfed6.jpg,1,0.03830477595329285,0.3194258511066437,0.0319407694041729,0.013919464312493801,0.004760607611387968
000514_jpg.rf.b0d6f6a9a9a1c36ac223b9185a3cfed6.jpg,1,0.1424228399991989,0.2674371302127838,0.03516671434044838,0.017727669328451157,0.0027023055590689182
000514_jpg.rf.b0d6f6a9a9a1c36ac223b9185a3cfed6.jpg,0,0.2129211574792862,0.3247867822647095,0.017222881317138672,0.014650162309408188,0.0020636143162846565
000514_jpg.rf.b0d6f6a9a9a1c36ac223b9185a3cfed6.jpg,1,0.009048390202224255,0.3338601291179657,0.01693068817257881,0.028370345011353493,0.001685571507550776
000514_jpg.rf.b0d6f6a9a9a1c36ac223b9185a3cfed6.jpg,1,0.9064854383468628,0.013134212233126163,0.08374669402837753,0.02595422975718975,0.0013580872910097241
000514_jpg.rf.b0d6f6a9a9a1c36ac223b9185a3cfed6.jpg,1,0.7998330593109131,0.02401241660118103,0.3083478510379791,0.04802483320236206,0.0013020639307796955
000514_jpg.rf.b0d6f6a9a9a1c36ac223b9185a3cfed6.jpg,0,0.22318477928638458,0.32003840804100037,0.025858072564005852,0.014446552842855453,0.0011697052977979183
000514_jpg.rf.b0d6f6a9a9a1c36ac223b9185a3cfed6.jpg,0,0.17610546946525574,0.2830674350261688,0.027382448315620422,0.011541458778083324,0.0011534123914316297
000514_jpg.rf.b0d6f6a9a9a1c36ac223b9185a3cfed6.jpg,1,0.12595514953136444,0.25944313406944275,0.040628764778375626,0.022356033325195312,0.0010642334818840027
000514_jpg.rf.b0d6f6a9a9a1c36ac223b9185a3cfed6.jpg,0,0.214898481965065,0.3135868310928345,0.018747899681329727,0.012408073991537094,0.0009282265091314912
000514_jpg.rf.b0d6f6a9a9a1c36ac223b9185a3cfed6.jpg,4,0.7134456634521484,0.26216140389442444,0.07945596426725388,0.11015214025974274,0.0009270996670238674
000514_jpg.rf.b0d6f6a9a9a1c36ac223b9185a3cfed6.jpg,1,0.1324368417263031,0.26525288820266724,0.04584702476859093,0.01609176956117153,0.00083112099673599
000514_jpg.rf.b0d6f6a9a9a1c36ac223b9185a3cfed6.jpg,1,0.8659326434135437,0.018536951392889023,0.20667363703250885,0.037073902785778046,0.0008102583815343678
000514_jpg.rf.b0d6f6a9a9a1c36ac223b9185a3cfed6.jpg,1,0.1924784630537033,0.3397793471813202,0.026542481034994125,0.01828780584037304,0.000805817951913923
000514_jpg.rf.b0d6f6a9a9a1c36ac223b9185a3cfed6.jpg,0,0.014122683554887772,0.3219260573387146,0.026009390130639076,0.02160615287721157,0.000786032120231539
000514_jpg.rf.b0d6f6a9a9a1c36ac223b9185a3cfed6.jpg,1,0.02194156125187874,0.3306318521499634,0.04338216781616211,0.02250550501048565,0.0006369763286784291
000514_jpg.rf.b0d6f6a9a9a1c36ac223b9185a3cfed6.jpg,0,0.55164635181427,0.019991418346762657,0.18879267573356628,0.039982836693525314,0.0006183820660226047
000514_jpg.rf.b0d6f6a9a9a1c36ac223b9185a3cfed6.jpg,0,0.1808297485113144,0.24162648618221283,0.02142220363020897,0.03067025914788246,0.0006143817445263267
000514_jpg.rf.b0d6f6a9a9a1c36ac223b9185a3cfed6.jpg,0,0.18666087090969086,0.29138147830963135,0.04588241130113602,0.0168930571526289,0.0005932652275077999
000514_jpg.rf.b0d6f6a9a9a1c36ac223b9185a3cfed6.jpg,1,0.2791055738925934,0.01737537793815136,0.1281621754169464,0.0345478430390358,0.000573272816836834
000514_jpg.rf.b0d6f6a9a9a1c36ac223b9185a3cfed6.jpg,1,0.5563346147537231,0.018811307847499847,0.181714728474617,0.037595994770526886,0.0005419488297775388
000514_jpg.rf.b0d6f6a9a9a1c36ac223b9185a3cfed6.jpg,0,0.040750958025455475,0.3195214867591858,0.03555905073881149,0.014549805782735348,0.000530463526956737
000534_jpg.rf.fc7a9c184c96044637a59a8abbc842d2.jpg,11,0.809993326663971,0.46296313405036926,0.13712230324745178,0.1793612390756607,0.9821579456329346
000534_jpg.rf.fc7a9c184c96044637a59a8abbc842d2.jpg,9,0.1830615997314453,0.4513219892978668,0.02295881137251854,0.032217759639024734,0.005605388432741165
000534_jpg.rf.fc7a9c184c96044637a59a8abbc842d2.jpg,1,0.18458785116672516,0.004282224923372269,0.022776329889893532,0.008487505838274956,0.0029144652653485537
000534_jpg.rf.fc7a9c184c96044637a59a8abbc842d2.jpg,11,0.8550824522972107,0.5032223463058472,0.21762892603874207,0.2624139189720154,0.001573647721670568
000534_jpg.rf.fc7a9c184c96044637a59a8abbc842d2.jpg,11,0.8701443076133728,0.39623767137527466,0.25971150398254395,0.40183648467063904,0.0005795307806693017
000558_jpg.rf.40c69cee11121c32100bc0ec9dc29849.jpg,12,0.7914173007011414,0.35816490650177,0.320810467004776,0.3902170658111572,0.9697530269622803
000566_jpg.rf.85d938d7ad9b91799d8732111b98cc79.jpg,12,0.39539146423339844,0.22604310512542725,0.17626862227916718,0.2846497595310211,0.9539186358451843
000566_jpg.rf.85d938d7ad9b91799d8732111b98cc79.jpg,0,0.5790621638298035,0.6609902381896973,0.02340848743915558,0.06586801260709763,0.32317230105400085
000566_jpg.rf.85d938d7ad9b91799d8732111b98cc79.jpg,1,0.5790600180625916,0.6614060401916504,0.023840244859457016,0.0681600570678711,0.0025577631313353777
000566_jpg.rf.85d938d7ad9b91799d8732111b98cc79.jpg,0,0.26708149909973145,0.5056071281433105,0.04463648796081543,0.1205032467842102,0.0010164721170440316
000566_jpg.rf.85d938d7ad9b91799d8732111b98cc79.jpg,12,0.39775922894477844,0.42654284834861755,0.19002456963062286,0.6844809055328369,0.000557399878744036
000592_jpg.rf.7264e25a590f878fcb39467d550219de.jpg,12,0.7142391204833984,0.3833736181259155,0.4864034354686737,0.7667149305343628,0.9637185335159302
000592_jpg.rf.7264e25a590f878fcb39467d550219de.jpg,9,0.005312681198120117,0.3430655002593994,0.010625362396240234,0.034312654286623,0.0006757166120223701
000595_jpg.rf.5b549a5e1f209899e21445383698e00d.jpg,12,0.7005385160446167,0.6897650957107544,0.39153146743774414,0.5910881757736206,0.9565215706825256
000596_jpg.rf.eb635457db0d42d1d585000296f83145.jpg,12,0.7848010063171387,0.3852106034755707,0.3811093866825104,0.703318178653717,0.9681552052497864
000596_jpg.rf.eb635457db0d42d1d585000296f83145.jpg,0,0.12208295613527298,0.6936776638031006,0.16632461547851562,0.13158248364925385,0.0007469042902812362
000596_jpg.rf.eb635457db0d42d1d585000296f83145.jpg,0,0.032936323434114456,0.4910421073436737,0.06553666293621063,0.9277101159095764,0.0005940545815974474
000599_jpg.rf.87f4886233a457df94743a34ee410218.jpg,12,0.8117943406105042,0.24532575905323029,0.3035738468170166,0.464120090007782,0.9668495655059814
000599_jpg.rf.87f4886233a457df94743a34ee410218.jpg,11,0.10063143074512482,0.5305203199386597,0.07627396285533905,0.043575987219810486,0.0011165119940415025
000599_jpg.rf.87f4886233a457df94743a34ee410218.jpg,1,0.2906186580657959,0.5283018946647644,0.041545428335666656,0.03782444819808006,0.0007683226722292602
000599_jpg.rf.87f4886233a457df94743a34ee410218.jpg,5,0.9377928972244263,0.10207850486040115,0.12434123456478119,0.2041570097208023,0.0007468875264748931
000599_jpg.rf.87f4886233a457df94743a34ee410218.jpg,5,0.9445526599884033,0.05595863237977028,0.11089465022087097,0.11179608851671219,0.0006795831141062081
000626_jpg.rf.844a2fbefbe88499e977a640a50441c8.jpg,12,0.5064242482185364,0.2527714967727661,0.19688881933689117,0.3717099726200104,0.9618031978607178
000626_jpg.rf.844a2fbefbe88499e977a640a50441c8.jpg,1,0.9596682786941528,0.35074177384376526,0.08042849600315094,0.6959956288337708,0.0024698833003640175
000626_jpg.rf.844a2fbefbe88499e977a640a50441c8.jpg,0,0.3255980610847473,0.6399223804473877,0.16171251237392426,0.1287095844745636,0.0012798362877219915
000626_jpg.rf.844a2fbefbe88499e977a640a50441c8.jpg,11,0.8245471119880676,0.5701341032981873,0.14179883897304535,0.0739063173532486,0.0010573192266747355
000626_jpg.rf.844a2fbefbe88499e977a640a50441c8.jpg,11,0.8648765683174133,0.5701397657394409,0.06942558288574219,0.08563537150621414,0.0009181611821986735
000626_jpg.rf.844a2fbefbe88499e977a640a50441c8.jpg,1,0.9187658429145813,0.36560970544815063,0.1615563929080963,0.7281835079193115,0.0006579711916856468
000626_jpg.rf.844a2fbefbe88499e977a640a50441c8.jpg,8,0.24491561949253082,0.4604688584804535,0.22399590909481049,0.17812854051589966,0.0005979841807857156
000626_jpg.rf.844a2fbefbe88499e977a640a50441c8.jpg,11,0.88009113073349,0.5591060519218445,0.04018900915980339,0.07154542207717896,0.0005876737413927913
000629_jpg.rf.7fc79b6ca0f85116dc5588dd6869900c.jpg,12,0.44982266426086426,0.3430798351764679,0.45104628801345825,0.3086824417114258,0.9519360661506653
000629_jpg.rf.7fc79b6ca0f85116dc5588dd6869900c.jpg,1,0.9564765691757202,0.00589487561956048,0.06554391235113144,0.011561921797692776,0.056212689727544785
000629_jpg.rf.7fc79b6ca0f85116dc5588dd6869900c.jpg,1,0.7896236777305603,0.009857101365923882,0.026988396421074867,0.018967632204294205,0.005817157216370106
000629_jpg.rf.7fc79b6ca0f85116dc5588dd6869900c.jpg,1,0.8083814978599548,0.0724036917090416,0.026978272944688797,0.012397482059895992,0.0014512961497530341
000629_jpg.rf.7fc79b6ca0f85116dc5588dd6869900c.jpg,0,0.959297239780426,0.008733183145523071,0.06363435834646225,0.017206130549311638,0.0009849205380305648
000629_jpg.rf.7fc79b6ca0f85116dc5588dd6869900c.jpg,1,0.8003039956092834,0.00807106215506792,0.05024110525846481,0.015859117731451988,0.0007002808852121234
000629_jpg.rf.7fc79b6ca0f85116dc5588dd6869900c.jpg,1,0.8780735731124878,0.004100831225514412,0.02633094973862171,0.007986314594745636,0.0006438494310714304
000629_jpg.rf.7fc79b6ca0f85116dc5588dd6869900c.jpg,0,0.114312544465065,0.9925567507743835,0.03096935525536537,0.014553803950548172,0.0005396077176555991
000635_jpg.rf.add3c9544fc93e8ad88fcb67fbb714cb.jpg,12,0.49298250675201416,0.16552729904651642,0.1047762781381607,0.14267973601818085,0.9569735527038574
000635_jpg.rf.add3c9544fc93e8ad88fcb67fbb714cb.jpg,0,0.6387174725532532,0.0051437742076814175,0.10799067467451096,0.010111859999597073,0.0026523894630372524
000635_jpg.rf.add3c9544fc93e8ad88fcb67fbb714cb.jpg,1,0.6376485228538513,0.004580850247293711,0.11522363126277924,0.008991829119622707,0.0016185421263799071
000635_jpg.rf.add3c9544fc93e8ad88fcb67fbb714cb.jpg,0,0.6012918949127197,0.007063636090606451,0.15329217910766602,0.013957141898572445,0.0012518537696450949
000635_jpg.rf.add3c9544fc93e8ad88fcb67fbb714cb.jpg,1,0.9291723966598511,0.011368464678525925,0.07070086896419525,0.02273692935705185,0.001237211748957634
000635_jpg.rf.add3c9544fc93e8ad88fcb67fbb714cb.jpg,8,0.9155582785606384,0.008725453168153763,0.06852458417415619,0.017394203692674637,0.0012215746100991964
000635_jpg.rf.add3c9544fc93e8ad88fcb67fbb714cb.jpg,1,0.7789518237113953,0.004877852741628885,0.06182898208498955,0.00975570548325777,0.000658758042845875
000644_jpg.rf.e150fedf356c73b528bb6943f267e094.jpg,12,0.3740823566913605,0.21486228704452515,0.33121609687805176,0.2068801373243332,0.9147293567657471
000644_jpg.rf.e150fedf356c73b528bb6943f267e094.jpg,10,0.37248218059539795,0.21326786279678345,0.3336862027645111,0.2125954031944275,0.5688930153846741
000649_jpg.rf.f86b7d2974091d1956dedec6e79cbf61.jpg,12,0.27728867530822754,0.1676359921693802,0.11447582393884659,0.1610843986272812,0.9646910429000854
000649_jpg.rf.f86b7d2974091d1956dedec6e79cbf61.jpg,0,0.3527250289916992,0.9527773261070251,0.01696098782122135,0.0358293242752552,0.0009874446550384164
000649_jpg.rf.f86b7d2974091d1956dedec6e79cbf61.jpg,12,0.12624578177928925,0.09766505658626556,0.2524915635585785,0.19533011317253113,0.0008593840175308287
000652_jpg.rf.2d13be3464e928dde8d4e3a7ed638236.jpg,12,0.6365190744400024,0.5318690538406372,0.075914166867733,0.11793393641710281,0.9506279230117798
000652_jpg.rf.2d13be3464e928dde8d4e3a7ed638236.jpg,10,0.6348084211349487,0.5308732986450195,0.0761476680636406,0.11833187937736511,0.5491016507148743
000652_jpg.rf.2d13be3464e928dde8d4e3a7ed638236.jpg,8,0.9227136969566345,0.9573012590408325,0.15431976318359375,0.08539757877588272,0.019890140742063522
000652_jpg.rf.2d13be3464e928dde8d4e3a7ed638236.jpg,0,0.3778849244117737,0.3577994108200073,0.019713401794433594,0.025413844734430313,0.0006999712204560637
000652_jpg.rf.2d13be3464e928dde8d4e3a7ed638236.jpg,1,0.5911286473274231,0.44538843631744385,0.016263484954833984,0.025508111342787743,0.0006446992629207671
000652_jpg.rf.2d13be3464e928dde8d4e3a7ed638236.jpg,0,0.2603752613067627,0.42266884446144104,0.017165055498480797,0.02013646624982357,0.0006312085315585136
000654_jpg.rf.d267c50f2def671a3af6c7816a990548.jpg,12,0.4525497257709503,0.37118083238601685,0.18034198880195618,0.28089624643325806,0.9575892090797424
000654_jpg.rf.d267c50f2def671a3af6c7816a990548.jpg,12,0.4597865641117096,0.595500111579895,0.20639850199222565,0.7255326509475708,0.0013211475452408195
000656_jpg.rf.2bfcb3a401a6cd59986f442316903cca.jpg,12,0.8495954871177673,0.34654003381729126,0.2278997004032135,0.23107928037643433,0.9542514681816101
000656_jpg.rf.2bfcb3a401a6cd59986f442316903cca.jpg,1,0.37437814474105835,0.6361274719238281,0.023536646738648415,0.02588360197842121,0.006315442267805338
000656_jpg.rf.2bfcb3a401a6cd59986f442316903cca.jpg,0,0.38410159945487976,0.6524094939231873,0.023107198998332024,0.013629693537950516,0.002517754677683115
000656_jpg.rf.2bfcb3a401a6cd59986f442316903cca.jpg,0,0.4598662555217743,0.6953237652778625,0.01980077289044857,0.01134358998388052,0.0013113730819895864
000656_jpg.rf.2bfcb3a401a6cd59986f442316903cca.jpg,0,0.38232341408729553,0.6593039035797119,0.027824366465210915,0.012960581108927727,0.000593812030274421
000656_jpg.rf.2bfcb3a401a6cd59986f442316903cca.jpg,1,0.3283916115760803,0.6393641233444214,0.018027232959866524,0.014208134263753891,0.0005810889415442944
000656_jpg.rf.2bfcb3a401a6cd59986f442316903cca.jpg,0,0.4653289020061493,0.6944197416305542,0.015281090512871742,0.010342451743781567,0.0005661948234774172
000656_jpg.rf.2bfcb3a401a6cd59986f442316903cca.jpg,0,0.46391764283180237,0.6845122575759888,0.015097619034349918,0.009556770324707031,0.0005598576390184462
000658_jpg.rf.305458475fd66b31a8b2796cceb9f511.jpg,12,0.5655297636985779,0.4524926543235779,0.12747545540332794,0.18660366535186768,0.9775132536888123
000658_jpg.rf.305458475fd66b31a8b2796cceb9f511.jpg,14,0.27532249689102173,0.6417385339736938,0.5506449937820435,0.675562858581543,0.0006408304325304925
000658_jpg.rf.305458475fd66b31a8b2796cceb9f511.jpg,14,0.4536445438861847,0.7610158324241638,0.9072890877723694,0.4779684543609619,0.000506456068251282
000664_jpg.rf.882fdd90b90c7f1af1fc37a7467443cf.jpg,12,0.23190484941005707,0.7256202697753906,0.2391563504934311,0.31101542711257935,0.9702460765838623
000664_jpg.rf.882fdd90b90c7f1af1fc37a7467443cf.jpg,9,0.23521973192691803,0.33232444524765015,0.23635083436965942,0.3173581659793854,0.9484775066375732
000664_jpg.rf.882fdd90b90c7f1af1fc37a7467443cf.jpg,0,0.3434772491455078,0.48527151346206665,0.08987811952829361,0.04296684265136719,0.0014154339442029595
000664_jpg.rf.882fdd90b90c7f1af1fc37a7467443cf.jpg,0,0.7148247957229614,0.3952747583389282,0.044475704431533813,0.01883411407470703,0.0012620174093171954
000664_jpg.rf.882fdd90b90c7f1af1fc37a7467443cf.jpg,0,0.7709884643554688,0.8023558855056763,0.031380362808704376,0.0841425433754921,0.00114982551895082
000664_jpg.rf.882fdd90b90c7f1af1fc37a7467443cf.jpg,12,0.037010010331869125,0.6404505968093872,0.07402002066373825,0.5483418703079224,0.0007010100525803864
000670_jpg.rf.9b82f265d8e858e1ac239f550bb09315.jpg,12,0.7888125777244568,0.2557668685913086,0.25401291251182556,0.36327245831489563,0.958370566368103
000670_jpg.rf.9b82f265d8e858e1ac239f550bb09315.jpg,0,0.29517194628715515,0.32202377915382385,0.019778912886977196,0.01354852132499218,0.001500405604019761
000670_jpg.rf.9b82f265d8e858e1ac239f550bb09315.jpg,0,0.30329951643943787,0.326553076505661,0.018683159723877907,0.012881756760179996,0.0006969725363887846
000670_jpg.rf.9b82f265d8e858e1ac239f550bb09315.jpg,11,0.14682555198669434,0.45582571625709534,0.2928113639354706,0.6199175715446472,0.0005028536543250084
000680_jpg.rf.10f9a8b0c68fd4c3a3f991673e8be240.jpg,12,0.784677267074585,0.32005366683006287,0.3083677291870117,0.402944952249527,0.9590421915054321
000684_jpg.rf.da8d58e5754b48f640c2521ce190912e.jpg,12,0.8288149237632751,0.1922307312488556,0.2032325565814972,0.2517014145851135,0.9703401327133179
000684_jpg.rf.da8d58e5754b48f640c2521ce190912e.jpg,12,0.37654224038124084,0.45226043462753296,0.5821677446365356,0.7219786643981934,0.9528887271881104
000689_jpg.rf.e7eb671b04e54cabccbc491dc3087e13.jpg,12,0.4994364082813263,0.4899943470954895,0.32504549622535706,0.5787092447280884,0.9696238040924072
000689_jpg.rf.e7eb671b04e54cabccbc491dc3087e13.jpg,11,0.9827900528907776,0.2865310311317444,0.03431092947721481,0.18086110055446625,0.0006699187797494233
000689_jpg.rf.e7eb671b04e54cabccbc491dc3087e13.jpg,5,0.9773187041282654,0.6479113698005676,0.04527070000767708,0.5212301015853882,0.0005549655761569738
000695_jpg.rf.5433ef9bdff69bb898a98f69af622064.jpg,12,0.22150221467018127,0.32203686237335205,0.19916795194149017,0.286905437707901,0.95168536901474
000700_jpg.rf.4abc8faa3c8f0970d53095fa9218cf8a.jpg,13,0.9100063443183899,0.5495918989181519,0.0796981230378151,0.12386762350797653,0.8690844178199768
000700_jpg.rf.4abc8faa3c8f0970d53095fa9218cf8a.jpg,10,0.9119225740432739,0.5497677326202393,0.078643798828125,0.1237005889415741,0.2518569827079773
000700_jpg.rf.4abc8faa3c8f0970d53095fa9218cf8a.jpg,12,0.9118042588233948,0.550208568572998,0.07752704620361328,0.12373913824558258,0.02923058345913887
000700_jpg.rf.4abc8faa3c8f0970d53095fa9218cf8a.jpg,1,0.41172507405281067,0.49389392137527466,0.029734062030911446,0.058173660188913345,0.02673645317554474
000700_jpg.rf.4abc8faa3c8f0970d53095fa9218cf8a.jpg,9,0.41158002614974976,0.49369484186172485,0.029722874984145164,0.05880909785628319,0.019251493737101555
000700_jpg.rf.4abc8faa3c8f0970d53095fa9218cf8a.jpg,13,0.4110051691532135,0.4935920536518097,0.03040926344692707,0.057760607451200485,0.008770540356636047
000700_jpg.rf.4abc8faa3c8f0970d53095fa9218cf8a.jpg,0,0.3779458999633789,0.5082556009292603,0.029154080897569656,0.021288102492690086,0.0012688610004261136
000700_jpg.rf.4abc8faa3c8f0970d53095fa9218cf8a.jpg,0,0.973143458366394,0.5410359501838684,0.05355453863739967,0.05278833210468292,0.0005067815654911101
000703_jpg.rf.2999e1a86a880c30b97644b227648d36.jpg,13,0.49888160824775696,0.3739076852798462,0.5121870040893555,0.5812819600105286,0.9830771088600159
000711_jpg.rf.0a584e00809f5da1be911472ba1f8e7b.jpg,13,0.9191911220550537,0.5964045524597168,0.06409835815429688,0.10961697995662689,0.9541261196136475
000711_jpg.rf.0a584e00809f5da1be911472ba1f8e7b.jpg,9,0.9176561236381531,0.5952131748199463,0.0637969970703125,0.10886020213365555,0.7732861638069153
000711_jpg.rf.0a584e00809f5da1be911472ba1f8e7b.jpg,1,0.25241708755493164,0.1286199539899826,0.06220361217856407,0.024573281407356262,0.756298303604126
000711_jpg.rf.0a584e00809f5da1be911472ba1f8e7b.jpg,9,0.07980058342218399,0.5546874403953552,0.039324451237916946,0.07102592289447784,0.24390071630477905
000711_jpg.rf.0a584e00809f5da1be911472ba1f8e7b.jpg,13,0.0795326828956604,0.5537656545639038,0.04066037759184837,0.07036084681749344,0.205693319439888
000711_jpg.rf.0a584e00809f5da1be911472ba1f8e7b.jpg,0,0.4926770329475403,0.12893374264240265,0.059542253613471985,0.018799809738993645,0.16107922792434692
000711_jpg.rf.0a584e00809f5da1be911472ba1f8e7b.jpg,7,0.07947414368391037,0.5536993741989136,0.03920220956206322,0.06243133917450905,0.08991752564907074
000711_jpg.rf.0a584e00809f5da1be911472ba1f8e7b.jpg,5,0.07932930439710617,0.5538181066513062,0.040665481239557266,0.07135438919067383,0.05561215057969093
000711_jpg.rf.0a584e00809f5da1be911472ba1f8e7b.jpg,1,0.23503388464450836,0.12968802452087402,0.034887589514255524,0.027739809826016426,0.03348885476589203
000711_jpg.rf.0a584e00809f5da1be911472ba1f8e7b.jpg,4,0.0790751501917839,0.5533674955368042,0.04080617055296898,0.07065784186124802,0.03124925121665001
000711_jpg.rf.0a584e00809f5da1be911472ba1f8e7b.jpg,0,0.07789845019578934,0.1904822140932083,0.0211162306368351,0.01614198461174965,0.025165220722556114
000711_jpg.rf.0a584e00809f5da1be911472ba1f8e7b.jpg,3,0.07993993908166885,0.553454577922821,0.03983209654688835,0.07076751440763474,0.024996869266033173
000711_jpg.rf.0a584e00809f5da1be911472ba1f8e7b.jpg,1,0.2278032749891281,0.13364747166633606,0.02112036570906639,0.03197941556572914,0.023906515911221504
000711_jpg.rf.0a584e00809f5da1be911472ba1f8e7b.jpg,1,0.2728661596775055,0.12496697157621384,0.04466337710618973,0.0171421580016613,0.013530525378882885
000711_jpg.rf.0a584e00809f5da1be911472ba1f8e7b.jpg,0,0.04440298303961754,0.20239479839801788,0.016496732831001282,0.01812509447336197,0.010252317413687706
000711_jpg.rf.0a584e00809f5da1be911472ba1f8e7b.jpg,0,0.4788609445095062,0.12832407653331757,0.03233642131090164,0.01555419061332941,0.004570530727505684
000711_jpg.rf.0a584e00809f5da1be911472ba1f8e7b.jpg,1,0.16871748864650726,0.013740361668169498,0.024503855034708977,0.027480723336338997,0.00360608147457242
000711_jpg.rf.0a584e00809f5da1be911472ba1f8e7b.jpg,1,0.5272948145866394,0.34280070662498474,0.05234949663281441,0.04970220476388931,0.003352757077664137
000711_jpg.rf.0a584e00809f5da1be911472ba1f8e7b.jpg,1,0.13270778954029083,0.008277629502117634,0.023117754608392715,0.016535945236682892,0.0031668595038354397
000711_jpg.rf.0a584e00809f5da1be911472ba1f8e7b.jpg,1,0.7808229327201843,0.007428115699440241,0.015537702478468418,0.010366224683821201,0.003097745357081294
000711_jpg.rf.0a584e00809f5da1be911472ba1f8e7b.jpg,1,0.044323839247226715,0.007208051159977913,0.01829885132610798,0.014409628696739674,0.0026839899364858866
000711_jpg.rf.0a584e00809f5da1be911472ba1f8e7b.jpg,1,0.2513996660709381,0.11960829794406891,0.051296476274728775,0.017654631286859512,0.002086510183289647
000711_jpg.rf.0a584e00809f5da1be911472ba1f8e7b.jpg,0,0.08944202959537506,0.19022509455680847,0.03895790874958038,0.016043424606323242,0.002074130345135927
000711_jpg.rf.0a584e00809f5da1be911472ba1f8e7b.jpg,0,0.0389849878847599,0.1831851750612259,0.022037245333194733,0.021089976653456688,0.001819354249164462
000711_jpg.rf.0a584e00809f5da1be911472ba1f8e7b.jpg,0,0.057028379291296005,0.19153180718421936,0.018743373453617096,0.0242459774017334,0.0016759870341047645
000711_jpg.rf.0a584e00809f5da1be911472ba1f8e7b.jpg,1,0.2872876822948456,0.017310598865151405,0.023508071899414062,0.0315328910946846,0.0016517146723344922
000711_jpg.rf.0a584e00809f5da1be911472ba1f8e7b.jpg,0,0.04740371182560921,0.19237934052944183,0.01752813532948494,0.03417563438415527,0.001571875298395753
000711_jpg.rf.0a584e00809f5da1be911472ba1f8e7b.jpg,1,0.2723275125026703,0.11855452507734299,0.03507733345031738,0.016254929825663567,0.0015098986914381385
000711_jpg.rf.0a584e00809f5da1be911472ba1f8e7b.jpg,0,0.7153630256652832,0.02590746246278286,0.014687465503811836,0.01270556915551424,0.0014323648065328598
000711_jpg.rf.0a584e00809f5da1be911472ba1f8e7b.jpg,1,0.26933208107948303,0.13609275221824646,0.050921350717544556,0.035167861729860306,0.0013411880936473608
000711_jpg.rf.0a584e00809f5da1be911472ba1f8e7b.jpg,1,0.13216733932495117,0.015695828944444656,0.025143174454569817,0.03139165788888931,0.001128573901951313
000711_jpg.rf.0a584e00809f5da1be911472ba1f8e7b.jpg,0,0.028924085199832916,0.20182858407497406,0.014347170479595661,0.01666116714477539,0.0009978418238461018
000711_jpg.rf.0a584e00809f5da1be911472ba1f8e7b.jpg,0,0.18898044526576996,0.1342746764421463,0.02844700589776039,0.012122750282287598,0.0008829167345538735
000711_jpg.rf.0a584e00809f5da1be911472ba1f8e7b.jpg,0,0.35709163546562195,0.9081218838691711,0.029483502730727196,0.16049723327159882,0.0008515184745192528
000711_jpg.rf.0a584e00809f5da1be911472ba1f8e7b.jpg,0,0.05191392824053764,0.2016214281320572,0.023160384967923164,0.015856359153985977,0.0008000759407877922
000711_jpg.rf.0a584e00809f5da1be911472ba1f8e7b.jpg,1,0.2352726310491562,0.1499757617712021,0.029770944267511368,0.0542178712785244,0.0007638357928954065
000711_jpg.rf.0a584e00809f5da1be911472ba1f8e7b.jpg,13,0.41368934512138367,0.5684807896614075,0.07672834396362305,0.13250428438186646,0.0007558282813988626
000711_jpg.rf.0a584e00809f5da1be911472ba1f8e7b.jpg,0,0.28521019220352173,0.018441662192344666,0.025183789432048798,0.03312813490629196,0.0006475213449448347
000711_jpg.rf.0a584e00809f5da1be911472ba1f8e7b.jpg,0,0.6535129547119141,0.03940027579665184,0.014425644651055336,0.009824573993682861,0.000534447783138603
000711_jpg.rf.0a584e00809f5da1be911472ba1f8e7b.jpg,0,0.5925722122192383,0.05457828938961029,0.019116953015327454,0.011309587396681309,0.0005266211228445172
000713_jpg.rf.ea540b12ec46dd3f2dad786ab321c3a3.jpg,7,0.5277518033981323,0.4554348587989807,0.3251962661743164,0.24308264255523682,0.9434026479721069
000713_jpg.rf.ea540b12ec46dd3f2dad786ab321c3a3.jpg,7,0.5599579215049744,0.6595096588134766,0.3831291198730469,0.6721302270889282,0.0015399708645418286
000722_jpg.rf.9bee48a5dc22112fb5a705192fd54d45.jpg,8,0.5006210803985596,0.6236988306045532,0.15839166939258575,0.19663117825984955,0.95013427734375
000722_jpg.rf.9bee48a5dc22112fb5a705192fd54d45.jpg,13,0.5049841403961182,0.32474666833877563,0.1607639640569687,0.23421050608158112,0.15790869295597076
000722_jpg.rf.9bee48a5dc22112fb5a705192fd54d45.jpg,12,0.5050903558731079,0.32491716742515564,0.16126175224781036,0.2335391342639923,0.06492640823125839
000722_jpg.rf.9bee48a5dc22112fb5a705192fd54d45.jpg,8,0.5062088966369629,0.3234187662601471,0.1606939435005188,0.23506249487400055,0.02725428156554699
000722_jpg.rf.9bee48a5dc22112fb5a705192fd54d45.jpg,12,0.21118102967739105,0.25244149565696716,0.015543131157755852,0.022115707397460938,0.023766838014125824
000722_jpg.rf.9bee48a5dc22112fb5a705192fd54d45.jpg,10,0.5051500201225281,0.3244453966617584,0.15973986685276031,0.23457475006580353,0.008719977922737598
000722_jpg.rf.9bee48a5dc22112fb5a705192fd54d45.jpg,8,0.2112913280725479,0.252390056848526,0.014942371286451817,0.02381935529410839,0.006462393794208765
000722_jpg.rf.9bee48a5dc22112fb5a705192fd54d45.jpg,11,0.5034236311912537,0.3254815638065338,0.16630084812641144,0.23080989718437195,0.006132527254521847
000722_jpg.rf.9bee48a5dc22112fb5a705192fd54d45.jpg,8,0.6610088348388672,0.8704813718795776,0.02370929718017578,0.029404055327177048,0.004469873383641243
000722_jpg.rf.9bee48a5dc22112fb5a705192fd54d45.jpg,3,0.2100880742073059,0.25306540727615356,0.01561937015503645,0.02143174037337303,0.0028013770934194326
000722_jpg.rf.9bee48a5dc22112fb5a705192fd54d45.jpg,0,0.6612556576728821,0.8696204423904419,0.02411908470094204,0.032606273889541626,0.002785550430417061
000722_jpg.rf.9bee48a5dc22112fb5a705192fd54d45.jpg,7,0.5042213201522827,0.3233974575996399,0.16746771335601807,0.23145748674869537,0.0013185805873945355
000722_jpg.rf.9bee48a5dc22112fb5a705192fd54d45.jpg,0,0.21019023656845093,0.2516723871231079,0.016439199447631836,0.025951864197850227,0.0012062001042068005
000722_jpg.rf.9bee48a5dc22112fb5a705192fd54d45.jpg,0,0.7387700080871582,0.9668596982955933,0.01878129504621029,0.028593430295586586,0.0010392377153038979
000722_jpg.rf.9bee48a5dc22112fb5a705192fd54d45.jpg,3,0.7391635179519653,0.9705713987350464,0.019690735265612602,0.03200839087367058,0.0008098183898255229
000722_jpg.rf.9bee48a5dc22112fb5a705192fd54d45.jpg,8,0.43477946519851685,0.6364036202430725,0.029090406373143196,0.18889135122299194,0.0006973604904487729
000729_jpg.rf.7b1a28094ac79f94f38e0ca9d4037037.jpg,12,0.8578101396560669,0.2374027818441391,0.26268792152404785,0.4210522770881653,0.9443808197975159
000729_jpg.rf.7b1a28094ac79f94f38e0ca9d4037037.jpg,0,0.7650805711746216,0.5182296633720398,0.035823311656713486,0.08020009100437164,0.0008952684584073722
000735_jpg.rf.8927d1a7914f3b404d59d7afb8238ce4.jpg,13,0.5426212549209595,0.2888643145561218,0.20877611637115479,0.3653451204299927,0.983934223651886
000735_jpg.rf.8927d1a7914f3b404d59d7afb8238ce4.jpg,0,0.07660698145627975,0.45762741565704346,0.15230967104434967,0.9152548313140869,0.010634354315698147
000735_jpg.rf.8927d1a7914f3b404d59d7afb8238ce4.jpg,1,0.4004383981227875,0.7695835828781128,0.014297119341790676,0.014114674180746078,0.009191292338073254
000735_jpg.rf.8927d1a7914f3b404d59d7afb8238ce4.jpg,1,0.7102168202400208,0.6920871734619141,0.009770614095032215,0.025639241561293602,0.008646066300570965
000735_jpg.rf.8927d1a7914f3b404d59d7afb8238ce4.jpg,1,0.7140931487083435,0.6909613013267517,0.014743585139513016,0.029163729399442673,0.0020648855715990067
000735_jpg.rf.8927d1a7914f3b404d59d7afb8238ce4.jpg,0,0.2959533631801605,0.7804992198944092,0.021826395764946938,0.013499187305569649,0.0014919611858204007
000735_jpg.rf.8927d1a7914f3b404d59d7afb8238ce4.jpg,1,0.07668987661600113,0.3275730609893799,0.15337975323200226,0.6547380685806274,0.0014045941643416882
000735_jpg.rf.8927d1a7914f3b404d59d7afb8238ce4.jpg,0,0.7139425277709961,0.6913694739341736,0.011024181731045246,0.02901671640574932,0.0009547971421852708
000735_jpg.rf.8927d1a7914f3b404d59d7afb8238ce4.jpg,0,0.2169649302959442,0.45685312151908875,0.43175753951072693,0.9137062430381775,0.0009127362864091992
000735_jpg.rf.8927d1a7914f3b404d59d7afb8238ce4.jpg,1,0.3130481541156769,0.8084743618965149,0.01260100957006216,0.020051810890436172,0.0008517700480297208
000735_jpg.rf.8927d1a7914f3b404d59d7afb8238ce4.jpg,1,0.2940172255039215,0.7804058194160461,0.021482614800333977,0.01751723699271679,0.0007574701448902488
000735_jpg.rf.8927d1a7914f3b404d59d7afb8238ce4.jpg,0,0.980384111404419,0.9526929259300232,0.03923188894987106,0.05459617078304291,0.0005639211740344763
000735_jpg.rf.8927d1a7914f3b404d59d7afb8238ce4.jpg,1,0.6299872994422913,0.7895475625991821,0.16698136925697327,0.3857702910900116,0.0005297715542837977
000736_jpg.rf.228d17ea85d8e4b2f1fd5a1fec7582d9.jpg,13,0.4453280568122864,0.2520158290863037,0.25243455171585083,0.1607319414615631,0.9813505411148071
000736_jpg.rf.228d17ea85d8e4b2f1fd5a1fec7582d9.jpg,11,0.45090287923812866,0.4190993905067444,0.25057724118232727,0.15746209025382996,0.951439380645752
000741_jpg.rf.48077831b42aa2a01691cd30be5da048.jpg,13,0.6724236011505127,0.3342074751853943,0.3952360153198242,0.6680936217308044,0.9971117973327637
000741_jpg.rf.48077831b42aa2a01691cd30be5da048.jpg,8,0.7040572166442871,0.7404281497001648,0.35578230023384094,0.3820666968822479,0.0009307656437158585
000741_jpg.rf.48077831b42aa2a01691cd30be5da048.jpg,5,0.4724271595478058,0.798626720905304,0.9285343289375305,0.4027467370033264,0.0007171322358772159
000741_jpg.rf.48077831b42aa2a01691cd30be5da048.jpg,5,0.7315728664398193,0.7845239043235779,0.4166169762611389,0.28275007009506226,0.0006875398103147745
000741_jpg.rf.48077831b42aa2a01691cd30be5da048.jpg,1,0.5006163120269775,0.6886961460113525,0.025062195956707,0.02351394109427929,0.0005991745856590569
000753_jpg.rf.23d05489386c3399c5d26ac779015d26.jpg,13,0.6476906538009644,0.7374415397644043,0.10334891825914383,0.1552555412054062,0.9766174554824829
000753_jpg.rf.23d05489386c3399c5d26ac779015d26.jpg,10,0.7123157978057861,0.3504248857498169,0.06862442195415497,0.16677424311637878,0.00570304598659277
000762_jpg.rf.ea6102293c9b38d9f90158f1a4cc33f7.jpg,13,0.6794257760047913,0.409400075674057,0.21967925131320953,0.26281729340553284,0.986661970615387
000762_jpg.rf.ea6102293c9b38d9f90158f1a4cc33f7.jpg,13,0.6047844290733337,0.36950817704200745,0.387152761220932,0.5539088249206543,0.0008878671214915812
000762_jpg.rf.ea6102293c9b38d9f90158f1a4cc33f7.jpg,10,0.08122928440570831,0.5813707709312439,0.03873063251376152,0.049913883209228516,0.0006891139200888574
000763_jpg.rf.6018d10dd3889ec0579a386c052fb6ff.jpg,13,0.4603603184223175,0.3224785327911377,0.08075141906738281,0.1534338742494583,0.9585764408111572
000763_jpg.rf.6018d10dd3889ec0579a386c052fb6ff.jpg,1,0.8389386534690857,0.1461460292339325,0.0464702770113945,0.024838201701641083,0.0017795542953535914
000763_jpg.rf.6018d10dd3889ec0579a386c052fb6ff.jpg,0,0.8340440392494202,0.15190503001213074,0.05584144964814186,0.029587406665086746,0.0015622727805748582
000763_jpg.rf.6018d10dd3889ec0579a386c052fb6ff.jpg,1,0.9929413795471191,0.1561579406261444,0.014109098352491856,0.03312919661402702,0.0007989567238837481
000769_jpg.rf.1df4a76b3e7055f19fd63f71a3d4ab3f.jpg,13,0.7881170511245728,0.49799877405166626,0.27488064765930176,0.2179793268442154,0.9806932806968689
000769_jpg.rf.1df4a76b3e7055f19fd63f71a3d4ab3f.jpg,10,0.905042827129364,0.9377776384353638,0.18938563764095306,0.12444474548101425,0.0040964786894619465
000769_jpg.rf.1df4a76b3e7055f19fd63f71a3d4ab3f.jpg,0,0.3593105375766754,0.5835074186325073,0.04313571751117706,0.028377534821629524,0.0026584144216030836
000769_jpg.rf.1df4a76b3e7055f19fd63f71a3d4ab3f.jpg,1,0.4044337868690491,0.5834252834320068,0.011102456599473953,0.014602955430746078,0.0025128782726824284
000769_jpg.rf.1df4a76b3e7055f19fd63f71a3d4ab3f.jpg,1,0.8962588310241699,0.8973230719566345,0.02001175656914711,0.01400111336261034,0.0016625553835183382
000769_jpg.rf.1df4a76b3e7055f19fd63f71a3d4ab3f.jpg,1,0.40785959362983704,0.585584282875061,0.012537296861410141,0.020489510148763657,0.0010001756018027663
000769_jpg.rf.1df4a76b3e7055f19fd63f71a3d4ab3f.jpg,1,0.4061563014984131,0.5920922756195068,0.012123328633606434,0.023031014949083328,0.0009333956404589117
000769_jpg.rf.1df4a76b3e7055f19fd63f71a3d4ab3f.jpg,13,0.787939190864563,0.645955502986908,0.28273922204971313,0.5155603289604187,0.0007850159890949726
000769_jpg.rf.1df4a76b3e7055f19fd63f71a3d4ab3f.jpg,1,0.4444331228733063,0.5526031255722046,0.010073882527649403,0.015279954299330711,0.0007372026448138058
000783_jpg.rf.0f12070feb6f7bc91c48aa93a65d2e93.jpg,13,0.6489120125770569,0.2695407569408417,0.24847346544265747,0.4474533796310425,0.986879289150238
000786_jpg.rf.60798d12643d9be450731115c76bd86c.jpg,10,0.7871001362800598,0.10087385773658752,0.13467290997505188,0.13229206204414368,0.9503138065338135
000786_jpg.rf.60798d12643d9be450731115c76bd86c.jpg,13,0.7868465781211853,0.10182588547468185,0.1363595873117447,0.13544802367687225,0.8797114491462708
000786_jpg.rf.60798d12643d9be450731115c76bd86c.jpg,1,0.36988136172294617,0.5118467211723328,0.03656655177474022,0.024061020463705063,0.005151791963726282
000786_jpg.rf.60798d12643d9be450731115c76bd86c.jpg,1,0.7216510772705078,0.9526690244674683,0.011406898498535156,0.01754225231707096,0.004147491883486509
000786_jpg.rf.60798d12643d9be450731115c76bd86c.jpg,0,0.6591287851333618,0.9684380888938904,0.019079575315117836,0.05050300061702728,0.00377391604706645
000786_jpg.rf.60798d12643d9be450731115c76bd86c.jpg,11,0.3957318663597107,0.631481945514679,0.1338084638118744,0.2394769787788391,0.0028020101599395275
000786_jpg.rf.60798d12643d9be450731115c76bd86c.jpg,1,0.3720557987689972,0.5383042097091675,0.08154436200857162,0.042283426970243454,0.0025694319047033787
000786_jpg.rf.60798d12643d9be450731115c76bd86c.jpg,1,0.3462609648704529,0.7225126624107361,0.010302837006747723,0.014247161336243153,0.001481050974689424
000786_jpg.rf.60798d12643d9be450731115c76bd86c.jpg,0,0.3694821894168854,0.5119330286979675,0.03857755661010742,0.023708747699856758,0.0014690057141706347
000786_jpg.rf.60798d12643d9be450731115c76bd86c.jpg,1,0.7854700088500977,0.885297954082489,0.01709747314453125,0.032980114221572876,0.0013007220113649964
000786_jpg.rf.60798d12643d9be450731115c76bd86c.jpg,0,0.8171139359474182,0.8875066041946411,0.05125831067562103,0.04258669540286064,0.0012333233607932925
000786_jpg.rf.60798d12643d9be450731115c76bd86c.jpg,1,0.2432733029127121,0.6422380805015564,0.019408319145441055,0.010052314959466457,0.0011322032660245895
000786_jpg.rf.60798d12643d9be450731115c76bd86c.jpg,0,0.6780994534492493,0.9664214849472046,0.01653025671839714,0.03598484769463539,0.001017279108054936
000786_jpg.rf.60798d12643d9be450731115c76bd86c.jpg,1,0.8064744472503662,0.8893881440162659,0.05904586613178253,0.04334068298339844,0.0009387946338392794
000786_jpg.rf.60798d12643d9be450731115c76bd86c.jpg,0,0.29966259002685547,0.6945126056671143,0.015898942947387695,0.023461341857910156,0.0009060056763701141
000786_jpg.rf.60798d12643d9be450731115c76bd86c.jpg,11,0.4425256550312042,0.6793965697288513,0.22233997285366058,0.1725875437259674,0.0008812621817924082
000786_jpg.rf.60798d12643d9be450731115c76bd86c.jpg,0,0.6713757514953613,0.9665408730506897,0.022360436618328094,0.04519426077604294,0.0008610442746430635
000786_jpg.rf.60798d12643d9be450731115c76bd86c.jpg,8,0.6668611764907837,0.9660188555717468,0.0217815563082695,0.03961959481239319,0.0007375750574283302
000786_jpg.rf.60798d12643d9be450731115c76bd86c.jpg,1,0.7458072304725647,0.9544115662574768,0.015570053830742836,0.02803039737045765,0.0005952240317128599
000786_jpg.rf.60798d12643d9be450731115c76bd86c.jpg,8,0.6786339282989502,0.9628158211708069,0.015901712700724602,0.03227996826171875,0.0005649067461490631
000786_jpg.rf.60798d12643d9be450731115c76bd86c.jpg,1,0.05955836549401283,0.5473936200141907,0.0146245826035738,0.01947821117937565,0.000563165987841785
000786_jpg.rf.60798d12643d9be450731115c76bd86c.jpg,0,0.6509519815444946,0.9706220030784607,0.021525971591472626,0.056471094489097595,0.0005565189057961106
000786_jpg.rf.60798d12643d9be450731115c76bd86c.jpg,0,0.8284531235694885,0.8838381171226501,0.0330047607421875,0.03502963110804558,0.0005083653377369046
000786_jpg.rf.60798d12643d9be450731115c76bd86c.jpg,1,0.7208349108695984,0.9677513241767883,0.015564185567200184,0.0460662841796875,0.0005044498830102384
000790_jpg.rf.ddb1d679830f7cafbcbec2013a6ff2fc.jpg,13,0.764955461025238,0.09346020221710205,0.2343105971813202,0.16684475541114807,0.9617436528205872
000790_jpg.rf.ddb1d679830f7cafbcbec2013a6ff2fc.jpg,1,0.7812016010284424,0.981524646282196,0.05419826880097389,0.03592946007847786,0.001880499068647623
000790_jpg.rf.ddb1d679830f7cafbcbec2013a6ff2fc.jpg,0,0.4523257613182068,0.4488126337528229,0.900948166847229,0.2903996407985687,0.0010601362446323037
000790_jpg.rf.ddb1d679830f7cafbcbec2013a6ff2fc.jpg,1,0.8119050860404968,0.9804407358169556,0.11207001656293869,0.038407325744628906,0.0007798281731083989
000790_jpg.rf.ddb1d679830f7cafbcbec2013a6ff2fc.jpg,12,0.006838975939899683,0.2550532817840576,0.013677951879799366,0.03107014112174511,0.000573222350794822
000790_jpg.rf.ddb1d679830f7cafbcbec2013a6ff2fc.jpg,3,0.007970551028847694,0.25649458169937134,0.01594110205769539,0.028424153104424477,0.000529521144926548
000792_jpg.rf.3899b0ef3229b4f18a7954698cc40c92.jpg,0,0.36841145157814026,0.2354952096939087,0.01590758189558983,0.06683801114559174,0.7323565483093262
000792_jpg.rf.3899b0ef3229b4f18a7954698cc40c92.jpg,1,0.21305222809314728,0.5341013669967651,0.030346138402819633,0.07885386794805527,0.6593300104141235
000792_jpg.rf.3899b0ef3229b4f18a7954698cc40c92.jpg,0,0.5975551605224609,0.2602819800376892,0.01394664403051138,0.0519588366150856,0.5983598828315735
000792_jpg.rf.3899b0ef3229b4f18a7954698cc40c92.jpg,1,0.010823961347341537,0.5246431827545166,0.019547797739505768,0.0701809674501419,0.5735349655151367
000792_jpg.rf.3899b0ef3229b4f18a7954698cc40c92.jpg,1,0.34386011958122253,0.23670406639575958,0.018389591947197914,0.0669010654091835,0.45464619994163513
000792_jpg.rf.3899b0ef3229b4f18a7954698cc40c92.jpg,1,0.5850018858909607,0.26064977049827576,0.009981743060052395,0.05108198896050453,0.20749936997890472
000792_jpg.rf.3899b0ef3229b4f18a7954698cc40c92.jpg,0,0.5929175615310669,0.26122593879699707,0.015186897478997707,0.05603781342506409,0.17866601049900055
000792_jpg.rf.3899b0ef3229b4f18a7954698cc40c92.jpg,0,0.348330557346344,0.23565152287483215,0.013940738514065742,0.06844678521156311,0.08060052245855331
000792_jpg.rf.3899b0ef3229b4f18a7954698cc40c92.jpg,1,0.31851446628570557,0.505169153213501,0.02043221704661846,0.055934540927410126,0.07609086483716965
000792_jpg.rf.3899b0ef3229b4f18a7954698cc40c92.jpg,0,0.5866110920906067,0.2609562873840332,0.00901937484741211,0.05299610644578934,0.052249036729335785
000792_jpg.rf.3899b0ef3229b4f18a7954698cc40c92.jpg,0,0.34239301085472107,0.2360965758562088,0.01530199870467186,0.06986922770738602,0.03248821198940277
000792_jpg.rf.3899b0ef3229b4f18a7954698cc40c92.jpg,1,0.5898780822753906,0.2609559893608093,0.014181320555508137,0.052999645471572876,0.028227852657437325
000792_jpg.rf.3899b0ef3229b4f18a7954698cc40c92.jpg,0,0.6129558682441711,0.2622373700141907,0.015912460163235664,0.04312225803732872,0.004558315966278315
000792_jpg.rf.3899b0ef3229b4f18a7954698cc40c92.jpg,0,0.18194206058979034,0.06310200691223145,0.014894724823534489,0.012154877185821533,0.0022797654382884502
000792_jpg.rf.3899b0ef3229b4f18a7954698cc40c92.jpg,0,0.4482734203338623,0.0780564546585083,0.521674633026123,0.1561129093170166,0.0014000196242704988
000792_jpg.rf.3899b0ef3229b4f18a7954698cc40c92.jpg,0,0.5829755067825317,0.2605573534965515,0.012303940020501614,0.05637158080935478,0.001371390069834888
000792_jpg.rf.3899b0ef3229b4f18a7954698cc40c92.jpg,1,0.012272804975509644,0.5813288688659668,0.02422275021672249,0.1884535700082779,0.0012634997256100178
000792_jpg.rf.3899b0ef3229b4f18a7954698cc40c92.jpg,0,0.3622868061065674,0.23620767891407013,0.019421100616455078,0.0691756159067154,0.0012031730730086565
000792_jpg.rf.3899b0ef3229b4f18a7954698cc40c92.jpg,1,0.17961758375167847,0.5319693684577942,0.07210750877857208,0.08053387701511383,0.0011447449214756489
000792_jpg.rf.3899b0ef3229b4f18a7954698cc40c92.jpg,8,0.6223121285438538,0.2610088884830475,0.024798981845378876,0.03782186284661293,0.001094179111532867
000792_jpg.rf.3899b0ef3229b4f18a7954698cc40c92.jpg,8,0.6292479634284973,0.2582782804965973,0.013339483179152012,0.03543710708618164,0.0010741251753643155
000792_jpg.rf.3899b0ef3229b4f18a7954698cc40c92.jpg,8,0.3719401955604553,0.23461173474788666,0.02064099721610546,0.0642906203866005,0.000939000048674643
000792_jpg.rf.3899b0ef3229b4f18a7954698cc40c92.jpg,0,0.7137321829795837,0.16469083726406097,0.016095822677016258,0.017216242849826813,0.0007623044075444341
000792_jpg.rf.3899b0ef3229b4f18a7954698cc40c92.jpg,0,0.6019353866577148,0.2565675377845764,0.013961242511868477,0.06701187044382095,0.0007529936265200377
000792_jpg.rf.3899b0ef3229b4f18a7954698cc40c92.jpg,8,0.39045730233192444,0.24460287392139435,0.020342936739325523,0.041443824768066406,0.0006333586643449962
000792_jpg.rf.3899b0ef3229b4f18a7954698cc40c92.jpg,5,0.7732890248298645,0.47969457507133484,0.012374364770948887,0.058134082704782486,0.0005636884598061442
000797_jpg.rf.3d78d9d11140e03357ddde30e7e7e98e.jpg,7,0.5238475203514099,0.45654240250587463,0.32796889543533325,0.5919284224510193,0.9654664993286133
000808_jpg.rf.8007590175a593bc5b4408a31ade3f3a.jpg,0,0.5446906089782715,0.23571549355983734,0.016178131103515625,0.06226778402924538,0.7915442585945129
000808_jpg.rf.8007590175a593bc5b4408a31ade3f3a.jpg,0,0.3633066415786743,0.2492416948080063,0.017051514238119125,0.06415930390357971,0.4327789545059204
000808_jpg.rf.8007590175a593bc5b4408a31ade3f3a.jpg,1,0.363300621509552,0.25011682510375977,0.018903402611613274,0.06394480168819427,0.18861627578735352
000808_jpg.rf.8007590175a593bc5b4408a31ade3f3a.jpg,0,0.15121948719024658,0.07874531298875809,0.012934383004903793,0.053415607661008835,0.016307074576616287
000808_jpg.rf.8007590175a593bc5b4408a31ade3f3a.jpg,8,0.5471203923225403,0.2353566735982895,0.019366374239325523,0.060218244791030884,0.002252168720588088
000808_jpg.rf.8007590175a593bc5b4408a31ade3f3a.jpg,1,0.6628453135490417,0.3985314965248108,0.012195881456136703,0.020526226609945297,0.0016201145481318235
000808_jpg.rf.8007590175a593bc5b4408a31ade3f3a.jpg,0,0.7688315510749817,0.3368972837924957,0.012009620666503906,0.012458214536309242,0.0014492300106212497
000808_jpg.rf.8007590175a593bc5b4408a31ade3f3a.jpg,8,0.5250217914581299,0.2365594059228897,0.02245558239519596,0.05053636059165001,0.0013153546024113894
000808_jpg.rf.8007590175a593bc5b4408a31ade3f3a.jpg,0,0.605395495891571,0.36185258626937866,0.01101930346339941,0.03541671484708786,0.0009416039101779461
000808_jpg.rf.8007590175a593bc5b4408a31ade3f3a.jpg,0,0.577625572681427,0.23572401702404022,0.056458730250597,0.06273460388183594,0.0009146137163043022
000808_jpg.rf.8007590175a593bc5b4408a31ade3f3a.jpg,0,0.5289556384086609,0.23241963982582092,0.018400082364678383,0.05578608065843582,0.0008947695605456829
000808_jpg.rf.8007590175a593bc5b4408a31ade3f3a.jpg,1,0.27331358194351196,0.012243181467056274,0.022717587649822235,0.02443544752895832,0.000864957575686276
000808_jpg.rf.8007590175a593bc5b4408a31ade3f3a.jpg,8,0.5685553550720215,0.2445230633020401,0.025471577420830727,0.03254459425806999,0.0006853580707684159
000808_jpg.rf.8007590175a593bc5b4408a31ade3f3a.jpg,0,0.6010656356811523,0.3217700123786926,0.02342987060546875,0.013473584316670895,0.000677804637234658
000808_jpg.rf.8007590175a593bc5b4408a31ade3f3a.jpg,0,0.53911292552948,0.2346678078174591,0.0164834912866354,0.058219581842422485,0.0006441375589929521
000808_jpg.rf.8007590175a593bc5b4408a31ade3f3a.jpg,6,0.034719470888376236,0.31133976578712463,0.06916135549545288,0.5842498540878296,0.0005693573621101677
000808_jpg.rf.8007590175a593bc5b4408a31ade3f3a.jpg,9,0.6638123393058777,0.4051800072193146,0.010801536031067371,0.031058790162205696,0.0005659285234287381
000808_jpg.rf.8007590175a593bc5b4408a31ade3f3a.jpg,9,0.6229548454284668,0.4162250757217407,0.020617229864001274,0.03277136757969856,0.0005624889745377004
000808_jpg.rf.8007590175a593bc5b4408a31ade3f3a.jpg,0,0.603998601436615,0.3462964594364166,0.011710461229085922,0.03923449292778969,0.0005602780147455633
000808_jpg.rf.8007590175a593bc5b4408a31ade3f3a.jpg,0,0.16880589723587036,0.7971030473709106,0.014353037811815739,0.013835247606039047,0.0005577383562922478
000808_jpg.rf.8007590175a593bc5b4408a31ade3f3a.jpg,8,0.5387037396430969,0.23487378656864166,0.015703201293945312,0.05892619863152504,0.0005378825590014458
000808_jpg.rf.8007590175a593bc5b4408a31ade3f3a.jpg,1,0.5990790128707886,0.29754310846328735,0.015426892787218094,0.0598406083881855,0.0005364537937566638
000808_jpg.rf.8007590175a593bc5b4408a31ade3f3a.jpg,6,0.13392546772956848,0.32460761070251465,0.26785093545913696,0.6342969536781311,0.0005010773311369121
000809_jpg.rf.dcd99922c592f3b634ddb443bf40dce1.jpg,1,0.3389783501625061,0.15310600399971008,0.023167097941040993,0.09446729719638824,0.7860633134841919
000809_jpg.rf.dcd99922c592f3b634ddb443bf40dce1.jpg,1,0.5506574511528015,0.12779740989208221,0.02055208571255207,0.08851650357246399,0.6038469672203064
000809_jpg.rf.dcd99922c592f3b634ddb443bf40dce1.jpg,8,0.5765016078948975,0.13557150959968567,0.02535460703074932,0.05866241827607155,0.46262669563293457
000809_jpg.rf.dcd99922c592f3b634ddb443bf40dce1.jpg,1,0.8344054818153381,0.2682703137397766,0.018613815307617188,0.08535031229257584,0.29582101106643677
000809_jpg.rf.dcd99922c592f3b634ddb443bf40dce1.jpg,10,0.5759867429733276,0.13458752632141113,0.027954505756497383,0.06242167204618454,0.2724761366844177
000809_jpg.rf.dcd99922c592f3b634ddb443bf40dce1.jpg,1,0.8712449669837952,0.0119010079652071,0.015863418579101562,0.023522207513451576,0.08307765424251556
000809_jpg.rf.dcd99922c592f3b634ddb443bf40dce1.jpg,1,0.8961356282234192,0.012218836694955826,0.018998732790350914,0.02443767338991165,0.06791438162326813
000809_jpg.rf.dcd99922c592f3b634ddb443bf40dce1.jpg,0,0.5772314071655273,0.13451774418354034,0.025284769013524055,0.059881605207920074,0.032276496291160583
000809_jpg.rf.dcd99922c592f3b634ddb443bf40dce1.jpg,12,0.5770758986473083,0.1363116204738617,0.027210529893636703,0.058066848665475845,0.031249411404132843
000809_jpg.rf.dcd99922c592f3b634ddb443bf40dce1.jpg,12,0.628492534160614,0.30020958185195923,0.02334558218717575,0.046305108815431595,0.028349582105875015
000809_jpg.rf.dcd99922c592f3b634ddb443bf40dce1.jpg,1,0.8843653202056885,0.012441884726285934,0.04473114013671875,0.02488376945257187,0.028303178027272224
000809_jpg.rf.dcd99922c592f3b634ddb443bf40dce1.jpg,1,0.3232804834842682,0.3183542490005493,0.03642689436674118,0.026313599199056625,0.02800954505801201
000809_jpg.rf.dcd99922c592f3b634ddb443bf40dce1.jpg,0,0.3370986580848694,0.14967356622219086,0.02074645273387432,0.08192866295576096,0.021189885213971138
000809_jpg.rf.dcd99922c592f3b634ddb443bf40dce1.jpg,7,0.5766717791557312,0.13351058959960938,0.027935799211263657,0.06624126434326172,0.013157133013010025
000809_jpg.rf.dcd99922c592f3b634ddb443bf40dce1.jpg,1,0.9422935247421265,0.01231968030333519,0.018830299377441406,0.02463936060667038,0.009517399594187737
000809_jpg.rf.dcd99922c592f3b634ddb443bf40dce1.jpg,0,0.5519201159477234,0.1290885955095291,0.021320747211575508,0.09102685004472733,0.008781258948147297
000809_jpg.rf.dcd99922c592f3b634ddb443bf40dce1.jpg,1,0.9270458817481995,0.013950088061392307,0.03510013222694397,0.027900176122784615,0.007202845998108387
000809_jpg.rf.dcd99922c592f3b634ddb443bf40dce1.jpg,10,0.6283202767372131,0.2996236979961395,0.023802025243639946,0.04441525414586067,0.006066066212952137
000809_jpg.rf.dcd99922c592f3b634ddb443bf40dce1.jpg,1,0.559988796710968,0.12777763605117798,0.03171557933092117,0.08573630452156067,0.003493147436529398
000809_jpg.rf.dcd99922c592f3b634ddb443bf40dce1.jpg,0,0.5977489352226257,0.1299576610326767,0.012024329975247383,0.062282923609018326,0.002742334268987179
000809_jpg.rf.dcd99922c592f3b634ddb443bf40dce1.jpg,1,0.5275095701217651,0.12777836620807648,0.01940070651471615,0.09124652296304703,0.0027085556648671627
000809_jpg.rf.dcd99922c592f3b634ddb443bf40dce1.jpg,1,0.5706579089164734,0.12986846268177032,0.029375554993748665,0.08303146809339523,0.0022049671970307827
000809_jpg.rf.dcd99922c592f3b634ddb443bf40dce1.jpg,0,0.8298571705818176,0.2673436999320984,0.023946983739733696,0.08534382283687592,0.0021161786280572414
000809_jpg.rf.dcd99922c592f3b634ddb443bf40dce1.jpg,0,0.6283949613571167,0.2981792390346527,0.022456390783190727,0.04564310982823372,0.0013093424495309591
000809_jpg.rf.dcd99922c592f3b634ddb443bf40dce1.jpg,1,0.8270170092582703,0.15004132688045502,0.026675445958971977,0.087168388068676,0.0012042043963447213
000809_jpg.rf.dcd99922c592f3b634ddb443bf40dce1.jpg,1,0.9234849810600281,0.012018466368317604,0.02029646374285221,0.024036932736635208,0.001068620360456407
000809_jpg.rf.dcd99922c592f3b634ddb443bf40dce1.jpg,1,0.3134540021419525,0.3188806474208832,0.019616732373833656,0.028199288994073868,0.0009744048584252596
000809_jpg.rf.dcd99922c592f3b634ddb443bf40dce1.jpg,8,0.629155695438385,0.3011988699436188,0.025930039584636688,0.044261932373046875,0.0008129303460009396
000809_jpg.rf.dcd99922c592f3b634ddb443bf40dce1.jpg,1,0.312012255191803,0.150007963180542,0.026362327858805656,0.07558991014957428,0.0008076452650129795
000809_jpg.rf.dcd99922c592f3b634ddb443bf40dce1.jpg,1,0.8192903399467468,0.2666192054748535,0.022395722568035126,0.08588352799415588,0.0007868320681154728
000809_jpg.rf.dcd99922c592f3b634ddb443bf40dce1.jpg,8,0.5974960327148438,0.1331183910369873,0.01709890365600586,0.048020098358392715,0.0006917112623341382
000809_jpg.rf.dcd99922c592f3b634ddb443bf40dce1.jpg,1,0.3280585706233978,0.15146222710609436,0.04348863288760185,0.09194987267255783,0.0006881688605062664
000809_jpg.rf.dcd99922c592f3b634ddb443bf40dce1.jpg,1,0.9479597210884094,0.014154236763715744,0.019146552309393883,0.028190184384584427,0.0005089427577331662
000809_jpg.rf.dcd99922c592f3b634ddb443bf40dce1.jpg,1,0.17638321220874786,0.05049658566713333,0.04798188805580139,0.10099317133426666,0.0005042239790782332
000811_jpg.rf.142d78a345147dc179446aa8ec1191ce.jpg,1,0.3052932918071747,0.2868514657020569,0.01247833389788866,0.052062734961509705,0.7636263370513916
000811_jpg.rf.142d78a345147dc179446aa8ec1191ce.jpg,8,0.47597792744636536,0.28652411699295044,0.015805501490831375,0.03363427892327309,0.3500257432460785
000811_jpg.rf.142d78a345147dc179446aa8ec1191ce.jpg,7,0.47628650069236755,0.2850456237792969,0.016997337341308594,0.03915315493941307,0.28441858291625977
000811_jpg.rf.142d78a345147dc179446aa8ec1191ce.jpg,1,0.5015873908996582,0.28351330757141113,0.01640947163105011,0.05629349127411842,0.2466898113489151
000811_jpg.rf.142d78a345147dc179446aa8ec1191ce.jpg,0,0.5511971116065979,0.14386151731014252,0.022507961839437485,0.06013324111700058,0.22641727328300476
000811_jpg.rf.142d78a345147dc179446aa8ec1191ce.jpg,8,0.5011370778083801,0.2827332019805908,0.0166778564453125,0.05724622681736946,0.10881610214710236
000811_jpg.rf.142d78a345147dc179446aa8ec1191ce.jpg,0,0.5024120807647705,0.2827030122280121,0.016710501164197922,0.05642309784889221,0.06058982387185097
000811_jpg.rf.142d78a345147dc179446aa8ec1191ce.jpg,9,0.4730633497238159,0.2865001857280731,0.019204139709472656,0.034372568130493164,0.025913532823324203
000811_jpg.rf.142d78a345147dc179446aa8ec1191ce.jpg,9,0.5008049011230469,0.28380286693573,0.01596711203455925,0.05311412364244461,0.025027474388480186
000811_jpg.rf.142d78a345147dc179446aa8ec1191ce.jpg,0,0.5637721419334412,0.14352229237556458,0.019852345809340477,0.05965535715222359,0.02433537319302559
000811_jpg.rf.142d78a345147dc179446aa8ec1191ce.jpg,1,0.5483678579330444,0.14344801008701324,0.02324163168668747,0.06145858019590378,0.017085596919059753
000811_jpg.rf.142d78a345147dc179446aa8ec1191ce.jpg,7,0.503106951713562,0.28346380591392517,0.015553071163594723,0.05594061315059662,0.011487841606140137
000811_jpg.rf.142d78a345147dc179446aa8ec1191ce.jpg,8,0.46519872546195984,0.2844998836517334,0.028931619599461555,0.03171205520629883,0.011369665153324604
000811_jpg.rf.142d78a345147dc179446aa8ec1191ce.jpg,1,0.47436708211898804,0.28691795468330383,0.017465591430664062,0.040301986038684845,0.008867032825946808
000811_jpg.rf.142d78a345147dc179446aa8ec1191ce.jpg,1,0.7622955441474915,0.37722280621528625,0.01831531524658203,0.0788000226020813,0.008759308606386185
000811_jpg.rf.142d78a345147dc179446aa8ec1191ce.jpg,10,0.2981967031955719,0.38638442754745483,0.012664465233683586,0.040197741240262985,0.008150090463459492
000811_jpg.rf.142d78a345147dc179446aa8ec1191ce.jpg,7,0.5207017660140991,0.2822115123271942,0.019790466874837875,0.0516158826649189,0.007139137946069241
000811_jpg.rf.142d78a345147dc179446aa8ec1191ce.jpg,0,0.546546459197998,0.12879270315170288,0.021178649738430977,0.08417091518640518,0.005852620583027601
000811_jpg.rf.142d78a345147dc179446aa8ec1191ce.jpg,1,0.7622303366661072,0.3575441837310791,0.01807667687535286,0.039715953171253204,0.001975542865693569
000811_jpg.rf.142d78a345147dc179446aa8ec1191ce.jpg,0,0.23934806883335114,0.05910235270857811,0.01942300796508789,0.03235095739364624,0.0019730604253709316
000811_jpg.rf.142d78a345147dc179446aa8ec1191ce.jpg,8,0.4533611536026001,0.2837817668914795,0.01956774666905403,0.027635959908366203,0.001972701633349061
000811_jpg.rf.142d78a345147dc179446aa8ec1191ce.jpg,0,0.4210849702358246,0.2944176197052002,0.011224159970879555,0.021581852808594704,0.0016685017617419362
000811_jpg.rf.142d78a345147dc179446aa8ec1191ce.jpg,8,0.4581339359283447,0.2903927266597748,0.024611767381429672,0.020194292068481445,0.0014885043492540717
000811_jpg.rf.142d78a345147dc179446aa8ec1191ce.jpg,1,0.5194284319877625,0.026354657486081123,0.020780563354492188,0.05134296789765358,0.0014454582706093788
000811_jpg.rf.142d78a345147dc179446aa8ec1191ce.jpg,0,0.907906711101532,0.2386355847120285,0.04417669028043747,0.020669791847467422,0.0014270140090957284
000811_jpg.rf.142d78a345147dc179446aa8ec1191ce.jpg,0,0.17794932425022125,0.25575098395347595,0.020821774378418922,0.02247318997979164,0.0013292268849909306
000811_jpg.rf.142d78a345147dc179446aa8ec1191ce.jpg,6,0.30131790041923523,0.38761433959007263,0.012811367399990559,0.04018464684486389,0.0012265765108168125
000811_jpg.rf.142d78a345147dc179446aa8ec1191ce.jpg,1,0.23586615920066833,0.052857905626297,0.01998697780072689,0.04369254410266876,0.0011761737987399101
000811_jpg.rf.142d78a345147dc179446aa8ec1191ce.jpg,1,0.6861953735351562,0.23431138694286346,0.019695209339261055,0.06544608622789383,0.0008975373348221183
000811_jpg.rf.142d78a345147dc179446aa8ec1191ce.jpg,1,0.6094821691513062,0.5125280022621155,0.5165449976921082,0.8178752064704895,0.0008546155295334756
000811_jpg.rf.142d78a345147dc179446aa8ec1191ce.jpg,1,0.516032338142395,0.2836062014102936,0.015157479792833328,0.055061765015125275,0.0008356696926057339
000811_jpg.rf.142d78a345147dc179446aa8ec1191ce.jpg,7,0.28473424911499023,0.2893151044845581,0.02098884992301464,0.042345013469457626,0.0007461121422238648
000811_jpg.rf.142d78a345147dc179446aa8ec1191ce.jpg,8,0.524616539478302,0.2837315499782562,0.020970895886421204,0.04156342148780823,0.0006891103112138808
000811_jpg.rf.142d78a345147dc179446aa8ec1191ce.jpg,1,0.5677157640457153,0.1415250450372696,0.018827660009264946,0.05436866357922554,0.0005663089687004685
000811_jpg.rf.142d78a345147dc179446aa8ec1191ce.jpg,0,0.33354055881500244,0.3876418173313141,0.011646417900919914,0.03622576221823692,0.0005377336638048291
000811_jpg.rf.142d78a345147dc179446aa8ec1191ce.jpg,0,0.9944115877151489,0.028826728463172913,0.011176916770637035,0.057653456926345825,0.0005337215843610466
000811_jpg.rf.142d78a345147dc179446aa8ec1191ce.jpg,1,0.28424057364463806,0.28594809770584106,0.020678667351603508,0.04295116290450096,0.0005260223988443613
000811_jpg.rf.142d78a345147dc179446aa8ec1191ce.jpg,1,0.3002353608608246,0.2884170711040497,0.013322354294359684,0.04782544821500778,0.0005254095303826034
000811_jpg.rf.142d78a345147dc179446aa8ec1191ce.jpg,10,0.46884623169898987,0.2959001362323761,0.020226700231432915,0.027611587196588516,0.0005152809317223728
000811_jpg.rf.142d78a345147dc179446aa8ec1191ce.jpg,5,0.29711541533470154,0.3873058259487152,0.014040268957614899,0.04349011927843094,0.000501301372423768
000815_jpg.rf.29afabe5f464c19bf77856ba5a90bd1e.jpg,8,0.6433653235435486,0.5757198333740234,0.21408110857009888,0.3139103949069977,0.9743276238441467
000815_jpg.rf.29afabe5f464c19bf77856ba5a90bd1e.jpg,8,0.644964873790741,0.1408149152994156,0.1732289344072342,0.10287850350141525,0.07764118164777756
000815_jpg.rf.29afabe5f464c19bf77856ba5a90bd1e.jpg,8,0.6528521776199341,0.11221203953027725,0.49139001965522766,0.2244240790605545,0.003491879440844059
000815_jpg.rf.29afabe5f464c19bf77856ba5a90bd1e.jpg,8,0.6497328877449036,0.15898646414279938,0.10572437196969986,0.07528796046972275,0.002186923287808895
000815_jpg.rf.29afabe5f464c19bf77856ba5a90bd1e.jpg,1,0.3670368194580078,0.4224095046520233,0.04397755488753319,0.023682851344347,0.0009324777638539672
000815_jpg.rf.29afabe5f464c19bf77856ba5a90bd1e.jpg,1,0.26369041204452515,0.329368531703949,0.02002549171447754,0.022914044559001923,0.000840516877360642
000815_jpg.rf.29afabe5f464c19bf77856ba5a90bd1e.jpg,9,0.2631797194480896,0.32858309149742126,0.02277079038321972,0.02410852164030075,0.0005594082758761942
000822_jpg.rf.63b8e6ec737487b4e7e9e2ed48754226.jpg,13,0.6476478576660156,0.7371795773506165,0.10511582344770432,0.15841242671012878,0.9719958305358887
000822_jpg.rf.63b8e6ec737487b4e7e9e2ed48754226.jpg,0,0.5924086570739746,0.30603379011154175,0.05209427699446678,0.04457727074623108,0.05827925726771355
000822_jpg.rf.63b8e6ec737487b4e7e9e2ed48754226.jpg,7,0.5921499729156494,0.30510303378105164,0.05290086567401886,0.04332901909947395,0.022210629656910896
000822_jpg.rf.63b8e6ec737487b4e7e9e2ed48754226.jpg,7,0.5617309808731079,0.3127633035182953,0.023232460021972656,0.032291229814291,0.014482813887298107
000822_jpg.rf.63b8e6ec737487b4e7e9e2ed48754226.jpg,10,0.7122190594673157,0.3493909239768982,0.06882022321224213,0.1631653606891632,0.00799618661403656
000822_jpg.rf.63b8e6ec737487b4e7e9e2ed48754226.jpg,8,0.5616022348403931,0.3098258972167969,0.023192040622234344,0.037192896008491516,0.004571350757032633
000822_jpg.rf.63b8e6ec737487b4e7e9e2ed48754226.jpg,10,0.5695260167121887,0.5030097961425781,0.04086388275027275,0.1072167307138443,0.003840208053588867
000822_jpg.rf.63b8e6ec737487b4e7e9e2ed48754226.jpg,8,0.5934522747993469,0.30639371275901794,0.0523931086063385,0.04486870765686035,0.0036781576927751303
000822_jpg.rf.63b8e6ec737487b4e7e9e2ed48754226.jpg,0,0.7329559326171875,0.34404847025871277,0.01706644333899021,0.023632124066352844,0.002678175922483206
000822_jpg.rf.63b8e6ec737487b4e7e9e2ed48754226.jpg,0,0.7338467836380005,0.325188010931015,0.018863385543227196,0.06445479393005371,0.001453474396839738
000822_jpg.rf.63b8e6ec737487b4e7e9e2ed48754226.jpg,0,0.7349794507026672,0.30643588304519653,0.023516876623034477,0.10370546579360962,0.0007181392866186798
000822_jpg.rf.63b8e6ec737487b4e7e9e2ed48754226.jpg,0,0.5577614307403564,0.48995471000671387,0.017553916200995445,0.028660187497735023,0.0005423315451480448
000822_jpg.rf.63b8e6ec737487b4e7e9e2ed48754226.jpg,0,0.5588316917419434,0.4840494394302368,0.021839141845703125,0.05436849966645241,0.0005045277648605406
000825_jpg.rf.dd850d3ac847bd61179c2191ebc02b37.jpg,1,0.31142622232437134,0.26485297083854675,0.011582026258111,0.04912552610039711,0.6087871193885803
000825_jpg.rf.dd850d3ac847bd61179c2191ebc02b37.jpg,1,0.2837040424346924,0.2644518315792084,0.011539184488356113,0.04812950640916824,0.5565394163131714
000825_jpg.rf.dd850d3ac847bd61179c2191ebc02b37.jpg,1,0.6183632612228394,0.2470148801803589,0.013995281420648098,0.0228118896484375,0.3352997303009033
000825_jpg.rf.dd850d3ac847bd61179c2191ebc02b37.jpg,1,0.6170094013214111,0.2688773274421692,0.015236781910061836,0.07177485525608063,0.3076183497905731
000825_jpg.rf.dd850d3ac847bd61179c2191ebc02b37.jpg,1,0.6441866159439087,0.24503913521766663,0.022019533440470695,0.025117600336670876,0.2682068347930908
000825_jpg.rf.dd850d3ac847bd61179c2191ebc02b37.jpg,1,0.6190944314002991,0.2561868131160736,0.014544707722961903,0.04499959945678711,0.12601253390312195
000825_jpg.rf.dd850d3ac847bd61179c2191ebc02b37.jpg,0,0.9907971620559692,0.05782024562358856,0.018405769020318985,0.11545462906360626,0.07990406453609467
000825_jpg.rf.dd850d3ac847bd61179c2191ebc02b37.jpg,1,0.6427238583564758,0.2653302550315857,0.02145400457084179,0.06561402231454849,0.05628034472465515
000825_jpg.rf.dd850d3ac847bd61179c2191ebc02b37.jpg,1,0.6528979539871216,0.24245549738407135,0.030421918258070946,0.020584015175700188,0.048506081104278564
000825_jpg.rf.dd850d3ac847bd61179c2191ebc02b37.jpg,1,0.2835428714752197,0.2721104025840759,0.01672159694135189,0.06737861782312393,0.026517363265156746
000825_jpg.rf.dd850d3ac847bd61179c2191ebc02b37.jpg,0,0.9124442934989929,0.05474231019616127,0.028334839269518852,0.10948462039232254,0.02488105744123459
000825_jpg.rf.dd850d3ac847bd61179c2191ebc02b37.jpg,1,0.28853654861450195,0.2654635012149811,0.011962799355387688,0.051576048135757446,0.020692666992545128
000825_jpg.rf.dd850d3ac847bd61179c2191ebc02b37.jpg,0,0.003607469843700528,0.26875945925712585,0.007213291246443987,0.03089662827551365,0.019486336037516594
000825_jpg.rf.dd850d3ac847bd61179c2191ebc02b37.jpg,1,0.4929744601249695,0.3953568637371063,0.01732976734638214,0.013285967521369457,0.018626926466822624
000825_jpg.rf.dd850d3ac847bd61179c2191ebc02b37.jpg,1,0.9905368089675903,0.05828169360756874,0.018926400691270828,0.11656338721513748,0.017458362504839897
000825_jpg.rf.dd850d3ac847bd61179c2191ebc02b37.jpg,0,0.569919228553772,0.28215208649635315,0.014505790546536446,0.06873364001512527,0.0168492179363966
000825_jpg.rf.dd850d3ac847bd61179c2191ebc02b37.jpg,1,0.6390348672866821,0.2528958320617676,0.029639832675457,0.03975430130958557,0.013957829214632511
000825_jpg.rf.dd850d3ac847bd61179c2191ebc02b37.jpg,0,0.65350341796875,0.24257172644138336,0.029414178803563118,0.021075671538710594,0.010652138851583004
000825_jpg.rf.dd850d3ac847bd61179c2191ebc02b37.jpg,1,0.6297171711921692,0.2687785029411316,0.019457891583442688,0.0691290870308876,0.009718718938529491
000825_jpg.rf.dd850d3ac847bd61179c2191ebc02b37.jpg,1,0.6485235095024109,0.25997087359428406,0.020962495356798172,0.05142197385430336,0.006799482740461826
000825_jpg.rf.dd850d3ac847bd61179c2191ebc02b37.jpg,1,0.6348078846931458,0.48810872435569763,0.02571817673742771,0.10544890910387039,0.006766215432435274
000825_jpg.rf.dd850d3ac847bd61179c2191ebc02b37.jpg,1,0.9118301868438721,0.022325392812490463,0.02069818042218685,0.04453881084918976,0.005888388026505709
000825_jpg.rf.dd850d3ac847bd61179c2191ebc02b37.jpg,1,0.9112213850021362,0.04282407462596893,0.022793550044298172,0.08564814925193787,0.005092176608741283
000825_jpg.rf.dd850d3ac847bd61179c2191ebc02b37.jpg,0,0.8733792901039124,0.22668993473052979,0.011025062762200832,0.018686771392822266,0.004919384140521288
000825_jpg.rf.dd850d3ac847bd61179c2191ebc02b37.jpg,0,0.9904717803001404,0.0293046273291111,0.01817857287824154,0.05787321925163269,0.00458940863609314
000825_jpg.rf.dd850d3ac847bd61179c2191ebc02b37.jpg,1,0.3053126037120819,0.26366451382637024,0.012869358994066715,0.046020932495594025,0.004308088216930628
000825_jpg.rf.dd850d3ac847bd61179c2191ebc02b37.jpg,1,0.29282617568969727,0.2637970447540283,0.01303135510534048,0.03896942734718323,0.004061480052769184
000825_jpg.rf.dd850d3ac847bd61179c2191ebc02b37.jpg,0,0.4448908865451813,0.2888699173927307,0.011935161426663399,0.013465294614434242,0.003575496608391404
000825_jpg.rf.dd850d3ac847bd61179c2191ebc02b37.jpg,0,0.8524807095527649,0.2576921582221985,0.00928365346044302,0.021007537841796875,0.0034878216683864594
000825_jpg.rf.dd850d3ac847bd61179c2191ebc02b37.jpg,0,0.5077409744262695,0.3839813470840454,0.010871483944356441,0.015612015500664711,0.0034274680074304342
000825_jpg.rf.dd850d3ac847bd61179c2191ebc02b37.jpg,1,0.6914482116699219,0.48016661405563354,0.02622685208916664,0.06122996658086777,0.00340032996609807
000825_jpg.rf.dd850d3ac847bd61179c2191ebc02b37.jpg,0,0.8818364143371582,0.22655406594276428,0.011445999145507812,0.02096346765756607,0.0020461485255509615
000825_jpg.rf.dd850d3ac847bd61179c2191ebc02b37.jpg,0,0.44007134437561035,0.28953588008880615,0.014059544540941715,0.01282739732414484,0.0018142289482057095
000825_jpg.rf.dd850d3ac847bd61179c2191ebc02b37.jpg,0,0.7327365875244141,0.19025319814682007,0.05431534722447395,0.025791333988308907,0.001565491664223373
000825_jpg.rf.dd850d3ac847bd61179c2191ebc02b37.jpg,0,0.9618887305259705,0.04962507635354996,0.07368051260709763,0.09917566180229187,0.0015524848131462932
000825_jpg.rf.dd850d3ac847bd61179c2191ebc02b37.jpg,1,0.4523601830005646,0.4725719094276428,0.0160711370408535,0.036924656480550766,0.001450224663130939
000825_jpg.rf.dd850d3ac847bd61179c2191ebc02b37.jpg,1,0.5347700119018555,0.4671444594860077,0.01303346361964941,0.029828328639268875,0.0013236714294180274
000825_jpg.rf.dd850d3ac847bd61179c2191ebc02b37.jpg,1,0.6257354617118835,0.24514827132225037,0.027692759409546852,0.02958717755973339,0.0012601393973454833
000825_jpg.rf.dd850d3ac847bd61179c2191ebc02b37.jpg,0,0.0071918535977602005,0.2686433494091034,0.013687165454030037,0.03423294797539711,0.0011281536426395178
000825_jpg.rf.dd850d3ac847bd61179c2191ebc02b37.jpg,0,0.6626502275466919,0.24184928834438324,0.029168423265218735,0.02181229367852211,0.001102921087294817
000825_jpg.rf.dd850d3ac847bd61179c2191ebc02b37.jpg,0,0.7428956031799316,0.1957230567932129,0.06730586290359497,0.03977174311876297,0.0010140163358300924
000825_jpg.rf.dd850d3ac847bd61179c2191ebc02b37.jpg,0,0.9834516644477844,0.0906093418598175,0.028387658298015594,0.13883160054683685,0.0009930931264534593
000825_jpg.rf.dd850d3ac847bd61179c2191ebc02b37.jpg,1,0.6354406476020813,0.4467530846595764,0.016389407217502594,0.022588547319173813,0.0008319236803799868
000825_jpg.rf.dd850d3ac847bd61179c2191ebc02b37.jpg,5,0.9376343488693237,0.4608689248561859,0.12198639661073685,0.1393270492553711,0.0007680495036765933
000825_jpg.rf.dd850d3ac847bd61179c2191ebc02b37.jpg,1,0.4956825077533722,0.4065810739994049,0.020296867936849594,0.02944260463118553,0.0007439898909069598
000825_jpg.rf.dd850d3ac847bd61179c2191ebc02b37.jpg,1,0.8277055621147156,0.5164896845817566,0.04437541961669922,0.03493976593017578,0.0007263009320013225
000825_jpg.rf.dd850d3ac847bd61179c2191ebc02b37.jpg,7,0.6410836577415466,0.26752689480781555,0.023471245542168617,0.06912989169359207,0.0007019084878265858
000825_jpg.rf.dd850d3ac847bd61179c2191ebc02b37.jpg,0,0.8219425678253174,0.16766616702079773,0.030012499541044235,0.020619796589016914,0.0006932165706530213
000825_jpg.rf.dd850d3ac847bd61179c2191ebc02b37.jpg,1,0.5010330080986023,0.39497193694114685,0.023875053972005844,0.014190711081027985,0.0006728845764882863
000825_jpg.rf.dd850d3ac847bd61179c2191ebc02b37.jpg,5,0.5367302894592285,0.46497365832328796,0.012338821776211262,0.025233857333660126,0.0006539096357300878
000825_jpg.rf.dd850d3ac847bd61179c2191ebc02b37.jpg,0,0.8688477277755737,0.30017170310020447,0.010239968076348305,0.02083074115216732,0.0006232947926037014
000825_jpg.rf.dd850d3ac847bd61179c2191ebc02b37.jpg,0,0.8437982797622681,0.27784615755081177,0.0069927070289850235,0.01937374845147133,0.0005981760332360864
000825_jpg.rf.dd850d3ac847bd61179c2191ebc02b37.jpg,0,0.8072237372398376,0.17767885327339172,0.014648438431322575,0.018846988677978516,0.0005470445030368865
000825_jpg.rf.dd850d3ac847bd61179c2191ebc02b37.jpg,0,0.5827651619911194,0.2840815484523773,0.024507999420166016,0.052843865007162094,0.0005367573467083275
000825_jpg.rf.dd850d3ac847bd61179c2191ebc02b37.jpg,0,0.8477528095245361,0.2596992552280426,0.012196981348097324,0.025192445144057274,0.0005342348595149815
000825_jpg.rf.dd850d3ac847bd61179c2191ebc02b37.jpg,14,0.8472375273704529,0.34805530309677124,0.027915002778172493,0.026579858735203743,0.000533360755071044
000825_jpg.rf.dd850d3ac847bd61179c2191ebc02b37.jpg,1,0.8577724695205688,0.5052469968795776,0.2844550907611847,0.8268228769302368,0.0005313858273439109
000825_jpg.rf.dd850d3ac847bd61179c2191ebc02b37.jpg,0,0.9887627959251404,0.13219185173511505,0.022474436089396477,0.022472355514764786,0.0005278027965687215
000825_jpg.rf.dd850d3ac847bd61179c2191ebc02b37.jpg,0,0.25726309418678284,0.2614014744758606,0.012226875871419907,0.021132230758666992,0.0005017390358261764
000831_jpg.rf.09392428bf69f0de8c937caec3590319.jpg,7,0.5066291093826294,0.3865368068218231,0.08526141941547394,0.1676912158727646,0.9532333612442017
000831_jpg.rf.09392428bf69f0de8c937caec3590319.jpg,7,0.5055035352706909,0.16354182362556458,0.08256127685308456,0.16835199296474457,0.9474208354949951
000831_jpg.rf.09392428bf69f0de8c937caec3590319.jpg,9,0.5049084424972534,0.16334252059459686,0.08184110373258591,0.1655077040195465,0.6398470401763916
000831_jpg.rf.09392428bf69f0de8c937caec3590319.jpg,10,0.506285548210144,0.3863760530948639,0.08063896000385284,0.17181120812892914,0.4669448435306549
000831_jpg.rf.09392428bf69f0de8c937caec3590319.jpg,1,0.19691859185695648,0.005565773230046034,0.09702283143997192,0.011028805747628212,0.39759621024131775
000831_jpg.rf.09392428bf69f0de8c937caec3590319.jpg,1,0.9762661457061768,0.3371719419956207,0.04712376371026039,0.058718353509902954,0.03576105087995529
000831_jpg.rf.09392428bf69f0de8c937caec3590319.jpg,1,0.988743007183075,0.3364098370075226,0.0225139781832695,0.052527062594890594,0.016952069476246834
000831_jpg.rf.09392428bf69f0de8c937caec3590319.jpg,8,0.643488347530365,0.011247353628277779,0.06996995210647583,0.02202305942773819,0.009987152181565762
000831_jpg.rf.09392428bf69f0de8c937caec3590319.jpg,0,0.9889931678771973,0.3334871232509613,0.021658532321453094,0.04852757230401039,0.003303329460322857
000831_jpg.rf.09392428bf69f0de8c937caec3590319.jpg,7,0.9869450926780701,0.33687350153923035,0.02610991708934307,0.05203859880566597,0.0016443806234747171
000831_jpg.rf.09392428bf69f0de8c937caec3590319.jpg,0,0.9849965572357178,0.5333168506622314,0.011947852559387684,0.022375106811523438,0.0013749399222433567
000831_jpg.rf.09392428bf69f0de8c937caec3590319.jpg,7,0.5019626617431641,0.6182946562767029,0.1055365726351738,0.6315987706184387,0.00113566848449409
000831_jpg.rf.09392428bf69f0de8c937caec3590319.jpg,7,0.5070896148681641,0.2525891959667206,0.09024661034345627,0.3430488407611847,0.0011301839258521795
000831_jpg.rf.09392428bf69f0de8c937caec3590319.jpg,1,0.19555731117725372,0.0125076649710536,0.09307928383350372,0.0250153299421072,0.001129272859543562
000831_jpg.rf.09392428bf69f0de8c937caec3590319.jpg,1,0.04978169873356819,0.6314082145690918,0.025086574256420135,0.13913390040397644,0.0007906330283731222
000831_jpg.rf.09392428bf69f0de8c937caec3590319.jpg,14,0.4370221197605133,0.5580541491508484,0.01752721332013607,0.023228462785482407,0.0007114777690730989
000831_jpg.rf.09392428bf69f0de8c937caec3590319.jpg,0,0.986979603767395,0.5297727584838867,0.018334610387682915,0.03330421447753906,0.0006996965385042131
000831_jpg.rf.09392428bf69f0de8c937caec3590319.jpg,8,0.9866582155227661,0.3333764970302582,0.022755403071641922,0.06331145018339157,0.0005879370728507638
000831_jpg.rf.09392428bf69f0de8c937caec3590319.jpg,1,0.17332997918128967,0.004367413464933634,0.06889525055885315,0.008641553111374378,0.000576313934288919
000833_jpg.rf.a774fb7c4620c050e43d66a0062137af.jpg,11,0.737504780292511,0.4449562728404999,0.07566232234239578,0.1577911376953125,0.9779731631278992
000833_jpg.rf.a774fb7c4620c050e43d66a0062137af.jpg,11,0.7012185454368591,0.44307878613471985,0.15424346923828125,0.16210050880908966,0.010441449470818043
000833_jpg.rf.a774fb7c4620c050e43d66a0062137af.jpg,13,0.3346218168735504,0.3511792719364166,0.01140957698225975,0.04931945353746414,0.007191330194473267
000833_jpg.rf.a774fb7c4620c050e43d66a0062137af.jpg,9,0.3345019519329071,0.3341178894042969,0.015305849723517895,0.020730532705783844,0.00427432032302022
000833_jpg.rf.a774fb7c4620c050e43d66a0062137af.jpg,1,0.3314589858055115,0.3311058282852173,0.013573097065091133,0.01682109199464321,0.0032793681602925062
000833_jpg.rf.a774fb7c4620c050e43d66a0062137af.jpg,4,0.7392692565917969,0.4474060535430908,0.07474980503320694,0.15115052461624146,0.0021341536194086075
000833_jpg.rf.a774fb7c4620c050e43d66a0062137af.jpg,1,0.3332206904888153,0.3426826298236847,0.011136936023831367,0.03555147722363472,0.002126077888533473
000833_jpg.rf.a774fb7c4620c050e43d66a0062137af.jpg,9,0.33368808031082153,0.3486365079879761,0.01151763554662466,0.043408650904893875,0.0014129518531262875
000833_jpg.rf.a774fb7c4620c050e43d66a0062137af.jpg,11,0.838641881942749,0.4762217700481415,0.3227163553237915,0.3853790760040283,0.0006937673897482455
000833_jpg.rf.a774fb7c4620c050e43d66a0062137af.jpg,11,0.7438029050827026,0.5736408233642578,0.1967678815126419,0.4134880602359772,0.0006268686847761273
000836_jpg.rf.c262dc2f875c2d27c5358091bec7f23c.jpg,13,0.8794548511505127,0.1348259449005127,0.13941112160682678,0.2563345730304718,0.9491304755210876
000836_jpg.rf.c262dc2f875c2d27c5358091bec7f23c.jpg,12,0.6162651181221008,0.6822930574417114,0.6824702620506287,0.6354140043258667,0.045801792293787
000836_jpg.rf.c262dc2f875c2d27c5358091bec7f23c.jpg,3,0.18302103877067566,0.22524288296699524,0.028406089171767235,0.054389845579862595,0.016930431127548218
000836_jpg.rf.c262dc2f875c2d27c5358091bec7f23c.jpg,4,0.03264265134930611,0.0614917054772377,0.03105238452553749,0.05081546679139137,0.013125428929924965
000836_jpg.rf.c262dc2f875c2d27c5358091bec7f23c.jpg,3,0.2160816639661789,0.22426655888557434,0.027678582817316055,0.04909328371286392,0.009672590531408787
000836_jpg.rf.c262dc2f875c2d27c5358091bec7f23c.jpg,4,0.1823890060186386,0.2245042622089386,0.027418026700615883,0.05462637543678284,0.0064971307292580605
000836_jpg.rf.c262dc2f875c2d27c5358091bec7f23c.jpg,0,0.48266899585723877,0.5781565308570862,0.9333490133285522,0.8436869978904724,0.006289276294410229
000836_jpg.rf.c262dc2f875c2d27c5358091bec7f23c.jpg,4,0.2152974158525467,0.22395208477973938,0.026695435866713524,0.05067968741059303,0.004690903704613447
000836_jpg.rf.c262dc2f875c2d27c5358091bec7f23c.jpg,5,0.03145713731646538,0.07288264483213425,0.03177028149366379,0.07646125555038452,0.0016021485207602382
000836_jpg.rf.c262dc2f875c2d27c5358091bec7f23c.jpg,5,0.18329262733459473,0.22414179146289825,0.030139777809381485,0.0530233234167099,0.0014901813119649887
000836_jpg.rf.c262dc2f875c2d27c5358091bec7f23c.jpg,1,0.8689923286437988,0.6881727576255798,0.25981199741363525,0.6024203300476074,0.0012995728757232428
000836_jpg.rf.c262dc2f875c2d27c5358091bec7f23c.jpg,4,0.47129347920417786,0.2202524095773697,0.028706662356853485,0.046480271965265274,0.0009797231759876013
000836_jpg.rf.c262dc2f875c2d27c5358091bec7f23c.jpg,4,0.5000251531600952,0.22193802893161774,0.021458333358168602,0.04911443218588829,0.0008534594671800733
000836_jpg.rf.c262dc2f875c2d27c5358091bec7f23c.jpg,14,0.269134521484375,0.07831298559904099,0.0364474356174469,0.03728416562080383,0.0007849946268834174
000836_jpg.rf.c262dc2f875c2d27c5358091bec7f23c.jpg,5,0.19409550726413727,0.765371561050415,0.38760149478912354,0.4692569375038147,0.0007126052514649928
000836_jpg.rf.c262dc2f875c2d27c5358091bec7f23c.jpg,11,0.031920719891786575,0.06869133561849594,0.029717354103922844,0.06666510552167892,0.0006827592151239514
000836_jpg.rf.c262dc2f875c2d27c5358091bec7f23c.jpg,1,0.5970607399940491,0.6054512858390808,0.6126400828361511,0.768446147441864,0.0006533312844112515
000836_jpg.rf.c262dc2f875c2d27c5358091bec7f23c.jpg,14,0.1147308424115181,0.08656124025583267,0.0703650563955307,0.05012911930680275,0.0005782325752079487
000836_jpg.rf.c262dc2f875c2d27c5358091bec7f23c.jpg,14,0.2794226109981537,0.08476736396551132,0.04041576385498047,0.05062273144721985,0.0005687772645615041
000841_jpg.rf.82ac37a263cc3771094f878f75519d3c.jpg,7,0.7102905511856079,0.6106135249137878,0.2817569375038147,0.42544686794281006,0.95844566822052
000841_jpg.rf.82ac37a263cc3771094f878f75519d3c.jpg,11,0.6375399827957153,0.2596946060657501,0.14594973623752594,0.21410858631134033,0.0010149030713364482
000841_jpg.rf.82ac37a263cc3771094f878f75519d3c.jpg,3,0.23593975603580475,0.6197274327278137,0.4718795120716095,0.7605451941490173,0.0005814202013425529
000854_JPG_jpg.rf.c2dbb2abedf6e49d74effc7a8945ed99.jpg,0,0.03746062144637108,0.4199165999889374,0.07492124289274216,0.0379144623875618,0.8643147945404053
000854_JPG_jpg.rf.c2dbb2abedf6e49d74effc7a8945ed99.jpg,0,0.8393460512161255,0.30515438318252563,0.07777801156044006,0.03783312439918518,0.7908551096916199
000854_JPG_jpg.rf.c2dbb2abedf6e49d74effc7a8945ed99.jpg,0,0.6015015840530396,0.30320626497268677,0.022932346910238266,0.12335257232189178,0.3506302237510681
000854_JPG_jpg.rf.c2dbb2abedf6e49d74effc7a8945ed99.jpg,0,0.5608420968055725,0.5671190619468689,0.029317563399672508,0.01360827311873436,0.056512173265218735
000854_JPG_jpg.rf.c2dbb2abedf6e49d74effc7a8945ed99.jpg,0,0.9934298992156982,0.4203318953514099,0.01298141572624445,0.056035999208688736,0.04792702570557594
000854_JPG_jpg.rf.c2dbb2abedf6e49d74effc7a8945ed99.jpg,0,0.5555400848388672,0.5706436634063721,0.021591590717434883,0.013121532276272774,0.04130909591913223
000854_JPG_jpg.rf.c2dbb2abedf6e49d74effc7a8945ed99.jpg,0,0.7734218239784241,0.21169184148311615,0.05575979873538017,0.03267365321516991,0.040913451462984085
000854_JPG_jpg.rf.c2dbb2abedf6e49d74effc7a8945ed99.jpg,0,0.28112372756004333,0.2774363160133362,0.03469700366258621,0.06604917347431183,0.023732278496026993
000854_JPG_jpg.rf.c2dbb2abedf6e49d74effc7a8945ed99.jpg,0,0.7460161447525024,0.479501336812973,0.046776700764894485,0.02312983013689518,0.017758643254637718
000854_JPG_jpg.rf.c2dbb2abedf6e49d74effc7a8945ed99.jpg,0,0.7182207107543945,0.5641024708747864,0.038221947848796844,0.020077228546142578,0.012450586073100567
000854_JPG_jpg.rf.c2dbb2abedf6e49d74effc7a8945ed99.jpg,0,0.34564775228500366,0.5890110731124878,0.02443522773683071,0.013535096310079098,0.011658399365842342
000854_JPG_jpg.rf.c2dbb2abedf6e49d74effc7a8945ed99.jpg,0,0.5565372109413147,0.576073169708252,0.021716706454753876,0.013220604509115219,0.005624477285891771
000854_JPG_jpg.rf.c2dbb2abedf6e49d74effc7a8945ed99.jpg,0,0.7764700651168823,0.5586828589439392,0.02536032907664776,0.032050132751464844,0.0044786627404391766
000854_JPG_jpg.rf.c2dbb2abedf6e49d74effc7a8945ed99.jpg,0,0.7391674518585205,0.5608251690864563,0.04320680350065231,0.02477014996111393,0.00391856674104929
000854_JPG_jpg.rf.c2dbb2abedf6e49d74effc7a8945ed99.jpg,1,0.3046674430370331,0.49106428027153015,0.01783125288784504,0.021674523130059242,0.003314392874017358
000854_JPG_jpg.rf.c2dbb2abedf6e49d74effc7a8945ed99.jpg,0,0.34661242365837097,0.5849061012268066,0.025771912187337875,0.012450695037841797,0.0030795668717473745
000854_JPG_jpg.rf.c2dbb2abedf6e49d74effc7a8945ed99.jpg,0,0.7359717488288879,0.46985507011413574,0.03558540344238281,0.020188111811876297,0.002728186547756195
000854_JPG_jpg.rf.c2dbb2abedf6e49d74effc7a8945ed99.jpg,0,0.6655182838439941,0.565707802772522,0.029068654403090477,0.016632666811347008,0.0019972524605691433
000854_JPG_jpg.rf.c2dbb2abedf6e49d74effc7a8945ed99.jpg,14,0.18859973549842834,0.4797550439834595,0.05399344861507416,0.07218533754348755,0.0017004082910716534
000854_JPG_jpg.rf.c2dbb2abedf6e49d74effc7a8945ed99.jpg,0,0.11803246289491653,0.5422533750534058,0.03444061800837517,0.022620677947998047,0.0015738223446533084
000854_JPG_jpg.rf.c2dbb2abedf6e49d74effc7a8945ed99.jpg,0,0.6983785033226013,0.5643229484558105,0.023664109408855438,0.015484699979424477,0.0015702374512329698
000854_JPG_jpg.rf.c2dbb2abedf6e49d74effc7a8945ed99.jpg,0,0.5705604553222656,0.5708655118942261,0.04228610545396805,0.013207546435296535,0.0015225042589008808
000854_JPG_jpg.rf.c2dbb2abedf6e49d74effc7a8945ed99.jpg,0,0.5567070245742798,0.5625139474868774,0.022621888667345047,0.019939055666327477,0.0013115678448230028
000854_JPG_jpg.rf.c2dbb2abedf6e49d74effc7a8945ed99.jpg,0,0.017433643341064453,0.1763189136981964,0.03128603473305702,0.17929048836231232,0.0012959853047505021
000854_JPG_jpg.rf.c2dbb2abedf6e49d74effc7a8945ed99.jpg,0,0.7593600749969482,0.47414466738700867,0.028061646968126297,0.030184563249349594,0.0012721604434773326
000854_JPG_jpg.rf.c2dbb2abedf6e49d74effc7a8945ed99.jpg,0,0.730575442314148,0.48849231004714966,0.06333102285861969,0.020131882280111313,0.0011740386253222823
000854_JPG_jpg.rf.c2dbb2abedf6e49d74effc7a8945ed99.jpg,0,0.9906927347183228,0.4143652617931366,0.018283037468791008,0.08207090198993683,0.0011551808565855026
000854_JPG_jpg.rf.c2dbb2abedf6e49d74effc7a8945ed99.jpg,8,0.28040677309036255,0.2856105864048004,0.02952023781836033,0.046186815947294235,0.0010406312067061663
000854_JPG_jpg.rf.c2dbb2abedf6e49d74effc7a8945ed99.jpg,0,0.7281449437141418,0.4790269732475281,0.039411839097738266,0.016187118366360664,0.001007835497148335
000854_JPG_jpg.rf.c2dbb2abedf6e49d74effc7a8945ed99.jpg,0,0.5602152347564697,0.5557628870010376,0.027144139632582664,0.020803745836019516,0.0009705847478471696
000854_JPG_jpg.rf.c2dbb2abedf6e49d74effc7a8945ed99.jpg,0,0.8738431334495544,0.30388855934143066,0.02842675894498825,0.046593740582466125,0.0009432367514818907
000854_JPG_jpg.rf.c2dbb2abedf6e49d74effc7a8945ed99.jpg,0,0.23091073334217072,0.6314573287963867,0.02974594756960869,0.011395088396966457,0.0008101892890408635
000854_JPG_jpg.rf.c2dbb2abedf6e49d74effc7a8945ed99.jpg,1,0.9907403588294983,0.714986264705658,0.018266677856445312,0.016681671142578125,0.0007947186823002994
000854_JPG_jpg.rf.c2dbb2abedf6e49d74effc7a8945ed99.jpg,0,0.2776392996311188,0.2567322850227356,0.05292043462395668,0.11388670653104782,0.000744571618270129
000854_JPG_jpg.rf.c2dbb2abedf6e49d74effc7a8945ed99.jpg,10,0.4625488519668579,0.6550328135490417,0.031234486028552055,0.016178498044610023,0.000740094284992665
000854_JPG_jpg.rf.c2dbb2abedf6e49d74effc7a8945ed99.jpg,12,0.28230881690979004,0.27751976251602173,0.04153693839907646,0.06858624517917633,0.0007330165826715529
000854_JPG_jpg.rf.c2dbb2abedf6e49d74effc7a8945ed99.jpg,0,0.6588005423545837,0.5690780878067017,0.033756405115127563,0.01386356446892023,0.0006578884203918278
000854_JPG_jpg.rf.c2dbb2abedf6e49d74effc7a8945ed99.jpg,0,0.9947879910469055,0.2927951514720917,0.01039240974932909,0.05811280757188797,0.0006160825141705573
000854_JPG_jpg.rf.c2dbb2abedf6e49d74effc7a8945ed99.jpg,0,0.15292587876319885,0.49342435598373413,0.019709056243300438,0.015874385833740234,0.000603445281740278
000854_JPG_jpg.rf.c2dbb2abedf6e49d74effc7a8945ed99.jpg,0,0.27425116300582886,0.5281236171722412,0.026549670845270157,0.01679765246808529,0.0005970277707092464
000854_JPG_jpg.rf.c2dbb2abedf6e49d74effc7a8945ed99.jpg,0,0.5753628015518188,0.566960334777832,0.03767538070678711,0.013175121508538723,0.0005553758819587529
000854_JPG_jpg.rf.c2dbb2abedf6e49d74effc7a8945ed99.jpg,0,0.6442951560020447,0.5804927945137024,0.02567027322947979,0.008328144438564777,0.0005147986230440438
000860_jpg.rf.96ab0958df78e7af07071f6d1dd7b6e6.jpg,1,0.2928515374660492,0.22009876370429993,0.014919373206794262,0.05937928706407547,0.7093743085861206
000860_jpg.rf.96ab0958df78e7af07071f6d1dd7b6e6.jpg,1,0.25804421305656433,0.22297467291355133,0.014704191125929356,0.05940699949860573,0.7090386152267456
000860_jpg.rf.96ab0958df78e7af07071f6d1dd7b6e6.jpg,1,0.6868686079978943,0.2060025930404663,0.01346954982727766,0.04596039280295372,0.3128325343132019
000860_jpg.rf.96ab0958df78e7af07071f6d1dd7b6e6.jpg,1,0.7212858200073242,0.21131427586078644,0.014699936844408512,0.061586473137140274,0.2313787341117859
000860_jpg.rf.96ab0958df78e7af07071f6d1dd7b6e6.jpg,1,0.08344919979572296,0.35705381631851196,0.009548417292535305,0.029184121638536453,0.168420672416687
000860_jpg.rf.96ab0958df78e7af07071f6d1dd7b6e6.jpg,0,0.888399600982666,0.15810833871364594,0.013249031268060207,0.035924188792705536,0.10615741461515427
000860_jpg.rf.96ab0958df78e7af07071f6d1dd7b6e6.jpg,1,0.7187886238098145,0.20237696170806885,0.011437416076660156,0.041133277118206024,0.07848969101905823
000860_jpg.rf.96ab0958df78e7af07071f6d1dd7b6e6.jpg,1,0.27549299597740173,0.22174958884716034,0.025421621277928352,0.05411577597260475,0.0609818659722805
000860_jpg.rf.96ab0958df78e7af07071f6d1dd7b6e6.jpg,1,0.26611679792404175,0.2206421047449112,0.016335342079401016,0.05694178491830826,0.02503810077905655
000860_jpg.rf.96ab0958df78e7af07071f6d1dd7b6e6.jpg,0,0.7455602288246155,0.20358353853225708,0.013444607146084309,0.022009098902344704,0.02446189895272255
000860_jpg.rf.96ab0958df78e7af07071f6d1dd7b6e6.jpg,1,0.2838495671749115,0.21990804374217987,0.016870077699422836,0.053075022995471954,0.022385815158486366
000860_jpg.rf.96ab0958df78e7af07071f6d1dd7b6e6.jpg,1,0.6878743171691895,0.22790220379829407,0.02099616825580597,0.09445309638977051,0.019885094836354256
000860_jpg.rf.96ab0958df78e7af07071f6d1dd7b6e6.jpg,0,0.7498460412025452,0.1959569752216339,0.008579547517001629,0.03497631847858429,0.008655417710542679
000860_jpg.rf.96ab0958df78e7af07071f6d1dd7b6e6.jpg,0,0.8905167579650879,0.28379663825035095,0.01372029259800911,0.03376749902963638,0.006044123787432909
000860_jpg.rf.96ab0958df78e7af07071f6d1dd7b6e6.jpg,0,0.7408046722412109,0.20681340992450714,0.014880474656820297,0.023853762075304985,0.00589999184012413
000860_jpg.rf.96ab0958df78e7af07071f6d1dd7b6e6.jpg,0,0.007866142317652702,0.19587458670139313,0.014843449927866459,0.032621294260025024,0.002261154819279909
000860_jpg.rf.96ab0958df78e7af07071f6d1dd7b6e6.jpg,0,0.01116627361625433,0.19521895051002502,0.02143930271267891,0.04530862718820572,0.0022452594712376595
000860_jpg.rf.96ab0958df78e7af07071f6d1dd7b6e6.jpg,1,0.711462140083313,0.207881897687912,0.01487849373370409,0.041066646575927734,0.0021746887359768152
000860_jpg.rf.96ab0958df78e7af07071f6d1dd7b6e6.jpg,12,0.26839572191238403,0.11797309666872025,0.5367914438247681,0.2349708378314972,0.0019332689698785543
000860_jpg.rf.96ab0958df78e7af07071f6d1dd7b6e6.jpg,1,0.7214802503585815,0.234470933675766,0.016159644350409508,0.09640684723854065,0.0018858585972338915
000860_jpg.rf.96ab0958df78e7af07071f6d1dd7b6e6.jpg,0,0.39411941170692444,0.2651199400424957,0.009578044526278973,0.013660816475749016,0.0015108933439478278
000860_jpg.rf.96ab0958df78e7af07071f6d1dd7b6e6.jpg,12,0.21765710413455963,0.3072335124015808,0.43531420826911926,0.5782397985458374,0.0014347332762554288
000860_jpg.rf.96ab0958df78e7af07071f6d1dd7b6e6.jpg,1,0.7046018838882446,0.21329502761363983,0.016765814274549484,0.04507826268672943,0.0013003498315811157
000860_jpg.rf.96ab0958df78e7af07071f6d1dd7b6e6.jpg,12,0.45101141929626465,0.1346023827791214,0.7763024568557739,0.2684910297393799,0.0012082873145118356
000860_jpg.rf.96ab0958df78e7af07071f6d1dd7b6e6.jpg,0,0.11739232391119003,0.8095868229866028,0.05203241854906082,0.3808263838291168,0.0010360837914049625
000860_jpg.rf.96ab0958df78e7af07071f6d1dd7b6e6.jpg,0,0.1419745534658432,0.20027212798595428,0.009980394504964352,0.036872077733278275,0.001031958730891347
000860_jpg.rf.96ab0958df78e7af07071f6d1dd7b6e6.jpg,7,0.7114877104759216,0.20709611475467682,0.02135694958269596,0.04592466354370117,0.0010112185264006257
000860_jpg.rf.96ab0958df78e7af07071f6d1dd7b6e6.jpg,8,0.8941327333450317,0.2824796736240387,0.01618194580078125,0.03290862590074539,0.0009861458092927933
000860_jpg.rf.96ab0958df78e7af07071f6d1dd7b6e6.jpg,1,0.09603159874677658,0.3569328784942627,0.006944152060896158,0.02490990050137043,0.0009805606678128242
000860_jpg.rf.96ab0958df78e7af07071f6d1dd7b6e6.jpg,0,0.7615780830383301,0.18936681747436523,0.012740355916321278,0.02837659791111946,0.0007924187229946256
000860_jpg.rf.96ab0958df78e7af07071f6d1dd7b6e6.jpg,0,0.1525847613811493,0.2130182385444641,0.01135964598506689,0.025721166282892227,0.000791596423368901
000860_jpg.rf.96ab0958df78e7af07071f6d1dd7b6e6.jpg,0,0.8713608384132385,0.15992861986160278,0.016900649294257164,0.03331289067864418,0.000643894833046943
000860_jpg.rf.96ab0958df78e7af07071f6d1dd7b6e6.jpg,0,0.8911246061325073,0.14792251586914062,0.012469879351556301,0.05483507364988327,0.0006299368687905371
000860_jpg.rf.96ab0958df78e7af07071f6d1dd7b6e6.jpg,0,0.7230702638626099,0.20943066477775574,0.017983069643378258,0.04842153191566467,0.0005561556899920106
000860_jpg.rf.96ab0958df78e7af07071f6d1dd7b6e6.jpg,0,0.9947591423988342,0.1123076006770134,0.010481761768460274,0.022604558616876602,0.000536985055077821
000860_jpg.rf.96ab0958df78e7af07071f6d1dd7b6e6.jpg,12,0.05682375654578209,0.32717838883399963,0.11364751309156418,0.493198037147522,0.000514585932251066
000860_jpg.rf.96ab0958df78e7af07071f6d1dd7b6e6.jpg,5,0.2666468620300293,0.8116052150726318,0.5332937240600586,0.3767896890640259,0.000503911345731467
000860_jpg.rf.96ab0958df78e7af07071f6d1dd7b6e6.jpg,1,0.5717105269432068,0.6306425929069519,0.3901910185813904,0.6445958018302917,0.0005006464780308306
000866_JPG_jpg.rf.585d575b53d2e6e316c8abb2d07e4c17.jpg,0,0.3700188994407654,0.28691667318344116,0.11185859143733978,0.0470321923494339,0.8744184374809265
000866_JPG_jpg.rf.585d575b53d2e6e316c8abb2d07e4c17.jpg,0,0.6865736246109009,0.529187798500061,0.03159097582101822,0.04245926812291145,0.06954824924468994
000866_JPG_jpg.rf.585d575b53d2e6e316c8abb2d07e4c17.jpg,7,0.6858621835708618,0.529342770576477,0.03104877658188343,0.04013223201036453,0.04974193125963211
000866_JPG_jpg.rf.585d575b53d2e6e316c8abb2d07e4c17.jpg,1,0.5919826626777649,0.010107336565852165,0.20076635479927063,0.019818302243947983,0.006225846707820892
000866_JPG_jpg.rf.585d575b53d2e6e316c8abb2d07e4c17.jpg,0,0.518593966960907,0.003907633479684591,0.03049318678677082,0.007758226245641708,0.00510795135051012
000866_JPG_jpg.rf.585d575b53d2e6e316c8abb2d07e4c17.jpg,0,0.9026822447776794,0.5823349356651306,0.019686259329319,0.01711159572005272,0.0034871920943260193
000866_JPG_jpg.rf.585d575b53d2e6e316c8abb2d07e4c17.jpg,0,0.6546333432197571,0.5488511919975281,0.025416595861315727,0.01593131385743618,0.0024767618160694838
000866_JPG_jpg.rf.585d575b53d2e6e316c8abb2d07e4c17.jpg,1,0.5200963616371155,0.004222130868583918,0.03313761577010155,0.00838425476104021,0.0022295305971056223
000866_JPG_jpg.rf.585d575b53d2e6e316c8abb2d07e4c17.jpg,1,0.8202617764472961,0.6099454164505005,0.01248022262006998,0.034810617566108704,0.0012423937441781163
000866_JPG_jpg.rf.585d575b53d2e6e316c8abb2d07e4c17.jpg,1,0.6372855305671692,0.2907313406467438,0.020804405212402344,0.08176016807556152,0.0011722138151526451
000866_JPG_jpg.rf.585d575b53d2e6e316c8abb2d07e4c17.jpg,1,0.5879186391830444,0.005272321403026581,0.2280457615852356,0.010473283007740974,0.0011394054163247347
000866_JPG_jpg.rf.585d575b53d2e6e316c8abb2d07e4c17.jpg,8,0.6865935921669006,0.5301195979118347,0.027448289096355438,0.04249899461865425,0.0010276457760483027
000866_JPG_jpg.rf.585d575b53d2e6e316c8abb2d07e4c17.jpg,0,0.6502876281738281,0.5621536374092102,0.025918154045939445,0.024849122390151024,0.0010038175387308002
000866_JPG_jpg.rf.585d575b53d2e6e316c8abb2d07e4c17.jpg,0,0.5839299559593201,0.010131052695214748,0.24569596350193024,0.020262105390429497,0.0009644833044148982
000866_JPG_jpg.rf.585d575b53d2e6e316c8abb2d07e4c17.jpg,0,0.8356114029884338,0.45895254611968994,0.021894454956054688,0.021467208862304688,0.000918378122150898
000866_JPG_jpg.rf.585d575b53d2e6e316c8abb2d07e4c17.jpg,0,0.9914956092834473,0.5471689105033875,0.01700878143310547,0.013121788389980793,0.0008834615582600236
000866_JPG_jpg.rf.585d575b53d2e6e316c8abb2d07e4c17.jpg,0,0.6641190648078918,0.5591318011283875,0.03588676452636719,0.02384835109114647,0.0008008398581296206
000866_JPG_jpg.rf.585d575b53d2e6e316c8abb2d07e4c17.jpg,0,0.7292871475219727,0.5370870232582092,0.02285223826766014,0.019537925720214844,0.0007462255307473242
000866_JPG_jpg.rf.585d575b53d2e6e316c8abb2d07e4c17.jpg,0,0.9041844010353088,0.5901159644126892,0.017663002014160156,0.01647149585187435,0.0007279685232788324
000866_JPG_jpg.rf.585d575b53d2e6e316c8abb2d07e4c17.jpg,6,0.8164687752723694,0.4155050814151764,0.367062509059906,0.8282757997512817,0.0007123883115127683
000866_JPG_jpg.rf.585d575b53d2e6e316c8abb2d07e4c17.jpg,0,0.8379263281822205,0.5050501823425293,0.02591932751238346,0.016479969024658203,0.0006919545121490955
000866_JPG_jpg.rf.585d575b53d2e6e316c8abb2d07e4c17.jpg,1,0.6443169713020325,0.5601914525032043,0.04175729304552078,0.032035425305366516,0.000685203995089978
000866_JPG_jpg.rf.585d575b53d2e6e316c8abb2d07e4c17.jpg,9,0.1587032526731491,0.5030999183654785,0.020241407677531242,0.13273903727531433,0.0006795555236749351
000866_JPG_jpg.rf.585d575b53d2e6e316c8abb2d07e4c17.jpg,0,0.5192275643348694,0.005901223514229059,0.04349213466048241,0.011695798486471176,0.000637537450529635
000866_JPG_jpg.rf.585d575b53d2e6e316c8abb2d07e4c17.jpg,10,0.6854932308197021,0.5289104580879211,0.023488633334636688,0.032725997269153595,0.0005746418610215187
000866_JPG_jpg.rf.585d575b53d2e6e316c8abb2d07e4c17.jpg,1,0.912407636642456,0.5071647763252258,0.02758539654314518,0.014286519028246403,0.0005439835367724299
000866_JPG_jpg.rf.585d575b53d2e6e316c8abb2d07e4c17.jpg,1,0.15568865835666656,0.5019913911819458,0.02501343935728073,0.1352151781320572,0.0005242189508862793
000866_JPG_jpg.rf.585d575b53d2e6e316c8abb2d07e4c17.jpg,0,0.9091320633888245,0.5072590708732605,0.030826570466160774,0.01576882228255272,0.0005120416171848774
000867_JPG_jpg.rf.0961b153fd2cdd7f71455ca70b9226fc.jpg,0,0.37118327617645264,0.11602681130170822,0.14789138734340668,0.05818553268909454,0.8545545935630798
000867_JPG_jpg.rf.0961b153fd2cdd7f71455ca70b9226fc.jpg,7,0.8630325198173523,0.41680023074150085,0.05282329022884369,0.05566263571381569,0.035515327006578445
000867_JPG_jpg.rf.0961b153fd2cdd7f71455ca70b9226fc.jpg,0,0.8649541139602661,0.41318389773368835,0.05295254662632942,0.043566521257162094,0.006759383250027895
000867_JPG_jpg.rf.0961b153fd2cdd7f71455ca70b9226fc.jpg,8,0.8663646578788757,0.4208185374736786,0.05258560553193092,0.060649361461400986,0.0015163811622187495
000867_JPG_jpg.rf.0961b153fd2cdd7f71455ca70b9226fc.jpg,7,0.7976772785186768,0.4740402102470398,0.0511089488863945,0.05041683837771416,0.001404125476256013
000867_JPG_jpg.rf.0961b153fd2cdd7f71455ca70b9226fc.jpg,6,0.6948949098587036,0.5535829663276672,0.6046514511108398,0.6949693560600281,0.0005935418303124607
000872_JPG_jpg.rf.618811525dae8c1799c5093046e551c5.jpg,0,0.5232607126235962,0.20892274379730225,0.08523523062467575,0.048358917236328125,0.9488313794136047
000872_JPG_jpg.rf.618811525dae8c1799c5093046e551c5.jpg,0,0.4148741066455841,0.3806613087654114,0.03849220275878906,0.017549259588122368,0.7581225633621216
000872_JPG_jpg.rf.618811525dae8c1799c5093046e551c5.jpg,0,0.20399947464466095,0.4061596989631653,0.032401710748672485,0.018554944545030594,0.7383460402488708
000872_JPG_jpg.rf.618811525dae8c1799c5093046e551c5.jpg,0,0.7616621255874634,0.2519994080066681,0.10683558881282806,0.047346923500299454,0.24295003712177277
000872_JPG_jpg.rf.618811525dae8c1799c5093046e551c5.jpg,0,0.21648506820201874,0.4047046899795532,0.041752155870199203,0.018037099391222,0.07713509351015091
000872_JPG_jpg.rf.618811525dae8c1799c5093046e551c5.jpg,0,0.19377954304218292,0.014258184470236301,0.15082280337810516,0.028424115851521492,0.052943672984838486
000872_JPG_jpg.rf.618811525dae8c1799c5093046e551c5.jpg,0,0.41052713990211487,0.3808049261569977,0.04992485046386719,0.027734169736504555,0.03889226168394089
000872_JPG_jpg.rf.618811525dae8c1799c5093046e551c5.jpg,0,0.20188374817371368,0.40023061633110046,0.03435835614800453,0.022423451766371727,0.0365813709795475
000872_JPG_jpg.rf.618811525dae8c1799c5093046e551c5.jpg,1,0.4905303120613098,0.4563352167606354,0.0316004753112793,0.012925258837640285,0.026832077652215958
000872_JPG_jpg.rf.618811525dae8c1799c5093046e551c5.jpg,0,0.4008847773075104,0.4075027108192444,0.032279785722494125,0.01566087268292904,0.023774538189172745
000872_JPG_jpg.rf.618811525dae8c1799c5093046e551c5.jpg,0,0.22624926269054413,0.018405679613351822,0.0884663537144661,0.036811359226703644,0.015850938856601715
000872_JPG_jpg.rf.618811525dae8c1799c5093046e551c5.jpg,0,0.1417112648487091,0.01413377933204174,0.1167086586356163,0.02826755866408348,0.013860871084034443
000872_JPG_jpg.rf.618811525dae8c1799c5093046e551c5.jpg,1,0.7587902545928955,0.48910337686538696,0.017114493995904922,0.014113353565335274,0.011326584033668041
000872_JPG_jpg.rf.618811525dae8c1799c5093046e551c5.jpg,0,0.23660622537136078,0.46764668822288513,0.03239774703979492,0.01728527434170246,0.006432337686419487
000872_JPG_jpg.rf.618811525dae8c1799c5093046e551c5.jpg,0,0.3950282633304596,0.3802165985107422,0.040756043046712875,0.025210784748196602,0.006270404905080795
000872_JPG_jpg.rf.618811525dae8c1799c5093046e551c5.jpg,0,0.39394545555114746,0.4150911271572113,0.0387830026447773,0.014869984239339828,0.0041535524651408195
000872_JPG_jpg.rf.618811525dae8c1799c5093046e551c5.jpg,1,0.23566322028636932,0.4671970307826996,0.027617786079645157,0.017660140991210938,0.004058373626321554
000872_JPG_jpg.rf.618811525dae8c1799c5093046e551c5.jpg,0,0.12758199870586395,0.4215870201587677,0.033382609486579895,0.01519394014030695,0.003759354818612337
000872_JPG_jpg.rf.618811525dae8c1799c5093046e551c5.jpg,1,0.9922211170196533,0.007011605892330408,0.01555772963911295,0.013344225473701954,0.003634753404185176
000872_JPG_jpg.rf.618811525dae8c1799c5093046e551c5.jpg,0,0.224037304520607,0.3983517587184906,0.045835018157958984,0.020220134407281876,0.003442164743319154
000872_JPG_jpg.rf.618811525dae8c1799c5093046e551c5.jpg,1,0.9915651679039001,0.022067982703447342,0.016869764775037766,0.0436474084854126,0.0032630017958581448
000872_JPG_jpg.rf.618811525dae8c1799c5093046e551c5.jpg,0,0.7413907051086426,0.2572616934776306,0.06496026366949081,0.03975857421755791,0.0031900270842015743
000872_JPG_jpg.rf.618811525dae8c1799c5093046e551c5.jpg,0,0.5298081636428833,0.4072110950946808,0.03991413116455078,0.025027459487318993,0.00253079691901803
000872_JPG_jpg.rf.618811525dae8c1799c5093046e551c5.jpg,0,0.5589139461517334,0.4095682203769684,0.0412428192794323,0.020053131505846977,0.0023333902936428785
000872_JPG_jpg.rf.618811525dae8c1799c5093046e551c5.jpg,0,0.1269015371799469,0.3467752933502197,0.04694661870598793,0.021726902574300766,0.002257734537124634
000872_JPG_jpg.rf.618811525dae8c1799c5093046e551c5.jpg,0,0.42292845249176025,0.37724569439888,0.0330042839050293,0.019452279433608055,0.0020279758609831333
000872_JPG_jpg.rf.618811525dae8c1799c5093046e551c5.jpg,1,0.38294851779937744,0.44204196333885193,0.017428802326321602,0.02107752300798893,0.0019023881759494543
000872_JPG_jpg.rf.618811525dae8c1799c5093046e551c5.jpg,1,0.5311044454574585,0.4404659569263458,0.023646172136068344,0.0220682080835104,0.0018660873174667358
000872_JPG_jpg.rf.618811525dae8c1799c5093046e551c5.jpg,1,0.16540156304836273,0.014295917004346848,0.222552090883255,0.028591834008693695,0.0018543862970545888
000872_JPG_jpg.rf.618811525dae8c1799c5093046e551c5.jpg,1,0.7904965877532959,0.48999491333961487,0.031624943017959595,0.01783026196062565,0.0017504259012639523
000872_JPG_jpg.rf.618811525dae8c1799c5093046e551c5.jpg,0,0.18632303178310394,0.3941131830215454,0.041842371225357056,0.020588655024766922,0.0017385745886713266
000872_JPG_jpg.rf.618811525dae8c1799c5093046e551c5.jpg,0,0.5220049619674683,0.43950530886650085,0.034010227769613266,0.022313961759209633,0.0014620550209656358
000872_JPG_jpg.rf.618811525dae8c1799c5093046e551c5.jpg,0,0.19529962539672852,0.41273432970046997,0.048436880111694336,0.023745354264974594,0.001455026911571622
000872_JPG_jpg.rf.618811525dae8c1799c5093046e551c5.jpg,0,0.3863503634929657,0.37742653489112854,0.03227806091308594,0.020644664764404297,0.0014268149388954043
000872_JPG_jpg.rf.618811525dae8c1799c5093046e551c5.jpg,0,0.24746190011501312,0.458036869764328,0.037583205848932266,0.015846656635403633,0.001370661542750895
000872_JPG_jpg.rf.618811525dae8c1799c5093046e551c5.jpg,1,0.5006482005119324,0.4571688771247864,0.03181343898177147,0.01109457015991211,0.0013660977128893137
000872_JPG_jpg.rf.618811525dae8c1799c5093046e551c5.jpg,0,0.6388971209526062,0.45476606488227844,0.038094229996204376,0.016678810119628906,0.001252132817171514
000872_JPG_jpg.rf.618811525dae8c1799c5093046e551c5.jpg,0,0.1207549050450325,0.34163564443588257,0.03875577449798584,0.020582236349582672,0.0012276903726160526
000872_JPG_jpg.rf.618811525dae8c1799c5093046e551c5.jpg,7,0.2921707332134247,0.14838004112243652,0.5805605053901672,0.2963201701641083,0.0011410308070480824
000872_JPG_jpg.rf.618811525dae8c1799c5093046e551c5.jpg,1,0.16026918590068817,0.46617934107780457,0.025683192536234856,0.012791230343282223,0.0011100390693172812
000872_JPG_jpg.rf.618811525dae8c1799c5093046e551c5.jpg,1,0.05573899298906326,0.48167574405670166,0.02636972814798355,0.01074713934212923,0.001071925857104361
000872_JPG_jpg.rf.618811525dae8c1799c5093046e551c5.jpg,0,0.40662264823913574,0.4142567813396454,0.02148180827498436,0.012665382586419582,0.0009917586576193571
000872_JPG_jpg.rf.618811525dae8c1799c5093046e551c5.jpg,14,0.21760059893131256,0.9953796863555908,0.43467262387275696,0.009240664541721344,0.0008985285530798137
000872_JPG_jpg.rf.618811525dae8c1799c5093046e551c5.jpg,0,0.27089613676071167,0.37665125727653503,0.03327065333724022,0.014910698868334293,0.0008954633958637714
000872_JPG_jpg.rf.618811525dae8c1799c5093046e551c5.jpg,1,0.9759483933448792,0.020299164578318596,0.021409768611192703,0.04042936488986015,0.0008894598577171564
000872_JPG_jpg.rf.618811525dae8c1799c5093046e551c5.jpg,1,0.1822068989276886,0.46618202328681946,0.04583406448364258,0.015101727098226547,0.0008732228889130056
000872_JPG_jpg.rf.618811525dae8c1799c5093046e551c5.jpg,1,0.01320846751332283,0.34718647599220276,0.025960927829146385,0.02041655406355858,0.0008403954561799765
000872_JPG_jpg.rf.618811525dae8c1799c5093046e551c5.jpg,1,0.47709921002388,0.3806740343570709,0.03168058395385742,0.01233673095703125,0.0008292145212180912
000872_JPG_jpg.rf.618811525dae8c1799c5093046e551c5.jpg,1,0.23418168723583221,0.014772958122193813,0.1083536222577095,0.029545916244387627,0.0008250774117186666
000872_JPG_jpg.rf.618811525dae8c1799c5093046e551c5.jpg,6,0.47928115725517273,0.6935268044471741,0.9585623145103455,0.6129464507102966,0.0007827574736438692
000872_JPG_jpg.rf.618811525dae8c1799c5093046e551c5.jpg,0,0.11282581090927124,0.47260695695877075,0.031143849715590477,0.019327715039253235,0.0007777457358315587
000872_JPG_jpg.rf.618811525dae8c1799c5093046e551c5.jpg,0,0.294617235660553,0.49247413873672485,0.02181720733642578,0.013201126828789711,0.0007727598422206938
000872_JPG_jpg.rf.618811525dae8c1799c5093046e551c5.jpg,0,0.2030676007270813,0.41352126002311707,0.03522935509681702,0.039324212819337845,0.0007364022312685847
000872_JPG_jpg.rf.618811525dae8c1799c5093046e551c5.jpg,1,0.5211561918258667,0.3895035684108734,0.04925544559955597,0.020326431840658188,0.0007304994505830109
000872_JPG_jpg.rf.618811525dae8c1799c5093046e551c5.jpg,14,0.22747696936130524,0.8906741738319397,0.4539525806903839,0.21865171194076538,0.0007090751896612346
000872_JPG_jpg.rf.618811525dae8c1799c5093046e551c5.jpg,1,0.5676904320716858,0.4569772779941559,0.023309048265218735,0.011016479693353176,0.0007010855479165912
000872_JPG_jpg.rf.618811525dae8c1799c5093046e551c5.jpg,1,0.49587658047676086,0.38597622513771057,0.03787708282470703,0.015415742062032223,0.0006982270278967917
000872_JPG_jpg.rf.618811525dae8c1799c5093046e551c5.jpg,0,0.515008270740509,0.44024211168289185,0.017145341262221336,0.02467423304915428,0.0006710958550684154
000872_JPG_jpg.rf.618811525dae8c1799c5093046e551c5.jpg,7,0.32670822739601135,0.32424792647361755,0.49656039476394653,0.4102548658847809,0.000644235871732235
000872_JPG_jpg.rf.618811525dae8c1799c5093046e551c5.jpg,1,0.6176397204399109,0.5671377182006836,0.02262229286134243,0.019871968775987625,0.0006109182722866535
000872_JPG_jpg.rf.618811525dae8c1799c5093046e551c5.jpg,1,0.6792905926704407,0.008219699375331402,0.026886867359280586,0.01634177193045616,0.0006008936325088143
000872_JPG_jpg.rf.618811525dae8c1799c5093046e551c5.jpg,10,0.38391348719596863,0.4383355677127838,0.019684242084622383,0.0203255508095026,0.0005719237378798425
000872_JPG_jpg.rf.618811525dae8c1799c5093046e551c5.jpg,0,0.6003486514091492,0.20337791740894318,0.026209281757473946,0.018296921625733376,0.0005610347143374383
000872_JPG_jpg.rf.618811525dae8c1799c5093046e551c5.jpg,0,0.655359148979187,0.45711034536361694,0.0615515373647213,0.023470109328627586,0.0005494953948073089
000872_JPG_jpg.rf.618811525dae8c1799c5093046e551c5.jpg,6,0.6881534457206726,0.5898405909538269,0.5009961128234863,0.5893926620483398,0.0005467992159537971
000872_JPG_jpg.rf.618811525dae8c1799c5093046e551c5.jpg,1,0.19077011942863464,0.38841795921325684,0.03322777524590492,0.023516729474067688,0.0005399369401857257
000872_JPG_jpg.rf.618811525dae8c1799c5093046e551c5.jpg,0,0.5606335997581482,0.45990076661109924,0.024052254855632782,0.011682437732815742,0.0005138296401128173
000872_JPG_jpg.rf.618811525dae8c1799c5093046e551c5.jpg,0,0.38251563906669617,0.4175410866737366,0.021460607647895813,0.009283249266445637,0.0005126274772919714
000872_JPG_jpg.rf.618811525dae8c1799c5093046e551c5.jpg,1,0.18771342933177948,0.457443505525589,0.04185295104980469,0.02327251434326172,0.0005109132034704089
000872_JPG_jpg.rf.618811525dae8c1799c5093046e551c5.jpg,0,0.40666332840919495,0.39003312587738037,0.034702230244874954,0.023149564862251282,0.0005070666084066033
000883_JPG_jpg.rf.bcfbe7999ec1b4e660a155e0e145e234.jpg,0,0.30327558517456055,0.2218576967716217,0.08402872085571289,0.04614809900522232,0.8615562319755554
000883_JPG_jpg.rf.bcfbe7999ec1b4e660a155e0e145e234.jpg,0,0.05318126454949379,0.009949155151844025,0.05414600297808647,0.01988070271909237,0.05915587767958641
000883_JPG_jpg.rf.bcfbe7999ec1b4e660a155e0e145e234.jpg,1,0.05277221277356148,0.010919690132141113,0.05232515558600426,0.021513329818844795,0.04548060894012451
000883_JPG_jpg.rf.bcfbe7999ec1b4e660a155e0e145e234.jpg,8,0.38170352578163147,0.22148312628269196,0.03207709267735481,0.04572971165180206,0.00985292624682188
000883_JPG_jpg.rf.bcfbe7999ec1b4e660a155e0e145e234.jpg,1,0.4483833611011505,0.41463735699653625,0.028385641053318977,0.018114933744072914,0.00862090103328228
000883_JPG_jpg.rf.bcfbe7999ec1b4e660a155e0e145e234.jpg,1,0.44137266278266907,0.4189182221889496,0.03021390736103058,0.01421106792986393,0.007017455063760281
000883_JPG_jpg.rf.bcfbe7999ec1b4e660a155e0e145e234.jpg,0,0.529956042766571,0.45733797550201416,0.02871839888393879,0.013819877989590168,0.006095129065215588
000883_JPG_jpg.rf.bcfbe7999ec1b4e660a155e0e145e234.jpg,0,0.4348364770412445,0.41496020555496216,0.027849968522787094,0.010370658710598946,0.003340162569656968
000883_JPG_jpg.rf.bcfbe7999ec1b4e660a155e0e145e234.jpg,1,0.7587717771530151,0.48952367901802063,0.020706763491034508,0.011073295958340168,0.00318461237475276
000883_JPG_jpg.rf.bcfbe7999ec1b4e660a155e0e145e234.jpg,1,0.48001357913017273,0.4561631679534912,0.033831413835287094,0.014262272976338863,0.002496428554877639
000883_JPG_jpg.rf.bcfbe7999ec1b4e660a155e0e145e234.jpg,0,0.6701157093048096,0.4593232274055481,0.030920250341296196,0.018580326810479164,0.002190598286688328
000883_JPG_jpg.rf.bcfbe7999ec1b4e660a155e0e145e234.jpg,1,0.52873694896698,0.4172254204750061,0.031239327043294907,0.015091309323906898,0.0018026086036115885
000883_JPG_jpg.rf.bcfbe7999ec1b4e660a155e0e145e234.jpg,0,0.6675772070884705,0.46580734848976135,0.027673134580254555,0.015731224790215492,0.001744112349115312
000883_JPG_jpg.rf.bcfbe7999ec1b4e660a155e0e145e234.jpg,1,0.4348553717136383,0.4107532799243927,0.028004059568047523,0.01423120591789484,0.0017298696329817176
000883_JPG_jpg.rf.bcfbe7999ec1b4e660a155e0e145e234.jpg,0,0.5527224540710449,0.48469313979148865,0.019546106457710266,0.011996563524007797,0.0016162435058504343
000883_JPG_jpg.rf.bcfbe7999ec1b4e660a155e0e145e234.jpg,1,0.8169544339179993,0.5081111192703247,0.031042540445923805,0.0214871633797884,0.0014809960266575217
000883_JPG_jpg.rf.bcfbe7999ec1b4e660a155e0e145e234.jpg,1,0.8008280396461487,0.5170845985412598,0.02420264109969139,0.01729697547852993,0.0013059978373348713
000883_JPG_jpg.rf.bcfbe7999ec1b4e660a155e0e145e234.jpg,0,0.38609224557876587,0.4657982587814331,0.0325574167072773,0.014255707152187824,0.0010195650393143296
000883_JPG_jpg.rf.bcfbe7999ec1b4e660a155e0e145e234.jpg,0,0.2769719064235687,0.3320029377937317,0.034533701837062836,0.05729644373059273,0.0009334320202469826
000883_JPG_jpg.rf.bcfbe7999ec1b4e660a155e0e145e234.jpg,0,0.356100469827652,0.21941252052783966,0.023683622479438782,0.05302262678742409,0.0008985020685940981
000883_JPG_jpg.rf.bcfbe7999ec1b4e660a155e0e145e234.jpg,1,0.40227895975112915,0.173561230301857,0.07015646994113922,0.04778376966714859,0.0008694817079231143
000883_JPG_jpg.rf.bcfbe7999ec1b4e660a155e0e145e234.jpg,0,0.2769067883491516,0.3432093560695648,0.027678674086928368,0.03441557660698891,0.000787890050560236
000883_JPG_jpg.rf.bcfbe7999ec1b4e660a155e0e145e234.jpg,1,0.7856646776199341,0.5089747309684753,0.025729987770318985,0.01672212965786457,0.0007826489745639265
000883_JPG_jpg.rf.bcfbe7999ec1b4e660a155e0e145e234.jpg,0,0.6455621719360352,0.4850442111492157,0.02726995199918747,0.01289235707372427,0.0007312287343665957
000883_JPG_jpg.rf.bcfbe7999ec1b4e660a155e0e145e234.jpg,0,0.4883824288845062,0.45726242661476135,0.03716707229614258,0.018864264711737633,0.000726369849871844
000883_JPG_jpg.rf.bcfbe7999ec1b4e660a155e0e145e234.jpg,0,0.681351900100708,0.46682196855545044,0.02144600823521614,0.013468559831380844,0.000639239908196032
000883_JPG_jpg.rf.bcfbe7999ec1b4e660a155e0e145e234.jpg,0,0.5154863595962524,0.41252490878105164,0.035409267991781235,0.014998730272054672,0.0006173477158881724
000883_JPG_jpg.rf.bcfbe7999ec1b4e660a155e0e145e234.jpg,1,0.6885591745376587,0.46873462200164795,0.012216348201036453,0.01582842692732811,0.0005928616737946868
000883_JPG_jpg.rf.bcfbe7999ec1b4e660a155e0e145e234.jpg,0,0.6476863026618958,0.49389877915382385,0.023388275876641273,0.017977898940443993,0.0005699701141566038
000883_JPG_jpg.rf.bcfbe7999ec1b4e660a155e0e145e234.jpg,1,0.5369080305099487,0.4192254841327667,0.027287008240818977,0.014676644466817379,0.0005502310232259333
000883_JPG_jpg.rf.bcfbe7999ec1b4e660a155e0e145e234.jpg,1,0.783665120601654,0.5351991057395935,0.018201682716608047,0.012521817348897457,0.0005424519767984748
000883_JPG_jpg.rf.bcfbe7999ec1b4e660a155e0e145e234.jpg,0,0.2799210846424103,0.3108387887477875,0.04394832253456116,0.11575233191251755,0.0005335164023563266
000883_JPG_jpg.rf.bcfbe7999ec1b4e660a155e0e145e234.jpg,1,0.21142806112766266,0.4614125192165375,0.02831396833062172,0.01621495746076107,0.0005075085791759193
000887_jpg.rf.307baae87436b41df5a8a47635940201.jpg,1,0.3306802809238434,0.24491769075393677,0.014501499012112617,0.05459589511156082,0.752258837223053
000887_jpg.rf.307baae87436b41df5a8a47635940201.jpg,1,0.5117721557617188,0.22172881662845612,0.014894742518663406,0.05565447360277176,0.627499520778656
000887_jpg.rf.307baae87436b41df5a8a47635940201.jpg,1,0.788424015045166,0.29777708649635315,0.008997917175292969,0.02594214305281639,0.15108785033226013
000887_jpg.rf.307baae87436b41df5a8a47635940201.jpg,0,0.9042945504188538,0.07814464718103409,0.03164328262209892,0.02266070991754532,0.03367232158780098
000887_jpg.rf.307baae87436b41df5a8a47635940201.jpg,1,0.7820421457290649,0.16305199265480042,0.014198817312717438,0.04174074903130531,0.031703587621450424
000887_jpg.rf.307baae87436b41df5a8a47635940201.jpg,0,0.9223001003265381,0.005788761656731367,0.025855652987957,0.01119446661323309,0.03058609552681446
000887_jpg.rf.307baae87436b41df5a8a47635940201.jpg,0,0.8984304070472717,0.005734956823289394,0.06352806091308594,0.01109248585999012,0.027031803503632545
000887_jpg.rf.307baae87436b41df5a8a47635940201.jpg,3,0.7060577273368835,0.6940393447875977,0.02759772166609764,0.041268423199653625,0.02378011681139469
000887_jpg.rf.307baae87436b41df5a8a47635940201.jpg,1,0.80451899766922,0.02467379905283451,0.018458880484104156,0.0476951003074646,0.020438002422451973
000887_jpg.rf.307baae87436b41df5a8a47635940201.jpg,1,0.8888643383979797,0.007414002437144518,0.04780270531773567,0.01429963018745184,0.01512456126511097
000887_jpg.rf.307baae87436b41df5a8a47635940201.jpg,0,0.9148389101028442,0.007193672936409712,0.033120375126600266,0.014150792732834816,0.01062699779868126
000887_jpg.rf.307baae87436b41df5a8a47635940201.jpg,0,0.7525156736373901,0.006952960044145584,0.02965523675084114,0.013905920088291168,0.010602553375065327
000887_jpg.rf.307baae87436b41df5a8a47635940201.jpg,0,0.5280380249023438,0.2186722308397293,0.009730522520840168,0.04090312868356705,0.008693239651620388
000887_jpg.rf.307baae87436b41df5a8a47635940201.jpg,1,0.522053599357605,0.2210572212934494,0.010801682248711586,0.05311254411935806,0.008027470670640469
000887_jpg.rf.307baae87436b41df5a8a47635940201.jpg,14,0.7086371779441833,0.684349536895752,0.03133143112063408,0.06364595144987106,0.00713371904566884
000887_jpg.rf.307baae87436b41df5a8a47635940201.jpg,1,0.788414478302002,0.30670928955078125,0.012560845352709293,0.04690179601311684,0.006819144356995821
000887_jpg.rf.307baae87436b41df5a8a47635940201.jpg,0,0.004990876652300358,0.1461857110261917,0.009817042388021946,0.06170545518398285,0.005428103730082512
000887_jpg.rf.307baae87436b41df5a8a47635940201.jpg,4,0.7064911127090454,0.6849805116653442,0.031472135335206985,0.06301997601985931,0.005169018171727657
000887_jpg.rf.307baae87436b41df5a8a47635940201.jpg,0,0.9084569811820984,0.06981632858514786,0.0437067486345768,0.026323379948735237,0.004963431973010302
000887_jpg.rf.307baae87436b41df5a8a47635940201.jpg,1,0.883902370929718,0.024479985237121582,0.03334749862551689,0.02457575872540474,0.0035830794367939234
000887_jpg.rf.307baae87436b41df5a8a47635940201.jpg,0,0.7903768420219421,0.2968651354312897,0.013329653069376945,0.02594076842069626,0.0033403150737285614
000887_jpg.rf.307baae87436b41df5a8a47635940201.jpg,1,0.8080422878265381,0.16350126266479492,0.017128577455878258,0.03266878426074982,0.003173551755025983
000887_jpg.rf.307baae87436b41df5a8a47635940201.jpg,0,0.7094789743423462,0.020349323749542236,0.027170035988092422,0.0265938900411129,0.0031626911368221045
000887_jpg.rf.307baae87436b41df5a8a47635940201.jpg,5,0.7062026858329773,0.6833196878433228,0.02905787155032158,0.0612415187060833,0.00316080660559237
000887_jpg.rf.307baae87436b41df5a8a47635940201.jpg,4,0.7049540281295776,0.6944406032562256,0.02445712499320507,0.039376113563776016,0.0030266360845416784
000887_jpg.rf.307baae87436b41df5a8a47635940201.jpg,1,0.9140706062316895,0.010934812016785145,0.051720842719078064,0.020111387595534325,0.0029588874895125628
000887_jpg.rf.307baae87436b41df5a8a47635940201.jpg,11,0.7060883045196533,0.6868902444839478,0.029208771884441376,0.05711387097835541,0.0028796237893402576
000887_jpg.rf.307baae87436b41df5a8a47635940201.jpg,9,0.7060001492500305,0.6921406984329224,0.029673945158720016,0.04742945358157158,0.002871476812288165
000887_jpg.rf.307baae87436b41df5a8a47635940201.jpg,1,0.5283076167106628,0.21946655213832855,0.01053887140005827,0.03854770213365555,0.0026125158183276653
000887_jpg.rf.307baae87436b41df5a8a47635940201.jpg,1,0.9121941328048706,0.005184993147850037,0.04145754501223564,0.010332779958844185,0.0022716072853654623
000887_jpg.rf.307baae87436b41df5a8a47635940201.jpg,0,0.7221058011054993,0.01836724393069744,0.057391535490751266,0.03099771961569786,0.0018229064298793674
000887_jpg.rf.307baae87436b41df5a8a47635940201.jpg,1,0.8394774198532104,0.020922737196087837,0.02028920128941536,0.041845474392175674,0.0017585669411346316
000887_jpg.rf.307baae87436b41df5a8a47635940201.jpg,1,0.3237038552761078,0.24564656615257263,0.015177030116319656,0.0554196871817112,0.0016948847332969308
000887_jpg.rf.307baae87436b41df5a8a47635940201.jpg,0,0.7569110989570618,0.00449340557679534,0.02147652581334114,0.008977362886071205,0.0016571709420531988
000887_jpg.rf.307baae87436b41df5a8a47635940201.jpg,1,0.9107805490493774,0.07073259353637695,0.030096862465143204,0.033613789826631546,0.0014818254858255386
000887_jpg.rf.307baae87436b41df5a8a47635940201.jpg,1,0.4997120201587677,0.22339235246181488,0.022644447162747383,0.03940534591674805,0.0014083312125876546
000887_jpg.rf.307baae87436b41df5a8a47635940201.jpg,0,0.2132224589586258,0.30087751150131226,0.018565362319350243,0.05922058969736099,0.001395933679305017
000887_jpg.rf.307baae87436b41df5a8a47635940201.jpg,0,0.7386005520820618,0.010250164195895195,0.057030752301216125,0.020440833643078804,0.001267674146220088
000887_jpg.rf.307baae87436b41df5a8a47635940201.jpg,1,0.7689989805221558,0.021784894168376923,0.028443703427910805,0.03952057659626007,0.001266566338017583
000887_jpg.rf.307baae87436b41df5a8a47635940201.jpg,0,0.8836185932159424,0.008228732272982597,0.043903131037950516,0.016301805153489113,0.0011313817230984569
000887_jpg.rf.307baae87436b41df5a8a47635940201.jpg,5,0.7131522297859192,0.6903324127197266,0.021963046863675117,0.051975324749946594,0.0010973135940730572
000887_jpg.rf.307baae87436b41df5a8a47635940201.jpg,6,0.5383816957473755,0.828188419342041,0.77183997631073,0.34362325072288513,0.0009329266613349319
000887_jpg.rf.307baae87436b41df5a8a47635940201.jpg,1,0.9017937183380127,0.01491900160908699,0.04708825796842575,0.021794095635414124,0.0009197521721944213
000887_jpg.rf.307baae87436b41df5a8a47635940201.jpg,10,0.7063816785812378,0.6974301338195801,0.029226304963231087,0.039236731827259064,0.0009190696873702109
000887_jpg.rf.307baae87436b41df5a8a47635940201.jpg,1,0.5174766182899475,0.22476826608181,0.017482170835137367,0.05714607611298561,0.0008741798810660839
000887_jpg.rf.307baae87436b41df5a8a47635940201.jpg,0,0.057914745062589645,0.5256773233413696,0.013103201054036617,0.028563501313328743,0.0008363906526938081
000887_jpg.rf.307baae87436b41df5a8a47635940201.jpg,1,0.9143003821372986,0.062483347952365875,0.017744431272149086,0.024727322161197662,0.000792567792814225
000887_jpg.rf.307baae87436b41df5a8a47635940201.jpg,1,0.525839626789093,0.22035308182239532,0.022872082889080048,0.04958362132310867,0.0007488057599402964
000887_jpg.rf.307baae87436b41df5a8a47635940201.jpg,1,0.9147666096687317,0.07230325788259506,0.05207480117678642,0.023866809904575348,0.000722791941370815
000887_jpg.rf.307baae87436b41df5a8a47635940201.jpg,1,0.16577045619487762,0.014432457275688648,0.02091233618557453,0.028864914551377296,0.000669466913677752
000887_jpg.rf.307baae87436b41df5a8a47635940201.jpg,5,0.12518416345119476,0.8226377367973328,0.24990488588809967,0.35472461581230164,0.0006512111867778003
000887_jpg.rf.307baae87436b41df5a8a47635940201.jpg,1,0.8431885242462158,0.160251185297966,0.013360611163079739,0.03480495885014534,0.0006495765992440283
000887_jpg.rf.307baae87436b41df5a8a47635940201.jpg,1,0.7949635982513428,0.16566097736358643,0.02563740685582161,0.028972728177905083,0.0006376365781761706
000887_jpg.rf.307baae87436b41df5a8a47635940201.jpg,0,0.23698930442333221,0.29804229736328125,0.012396849691867828,0.06183899566531181,0.0006314456695690751
000887_jpg.rf.307baae87436b41df5a8a47635940201.jpg,1,0.4977234899997711,0.21910741925239563,0.012691278010606766,0.0399358831346035,0.0005939895054325461
000887_jpg.rf.307baae87436b41df5a8a47635940201.jpg,0,0.005560700781643391,0.25709640979766846,0.011121401563286781,0.03972567245364189,0.0005654554115608335
000887_jpg.rf.307baae87436b41df5a8a47635940201.jpg,0,0.8008927702903748,0.06864804029464722,0.03302302956581116,0.01723003014922142,0.0005393806495703757
000887_jpg.rf.307baae87436b41df5a8a47635940201.jpg,1,0.7759710550308228,0.03421851620078087,0.013285050168633461,0.05033533275127411,0.0005069304024800658
000897_JPG_jpg.rf.d8616645e7ae5a674caf3f2e17dab345.jpg,0,0.5035761594772339,0.15869438648223877,0.15008318424224854,0.07273858040571213,0.9191443920135498
000897_JPG_jpg.rf.d8616645e7ae5a674caf3f2e17dab345.jpg,0,0.7405972480773926,0.43124106526374817,0.028332345187664032,0.023243354633450508,0.33124732971191406
000897_JPG_jpg.rf.d8616645e7ae5a674caf3f2e17dab345.jpg,1,0.9377824664115906,0.4272991418838501,0.054332587867975235,0.029574798420071602,0.20760831236839294
000897_JPG_jpg.rf.d8616645e7ae5a674caf3f2e17dab345.jpg,0,0.5696250200271606,0.5142755508422852,0.0300015676766634,0.015842841938138008,0.04450292885303497
000897_JPG_jpg.rf.d8616645e7ae5a674caf3f2e17dab345.jpg,1,0.9269891977310181,0.42660823464393616,0.030060183256864548,0.02642708644270897,0.012774326838552952
000897_JPG_jpg.rf.d8616645e7ae5a674caf3f2e17dab345.jpg,0,0.563981831073761,0.513003945350647,0.022925376892089844,0.010717686265707016,0.011500312946736813
000897_JPG_jpg.rf.d8616645e7ae5a674caf3f2e17dab345.jpg,0,0.7328429818153381,0.43489912152290344,0.04170762747526169,0.026224687695503235,0.008222267031669617
000897_JPG_jpg.rf.d8616645e7ae5a674caf3f2e17dab345.jpg,0,0.34636542201042175,0.440248042345047,0.046895433217287064,0.018360137939453125,0.007967352867126465
000897_JPG_jpg.rf.d8616645e7ae5a674caf3f2e17dab345.jpg,0,0.4824851155281067,0.5678243637084961,0.030983449891209602,0.013531428761780262,0.007935868576169014
000897_JPG_jpg.rf.d8616645e7ae5a674caf3f2e17dab345.jpg,0,0.3818223774433136,0.34799012541770935,0.0538310669362545,0.020212357863783836,0.007446561008691788
000897_JPG_jpg.rf.d8616645e7ae5a674caf3f2e17dab345.jpg,0,0.8218806385993958,0.4422658085823059,0.04183629900217056,0.023612793534994125,0.006553356070071459
000897_JPG_jpg.rf.d8616645e7ae5a674caf3f2e17dab345.jpg,1,0.4378378987312317,0.43167075514793396,0.019724296405911446,0.01961260661482811,0.005638918839395046
000897_JPG_jpg.rf.d8616645e7ae5a674caf3f2e17dab345.jpg,1,0.6769171953201294,0.5073457956314087,0.017761671915650368,0.017588909715414047,0.005097344052046537
000897_JPG_jpg.rf.d8616645e7ae5a674caf3f2e17dab345.jpg,0,0.5865782499313354,0.5204095840454102,0.030056845396757126,0.01666366122663021,0.00404331972822547
000897_JPG_jpg.rf.d8616645e7ae5a674caf3f2e17dab345.jpg,1,0.47221091389656067,0.5495816469192505,0.018010616302490234,0.020326394587755203,0.003627030411735177
000897_JPG_jpg.rf.d8616645e7ae5a674caf3f2e17dab345.jpg,1,0.47383376955986023,0.5579649209976196,0.023524101823568344,0.02203218825161457,0.003508786205202341
000897_JPG_jpg.rf.d8616645e7ae5a674caf3f2e17dab345.jpg,0,0.3026682436466217,0.6059452295303345,0.03179238364100456,0.016227135434746742,0.002951680915430188
000897_JPG_jpg.rf.d8616645e7ae5a674caf3f2e17dab345.jpg,0,0.8243086934089661,0.4506041705608368,0.04620823636651039,0.01865977607667446,0.002528174314647913
000897_JPG_jpg.rf.d8616645e7ae5a674caf3f2e17dab345.jpg,0,0.5041494369506836,0.42892691493034363,0.02280041016638279,0.010621254332363605,0.002174937166273594
000897_JPG_jpg.rf.d8616645e7ae5a674caf3f2e17dab345.jpg,0,0.622468113899231,0.4413938820362091,0.019565142691135406,0.016813388094305992,0.001963995862752199
000897_JPG_jpg.rf.d8616645e7ae5a674caf3f2e17dab345.jpg,0,0.4618511497974396,0.47084495425224304,0.0261423047631979,0.02021562121808529,0.0018339018570259213
000897_JPG_jpg.rf.d8616645e7ae5a674caf3f2e17dab345.jpg,0,0.26456376910209656,0.3086565136909485,0.046790894120931625,0.024125779047608376,0.0015832334756851196
000897_JPG_jpg.rf.d8616645e7ae5a674caf3f2e17dab345.jpg,0,0.486177533864975,0.571119487285614,0.029621126130223274,0.012784005142748356,0.0012544762575998902
000897_JPG_jpg.rf.d8616645e7ae5a674caf3f2e17dab345.jpg,0,0.8229232430458069,0.4605541527271271,0.047870930284261703,0.010963990353047848,0.0012309073936194181
000897_JPG_jpg.rf.d8616645e7ae5a674caf3f2e17dab345.jpg,0,0.9779846668243408,0.4177645742893219,0.029946474358439445,0.013421352952718735,0.001152399112470448
000897_JPG_jpg.rf.d8616645e7ae5a674caf3f2e17dab345.jpg,0,0.7447951436042786,0.438057541847229,0.03370703384280205,0.018019860610365868,0.0009848909685388207
000897_JPG_jpg.rf.d8616645e7ae5a674caf3f2e17dab345.jpg,0,0.7842428088188171,0.5172474980354309,0.02635156363248825,0.016829123720526695,0.0009830198250710964
000897_JPG_jpg.rf.d8616645e7ae5a674caf3f2e17dab345.jpg,1,0.45860347151756287,0.4573773443698883,0.03085041232407093,0.01540470216423273,0.0009733304614201188
000897_JPG_jpg.rf.d8616645e7ae5a674caf3f2e17dab345.jpg,0,0.9670023918151855,0.575615644454956,0.04099273681640625,0.020385155454277992,0.000903579406440258
000897_JPG_jpg.rf.d8616645e7ae5a674caf3f2e17dab345.jpg,0,0.4267018437385559,0.5080245137214661,0.029088865965604782,0.023632526397705078,0.0008845202974043787
000897_JPG_jpg.rf.d8616645e7ae5a674caf3f2e17dab345.jpg,0,0.18455971777439117,0.399268239736557,0.024584054946899414,0.018574347719550133,0.0008350253920070827
000897_JPG_jpg.rf.d8616645e7ae5a674caf3f2e17dab345.jpg,0,0.5656634569168091,0.5101385116577148,0.03750097006559372,0.01371020544320345,0.0008300984627567232
000897_JPG_jpg.rf.d8616645e7ae5a674caf3f2e17dab345.jpg,1,0.9480007886886597,0.419891893863678,0.05002843588590622,0.017386069521307945,0.0007780636660754681
000897_JPG_jpg.rf.d8616645e7ae5a674caf3f2e17dab345.jpg,0,0.02614145167171955,0.38742631673812866,0.05070376768708229,0.11433663964271545,0.0007587246363982558
000897_JPG_jpg.rf.d8616645e7ae5a674caf3f2e17dab345.jpg,0,0.852340817451477,0.47306281328201294,0.028075439855456352,0.016998475417494774,0.0007288112537935376
000897_JPG_jpg.rf.d8616645e7ae5a674caf3f2e17dab345.jpg,1,0.6678120493888855,0.5604969263076782,0.017281899228692055,0.010267037898302078,0.000727029808331281
000897_JPG_jpg.rf.d8616645e7ae5a674caf3f2e17dab345.jpg,0,0.4264836013317108,0.4822693467140198,0.026492008939385414,0.020204177126288414,0.0006691505550406873
000897_JPG_jpg.rf.d8616645e7ae5a674caf3f2e17dab345.jpg,0,0.7471727728843689,0.46091991662979126,0.03497270494699478,0.02255278453230858,0.0006269149016588926
000897_JPG_jpg.rf.d8616645e7ae5a674caf3f2e17dab345.jpg,14,0.148368239402771,0.9639553427696228,0.261214017868042,0.0719611868262291,0.0006149898399598897
000897_JPG_jpg.rf.d8616645e7ae5a674caf3f2e17dab345.jpg,0,0.09623575210571289,0.3875792622566223,0.056351594626903534,0.06296910345554352,0.0006117387092672288
000897_JPG_jpg.rf.d8616645e7ae5a674caf3f2e17dab345.jpg,0,0.5420140027999878,0.5064204335212708,0.01901017688214779,0.012044540606439114,0.0005888767191208899
000897_JPG_jpg.rf.d8616645e7ae5a674caf3f2e17dab345.jpg,0,0.8427948951721191,0.4716455340385437,0.02869400754570961,0.017026718705892563,0.0005783455562777817
000897_JPG_jpg.rf.d8616645e7ae5a674caf3f2e17dab345.jpg,0,0.4396432936191559,0.4330957233905792,0.018206963315606117,0.022941773757338524,0.0005377623601816595
000897_JPG_jpg.rf.d8616645e7ae5a674caf3f2e17dab345.jpg,1,0.67840576171875,0.5565935373306274,0.016277387738227844,0.012562531977891922,0.0005360420327633619
000897_JPG_jpg.rf.d8616645e7ae5a674caf3f2e17dab345.jpg,1,0.6230141520500183,0.4412181079387665,0.02209179289638996,0.01691209338605404,0.0005347070982679725
000897_JPG_jpg.rf.d8616645e7ae5a674caf3f2e17dab345.jpg,0,0.5479413866996765,0.5176475644111633,0.024105476215481758,0.012198742479085922,0.0005264969076961279
000898_JPG_jpg.rf.89de33253d01e0308735dc746aa4977f.jpg,0,0.48087748885154724,0.2756120264530182,0.07062303274869919,0.032983873039484024,0.8451021909713745
000898_JPG_jpg.rf.89de33253d01e0308735dc746aa4977f.jpg,0,0.45793014764785767,0.3857043385505676,0.03333025798201561,0.015291434712707996,0.006425058469176292
000898_JPG_jpg.rf.89de33253d01e0308735dc746aa4977f.jpg,0,0.5143427848815918,0.2753119170665741,0.14100857079029083,0.049206700176000595,0.005935828201472759
000898_JPG_jpg.rf.89de33253d01e0308735dc746aa4977f.jpg,0,0.5557253956794739,0.2734753489494324,0.057422347366809845,0.05889001488685608,0.0009085644851438701
000898_JPG_jpg.rf.89de33253d01e0308735dc746aa4977f.jpg,14,0.8626248836517334,0.23644377291202545,0.27458229660987854,0.47110357880592346,0.0009027334745042026
000899_JPG_jpg.rf.44b9967b6405c6ad4f9ad7dfa2ad610d.jpg,0,0.6502825021743774,0.31622177362442017,0.10388161987066269,0.04777732491493225,0.9471527338027954
000899_JPG_jpg.rf.44b9967b6405c6ad4f9ad7dfa2ad610d.jpg,12,0.3561215102672577,0.39585399627685547,0.029175356030464172,0.037039246410131454,0.006209411192685366
000899_JPG_jpg.rf.44b9967b6405c6ad4f9ad7dfa2ad610d.jpg,0,0.22325144708156586,0.54716557264328,0.02372771129012108,0.02436436153948307,0.0030322412494570017
000899_JPG_jpg.rf.44b9967b6405c6ad4f9ad7dfa2ad610d.jpg,0,0.6132979989051819,0.46245038509368896,0.052708517760038376,0.02160387858748436,0.0025224005803465843
000899_JPG_jpg.rf.44b9967b6405c6ad4f9ad7dfa2ad610d.jpg,0,0.15309906005859375,0.5789514780044556,0.015030650421977043,0.016417503356933594,0.0023495168425142765
000899_JPG_jpg.rf.44b9967b6405c6ad4f9ad7dfa2ad610d.jpg,12,0.35626813769340515,0.374615877866745,0.02797735668718815,0.07894831895828247,0.0023191398940980434
000899_JPG_jpg.rf.44b9967b6405c6ad4f9ad7dfa2ad610d.jpg,0,0.35590818524360657,0.3609372675418854,0.027442822232842445,0.10505284368991852,0.0015464851167052984
000899_JPG_jpg.rf.44b9967b6405c6ad4f9ad7dfa2ad610d.jpg,0,0.1630624681711197,0.5786261558532715,0.025894735008478165,0.019195446744561195,0.0015371961053460836
000899_JPG_jpg.rf.44b9967b6405c6ad4f9ad7dfa2ad610d.jpg,0,0.1675141304731369,0.5680062770843506,0.023438675329089165,0.017561253160238266,0.001288259169086814
000899_JPG_jpg.rf.44b9967b6405c6ad4f9ad7dfa2ad610d.jpg,0,0.15431176126003265,0.5711981058120728,0.020643940195441246,0.015530806966125965,0.0011469994205981493
000899_JPG_jpg.rf.44b9967b6405c6ad4f9ad7dfa2ad610d.jpg,0,0.27243170142173767,0.5228195786476135,0.03702517971396446,0.01848352886736393,0.0007483855588361621
000899_JPG_jpg.rf.44b9967b6405c6ad4f9ad7dfa2ad610d.jpg,7,0.3553139865398407,0.39624878764152527,0.030384982004761696,0.03766896203160286,0.0006006954936310649
000902_jpg.rf.f1be11af53a854bf0f07539ef71bfab7.jpg,1,0.5228468179702759,0.2185598611831665,0.010609040036797523,0.04688340052962303,0.6769766211509705
000902_jpg.rf.f1be11af53a854bf0f07539ef71bfab7.jpg,1,0.537249743938446,0.2174234539270401,0.012002174742519855,0.04637403041124344,0.5991315245628357
000902_jpg.rf.f1be11af53a854bf0f07539ef71bfab7.jpg,0,0.24516822397708893,0.14056804776191711,0.0171189121901989,0.06122338026762009,0.016069380566477776
000902_jpg.rf.f1be11af53a854bf0f07539ef71bfab7.jpg,1,0.247832253575325,0.14069227874279022,0.023008054122328758,0.05931592360138893,0.004122327547520399
000902_jpg.rf.f1be11af53a854bf0f07539ef71bfab7.jpg,0,0.9936940670013428,0.01682133600115776,0.012611903250217438,0.03328394889831543,0.0017357193864881992
000902_jpg.rf.f1be11af53a854bf0f07539ef71bfab7.jpg,1,0.5243023037910461,0.22968550026416779,0.016467681154608727,0.07368185371160507,0.00166553002782166
000902_jpg.rf.f1be11af53a854bf0f07539ef71bfab7.jpg,0,0.9347675442695618,0.008910823613405228,0.023329222574830055,0.01748816668987274,0.001180467545054853
000902_jpg.rf.f1be11af53a854bf0f07539ef71bfab7.jpg,0,0.27535271644592285,0.140009805560112,0.02160092629492283,0.058359816670417786,0.0011322976788505912
000902_jpg.rf.f1be11af53a854bf0f07539ef71bfab7.jpg,1,0.502082347869873,0.49054262042045593,0.7090263366699219,0.8724784255027771,0.0009549345704726875
000902_jpg.rf.f1be11af53a854bf0f07539ef71bfab7.jpg,3,0.24864186346530914,0.14103485643863678,0.025048164650797844,0.05866580829024315,0.0008713884744793177
000902_jpg.rf.f1be11af53a854bf0f07539ef71bfab7.jpg,3,0.27370700240135193,0.14102457463741302,0.020855996757745743,0.05780038610100746,0.0008356331381946802
000902_jpg.rf.f1be11af53a854bf0f07539ef71bfab7.jpg,1,0.5645537376403809,0.12055549770593643,0.024661468341946602,0.07349605858325958,0.0007331423694267869
000902_jpg.rf.f1be11af53a854bf0f07539ef71bfab7.jpg,1,0.5363713502883911,0.25287434458732605,0.015034088864922523,0.12274003773927689,0.0007188606541603804
000902_jpg.rf.f1be11af53a854bf0f07539ef71bfab7.jpg,1,0.5068823099136353,0.21692155301570892,0.011419663205742836,0.03771882876753807,0.0005175651749596
000908_JPG_jpg.rf.d4876c6a6657b36ba6b1c1626df8123d.jpg,0,0.200236976146698,0.15828347206115723,0.10325098782777786,0.0557432658970356,0.9026622176170349
000908_JPG_jpg.rf.d4876c6a6657b36ba6b1c1626df8123d.jpg,0,0.9935464262962341,0.38300448656082153,0.012713286094367504,0.09614141285419464,0.1438765674829483
000908_JPG_jpg.rf.d4876c6a6657b36ba6b1c1626df8123d.jpg,0,0.779731035232544,0.5075778961181641,0.037255436182022095,0.019167864695191383,0.12455441057682037
000908_JPG_jpg.rf.d4876c6a6657b36ba6b1c1626df8123d.jpg,0,0.7338979840278625,0.3898557722568512,0.02828172594308853,0.0386609323322773,0.07779102027416229
000908_JPG_jpg.rf.d4876c6a6657b36ba6b1c1626df8123d.jpg,1,0.7474038600921631,0.4286382496356964,0.02256004698574543,0.029732154682278633,0.07339677214622498
000908_JPG_jpg.rf.d4876c6a6657b36ba6b1c1626df8123d.jpg,0,0.8295319080352783,0.5603916645050049,0.03887330740690231,0.019810384139418602,0.07306618988513947
000908_JPG_jpg.rf.d4876c6a6657b36ba6b1c1626df8123d.jpg,1,0.008186561055481434,0.45733386278152466,0.016373122110962868,0.05849570780992508,0.0610119067132473
000908_JPG_jpg.rf.d4876c6a6657b36ba6b1c1626df8123d.jpg,0,0.014883328229188919,0.5631564259529114,0.028639303520321846,0.08862492442131042,0.0562654584646225
000908_JPG_jpg.rf.d4876c6a6657b36ba6b1c1626df8123d.jpg,0,0.25471681356430054,0.28141894936561584,0.04791375622153282,0.13380536437034607,0.04319508746266365
000908_JPG_jpg.rf.d4876c6a6657b36ba6b1c1626df8123d.jpg,0,0.7471824288368225,0.42958104610443115,0.02285011112689972,0.030809110030531883,0.012733769603073597
000908_JPG_jpg.rf.d4876c6a6657b36ba6b1c1626df8123d.jpg,0,0.7811964154243469,0.5133870840072632,0.032990969717502594,0.017154693603515625,0.012055261060595512
000908_JPG_jpg.rf.d4876c6a6657b36ba6b1c1626df8123d.jpg,0,0.5606951117515564,0.5191448330879211,0.036505114287137985,0.01250839326530695,0.01162673905491829
000908_JPG_jpg.rf.d4876c6a6657b36ba6b1c1626df8123d.jpg,0,0.7415602803230286,0.5259363055229187,0.031630516052246094,0.018806567415595055,0.009997955523431301
000908_JPG_jpg.rf.d4876c6a6657b36ba6b1c1626df8123d.jpg,1,0.6981650590896606,0.41878658533096313,0.0172885749489069,0.01619206927716732,0.0080082006752491
000908_JPG_jpg.rf.d4876c6a6657b36ba6b1c1626df8123d.jpg,1,0.2575686573982239,0.2807445526123047,0.052435252815485,0.13009104132652283,0.007384962867945433
000908_JPG_jpg.rf.d4876c6a6657b36ba6b1c1626df8123d.jpg,8,0.259349524974823,0.32872942090034485,0.04077163338661194,0.04352870583534241,0.006440546363592148
000908_JPG_jpg.rf.d4876c6a6657b36ba6b1c1626df8123d.jpg,0,0.7633025646209717,0.5193634629249573,0.06209021434187889,0.017395973205566406,0.00595246534794569
000908_JPG_jpg.rf.d4876c6a6657b36ba6b1c1626df8123d.jpg,8,0.2596835196018219,0.2959880828857422,0.04456767812371254,0.10944586992263794,0.0055389245972037315
000908_JPG_jpg.rf.d4876c6a6657b36ba6b1c1626df8123d.jpg,0,0.7035161852836609,0.5240250825881958,0.041107840836048126,0.01735944114625454,0.005043434910476208
000908_JPG_jpg.rf.d4876c6a6657b36ba6b1c1626df8123d.jpg,0,0.8167573809623718,0.5526873469352722,0.03443314507603645,0.02210349403321743,0.0031776539981365204
000908_JPG_jpg.rf.d4876c6a6657b36ba6b1c1626df8123d.jpg,7,0.26147836446762085,0.2816583216190338,0.04585385322570801,0.140269473195076,0.002842543413862586
000908_JPG_jpg.rf.d4876c6a6657b36ba6b1c1626df8123d.jpg,0,0.7114465832710266,0.5321468114852905,0.03058125451207161,0.0210763867944479,0.0024677799083292484
000908_JPG_jpg.rf.d4876c6a6657b36ba6b1c1626df8123d.jpg,1,0.6977460980415344,0.4252747893333435,0.015260256826877594,0.025797661393880844,0.002400496043264866
000908_JPG_jpg.rf.d4876c6a6657b36ba6b1c1626df8123d.jpg,0,0.8178403377532959,0.5381019711494446,0.03196239471435547,0.022727783769369125,0.00235945638269186
000908_JPG_jpg.rf.d4876c6a6657b36ba6b1c1626df8123d.jpg,1,0.8219456076622009,0.566795289516449,0.013936263509094715,0.0185397956520319,0.0019128796411678195
000908_JPG_jpg.rf.d4876c6a6657b36ba6b1c1626df8123d.jpg,5,0.2385895699262619,0.6755302548408508,0.12073425948619843,0.07654491066932678,0.0018163042841479182
000908_JPG_jpg.rf.d4876c6a6657b36ba6b1c1626df8123d.jpg,0,0.8734612464904785,0.2411387413740158,0.02266194298863411,0.0320923887193203,0.0017334140138700604
000908_JPG_jpg.rf.d4876c6a6657b36ba6b1c1626df8123d.jpg,0,0.013673876412212849,0.5477410554885864,0.025370264425873756,0.0483720488846302,0.0015859175473451614
000908_JPG_jpg.rf.d4876c6a6657b36ba6b1c1626df8123d.jpg,1,0.9919617176055908,0.549496591091156,0.015768418088555336,0.014663697220385075,0.001556292176246643
000908_JPG_jpg.rf.d4876c6a6657b36ba6b1c1626df8123d.jpg,0,0.7625266909599304,0.5112353563308716,0.04376191645860672,0.018817681819200516,0.0013032498536631465
000908_JPG_jpg.rf.d4876c6a6657b36ba6b1c1626df8123d.jpg,1,0.7088268399238586,0.5329787135124207,0.03396907448768616,0.021227359771728516,0.0012966273352503777
000908_JPG_jpg.rf.d4876c6a6657b36ba6b1c1626df8123d.jpg,1,0.4121249318122864,0.460029661655426,0.0183145459741354,0.018125828355550766,0.0012882646406069398
000908_JPG_jpg.rf.d4876c6a6657b36ba6b1c1626df8123d.jpg,0,0.7394588589668274,0.4225330650806427,0.034071557223796844,0.022574901580810547,0.0012481855228543282
000908_JPG_jpg.rf.d4876c6a6657b36ba6b1c1626df8123d.jpg,1,0.5562711954116821,0.521422266960144,0.04140978679060936,0.01725846156477928,0.0012212860165163875
000908_JPG_jpg.rf.d4876c6a6657b36ba6b1c1626df8123d.jpg,1,0.715063214302063,0.5371378064155579,0.026726210489869118,0.016664981842041016,0.001121829729527235
000908_JPG_jpg.rf.d4876c6a6657b36ba6b1c1626df8123d.jpg,0,0.7841558456420898,0.5218619704246521,0.03584318980574608,0.015298256650567055,0.0011191500816494226
000908_JPG_jpg.rf.d4876c6a6657b36ba6b1c1626df8123d.jpg,5,0.9082671403884888,0.6872336864471436,0.18346582353115082,0.48052656650543213,0.0009959061862900853
000908_JPG_jpg.rf.d4876c6a6657b36ba6b1c1626df8123d.jpg,1,0.7550143003463745,0.4327518939971924,0.03808395937085152,0.03573520481586456,0.0009385701850987971
000908_JPG_jpg.rf.d4876c6a6657b36ba6b1c1626df8123d.jpg,0,0.8040452003479004,0.5423437356948853,0.022509796544909477,0.01870478130877018,0.0008449430461041629
000908_JPG_jpg.rf.d4876c6a6657b36ba6b1c1626df8123d.jpg,1,0.7446818947792053,0.4418843388557434,0.022078514099121094,0.05021517351269722,0.0007990728481672704
000908_JPG_jpg.rf.d4876c6a6657b36ba6b1c1626df8123d.jpg,1,0.9945162534713745,0.5415934324264526,0.010967475362122059,0.027328969910740852,0.0007715265965089202
000908_JPG_jpg.rf.d4876c6a6657b36ba6b1c1626df8123d.jpg,1,0.03890218958258629,0.46272051334381104,0.01970992051064968,0.04721718654036522,0.000748025777284056
000908_JPG_jpg.rf.d4876c6a6657b36ba6b1c1626df8123d.jpg,1,0.40517112612724304,0.5182380080223083,0.02046031318604946,0.039180465042591095,0.000733705353923142
000908_JPG_jpg.rf.d4876c6a6657b36ba6b1c1626df8123d.jpg,1,0.908290445804596,0.4473559856414795,0.02865850180387497,0.019269870594143867,0.0006998851895332336
000908_JPG_jpg.rf.d4876c6a6657b36ba6b1c1626df8123d.jpg,0,0.6334853768348694,0.5840405225753784,0.020987804979085922,0.012492730282247066,0.0006890347576700151
000908_JPG_jpg.rf.d4876c6a6657b36ba6b1c1626df8123d.jpg,0,0.5631935000419617,0.5084981322288513,0.03678083419799805,0.019216427579522133,0.0006711879395879805
000908_JPG_jpg.rf.d4876c6a6657b36ba6b1c1626df8123d.jpg,8,0.8742300271987915,0.2384471446275711,0.02513086050748825,0.03723163157701492,0.0006383969448506832
000908_JPG_jpg.rf.d4876c6a6657b36ba6b1c1626df8123d.jpg,0,0.7205358743667603,0.5249159932136536,0.034111976623535156,0.01788550242781639,0.0005902111879549921
000908_JPG_jpg.rf.d4876c6a6657b36ba6b1c1626df8123d.jpg,0,0.5755687355995178,0.5208161473274231,0.02723444439470768,0.008129780180752277,0.000546144787222147
000908_JPG_jpg.rf.d4876c6a6657b36ba6b1c1626df8123d.jpg,6,0.41634154319763184,0.8020626306533813,0.8270320296287537,0.3958747684955597,0.0005449334857985377
000908_JPG_jpg.rf.d4876c6a6657b36ba6b1c1626df8123d.jpg,0,0.9874549508094788,0.41021305322647095,0.024938805028796196,0.07555818557739258,0.0005150322103872895
000922_JPG_jpg.rf.143f5b1a97d934ec4a71114055fa5a0b.jpg,0,0.533381998538971,0.1544581800699234,0.26052531599998474,0.07903742045164108,0.949177622795105
000922_JPG_jpg.rf.143f5b1a97d934ec4a71114055fa5a0b.jpg,0,0.6217049956321716,0.7370123267173767,0.043053776025772095,0.016414569690823555,0.35791876912117004
000922_JPG_jpg.rf.143f5b1a97d934ec4a71114055fa5a0b.jpg,0,0.6111669540405273,0.6839293837547302,0.018015384674072266,0.01629858836531639,0.099545419216156
000922_JPG_jpg.rf.143f5b1a97d934ec4a71114055fa5a0b.jpg,1,0.8305779099464417,0.7101433873176575,0.04074309393763542,0.02970152720808983,0.07974574714899063
000922_JPG_jpg.rf.143f5b1a97d934ec4a71114055fa5a0b.jpg,0,0.33837342262268066,0.6485497355461121,0.03571312502026558,0.017556924372911453,0.053252607583999634
000922_JPG_jpg.rf.143f5b1a97d934ec4a71114055fa5a0b.jpg,1,0.8251108527183533,0.7120502591133118,0.015979986637830734,0.026846593245863914,0.03202468529343605
000922_JPG_jpg.rf.143f5b1a97d934ec4a71114055fa5a0b.jpg,1,0.608012855052948,0.739079475402832,0.029357507824897766,0.02160864695906639,0.017407134175300598
000922_JPG_jpg.rf.143f5b1a97d934ec4a71114055fa5a0b.jpg,0,0.3153046667575836,0.6497949957847595,0.04547053202986717,0.017042821273207664,0.00960046611726284
000922_JPG_jpg.rf.143f5b1a97d934ec4a71114055fa5a0b.jpg,1,0.6029455065727234,0.7434210181236267,0.0208627637475729,0.016199039295315742,0.00817645899951458
000922_JPG_jpg.rf.143f5b1a97d934ec4a71114055fa5a0b.jpg,0,0.5852142572402954,0.6844774484634399,0.030887311324477196,0.012540671043097973,0.0072621311992406845
000922_JPG_jpg.rf.143f5b1a97d934ec4a71114055fa5a0b.jpg,0,0.3519134521484375,0.6490662097930908,0.038780104368925095,0.017345208674669266,0.004243476781994104
000922_JPG_jpg.rf.143f5b1a97d934ec4a71114055fa5a0b.jpg,0,0.6119256019592285,0.6791155338287354,0.02271490916609764,0.020663775503635406,0.004241371527314186
000922_JPG_jpg.rf.143f5b1a97d934ec4a71114055fa5a0b.jpg,0,0.607825517654419,0.7337451577186584,0.0290728360414505,0.01789613999426365,0.0029045441187918186
000922_JPG_jpg.rf.143f5b1a97d934ec4a71114055fa5a0b.jpg,0,0.3004189431667328,0.6509487628936768,0.03730699047446251,0.015966929495334625,0.002857796149328351
000922_JPG_jpg.rf.143f5b1a97d934ec4a71114055fa5a0b.jpg,1,0.8224340677261353,0.7271259427070618,0.017460236325860023,0.05687655135989189,0.002700677840039134
000922_JPG_jpg.rf.143f5b1a97d934ec4a71114055fa5a0b.jpg,0,0.6100913286209106,0.7392154335975647,0.03850819543004036,0.02000684104859829,0.0024618369061499834
000922_JPG_jpg.rf.143f5b1a97d934ec4a71114055fa5a0b.jpg,1,0.47985145449638367,0.6492356657981873,0.030708974227309227,0.026198241859674454,0.001680307206697762
000922_JPG_jpg.rf.143f5b1a97d934ec4a71114055fa5a0b.jpg,0,0.5981403589248657,0.6848708987236023,0.04097659885883331,0.016202634200453758,0.0013946593971922994
000922_JPG_jpg.rf.143f5b1a97d934ec4a71114055fa5a0b.jpg,0,0.5915517210960388,0.7034664154052734,0.029796602204442024,0.012631270103156567,0.0011920087272301316
000922_JPG_jpg.rf.143f5b1a97d934ec4a71114055fa5a0b.jpg,0,0.6118319034576416,0.6927517056465149,0.01678808033466339,0.021518854424357414,0.0011689690873026848
000922_JPG_jpg.rf.143f5b1a97d934ec4a71114055fa5a0b.jpg,0,0.5939866304397583,0.6952673196792603,0.03876018524169922,0.010846211574971676,0.001154326251707971
000922_JPG_jpg.rf.143f5b1a97d934ec4a71114055fa5a0b.jpg,1,0.34047242999076843,0.6514233946800232,0.02695714682340622,0.012575370259582996,0.0010985436383634806
000922_JPG_jpg.rf.143f5b1a97d934ec4a71114055fa5a0b.jpg,1,0.30168309807777405,0.16201812028884888,0.030065134167671204,0.02094278112053871,0.0009185169474221766
000922_JPG_jpg.rf.143f5b1a97d934ec4a71114055fa5a0b.jpg,1,0.5795444846153259,0.6842136383056641,0.03532593324780464,0.015119773335754871,0.000845475762616843
000922_JPG_jpg.rf.143f5b1a97d934ec4a71114055fa5a0b.jpg,11,0.5512930154800415,0.941745400428772,0.7117902636528015,0.11650922149419785,0.0008212121319957078
000922_JPG_jpg.rf.143f5b1a97d934ec4a71114055fa5a0b.jpg,0,0.6054043769836426,0.6893893480300903,0.028018953278660774,0.01640019193291664,0.000818118336610496
000922_JPG_jpg.rf.143f5b1a97d934ec4a71114055fa5a0b.jpg,0,0.5963425040245056,0.7004112601280212,0.031229790300130844,0.009614798240363598,0.0007808461668901145
000922_JPG_jpg.rf.143f5b1a97d934ec4a71114055fa5a0b.jpg,0,0.6211490035057068,0.6837887763977051,0.0381433442234993,0.020944522693753242,0.0006592570571228862
000922_JPG_jpg.rf.143f5b1a97d934ec4a71114055fa5a0b.jpg,0,0.6219572424888611,0.7246007323265076,0.041865862905979156,0.030706552788615227,0.0006520526367239654
000922_JPG_jpg.rf.143f5b1a97d934ec4a71114055fa5a0b.jpg,0,0.49394962191581726,0.6874716877937317,0.028645405545830727,0.016503041610121727,0.0005851558526046574
000922_JPG_jpg.rf.143f5b1a97d934ec4a71114055fa5a0b.jpg,0,0.4828992784023285,0.6899847388267517,0.025923803448677063,0.014616967178881168,0.000575876038055867
000922_JPG_jpg.rf.143f5b1a97d934ec4a71114055fa5a0b.jpg,8,0.5742296576499939,0.2045687437057495,0.0435059629380703,0.032635875046253204,0.0005715504521504045
000922_JPG_jpg.rf.143f5b1a97d934ec4a71114055fa5a0b.jpg,0,0.46156811714172363,0.688917338848114,0.037565600126981735,0.020897645503282547,0.0005492896307259798
000922_JPG_jpg.rf.143f5b1a97d934ec4a71114055fa5a0b.jpg,8,0.8299157619476318,0.7286440134048462,0.03722799941897392,0.062317702919244766,0.0005221014143899083
000923_JPG_jpg.rf.f4e893778e08329a2b43abaef002f29e.jpg,0,0.3090400695800781,0.25189414620399475,0.0774805024266243,0.04366788640618324,0.8959465026855469
000923_JPG_jpg.rf.f4e893778e08329a2b43abaef002f29e.jpg,12,0.7385764718055725,0.09180986881256104,0.13511760532855988,0.18361973762512207,0.003300403244793415
000923_JPG_jpg.rf.f4e893778e08329a2b43abaef002f29e.jpg,1,0.7737600803375244,0.10899753868579865,0.23767194151878357,0.21769922971725464,0.0021167767699807882
000923_JPG_jpg.rf.f4e893778e08329a2b43abaef002f29e.jpg,1,0.2776729166507721,0.43120986223220825,0.02506285533308983,0.0153692327439785,0.0011859427904710174
000923_JPG_jpg.rf.f4e893778e08329a2b43abaef002f29e.jpg,0,0.2020546942949295,0.47676095366477966,0.03127395361661911,0.02143383026123047,0.0011664606863632798
000923_JPG_jpg.rf.f4e893778e08329a2b43abaef002f29e.jpg,0,0.6297169923782349,0.392006516456604,0.04109364375472069,0.05199190601706505,0.0011446696007624269
000923_JPG_jpg.rf.f4e893778e08329a2b43abaef002f29e.jpg,0,0.45794588327407837,0.30582118034362793,0.022801034152507782,0.06532008945941925,0.0009569255053065717
000923_JPG_jpg.rf.f4e893778e08329a2b43abaef002f29e.jpg,1,0.24580779671669006,0.24059322476387024,0.04553518071770668,0.08111272007226944,0.0008102923748083413
000923_JPG_jpg.rf.f4e893778e08329a2b43abaef002f29e.jpg,0,0.03297233581542969,0.596626877784729,0.04232602193951607,0.06356698274612427,0.0007378999143838882
000923_JPG_jpg.rf.f4e893778e08329a2b43abaef002f29e.jpg,1,0.0378774031996727,0.004489944316446781,0.03074987605214119,0.008979888632893562,0.0007258591358549893
000923_JPG_jpg.rf.f4e893778e08329a2b43abaef002f29e.jpg,1,0.8901585340499878,0.45864632725715637,0.212074875831604,0.9145742058753967,0.0006734029157087207
000923_JPG_jpg.rf.f4e893778e08329a2b43abaef002f29e.jpg,0,0.30881115794181824,0.4268640875816345,0.02431510202586651,0.017096813768148422,0.0006507384241558611
000934_JPG_jpg.rf.81031f117e2b4ac8b19c0cbe3bdd1d99.jpg,0,0.39224573969841003,0.16114047169685364,0.12062340974807739,0.05594892054796219,0.9085403680801392
000934_JPG_jpg.rf.81031f117e2b4ac8b19c0cbe3bdd1d99.jpg,0,0.6245522499084473,0.48422330617904663,0.046665120869874954,0.024213608354330063,0.8291187286376953
000934_JPG_jpg.rf.81031f117e2b4ac8b19c0cbe3bdd1d99.jpg,1,0.3303180932998657,0.5025338530540466,0.033266179263591766,0.014863675460219383,0.09613622725009918
000934_JPG_jpg.rf.81031f117e2b4ac8b19c0cbe3bdd1d99.jpg,0,0.9771228432655334,0.601411759853363,0.013368240557610989,0.034032344818115234,0.011340432800352573
000934_JPG_jpg.rf.81031f117e2b4ac8b19c0cbe3bdd1d99.jpg,0,0.005519446916878223,0.5990168452262878,0.011038893833756447,0.030771072953939438,0.004947007168084383
000934_JPG_jpg.rf.81031f117e2b4ac8b19c0cbe3bdd1d99.jpg,1,0.9769247174263,0.6011812686920166,0.012958087027072906,0.03331144154071808,0.004072396084666252
000934_JPG_jpg.rf.81031f117e2b4ac8b19c0cbe3bdd1d99.jpg,1,0.981346607208252,0.4569160044193268,0.03705010190606117,0.022442562505602837,0.003699677065014839
000934_JPG_jpg.rf.81031f117e2b4ac8b19c0cbe3bdd1d99.jpg,0,0.3321608006954193,0.5027624368667603,0.02782168798148632,0.016756534576416016,0.002253615763038397
000934_JPG_jpg.rf.81031f117e2b4ac8b19c0cbe3bdd1d99.jpg,0,0.9950376152992249,0.6004253625869751,0.007385254371911287,0.03156555816531181,0.00163759826682508
000934_JPG_jpg.rf.81031f117e2b4ac8b19c0cbe3bdd1d99.jpg,1,0.801715612411499,0.5498536825180054,0.02076948620378971,0.01866179332137108,0.0013599549420177937
000934_JPG_jpg.rf.81031f117e2b4ac8b19c0cbe3bdd1d99.jpg,1,0.3767157196998596,0.4659896790981293,0.01023740042001009,0.029573367908596992,0.0013022113125771284
000934_JPG_jpg.rf.81031f117e2b4ac8b19c0cbe3bdd1d99.jpg,0,0.2216445505619049,0.5523340106010437,0.02240428701043129,0.011923789978027344,0.0011332067660987377
000934_JPG_jpg.rf.81031f117e2b4ac8b19c0cbe3bdd1d99.jpg,0,0.015875589102506638,0.5958542227745056,0.021565496921539307,0.022831991314888,0.0010253535583615303
000934_JPG_jpg.rf.81031f117e2b4ac8b19c0cbe3bdd1d99.jpg,11,0.9792929887771606,0.598845899105072,0.02305588498711586,0.04169739410281181,0.0010186954168602824
000934_JPG_jpg.rf.81031f117e2b4ac8b19c0cbe3bdd1d99.jpg,1,0.47870150208473206,0.49046266078948975,0.02497570402920246,0.013049419969320297,0.0008972897776402533
000934_JPG_jpg.rf.81031f117e2b4ac8b19c0cbe3bdd1d99.jpg,0,0.005972733721137047,0.5881649851799011,0.011945467442274094,0.03269874304533005,0.0007718134438619018
000934_JPG_jpg.rf.81031f117e2b4ac8b19c0cbe3bdd1d99.jpg,1,0.3323507308959961,0.5090541839599609,0.031082814559340477,0.027354644611477852,0.0007031032000668347
000934_JPG_jpg.rf.81031f117e2b4ac8b19c0cbe3bdd1d99.jpg,1,0.4679345190525055,0.4897218942642212,0.025165852159261703,0.012659844011068344,0.0006606558454222977
000934_JPG_jpg.rf.81031f117e2b4ac8b19c0cbe3bdd1d99.jpg,0,0.1318632811307907,0.5770735740661621,0.01705045998096466,0.020294189453125,0.0006274693878367543
000935_jpg.rf.a73778e8e15369b4706431ac25671fb4.jpg,0,0.5305604934692383,0.31124064326286316,0.010680016130208969,0.03995943069458008,0.6585708260536194
000935_jpg.rf.a73778e8e15369b4706431ac25671fb4.jpg,0,0.5043233036994934,0.31700780987739563,0.009351327084004879,0.02971453033387661,0.6170336604118347
000935_jpg.rf.a73778e8e15369b4706431ac25671fb4.jpg,1,0.552132248878479,0.07216804474592209,0.018563197925686836,0.03832877799868584,0.11881931126117706
000935_jpg.rf.a73778e8e15369b4706431ac25671fb4.jpg,0,0.5081802606582642,0.3126445412635803,0.01157892681658268,0.04487232118844986,0.07134988158941269
000935_jpg.rf.a73778e8e15369b4706431ac25671fb4.jpg,0,0.5322087407112122,0.31737348437309265,0.016995320096611977,0.024270957335829735,0.0622134730219841
000935_jpg.rf.a73778e8e15369b4706431ac25671fb4.jpg,0,0.5888681411743164,0.12690137326717377,0.014072968624532223,0.03474276140332222,0.050533272325992584
000935_jpg.rf.a73778e8e15369b4706431ac25671fb4.jpg,0,0.5513045787811279,0.0704115703701973,0.017426418140530586,0.03937770053744316,0.035314422100782394
000935_jpg.rf.a73778e8e15369b4706431ac25671fb4.jpg,0,0.5210895538330078,0.3149661123752594,0.0067630549892783165,0.03414585068821907,0.013723745942115784
000935_jpg.rf.a73778e8e15369b4706431ac25671fb4.jpg,0,0.5239955186843872,0.3160199522972107,0.011578193865716457,0.03170318156480789,0.010605940595269203
000935_jpg.rf.a73778e8e15369b4706431ac25671fb4.jpg,0,0.58857661485672,0.10841218382120132,0.0254830215126276,0.07502947002649307,0.005014650523662567
000935_jpg.rf.a73778e8e15369b4706431ac25671fb4.jpg,1,0.6161754727363586,0.00899463426321745,0.012141411192715168,0.017900018021464348,0.004039757885038853
000935_jpg.rf.a73778e8e15369b4706431ac25671fb4.jpg,1,0.5539346933364868,0.08427000045776367,0.023257477208971977,0.06489455699920654,0.0021795001812279224
000935_jpg.rf.a73778e8e15369b4706431ac25671fb4.jpg,0,0.5013717412948608,0.30761414766311646,0.013673488982021809,0.04228472709655762,0.0017559019615873694
000935_jpg.rf.a73778e8e15369b4706431ac25671fb4.jpg,0,0.5262911915779114,0.3227408230304718,0.01593857631087303,0.03843975067138672,0.0011335457675158978
000935_jpg.rf.a73778e8e15369b4706431ac25671fb4.jpg,1,0.6118666529655457,0.00994911976158619,0.010702427476644516,0.0193596463650465,0.0010003572097048163
000935_jpg.rf.a73778e8e15369b4706431ac25671fb4.jpg,0,0.5222269296646118,0.3324365019798279,0.016024883836507797,0.03149806708097458,0.000993523746728897
000935_jpg.rf.a73778e8e15369b4706431ac25671fb4.jpg,14,0.9828641414642334,0.2732214331626892,0.03353140875697136,0.0683220773935318,0.0008779516210779548
000935_jpg.rf.a73778e8e15369b4706431ac25671fb4.jpg,0,0.8380358815193176,0.2917994558811188,0.012027227319777012,0.04437270760536194,0.0008473815978504717
000935_jpg.rf.a73778e8e15369b4706431ac25671fb4.jpg,0,0.5305219292640686,0.3028646409511566,0.015670299530029297,0.05638227239251137,0.0008376568439416587
000935_jpg.rf.a73778e8e15369b4706431ac25671fb4.jpg,8,0.5522897839546204,0.3125159442424774,0.02920752391219139,0.025339731946587563,0.0006992598646320403
000935_jpg.rf.a73778e8e15369b4706431ac25671fb4.jpg,6,0.10039844363927841,0.3330616354942322,0.20079688727855682,0.6648765802383423,0.000668344902805984
000935_jpg.rf.a73778e8e15369b4706431ac25671fb4.jpg,0,0.5213417410850525,0.2984505295753479,0.013578709214925766,0.06293383240699768,0.0006558597669936717
000935_jpg.rf.a73778e8e15369b4706431ac25671fb4.jpg,0,0.5048767328262329,0.29962220788002014,0.012135139666497707,0.06047448888421059,0.0005760085768997669
000935_jpg.rf.a73778e8e15369b4706431ac25671fb4.jpg,14,0.9792242646217346,0.24899926781654358,0.04155158996582031,0.03243980184197426,0.0005736882449127734
000935_jpg.rf.a73778e8e15369b4706431ac25671fb4.jpg,0,0.4786324203014374,0.31988033652305603,0.019669130444526672,0.01629231497645378,0.0005707741365768015
000935_jpg.rf.a73778e8e15369b4706431ac25671fb4.jpg,6,0.1757478266954422,0.4457543194293976,0.35064688324928284,0.8741160035133362,0.0005589791689999402
000935_jpg.rf.a73778e8e15369b4706431ac25671fb4.jpg,6,0.33708688616752625,0.7796254754066467,0.6725940108299255,0.4407491385936737,0.000500909925904125
000936_jpg.rf.66c50dea6603f9ecc83f8b79c88a2f54.jpg,1,0.5931211113929749,0.9596500992774963,0.017581170424818993,0.07368814200162888,0.7441455125808716
000936_jpg.rf.66c50dea6603f9ecc83f8b79c88a2f54.jpg,1,0.634451687335968,0.9559801816940308,0.017127403989434242,0.07079293578863144,0.7280679941177368
000936_jpg.rf.66c50dea6603f9ecc83f8b79c88a2f54.jpg,0,0.6568659543991089,0.9443246126174927,0.024092234671115875,0.04650570824742317,0.07698725908994675
000936_jpg.rf.66c50dea6603f9ecc83f8b79c88a2f54.jpg,1,0.6138500571250916,0.9511633515357971,0.021900508552789688,0.05231094732880592,0.06728924810886383
000936_jpg.rf.66c50dea6603f9ecc83f8b79c88a2f54.jpg,7,0.6136347651481628,0.9553542137145996,0.020983660593628883,0.0635770708322525,0.048496995121240616
000936_jpg.rf.66c50dea6603f9ecc83f8b79c88a2f54.jpg,0,0.26900726556777954,0.8720237016677856,0.022962937131524086,0.012808579951524734,0.04800671711564064
000936_jpg.rf.66c50dea6603f9ecc83f8b79c88a2f54.jpg,0,0.7064392566680908,0.766709566116333,0.025518344715237617,0.013148454949259758,0.03741303086280823
000936_jpg.rf.66c50dea6603f9ecc83f8b79c88a2f54.jpg,1,0.6107398867607117,0.9594566226005554,0.03780713677406311,0.07284238189458847,0.02141440659761429
000936_jpg.rf.66c50dea6603f9ecc83f8b79c88a2f54.jpg,0,0.6537540555000305,0.9544985294342041,0.033806655555963516,0.06840324401855469,0.01470109075307846
000936_jpg.rf.66c50dea6603f9ecc83f8b79c88a2f54.jpg,0,0.1454450935125351,0.7109087705612183,0.01020684652030468,0.03586409613490105,0.012404697947204113
000936_jpg.rf.66c50dea6603f9ecc83f8b79c88a2f54.jpg,1,0.6461632251739502,0.9509355425834656,0.03053518570959568,0.06301631033420563,0.012378818355500698
000936_jpg.rf.66c50dea6603f9ecc83f8b79c88a2f54.jpg,0,0.7968469262123108,0.8270043730735779,0.02032969705760479,0.013677231036126614,0.009966706857085228
000936_jpg.rf.66c50dea6603f9ecc83f8b79c88a2f54.jpg,0,0.3495458960533142,0.79889976978302,0.025092491880059242,0.019382990896701813,0.007901771925389767
000936_jpg.rf.66c50dea6603f9ecc83f8b79c88a2f54.jpg,7,0.6579941511154175,0.9492786526679993,0.02263641357421875,0.045943040400743484,0.007729921489953995
000936_jpg.rf.66c50dea6603f9ecc83f8b79c88a2f54.jpg,0,0.3538941740989685,0.7986192107200623,0.021993234753608704,0.012386542744934559,0.005115747917443514
000936_jpg.rf.66c50dea6603f9ecc83f8b79c88a2f54.jpg,0,0.6352879405021667,0.9573408365249634,0.021023018285632133,0.06715694069862366,0.004545736592262983
000936_jpg.rf.66c50dea6603f9ecc83f8b79c88a2f54.jpg,0,0.24412475526332855,0.9566534161567688,0.011228176765143871,0.028285248205065727,0.004126207437366247
000936_jpg.rf.66c50dea6603f9ecc83f8b79c88a2f54.jpg,1,0.5615270137786865,0.9612463712692261,0.05228901281952858,0.06832944601774216,0.003845836501568556
000936_jpg.rf.66c50dea6603f9ecc83f8b79c88a2f54.jpg,1,0.6195223331451416,0.9547688961029053,0.024613894522190094,0.0668478012084961,0.003460399806499481
000936_jpg.rf.66c50dea6603f9ecc83f8b79c88a2f54.jpg,0,0.6936414837837219,0.9268883466720581,0.032665107399225235,0.06740702688694,0.0029769877437502146
000936_jpg.rf.66c50dea6603f9ecc83f8b79c88a2f54.jpg,0,0.0764474868774414,0.6956275105476379,0.02409745194017887,0.012627455405890942,0.002343579428270459
000936_jpg.rf.66c50dea6603f9ecc83f8b79c88a2f54.jpg,0,0.09515924006700516,0.7007657289505005,0.019985483959317207,0.013328112661838531,0.0020184172317385674
000936_jpg.rf.66c50dea6603f9ecc83f8b79c88a2f54.jpg,0,0.08898649364709854,0.6956985592842102,0.024894971400499344,0.014105797745287418,0.0018610282568261027
000936_jpg.rf.66c50dea6603f9ecc83f8b79c88a2f54.jpg,0,0.38556262850761414,0.9939408302307129,0.05132066458463669,0.012118339538574219,0.0018497953424230218
000936_jpg.rf.66c50dea6603f9ecc83f8b79c88a2f54.jpg,0,0.518471360206604,0.9702500700950623,0.012799483723938465,0.05779537931084633,0.0014942381531000137
000936_jpg.rf.66c50dea6603f9ecc83f8b79c88a2f54.jpg,0,0.10135868936777115,0.7029135823249817,0.01171035971492529,0.01385476067662239,0.001333218882791698
000936_jpg.rf.66c50dea6603f9ecc83f8b79c88a2f54.jpg,1,0.5878039598464966,0.9670058488845825,0.017210226505994797,0.0650113970041275,0.00117869779933244
000936_jpg.rf.66c50dea6603f9ecc83f8b79c88a2f54.jpg,0,0.26948118209838867,0.8984739184379578,0.017499355599284172,0.011553177610039711,0.001117847510613501
000936_jpg.rf.66c50dea6603f9ecc83f8b79c88a2f54.jpg,0,0.9391971230506897,0.7325456738471985,0.012910476885735989,0.010192138142883778,0.001103698741644621
000936_jpg.rf.66c50dea6603f9ecc83f8b79c88a2f54.jpg,0,0.42389175295829773,0.9566882848739624,0.01453495118767023,0.01643643155694008,0.0010149445151910186
000936_jpg.rf.66c50dea6603f9ecc83f8b79c88a2f54.jpg,0,0.4283893406391144,0.957730770111084,0.014115811325609684,0.012822958640754223,0.0010144999250769615
000936_jpg.rf.66c50dea6603f9ecc83f8b79c88a2f54.jpg,1,0.5920034646987915,0.9583770036697388,0.02908083237707615,0.08324601501226425,0.000891110161319375
000936_jpg.rf.66c50dea6603f9ecc83f8b79c88a2f54.jpg,0,0.27254411578178406,0.9236223101615906,0.021343708038330078,0.07532824575901031,0.0008861733367666602
000936_jpg.rf.66c50dea6603f9ecc83f8b79c88a2f54.jpg,0,0.4814079999923706,0.9932118058204651,0.012332146055996418,0.013312927447259426,0.0008323692600242794
000936_jpg.rf.66c50dea6603f9ecc83f8b79c88a2f54.jpg,0,0.0864298865199089,0.7005866169929504,0.026277488097548485,0.014319567009806633,0.0007547371205873787
000936_jpg.rf.66c50dea6603f9ecc83f8b79c88a2f54.jpg,0,0.34167948365211487,0.9880682229995728,0.012718788348138332,0.023161742836236954,0.0007410103571601212
000936_jpg.rf.66c50dea6603f9ecc83f8b79c88a2f54.jpg,0,0.097467802464962,0.6966859102249146,0.01351286843419075,0.01642344519495964,0.000702317338436842
000936_jpg.rf.66c50dea6603f9ecc83f8b79c88a2f54.jpg,1,0.539772629737854,0.9643912315368652,0.04542519524693489,0.049661051481962204,0.0006984889623709023
000936_jpg.rf.66c50dea6603f9ecc83f8b79c88a2f54.jpg,1,0.27303093671798706,0.9259222745895386,0.012384121306240559,0.03724443167448044,0.0006360796396620572
000936_jpg.rf.66c50dea6603f9ecc83f8b79c88a2f54.jpg,0,0.7609362602233887,0.8828826546669006,0.01379761379212141,0.030689241364598274,0.000630025751888752
000936_jpg.rf.66c50dea6603f9ecc83f8b79c88a2f54.jpg,8,0.6588642597198486,0.9471882581710815,0.022952226921916008,0.04634857177734375,0.0005238450830802321
000936_jpg.rf.66c50dea6603f9ecc83f8b79c88a2f54.jpg,0,0.9357841610908508,0.7336488962173462,0.022317741066217422,0.012910696677863598,0.0005236247088760138
000938_JPG_jpg.rf.bf51e9c0b4a1d133c3e73bf56c2d2062.jpg,0,0.36208096146583557,0.19387204945087433,0.11589718610048294,0.06421377509832382,0.9597998857498169
000938_JPG_jpg.rf.bf51e9c0b4a1d133c3e73bf56c2d2062.jpg,1,0.36180612444877625,0.19402779638767242,0.11771564185619354,0.06066872924566269,0.007652356754988432
000938_JPG_jpg.rf.bf51e9c0b4a1d133c3e73bf56c2d2062.jpg,0,0.45119425654411316,0.5590612292289734,0.03571426123380661,0.01630401611328125,0.0068755545653402805
000938_JPG_jpg.rf.bf51e9c0b4a1d133c3e73bf56c2d2062.jpg,0,0.5135244131088257,0.49075567722320557,0.033652085810899734,0.021153634414076805,0.004448143299669027
000938_JPG_jpg.rf.bf51e9c0b4a1d133c3e73bf56c2d2062.jpg,1,0.21375112235546112,0.509129524230957,0.017362741753458977,0.01876908168196678,0.004154450260102749
000938_JPG_jpg.rf.bf51e9c0b4a1d133c3e73bf56c2d2062.jpg,0,0.06901121139526367,0.5492280125617981,0.026286259293556213,0.01966828666627407,0.0037793538067489862
000938_JPG_jpg.rf.bf51e9c0b4a1d133c3e73bf56c2d2062.jpg,1,0.48343315720558167,0.6373671293258667,0.018115997314453125,0.009198849089443684,0.003448974108323455
000938_JPG_jpg.rf.bf51e9c0b4a1d133c3e73bf56c2d2062.jpg,0,0.8543334603309631,0.6145523190498352,0.024196038022637367,0.03802310675382614,0.0032569682225584984
000938_JPG_jpg.rf.bf51e9c0b4a1d133c3e73bf56c2d2062.jpg,1,0.014645633287727833,0.23556861281394958,0.02894546277821064,0.026760194450616837,0.0027282109949737787
000938_JPG_jpg.rf.bf51e9c0b4a1d133c3e73bf56c2d2062.jpg,0,0.6354994177818298,0.590606153011322,0.03874360769987106,0.02206164225935936,0.0018781127873808146
000938_JPG_jpg.rf.bf51e9c0b4a1d133c3e73bf56c2d2062.jpg,0,0.40328100323677063,0.656607449054718,0.01890087127685547,0.017100848257541656,0.0016625220887362957
000938_JPG_jpg.rf.bf51e9c0b4a1d133c3e73bf56c2d2062.jpg,1,0.5024760961532593,0.6823648810386658,0.011137962341308594,0.022134415805339813,0.0014464916894212365
000938_JPG_jpg.rf.bf51e9c0b4a1d133c3e73bf56c2d2062.jpg,1,0.49316519498825073,0.6377323269844055,0.01745491847395897,0.009678107686340809,0.0013640078250318766
000938_JPG_jpg.rf.bf51e9c0b4a1d133c3e73bf56c2d2062.jpg,0,0.21056091785430908,0.5060552358627319,0.019342532381415367,0.015509606339037418,0.0011873116018250585
000938_JPG_jpg.rf.bf51e9c0b4a1d133c3e73bf56c2d2062.jpg,0,0.40591347217559814,0.6430057883262634,0.01818590983748436,0.011050445027649403,0.0011107620084658265
000938_JPG_jpg.rf.bf51e9c0b4a1d133c3e73bf56c2d2062.jpg,1,0.5037156939506531,0.6726565957069397,0.016052430495619774,0.012829781509935856,0.0010115833720192313
000938_JPG_jpg.rf.bf51e9c0b4a1d133c3e73bf56c2d2062.jpg,0,0.6349430084228516,0.6071738600730896,0.03426823392510414,0.0195224117487669,0.0009506561909802258
000938_JPG_jpg.rf.bf51e9c0b4a1d133c3e73bf56c2d2062.jpg,1,0.45083531737327576,0.5598897933959961,0.03580398112535477,0.016138076782226562,0.000941558217164129
000938_JPG_jpg.rf.bf51e9c0b4a1d133c3e73bf56c2d2062.jpg,1,0.44803789258003235,0.564622163772583,0.034030731767416,0.017248228192329407,0.0008676262223161757
000938_JPG_jpg.rf.bf51e9c0b4a1d133c3e73bf56c2d2062.jpg,1,0.9899585843086243,0.7152472734451294,0.015839209780097008,0.08250845968723297,0.0006615549209527671
000938_JPG_jpg.rf.bf51e9c0b4a1d133c3e73bf56c2d2062.jpg,1,0.5315159559249878,0.5393179059028625,0.013773221522569656,0.03728426620364189,0.0006476244307123125
000938_JPG_jpg.rf.bf51e9c0b4a1d133c3e73bf56c2d2062.jpg,1,0.30409595370292664,0.4239794909954071,0.0168637502938509,0.012511254288256168,0.0006282580434344709
000938_JPG_jpg.rf.bf51e9c0b4a1d133c3e73bf56c2d2062.jpg,1,0.5292927622795105,0.5298616886138916,0.023624420166015625,0.016984205693006516,0.0006215986795723438
000938_JPG_jpg.rf.bf51e9c0b4a1d133c3e73bf56c2d2062.jpg,0,0.25380128622055054,0.6381925940513611,0.02540188655257225,0.01465357281267643,0.0006168478284962475
000938_JPG_jpg.rf.bf51e9c0b4a1d133c3e73bf56c2d2062.jpg,0,0.5055698156356812,0.4998169243335724,0.05541045963764191,0.032549381256103516,0.0005426675779744983
000938_JPG_jpg.rf.bf51e9c0b4a1d133c3e73bf56c2d2062.jpg,0,0.5285606384277344,0.5793960690498352,0.02219104766845703,0.014393623918294907,0.0005095123779028654
000941_JPG_jpg.rf.9afc696caf8c7db27bf2134dd5660a27.jpg,0,0.36975473165512085,0.18167205154895782,0.10378753393888474,0.05663079768419266,0.8949851393699646
000941_JPG_jpg.rf.9afc696caf8c7db27bf2134dd5660a27.jpg,0,0.19685059785842896,0.3171396255493164,0.07121352106332779,0.03268926218152046,0.8624604940414429
000941_JPG_jpg.rf.9afc696caf8c7db27bf2134dd5660a27.jpg,1,0.6240077018737793,0.513648271560669,0.01420461293309927,0.050426412373781204,0.16110733151435852
000941_JPG_jpg.rf.9afc696caf8c7db27bf2134dd5660a27.jpg,1,0.5360947847366333,0.5705881714820862,0.03226126357913017,0.03150653839111328,0.039225976914167404
000941_JPG_jpg.rf.9afc696caf8c7db27bf2134dd5660a27.jpg,0,0.5983554124832153,0.5231836438179016,0.04042508080601692,0.028495606034994125,0.010074775665998459
000941_JPG_jpg.rf.9afc696caf8c7db27bf2134dd5660a27.jpg,1,0.5186532735824585,0.5694052577018738,0.03717099875211716,0.0448145866394043,0.00965871475636959
000941_JPG_jpg.rf.9afc696caf8c7db27bf2134dd5660a27.jpg,0,0.6236359477043152,0.5142157077789307,0.020047811791300774,0.046730704605579376,0.002497155452147126
000941_JPG_jpg.rf.9afc696caf8c7db27bf2134dd5660a27.jpg,6,0.8415642380714417,0.44103652238845825,0.31687164306640625,0.8091298937797546,0.001951487734913826
000941_JPG_jpg.rf.9afc696caf8c7db27bf2134dd5660a27.jpg,0,0.4007587730884552,0.6742135286331177,0.04291369393467903,0.021925413981080055,0.0015408803010359406
000941_JPG_jpg.rf.9afc696caf8c7db27bf2134dd5660a27.jpg,1,0.6234637498855591,0.505700945854187,0.023918628692626953,0.03811909630894661,0.0012982349144294858
000941_JPG_jpg.rf.9afc696caf8c7db27bf2134dd5660a27.jpg,0,0.5161052346229553,0.5682893395423889,0.03223056346178055,0.04546631500124931,0.0007366791251115501
000941_JPG_jpg.rf.9afc696caf8c7db27bf2134dd5660a27.jpg,1,0.21541176736354828,0.6502519845962524,0.033696360886096954,0.01904054917395115,0.000589050177950412
000941_JPG_jpg.rf.9afc696caf8c7db27bf2134dd5660a27.jpg,0,0.2606932520866394,0.658297061920166,0.033640533685684204,0.01951863244175911,0.0005501128034666181
000941_JPG_jpg.rf.9afc696caf8c7db27bf2134dd5660a27.jpg,9,0.5439856648445129,0.5717000961303711,0.029167067259550095,0.03334438055753708,0.000533485843334347
000944_JPG_jpg.rf.a0b81118199b4d11ccb859c15d0cb1f6.jpg,0,0.29319247603416443,0.10223370790481567,0.15527763962745667,0.06763484328985214,0.9176943302154541
000944_JPG_jpg.rf.a0b81118199b4d11ccb859c15d0cb1f6.jpg,0,0.44910117983818054,0.38185903429985046,0.07690984010696411,0.03602849692106247,0.8393087983131409
000944_JPG_jpg.rf.a0b81118199b4d11ccb859c15d0cb1f6.jpg,0,0.6420568823814392,0.522881805896759,0.04380204156041145,0.01995229721069336,0.7858257293701172
000944_JPG_jpg.rf.a0b81118199b4d11ccb859c15d0cb1f6.jpg,0,0.48377302289009094,0.4442978799343109,0.08689308166503906,0.027120957151055336,0.46173369884490967
000944_JPG_jpg.rf.a0b81118199b4d11ccb859c15d0cb1f6.jpg,1,0.4489476680755615,0.38180866837501526,0.07541818171739578,0.033737219870090485,0.2812635004520416
000944_JPG_jpg.rf.a0b81118199b4d11ccb859c15d0cb1f6.jpg,1,0.4813093841075897,0.4457866847515106,0.08499699831008911,0.026053136214613914,0.04786752909421921
000944_JPG_jpg.rf.a0b81118199b4d11ccb859c15d0cb1f6.jpg,1,0.3539283573627472,0.44662150740623474,0.050127800554037094,0.05299531668424606,0.03707939758896828
000944_JPG_jpg.rf.a0b81118199b4d11ccb859c15d0cb1f6.jpg,0,0.510392427444458,0.44358202815055847,0.03951483592391014,0.022155579179525375,0.029382536187767982
000944_JPG_jpg.rf.a0b81118199b4d11ccb859c15d0cb1f6.jpg,1,0.08000421524047852,0.2529081702232361,0.01275605894625187,0.018857572227716446,0.028623193502426147
000944_JPG_jpg.rf.a0b81118199b4d11ccb859c15d0cb1f6.jpg,0,0.39401715993881226,0.5375223159790039,0.039730366319417953,0.019771980121731758,0.027306970208883286
000944_JPG_jpg.rf.a0b81118199b4d11ccb859c15d0cb1f6.jpg,0,0.3532145619392395,0.44752320647239685,0.048383016139268875,0.052656468003988266,0.014664571732282639
000944_JPG_jpg.rf.a0b81118199b4d11ccb859c15d0cb1f6.jpg,0,0.6165902018547058,0.5212904810905457,0.056712556630373,0.02471923828125,0.014097173698246479
000944_JPG_jpg.rf.a0b81118199b4d11ccb859c15d0cb1f6.jpg,0,0.3894268274307251,0.5327199697494507,0.029242994263768196,0.013973419554531574,0.012201723642647266
000944_JPG_jpg.rf.a0b81118199b4d11ccb859c15d0cb1f6.jpg,0,0.4161851704120636,0.5310528874397278,0.02946321852505207,0.03147411346435547,0.010619433596730232
000944_JPG_jpg.rf.a0b81118199b4d11ccb859c15d0cb1f6.jpg,0,0.35292142629623413,0.4640137851238251,0.05069446936249733,0.025327684357762337,0.006693535950034857
000944_JPG_jpg.rf.a0b81118199b4d11ccb859c15d0cb1f6.jpg,1,0.5641658306121826,0.533370852470398,0.024954063817858696,0.01484529860317707,0.003856944153085351
000944_JPG_jpg.rf.a0b81118199b4d11ccb859c15d0cb1f6.jpg,8,0.41622602939605713,0.5307847857475281,0.028295334428548813,0.031214531511068344,0.0034825701732188463
000944_JPG_jpg.rf.a0b81118199b4d11ccb859c15d0cb1f6.jpg,1,0.7802097797393799,0.5098080039024353,0.027393562719225883,0.021596616134047508,0.002764198463410139
000944_JPG_jpg.rf.a0b81118199b4d11ccb859c15d0cb1f6.jpg,0,0.9816203713417053,0.5528532862663269,0.036385536193847656,0.02615492232143879,0.0027302356902509928
000944_JPG_jpg.rf.a0b81118199b4d11ccb859c15d0cb1f6.jpg,1,0.41606417298316956,0.5297437310218811,0.029056917876005173,0.02294408529996872,0.0026218798011541367
000944_JPG_jpg.rf.a0b81118199b4d11ccb859c15d0cb1f6.jpg,1,0.5460484027862549,0.8690695762634277,0.17949911952018738,0.1035212054848671,0.0019058551406487823
000944_JPG_jpg.rf.a0b81118199b4d11ccb859c15d0cb1f6.jpg,0,0.6087086200714111,0.5155213475227356,0.051833923906087875,0.026760872453451157,0.0018191627459600568
000944_JPG_jpg.rf.a0b81118199b4d11ccb859c15d0cb1f6.jpg,0,0.6363076567649841,0.5308130979537964,0.054012078791856766,0.030150597915053368,0.001767813926562667
000944_JPG_jpg.rf.a0b81118199b4d11ccb859c15d0cb1f6.jpg,1,0.3262235224246979,0.22848819196224213,0.026577619835734367,0.010560311377048492,0.0016848077066242695
000944_JPG_jpg.rf.a0b81118199b4d11ccb859c15d0cb1f6.jpg,0,0.708237886428833,0.5912532210350037,0.02537008561193943,0.013514592312276363,0.0015046685002744198
000944_JPG_jpg.rf.a0b81118199b4d11ccb859c15d0cb1f6.jpg,0,0.6872438788414001,0.5884818434715271,0.018266310915350914,0.015703275799751282,0.0013775763800367713
000944_JPG_jpg.rf.a0b81118199b4d11ccb859c15d0cb1f6.jpg,1,0.1761196255683899,0.22657565772533417,0.024311158806085587,0.010601043701171875,0.0012993860291317105
000944_JPG_jpg.rf.a0b81118199b4d11ccb859c15d0cb1f6.jpg,6,0.6824899911880493,0.6943740844726562,0.6334811449050903,0.6112517714500427,0.0012287766439840198
000944_JPG_jpg.rf.a0b81118199b4d11ccb859c15d0cb1f6.jpg,0,0.6855034828186035,0.5869880318641663,0.013755799271166325,0.007992744445800781,0.001175033743493259
000944_JPG_jpg.rf.a0b81118199b4d11ccb859c15d0cb1f6.jpg,0,0.22498036921024323,0.6249865293502808,0.015956401824951172,0.015741275623440742,0.0010061220964416862
000944_JPG_jpg.rf.a0b81118199b4d11ccb859c15d0cb1f6.jpg,0,0.5989205241203308,0.5176394581794739,0.037246596068143845,0.018691614270210266,0.0007493963930755854
000944_JPG_jpg.rf.a0b81118199b4d11ccb859c15d0cb1f6.jpg,1,0.08087778091430664,0.2532096803188324,0.008272492326796055,0.014229866676032543,0.000743707874789834
000944_JPG_jpg.rf.a0b81118199b4d11ccb859c15d0cb1f6.jpg,0,0.25090211629867554,0.36389121413230896,0.023408468812704086,0.022846221923828125,0.000612078991252929
000944_JPG_jpg.rf.a0b81118199b4d11ccb859c15d0cb1f6.jpg,1,0.15412092208862305,0.5314493179321289,0.04088396579027176,0.01613738015294075,0.0005657454603351653
000944_JPG_jpg.rf.a0b81118199b4d11ccb859c15d0cb1f6.jpg,0,0.07910336554050446,0.5664607286453247,0.026561830192804337,0.016305189579725266,0.0005624546320177615
000944_JPG_jpg.rf.a0b81118199b4d11ccb859c15d0cb1f6.jpg,1,0.5655202865600586,0.5372601747512817,0.01950187049806118,0.016058849170804024,0.000546906900126487
000944_JPG_jpg.rf.a0b81118199b4d11ccb859c15d0cb1f6.jpg,0,0.07124388217926025,0.5649327039718628,0.026042940095067024,0.01615278609097004,0.0005226344219408929
000944_JPG_jpg.rf.a0b81118199b4d11ccb859c15d0cb1f6.jpg,1,0.18395116925239563,0.8516350984573364,0.13457664847373962,0.04475094750523567,0.0005065509467385709
000945_JPG_jpg.rf.ad79e318355923e68a10f1678fe9b6bf.jpg,0,0.22442114353179932,0.13343411684036255,0.30435556173324585,0.10995868593454361,0.9514939785003662
000945_JPG_jpg.rf.ad79e318355923e68a10f1678fe9b6bf.jpg,0,0.5309382081031799,0.6050213575363159,0.1524340659379959,0.05637510120868683,0.7883617281913757
000945_JPG_jpg.rf.ad79e318355923e68a10f1678fe9b6bf.jpg,1,0.591181218624115,0.7159252166748047,0.16198574006557465,0.041589152067899704,0.5673842430114746
000945_JPG_jpg.rf.ad79e318355923e68a10f1678fe9b6bf.jpg,0,0.925209641456604,0.8515066504478455,0.05304989591240883,0.027703065425157547,0.5563148260116577
000945_JPG_jpg.rf.ad79e318355923e68a10f1678fe9b6bf.jpg,0,0.5967335104942322,0.7137342691421509,0.17529726028442383,0.04211095720529556,0.35284459590911865
000945_JPG_jpg.rf.ad79e318355923e68a10f1678fe9b6bf.jpg,0,0.9050585031509399,0.851764976978302,0.09821297973394394,0.03036711923778057,0.1435815691947937
000945_JPG_jpg.rf.ad79e318355923e68a10f1678fe9b6bf.jpg,0,0.4558295011520386,0.6990821957588196,0.11480559408664703,0.04842185974121094,0.03042341209948063
000945_JPG_jpg.rf.ad79e318355923e68a10f1678fe9b6bf.jpg,1,0.5225469470024109,0.6071614027023315,0.13975143432617188,0.052818264812231064,0.018213868141174316
000945_JPG_jpg.rf.ad79e318355923e68a10f1678fe9b6bf.jpg,0,0.2288769632577896,0.18490003049373627,0.3129296898841858,0.2137143313884735,0.01081868913024664
000945_JPG_jpg.rf.ad79e318355923e68a10f1678fe9b6bf.jpg,0,0.6457774043083191,0.7127407193183899,0.07451820373535156,0.03720855712890625,0.004135092720389366
000945_JPG_jpg.rf.ad79e318355923e68a10f1678fe9b6bf.jpg,12,0.5946130752563477,0.9877803921699524,0.05054129287600517,0.023924462497234344,0.002513675484806299
000945_JPG_jpg.rf.ad79e318355923e68a10f1678fe9b6bf.jpg,1,0.3464930057525635,0.7173278331756592,0.07972945272922516,0.09466171264648438,0.0018136814469471574
000945_JPG_jpg.rf.ad79e318355923e68a10f1678fe9b6bf.jpg,0,0.5975342988967896,0.9884887337684631,0.05689437687397003,0.02233586087822914,0.0014034189516678452
000945_JPG_jpg.rf.ad79e318355923e68a10f1678fe9b6bf.jpg,1,0.5961841940879822,0.987739622592926,0.058414533734321594,0.024432329460978508,0.0010477552423253655
000945_JPG_jpg.rf.ad79e318355923e68a10f1678fe9b6bf.jpg,0,0.0002102579892380163,0.13610416650772095,0.0004205159784760326,0.271319180727005,0.0007880431949160993
000945_JPG_jpg.rf.ad79e318355923e68a10f1678fe9b6bf.jpg,8,0.34329187870025635,0.7172175645828247,0.08743062615394592,0.09415648877620697,0.0007314587710425258
000945_JPG_jpg.rf.ad79e318355923e68a10f1678fe9b6bf.jpg,0,0.34637609124183655,0.7158252596855164,0.09569206833839417,0.09467697143554688,0.000651024398393929
000945_JPG_jpg.rf.ad79e318355923e68a10f1678fe9b6bf.jpg,1,0.29342833161354065,0.3444961607456207,0.03978941962122917,0.018439844250679016,0.0005926297744736075
000946_jpg.rf.18bf1b977f56cc49545942b86ac7c739.jpg,0,0.524224579334259,0.8488536477088928,0.023359298706054688,0.10419244319200516,0.911883533000946
000946_jpg.rf.18bf1b977f56cc49545942b86ac7c739.jpg,0,0.07391329109668732,0.8778395652770996,0.02149605005979538,0.09479713439941406,0.8897396922111511
000946_jpg.rf.18bf1b977f56cc49545942b86ac7c739.jpg,0,0.5497304201126099,0.8464273810386658,0.025188226252794266,0.10211526602506638,0.3610076308250427
000946_jpg.rf.18bf1b977f56cc49545942b86ac7c739.jpg,0,0.5734951496124268,0.8424543738365173,0.029755886644124985,0.0796491950750351,0.2859792411327362
000946_jpg.rf.18bf1b977f56cc49545942b86ac7c739.jpg,0,0.5359190702438354,0.8491746187210083,0.03089981898665428,0.10556984692811966,0.24014057219028473
000946_jpg.rf.18bf1b977f56cc49545942b86ac7c739.jpg,8,0.5757250189781189,0.8453677296638489,0.03133289888501167,0.06761206686496735,0.1813308596611023
000946_jpg.rf.18bf1b977f56cc49545942b86ac7c739.jpg,8,0.5504348278045654,0.8473493456840515,0.023058012127876282,0.09797551482915878,0.1411021649837494
000946_jpg.rf.18bf1b977f56cc49545942b86ac7c739.jpg,0,0.04434995725750923,0.890632688999176,0.02407907322049141,0.10041772574186325,0.06422143429517746
000946_jpg.rf.18bf1b977f56cc49545942b86ac7c739.jpg,7,0.5501603484153748,0.8483555316925049,0.022424882277846336,0.0972146987915039,0.030406607314944267
000946_jpg.rf.18bf1b977f56cc49545942b86ac7c739.jpg,0,0.04297609254717827,0.8683574795722961,0.018393563106656075,0.054533738642930984,0.015695935115218163
000946_jpg.rf.18bf1b977f56cc49545942b86ac7c739.jpg,0,0.05198299139738083,0.8838903307914734,0.022066185250878334,0.094306580722332,0.012989324517548084
000946_jpg.rf.18bf1b977f56cc49545942b86ac7c739.jpg,0,0.08804450184106827,0.09493809193372726,0.018473047763109207,0.02728421986103058,0.01163939293473959
000946_jpg.rf.18bf1b977f56cc49545942b86ac7c739.jpg,0,0.5007064938545227,0.9879651665687561,0.015787234529852867,0.023459801450371742,0.009701157920062542
000946_jpg.rf.18bf1b977f56cc49545942b86ac7c739.jpg,0,0.06236952170729637,0.8817774057388306,0.023557595908641815,0.09900878369808197,0.00879999715834856
000946_jpg.rf.18bf1b977f56cc49545942b86ac7c739.jpg,0,0.2288176417350769,0.03449103608727455,0.01289859227836132,0.010140950791537762,0.00834264699369669
000946_jpg.rf.18bf1b977f56cc49545942b86ac7c739.jpg,0,0.5473825335502625,0.8270401954650879,0.02452964149415493,0.0571441687643528,0.008228295482695103
000946_jpg.rf.18bf1b977f56cc49545942b86ac7c739.jpg,0,0.5165038108825684,0.8496952652931213,0.023636048659682274,0.10554849356412888,0.007542442996054888
000946_jpg.rf.18bf1b977f56cc49545942b86ac7c739.jpg,0,0.09353563189506531,0.8777700662612915,0.016020510345697403,0.08181609213352203,0.005791487172245979
000946_jpg.rf.18bf1b977f56cc49545942b86ac7c739.jpg,8,0.07500944286584854,0.8795286417007446,0.028080996125936508,0.0938703864812851,0.005195338279008865
000946_jpg.rf.18bf1b977f56cc49545942b86ac7c739.jpg,0,0.538192093372345,0.013813482597470284,0.08254432678222656,0.02739659696817398,0.00441770488396287
000946_jpg.rf.18bf1b977f56cc49545942b86ac7c739.jpg,0,0.9615108966827393,0.24334324896335602,0.024539582431316376,0.0824090912938118,0.003100485308095813
000946_jpg.rf.18bf1b977f56cc49545942b86ac7c739.jpg,0,0.598783552646637,0.012279998511075974,0.1674509048461914,0.024559997022151947,0.002803296083584428
000946_jpg.rf.18bf1b977f56cc49545942b86ac7c739.jpg,0,0.47477269172668457,0.0036369229201227427,0.031065721064805984,0.007231477182358503,0.0019010866526514292
000946_jpg.rf.18bf1b977f56cc49545942b86ac7c739.jpg,0,0.10288076847791672,0.8788151741027832,0.06937871128320694,0.10048485547304153,0.0008782778750173748
000946_jpg.rf.18bf1b977f56cc49545942b86ac7c739.jpg,0,0.5314037203788757,0.9934061169624329,0.03610842302441597,0.013187848962843418,0.0008359680068679154
000946_jpg.rf.18bf1b977f56cc49545942b86ac7c739.jpg,0,0.9298521280288696,0.0385943166911602,0.03869328275322914,0.030695568770170212,0.0007952360319904983
000946_jpg.rf.18bf1b977f56cc49545942b86ac7c739.jpg,0,0.47873473167419434,0.014204046688973904,0.15245401859283447,0.02773832529783249,0.0007682666182518005
000946_jpg.rf.18bf1b977f56cc49545942b86ac7c739.jpg,0,0.06955980509519577,0.6186162233352661,0.03900705650448799,0.04021274298429489,0.0007279432029463351
000946_jpg.rf.18bf1b977f56cc49545942b86ac7c739.jpg,0,0.66009122133255,0.014651563949882984,0.36309871077537537,0.028806844726204872,0.0006831806385889649
000946_jpg.rf.18bf1b977f56cc49545942b86ac7c739.jpg,8,0.09544318169355392,0.8799501657485962,0.026583213359117508,0.08621326088905334,0.0006092611001804471
000946_JPG_jpg.rf.d747fd05b21ff8ac85c05629986ae344.jpg,0,0.4004366099834442,0.2226908802986145,0.110582135617733,0.052386049181222916,0.9179288148880005
000946_JPG_jpg.rf.d747fd05b21ff8ac85c05629986ae344.jpg,9,0.06181278079748154,0.18205155432224274,0.06262125074863434,0.06939910352230072,0.6822786331176758
000946_JPG_jpg.rf.d747fd05b21ff8ac85c05629986ae344.jpg,7,0.06110437214374542,0.183052659034729,0.06323365122079849,0.0726548433303833,0.6316726803779602
000946_JPG_jpg.rf.d747fd05b21ff8ac85c05629986ae344.jpg,10,0.061115868389606476,0.18334710597991943,0.06524693965911865,0.07250906527042389,0.11663921177387238
000946_JPG_jpg.rf.d747fd05b21ff8ac85c05629986ae344.jpg,1,0.4518486261367798,0.49306151270866394,0.0070340451784431934,0.010796730406582355,0.0396973118185997
000946_JPG_jpg.rf.d747fd05b21ff8ac85c05629986ae344.jpg,0,0.5679765939712524,0.5815502405166626,0.026906197890639305,0.018248742446303368,0.03637763485312462
000946_JPG_jpg.rf.d747fd05b21ff8ac85c05629986ae344.jpg,0,0.506605327129364,0.5106040239334106,0.015576913021504879,0.014490421861410141,0.014788360334932804
000946_JPG_jpg.rf.d747fd05b21ff8ac85c05629986ae344.jpg,1,0.4517577886581421,0.5039271116256714,0.012827213853597641,0.01986943744122982,0.004138542804867029
000946_JPG_jpg.rf.d747fd05b21ff8ac85c05629986ae344.jpg,0,0.40792152285575867,0.5097366571426392,0.03181435540318489,0.014395934529602528,0.00354781118221581
000946_JPG_jpg.rf.d747fd05b21ff8ac85c05629986ae344.jpg,1,0.4471834897994995,0.5152978897094727,0.031131746247410774,0.012963185086846352,0.002800324931740761
000946_JPG_jpg.rf.d747fd05b21ff8ac85c05629986ae344.jpg,0,0.45861396193504333,0.5786499381065369,0.01793670654296875,0.014933403581380844,0.002290421398356557
000946_JPG_jpg.rf.d747fd05b21ff8ac85c05629986ae344.jpg,1,0.4594304859638214,0.4935797452926636,0.016535356640815735,0.012305554002523422,0.002236495725810528
000946_JPG_jpg.rf.d747fd05b21ff8ac85c05629986ae344.jpg,1,0.5041629076004028,0.5100215077400208,0.01805364154279232,0.015113831497728825,0.0020581420976668596
000946_JPG_jpg.rf.d747fd05b21ff8ac85c05629986ae344.jpg,1,0.44907885789871216,0.4922201931476593,0.010735329240560532,0.012056350708007812,0.0019969437271356583
000946_JPG_jpg.rf.d747fd05b21ff8ac85c05629986ae344.jpg,0,0.438333123922348,0.514743447303772,0.026888849213719368,0.012640843167901039,0.0018179405014961958
000946_JPG_jpg.rf.d747fd05b21ff8ac85c05629986ae344.jpg,0,0.3136891722679138,0.4237314462661743,0.027506131678819656,0.015415376052260399,0.00147102156188339
000946_JPG_jpg.rf.d747fd05b21ff8ac85c05629986ae344.jpg,0,0.568901777267456,0.5876277089118958,0.027442272752523422,0.01673269271850586,0.0012202761135995388
000946_JPG_jpg.rf.d747fd05b21ff8ac85c05629986ae344.jpg,0,0.4359424114227295,0.5972066521644592,0.04511554539203644,0.02730417437851429,0.0008943680441007018
000946_JPG_jpg.rf.d747fd05b21ff8ac85c05629986ae344.jpg,7,0.06114133819937706,0.24454642832279205,0.06341641396284103,0.10218562185764313,0.000786955060902983
000946_JPG_jpg.rf.d747fd05b21ff8ac85c05629986ae344.jpg,0,0.5467093586921692,0.49486058950424194,0.01549790520220995,0.012538434006273746,0.0007697861292399466
000946_JPG_jpg.rf.d747fd05b21ff8ac85c05629986ae344.jpg,1,0.3546253442764282,0.6453719735145569,0.061573948711156845,0.021823003888130188,0.0005604620091617107
000946_JPG_jpg.rf.d747fd05b21ff8ac85c05629986ae344.jpg,10,0.3935897648334503,0.5838848352432251,0.010629910975694656,0.021521275863051414,0.0005246018408797681
000949_JPG_jpg.rf.dffe53a303ce089bd4001a13de0cc7bd.jpg,0,0.2848351001739502,0.13497735559940338,0.34145697951316833,0.13819432258605957,0.9664887189865112
000949_JPG_jpg.rf.dffe53a303ce089bd4001a13de0cc7bd.jpg,8,0.22183209657669067,0.6577574014663696,0.031498782336711884,0.04320298880338669,0.005338744260370731
000949_JPG_jpg.rf.dffe53a303ce089bd4001a13de0cc7bd.jpg,1,0.355538934469223,0.6530486345291138,0.02633667178452015,0.013703933916985989,0.003880531992763281
000949_JPG_jpg.rf.dffe53a303ce089bd4001a13de0cc7bd.jpg,1,0.7317701578140259,0.8150818347930908,0.05282629653811455,0.040991343557834625,0.003389441641047597
000949_JPG_jpg.rf.dffe53a303ce089bd4001a13de0cc7bd.jpg,0,0.7285552620887756,0.8388064503669739,0.29062268137931824,0.08710531145334244,0.0023696632124483585
000949_JPG_jpg.rf.dffe53a303ce089bd4001a13de0cc7bd.jpg,0,0.00021253748855087906,0.09965883195400238,0.0004250749771017581,0.19808709621429443,0.001416234765201807
000949_JPG_jpg.rf.dffe53a303ce089bd4001a13de0cc7bd.jpg,1,0.7812633514404297,0.9187063574790955,0.027141572907567024,0.05112611502408981,0.0012532161781564355
000949_JPG_jpg.rf.dffe53a303ce089bd4001a13de0cc7bd.jpg,0,0.7086997032165527,0.8204728960990906,0.10004425793886185,0.051474206149578094,0.0010720815043896437
000949_JPG_jpg.rf.dffe53a303ce089bd4001a13de0cc7bd.jpg,8,0.20605626702308655,0.6588626503944397,0.05893668904900551,0.0400831513106823,0.0009231691365130246
000949_JPG_jpg.rf.dffe53a303ce089bd4001a13de0cc7bd.jpg,1,0.48764511942863464,0.4798791706562042,0.9460613131523132,0.9525978565216064,0.0008529314654879272
000954_JPG_jpg.rf.2633035aaeb19e6f2005bf2f8f5d3ebd.jpg,0,0.4757513701915741,0.25039830803871155,0.12464190274477005,0.05730146914720535,0.8457893133163452
000954_JPG_jpg.rf.2633035aaeb19e6f2005bf2f8f5d3ebd.jpg,0,0.40418073534965515,0.5888992547988892,0.029479101300239563,0.01948690414428711,0.47037333250045776
000954_JPG_jpg.rf.2633035aaeb19e6f2005bf2f8f5d3ebd.jpg,1,0.3945446014404297,0.5873063206672668,0.04292711988091469,0.02193564735352993,0.057528845965862274
000954_JPG_jpg.rf.2633035aaeb19e6f2005bf2f8f5d3ebd.jpg,1,0.35797619819641113,0.6167035102844238,0.03523096814751625,0.016701478511095047,0.011088121682405472
000954_JPG_jpg.rf.2633035aaeb19e6f2005bf2f8f5d3ebd.jpg,0,0.7375842332839966,0.5964394807815552,0.05598875507712364,0.028382303193211555,0.009590406902134418
000954_JPG_jpg.rf.2633035aaeb19e6f2005bf2f8f5d3ebd.jpg,0,0.6182772517204285,0.24402457475662231,0.05215854197740555,0.08614873886108398,0.009443722665309906
000954_JPG_jpg.rf.2633035aaeb19e6f2005bf2f8f5d3ebd.jpg,0,0.8485955595970154,0.4787013828754425,0.027665726840496063,0.025828473269939423,0.00678595807403326
000954_JPG_jpg.rf.2633035aaeb19e6f2005bf2f8f5d3ebd.jpg,0,0.20870620012283325,0.31299492716789246,0.03267132490873337,0.03598519787192345,0.006275989580899477
000954_JPG_jpg.rf.2633035aaeb19e6f2005bf2f8f5d3ebd.jpg,1,0.35494327545166016,0.6214315295219421,0.032347679138183594,0.016055291518568993,0.004891884513199329
000954_JPG_jpg.rf.2633035aaeb19e6f2005bf2f8f5d3ebd.jpg,1,0.6171602606773376,0.24468234181404114,0.05171823874115944,0.08642864227294922,0.004337218590080738
000954_JPG_jpg.rf.2633035aaeb19e6f2005bf2f8f5d3ebd.jpg,0,0.9420759081840515,0.5868321657180786,0.07096745818853378,0.03290338069200516,0.0036507360637187958
000954_JPG_jpg.rf.2633035aaeb19e6f2005bf2f8f5d3ebd.jpg,0,0.15407367050647736,0.16680389642715454,0.018865356221795082,0.010889420285820961,0.003203748492524028
000954_JPG_jpg.rf.2633035aaeb19e6f2005bf2f8f5d3ebd.jpg,0,0.20159675180912018,0.5225311517715454,0.03373808413743973,0.022300610318779945,0.003148461226373911
000954_JPG_jpg.rf.2633035aaeb19e6f2005bf2f8f5d3ebd.jpg,1,0.36728453636169434,0.6144316792488098,0.04475109651684761,0.02033098042011261,0.003014894900843501
000954_JPG_jpg.rf.2633035aaeb19e6f2005bf2f8f5d3ebd.jpg,1,0.4746705889701843,0.251583993434906,0.12500591576099396,0.05484713241457939,0.002772785723209381
000954_JPG_jpg.rf.2633035aaeb19e6f2005bf2f8f5d3ebd.jpg,0,0.7845456600189209,0.5998163223266602,0.04632076993584633,0.024057205766439438,0.0027532170061022043
000954_JPG_jpg.rf.2633035aaeb19e6f2005bf2f8f5d3ebd.jpg,0,0.3568727970123291,0.6207137107849121,0.031944092363119125,0.016595253720879555,0.0024687075056135654
000954_JPG_jpg.rf.2633035aaeb19e6f2005bf2f8f5d3ebd.jpg,1,0.634363055229187,0.4627973437309265,0.03720686957240105,0.03747863322496414,0.002086029853671789
000954_JPG_jpg.rf.2633035aaeb19e6f2005bf2f8f5d3ebd.jpg,1,0.6835188269615173,0.6330866813659668,0.020776748657226562,0.01805349625647068,0.0018318709917366505
000954_JPG_jpg.rf.2633035aaeb19e6f2005bf2f8f5d3ebd.jpg,1,0.5020042657852173,0.5776851177215576,0.030176054686307907,0.014777257107198238,0.0018067470518872142
000954_JPG_jpg.rf.2633035aaeb19e6f2005bf2f8f5d3ebd.jpg,1,0.37830787897109985,0.5864129066467285,0.04184950515627861,0.024213608354330063,0.0017011353047564626
000954_JPG_jpg.rf.2633035aaeb19e6f2005bf2f8f5d3ebd.jpg,1,0.18254375457763672,0.7074147462844849,0.0371585451066494,0.034503936767578125,0.0016885269433259964
000954_JPG_jpg.rf.2633035aaeb19e6f2005bf2f8f5d3ebd.jpg,1,0.16508589684963226,0.7045615315437317,0.06722766906023026,0.02793862298130989,0.0016187556320801377
000954_JPG_jpg.rf.2633035aaeb19e6f2005bf2f8f5d3ebd.jpg,1,0.5173927545547485,0.5978358387947083,0.027441026642918587,0.016249289736151695,0.001434146543033421
000954_JPG_jpg.rf.2633035aaeb19e6f2005bf2f8f5d3ebd.jpg,12,0.14221616089344025,0.6525886654853821,0.2844323217868805,0.5691626071929932,0.0012464853934943676
000954_JPG_jpg.rf.2633035aaeb19e6f2005bf2f8f5d3ebd.jpg,1,0.261669784784317,0.5001798868179321,0.06284064799547195,0.03245093300938606,0.0010232535423710942
000954_JPG_jpg.rf.2633035aaeb19e6f2005bf2f8f5d3ebd.jpg,0,0.39038747549057007,0.5881021618843079,0.05702506750822067,0.02053356170654297,0.0010210283799096942
000954_JPG_jpg.rf.2633035aaeb19e6f2005bf2f8f5d3ebd.jpg,0,0.2544313073158264,0.4979669451713562,0.06418085098266602,0.03147906810045242,0.0010013035498559475
000954_JPG_jpg.rf.2633035aaeb19e6f2005bf2f8f5d3ebd.jpg,1,0.43017569184303284,0.6318778991699219,0.024497032165527344,0.022554911673069,0.0009986369404941797
000954_JPG_jpg.rf.2633035aaeb19e6f2005bf2f8f5d3ebd.jpg,0,0.5678197741508484,0.22880619764328003,0.05500591918826103,0.08688314259052277,0.0009548831731081009
000954_JPG_jpg.rf.2633035aaeb19e6f2005bf2f8f5d3ebd.jpg,1,0.7881230711936951,0.599957287311554,0.05198060721158981,0.02413063868880272,0.0008340143249370158
000954_JPG_jpg.rf.2633035aaeb19e6f2005bf2f8f5d3ebd.jpg,1,0.5666667819023132,0.29123368859291077,0.05676310136914253,0.048255905508995056,0.0006831171922385693
000954_JPG_jpg.rf.2633035aaeb19e6f2005bf2f8f5d3ebd.jpg,0,0.32586875557899475,0.6230311989784241,0.030825579538941383,0.017312271520495415,0.0006751301698386669
000954_JPG_jpg.rf.2633035aaeb19e6f2005bf2f8f5d3ebd.jpg,1,0.44392386078834534,0.635365903377533,0.024855393916368484,0.021747956052422523,0.0006624593515880406
000954_JPG_jpg.rf.2633035aaeb19e6f2005bf2f8f5d3ebd.jpg,1,0.13812324404716492,0.7106712460517883,0.04307422414422035,0.0313945934176445,0.0006554345600306988
000954_JPG_jpg.rf.2633035aaeb19e6f2005bf2f8f5d3ebd.jpg,0,0.4145093560218811,0.6390005350112915,0.02145892009139061,0.026865961030125618,0.0006170892156660557
000954_JPG_jpg.rf.2633035aaeb19e6f2005bf2f8f5d3ebd.jpg,8,0.749931275844574,0.593047022819519,0.054301485419273376,0.03428961709141731,0.0006088866502977908
000954_JPG_jpg.rf.2633035aaeb19e6f2005bf2f8f5d3ebd.jpg,0,0.272895485162735,0.5095615386962891,0.05734410881996155,0.02861129492521286,0.0005384557880461216
000954_JPG_jpg.rf.2633035aaeb19e6f2005bf2f8f5d3ebd.jpg,0,0.41959822177886963,0.5912229418754578,0.04369908198714256,0.019210265949368477,0.0005327810067683458
000954_JPG_jpg.rf.2633035aaeb19e6f2005bf2f8f5d3ebd.jpg,1,0.4806617796421051,0.633444607257843,0.022340187802910805,0.015493320301175117,0.0005005839630030096
000959_jpg.rf.5bf1b1614cead2ae3ed908c0373143c1.jpg,0,0.3880496919155121,0.2965180575847626,0.013040689751505852,0.050193075090646744,0.49838992953300476
000959_jpg.rf.5bf1b1614cead2ae3ed908c0373143c1.jpg,0,0.5190121531486511,0.28954750299453735,0.012017800472676754,0.045862384140491486,0.4706648588180542
000959_jpg.rf.5bf1b1614cead2ae3ed908c0373143c1.jpg,0,0.006433496251702309,0.09713653475046158,0.01274539902806282,0.06825976073741913,0.07043011486530304
000959_jpg.rf.5bf1b1614cead2ae3ed908c0373143c1.jpg,0,0.7150897979736328,0.19275754690170288,0.029101446270942688,0.04800622537732124,0.0431428961455822
000959_jpg.rf.5bf1b1614cead2ae3ed908c0373143c1.jpg,8,0.5120424628257751,0.2896493971347809,0.013014720752835274,0.04065040498971939,0.0032837302424013615
000959_jpg.rf.5bf1b1614cead2ae3ed908c0373143c1.jpg,0,0.27928534150123596,0.3369933068752289,0.011411520652472973,0.014861657284200191,0.0026496739592403173
000959_jpg.rf.5bf1b1614cead2ae3ed908c0373143c1.jpg,0,0.779315710067749,0.40236416459083557,0.014918181113898754,0.025739120319485664,0.002638421021401882
000959_jpg.rf.5bf1b1614cead2ae3ed908c0373143c1.jpg,0,0.9907456040382385,0.05259977653622627,0.018280982971191406,0.04534556344151497,0.002309247851371765
000959_jpg.rf.5bf1b1614cead2ae3ed908c0373143c1.jpg,0,0.013582236133515835,0.1577082723379135,0.02716447226703167,0.30083832144737244,0.002298295497894287
000959_jpg.rf.5bf1b1614cead2ae3ed908c0373143c1.jpg,0,0.27684855461120605,0.3340964913368225,0.010712752118706703,0.01574872061610222,0.002239751163870096
000959_jpg.rf.5bf1b1614cead2ae3ed908c0373143c1.jpg,1,0.5193289518356323,0.29362842440605164,0.014321217313408852,0.05702393129467964,0.002012950833886862
000959_jpg.rf.5bf1b1614cead2ae3ed908c0373143c1.jpg,0,0.008119026198983192,0.1425219029188156,0.016053566709160805,0.16842804849147797,0.0019751726649701595
000959_jpg.rf.5bf1b1614cead2ae3ed908c0373143c1.jpg,1,0.5593189597129822,0.33735334873199463,0.017658160999417305,0.04454367235302925,0.0019339204300194979
000959_jpg.rf.5bf1b1614cead2ae3ed908c0373143c1.jpg,1,0.5073721408843994,0.3052492141723633,0.011537332087755203,0.028891289606690407,0.0018922240706160665
000959_jpg.rf.5bf1b1614cead2ae3ed908c0373143c1.jpg,0,0.43520548939704895,0.1865839660167694,0.015895843505859375,0.04842415452003479,0.0017266677459701896
000959_jpg.rf.5bf1b1614cead2ae3ed908c0373143c1.jpg,0,0.8441991209983826,0.3400689661502838,0.011065483093261719,0.04080985113978386,0.001620967173948884
000959_jpg.rf.5bf1b1614cead2ae3ed908c0373143c1.jpg,8,0.497749924659729,0.2932378351688385,0.022452905774116516,0.026859376579523087,0.0012901837471872568
000959_jpg.rf.5bf1b1614cead2ae3ed908c0373143c1.jpg,0,0.7218754291534424,0.15868143737316132,0.04421777278184891,0.020758006721735,0.001190402079373598
000959_jpg.rf.5bf1b1614cead2ae3ed908c0373143c1.jpg,1,0.5079996585845947,0.2922564148902893,0.012144088745117188,0.04371905326843262,0.0011465444695204496
000959_jpg.rf.5bf1b1614cead2ae3ed908c0373143c1.jpg,0,0.13159425556659698,0.3585571348667145,0.030240390449762344,0.015228345058858395,0.0010221339762210846
000959_jpg.rf.5bf1b1614cead2ae3ed908c0373143c1.jpg,6,0.48661282658576965,0.6950542330741882,0.9638486504554749,0.6098915934562683,0.0010062620276585221
000959_jpg.rf.5bf1b1614cead2ae3ed908c0373143c1.jpg,0,0.49348971247673035,0.2906871438026428,0.020846111699938774,0.02920495718717575,0.0009544334025122225
000959_jpg.rf.5bf1b1614cead2ae3ed908c0373143c1.jpg,0,0.5443216562271118,0.3229345381259918,0.013010245747864246,0.02720627561211586,0.0009329426102340221
000959_jpg.rf.5bf1b1614cead2ae3ed908c0373143c1.jpg,1,0.5961688160896301,0.44994282722473145,0.020701812580227852,0.04955710098147392,0.0009152456768788397
000959_jpg.rf.5bf1b1614cead2ae3ed908c0373143c1.jpg,0,0.39860469102859497,0.29705747961997986,0.015444242395460606,0.043426405638456345,0.0009137244196608663
000959_jpg.rf.5bf1b1614cead2ae3ed908c0373143c1.jpg,10,0.5653528571128845,0.3835662007331848,0.008421714417636395,0.02838718146085739,0.0008999517885968089
000959_jpg.rf.5bf1b1614cead2ae3ed908c0373143c1.jpg,0,0.7094149589538574,0.1587270051240921,0.03086104802787304,0.02131282538175583,0.0007798869046382606
000959_jpg.rf.5bf1b1614cead2ae3ed908c0373143c1.jpg,0,0.5587248206138611,0.348360151052475,0.017629146575927734,0.01929837092757225,0.0007714075036346912
000959_jpg.rf.5bf1b1614cead2ae3ed908c0373143c1.jpg,0,0.5138851404190063,0.28948742151260376,0.015738487243652344,0.04317520558834076,0.0007383627234958112
000959_jpg.rf.5bf1b1614cead2ae3ed908c0373143c1.jpg,0,0.9829744696617126,0.5960714221000671,0.034051235765218735,0.056338898837566376,0.0007375497953034937
000959_jpg.rf.5bf1b1614cead2ae3ed908c0373143c1.jpg,0,0.30317097902297974,0.33616337180137634,0.012600184418261051,0.012655075639486313,0.0006820778944529593
000959_jpg.rf.5bf1b1614cead2ae3ed908c0373143c1.jpg,0,0.560071587562561,0.33078426122665405,0.014736909419298172,0.048762377351522446,0.0006622150540351868
000959_jpg.rf.5bf1b1614cead2ae3ed908c0373143c1.jpg,8,0.40289852023124695,0.296956866979599,0.010566785000264645,0.045044660568237305,0.0005379645735956728
000959_jpg.rf.5bf1b1614cead2ae3ed908c0373143c1.jpg,0,0.7018097043037415,0.1792566329240799,0.050769660621881485,0.040274638682603836,0.000525444105733186
000961_jpg.rf.805df5d6f453caa3c1fa8a87893ec991.jpg,0,0.43594419956207275,0.2665395140647888,0.015292352065443993,0.05252770334482193,0.7188604474067688
000961_jpg.rf.805df5d6f453caa3c1fa8a87893ec991.jpg,0,0.5288103222846985,0.26423579454421997,0.015610328875482082,0.04938749223947525,0.5586254000663757
000961_jpg.rf.805df5d6f453caa3c1fa8a87893ec991.jpg,0,0.057668909430503845,0.10309523344039917,0.016135120764374733,0.04209702089428902,0.042517904192209244
000961_jpg.rf.805df5d6f453caa3c1fa8a87893ec991.jpg,0,0.178170308470726,0.09959261864423752,0.026658646762371063,0.05360846221446991,0.03084046021103859
000961_jpg.rf.805df5d6f453caa3c1fa8a87893ec991.jpg,1,0.828061580657959,0.6603163480758667,0.022917527705430984,0.10802008956670761,0.015660231932997704
000961_jpg.rf.805df5d6f453caa3c1fa8a87893ec991.jpg,0,0.32782483100891113,0.18117499351501465,0.025336340069770813,0.04141506925225258,0.009817601181566715
000961_jpg.rf.805df5d6f453caa3c1fa8a87893ec991.jpg,0,0.6435692310333252,0.016424955800175667,0.032159000635147095,0.03208176791667938,0.0066447630524635315
000961_jpg.rf.805df5d6f453caa3c1fa8a87893ec991.jpg,8,0.4440770447254181,0.26586833596229553,0.013565064407885075,0.049073219299316406,0.006265233736485243
000961_jpg.rf.805df5d6f453caa3c1fa8a87893ec991.jpg,0,0.8297693133354187,0.5867083668708801,0.012808579951524734,0.021754449233412743,0.005525508429855108
000961_jpg.rf.805df5d6f453caa3c1fa8a87893ec991.jpg,1,0.6388145089149475,0.010147829540073872,0.026454852893948555,0.02021215297281742,0.003884352743625641
000961_jpg.rf.805df5d6f453caa3c1fa8a87893ec991.jpg,8,0.45650121569633484,0.2653639614582062,0.019676795229315758,0.04912189394235611,0.003052807180210948
000961_jpg.rf.805df5d6f453caa3c1fa8a87893ec991.jpg,0,0.1854570508003235,0.0922214463353157,0.01951608434319496,0.04730372503399849,0.0029709660448133945
000961_jpg.rf.805df5d6f453caa3c1fa8a87893ec991.jpg,0,0.043326254934072495,0.8380755186080933,0.08652760088443756,0.2518276274204254,0.0026574665680527687
000961_jpg.rf.805df5d6f453caa3c1fa8a87893ec991.jpg,0,0.3922656774520874,0.3257552683353424,0.01447039470076561,0.05451677739620209,0.0026154411025345325
000961_jpg.rf.805df5d6f453caa3c1fa8a87893ec991.jpg,8,0.3949284255504608,0.3214455544948578,0.017575081437826157,0.049484238028526306,0.0022425521165132523
000961_jpg.rf.805df5d6f453caa3c1fa8a87893ec991.jpg,14,0.6037689447402954,0.5805859565734863,0.04996659234166145,0.06147880107164383,0.0020095491781830788
000961_jpg.rf.805df5d6f453caa3c1fa8a87893ec991.jpg,0,0.4417380094528198,0.26511824131011963,0.017581095919013023,0.049668680876493454,0.0019657087977975607
000961_jpg.rf.805df5d6f453caa3c1fa8a87893ec991.jpg,0,0.17076252400875092,0.10499438643455505,0.014395677484571934,0.062445368617773056,0.0016947169788181782
000961_jpg.rf.805df5d6f453caa3c1fa8a87893ec991.jpg,0,0.5726683139801025,0.31045499444007874,0.010359544306993484,0.04835901036858559,0.0016619459493085742
000961_jpg.rf.805df5d6f453caa3c1fa8a87893ec991.jpg,9,0.394464373588562,0.32284584641456604,0.019778069108724594,0.052009474486112595,0.001567005179822445
000961_jpg.rf.805df5d6f453caa3c1fa8a87893ec991.jpg,8,0.4150669574737549,0.26806768774986267,0.01721448265016079,0.04011792689561844,0.0015039495192468166
000961_jpg.rf.805df5d6f453caa3c1fa8a87893ec991.jpg,0,0.5422751307487488,0.26456335186958313,0.010140969417989254,0.042214393615722656,0.001321727759204805
000961_jpg.rf.805df5d6f453caa3c1fa8a87893ec991.jpg,0,0.008905760012567043,0.5664452910423279,0.01712665520608425,0.0699525997042656,0.0011175781255587935
000961_jpg.rf.805df5d6f453caa3c1fa8a87893ec991.jpg,3,0.04819631576538086,0.8152715563774109,0.09508179128170013,0.22029855847358704,0.0010904008522629738
000961_jpg.rf.805df5d6f453caa3c1fa8a87893ec991.jpg,0,0.05056794360280037,0.09834939241409302,0.03374720737338066,0.034759312868118286,0.0010417550802230835
000961_jpg.rf.805df5d6f453caa3c1fa8a87893ec991.jpg,0,0.2545943260192871,0.24595962464809418,0.025612814351916313,0.12829649448394775,0.0010327768977731466
000961_jpg.rf.805df5d6f453caa3c1fa8a87893ec991.jpg,0,0.8760443925857544,0.034338027238845825,0.011464706622064114,0.021821821108460426,0.0010234240908175707
000961_jpg.rf.805df5d6f453caa3c1fa8a87893ec991.jpg,5,0.15227806568145752,0.7104277014732361,0.092928446829319,0.16522914171218872,0.0009834839729592204
000961_jpg.rf.805df5d6f453caa3c1fa8a87893ec991.jpg,0,0.6942100524902344,0.13657128810882568,0.028357800096273422,0.04909806326031685,0.0009676250629127026
000961_jpg.rf.805df5d6f453caa3c1fa8a87893ec991.jpg,1,0.17335224151611328,0.10405997186899185,0.019833363592624664,0.05643412843346596,0.0009628994739614427
000961_jpg.rf.805df5d6f453caa3c1fa8a87893ec991.jpg,14,0.8280629515647888,0.6829919219017029,0.02161356247961521,0.06717080622911453,0.0009394040680490434
000961_jpg.rf.805df5d6f453caa3c1fa8a87893ec991.jpg,0,0.12720715999603271,0.017723603174090385,0.03229974955320358,0.03266361355781555,0.0009196894825436175
000961_jpg.rf.805df5d6f453caa3c1fa8a87893ec991.jpg,0,0.05929514393210411,0.0684581995010376,0.022518260404467583,0.10814863443374634,0.0009162735077552497
000961_jpg.rf.805df5d6f453caa3c1fa8a87893ec991.jpg,8,0.5434879064559937,0.2636737823486328,0.01277256105095148,0.04516930133104324,0.0008889738819561899
000961_jpg.rf.805df5d6f453caa3c1fa8a87893ec991.jpg,0,0.16927318274974823,0.08319564908742905,0.019215216860175133,0.0704280287027359,0.0008617701241746545
000961_jpg.rf.805df5d6f453caa3c1fa8a87893ec991.jpg,5,0.10234478861093521,0.7455540895462036,0.2041906714439392,0.4407087564468384,0.0008442947291769087
000961_jpg.rf.805df5d6f453caa3c1fa8a87893ec991.jpg,0,0.1876300722360611,0.07768435031175613,0.021638743579387665,0.05219809710979462,0.0008390633156523108
000961_jpg.rf.805df5d6f453caa3c1fa8a87893ec991.jpg,0,0.8306564688682556,0.7590212225914001,0.021640777587890625,0.06006615236401558,0.0007071623113006353
000961_jpg.rf.805df5d6f453caa3c1fa8a87893ec991.jpg,1,0.6255978941917419,0.007358540315181017,0.03398682549595833,0.014717080630362034,0.0006790742627345026
000961_jpg.rf.805df5d6f453caa3c1fa8a87893ec991.jpg,5,0.08763494342565536,0.7009184956550598,0.016665514558553696,0.03919535502791405,0.0006686679553240538
000961_jpg.rf.805df5d6f453caa3c1fa8a87893ec991.jpg,5,0.3130769729614258,0.7921016216278076,0.6251426339149475,0.4157969057559967,0.000657398602925241
000961_jpg.rf.805df5d6f453caa3c1fa8a87893ec991.jpg,0,0.32017967104911804,0.17191120982170105,0.032776832580566406,0.05753159895539284,0.0006110901013016701
000961_jpg.rf.805df5d6f453caa3c1fa8a87893ec991.jpg,8,0.511981189250946,0.2656518518924713,0.017112329602241516,0.043005943298339844,0.0005506252637133002
000961_jpg.rf.805df5d6f453caa3c1fa8a87893ec991.jpg,0,0.6886228919029236,0.3057393729686737,0.01036952156573534,0.02099367417395115,0.0005369057762436569
000961_jpg.rf.805df5d6f453caa3c1fa8a87893ec991.jpg,0,0.5736160278320312,0.3319403827190399,0.01288700196892023,0.08950437605381012,0.0005330441636033356
000961_jpg.rf.805df5d6f453caa3c1fa8a87893ec991.jpg,1,0.8275157809257507,0.6373314261436462,0.019589204341173172,0.05702110752463341,0.0005296967574395239
000966_JPG_jpg.rf.87fa55fbebc4989000b890b88765c712.jpg,0,0.2680043578147888,0.12683983147144318,0.09113501012325287,0.06231533735990524,0.8866103291511536
000966_JPG_jpg.rf.87fa55fbebc4989000b890b88765c712.jpg,0,0.42745348811149597,0.48769813776016235,0.016665862873196602,0.01666252501308918,0.10178069770336151
000966_JPG_jpg.rf.87fa55fbebc4989000b890b88765c712.jpg,1,0.02334628999233246,0.4946751296520233,0.0250663124024868,0.06297870725393295,0.03781433030962944
000966_JPG_jpg.rf.87fa55fbebc4989000b890b88765c712.jpg,1,0.7387548685073853,0.4677746891975403,0.035399146378040314,0.0211190078407526,0.029586540535092354
000966_JPG_jpg.rf.87fa55fbebc4989000b890b88765c712.jpg,0,0.4291006326675415,0.49172183871269226,0.02637558802962303,0.016622141003608704,0.024457745254039764
000966_JPG_jpg.rf.87fa55fbebc4989000b890b88765c712.jpg,0,0.43154871463775635,0.5017473101615906,0.027772793546319008,0.017971590161323547,0.013935928232967854
000966_JPG_jpg.rf.87fa55fbebc4989000b890b88765c712.jpg,1,0.7396842241287231,0.44164684414863586,0.034773316234350204,0.03795623779296875,0.013811859302222729
000966_JPG_jpg.rf.87fa55fbebc4989000b890b88765c712.jpg,1,0.7400084733963013,0.45778709650039673,0.03549414500594139,0.02487916313111782,0.012044225819408894
000966_JPG_jpg.rf.87fa55fbebc4989000b890b88765c712.jpg,1,0.8794572949409485,0.00454494496807456,0.054800037294626236,0.00908988993614912,0.011652572080492973
000966_JPG_jpg.rf.87fa55fbebc4989000b890b88765c712.jpg,0,0.5027059316635132,0.46072471141815186,0.03500813990831375,0.022426055744290352,0.010111813433468342
000966_JPG_jpg.rf.87fa55fbebc4989000b890b88765c712.jpg,1,0.1717364341020584,0.5103214979171753,0.02560931071639061,0.033520884811878204,0.009027792140841484
000966_JPG_jpg.rf.87fa55fbebc4989000b890b88765c712.jpg,0,0.9325600862503052,0.007775815203785896,0.04771672934293747,0.015303116291761398,0.0073716710321605206
000966_JPG_jpg.rf.87fa55fbebc4989000b890b88765c712.jpg,1,0.5933290719985962,0.4530245065689087,0.023561112582683563,0.02184666134417057,0.006656222511082888
000966_JPG_jpg.rf.87fa55fbebc4989000b890b88765c712.jpg,1,0.186676025390625,0.5119892358779907,0.052863214164972305,0.03288929536938667,0.0063526080921292305
000966_JPG_jpg.rf.87fa55fbebc4989000b890b88765c712.jpg,0,0.5583312511444092,0.4746972918510437,0.031553637236356735,0.015025836415588856,0.00624439213424921
000966_JPG_jpg.rf.87fa55fbebc4989000b890b88765c712.jpg,0,0.846165120601654,0.5771459937095642,0.024809617549180984,0.026791207492351532,0.005915463902056217
000966_JPG_jpg.rf.87fa55fbebc4989000b890b88765c712.jpg,0,0.9941299557685852,0.051742974668741226,0.011740244925022125,0.10119888931512833,0.005204921588301659
000966_JPG_jpg.rf.87fa55fbebc4989000b890b88765c712.jpg,1,0.7433089017868042,0.4664711058139801,0.025251315906643867,0.013932961970567703,0.004765108227729797
000966_JPG_jpg.rf.87fa55fbebc4989000b890b88765c712.jpg,0,0.44381657242774963,0.5069027543067932,0.03340596705675125,0.012172698974609375,0.003946671728044748
000966_JPG_jpg.rf.87fa55fbebc4989000b890b88765c712.jpg,0,0.4989528954029083,0.4691445529460907,0.027774261310696602,0.011016845703125,0.0037064217031002045
000966_JPG_jpg.rf.87fa55fbebc4989000b890b88765c712.jpg,1,0.7853783965110779,0.47793522477149963,0.045716434717178345,0.02064543589949608,0.002784377196803689
000966_JPG_jpg.rf.87fa55fbebc4989000b890b88765c712.jpg,0,0.4260559678077698,0.48108142614364624,0.015834882855415344,0.016562828794121742,0.002721309894695878
000966_JPG_jpg.rf.87fa55fbebc4989000b890b88765c712.jpg,0,0.491911381483078,0.47756198048591614,0.01423142571002245,0.013637946918606758,0.002704298123717308
000966_JPG_jpg.rf.87fa55fbebc4989000b890b88765c712.jpg,0,0.5676847696304321,0.46786925196647644,0.024616463109850883,0.015937622636556625,0.0026214048266410828
000966_JPG_jpg.rf.87fa55fbebc4989000b890b88765c712.jpg,0,0.7857524752616882,0.4785902202129364,0.0447547622025013,0.019287770614027977,0.0025570455472916365
000966_JPG_jpg.rf.87fa55fbebc4989000b890b88765c712.jpg,0,0.7413069009780884,0.4939703047275543,0.03400443121790886,0.021544091403484344,0.0024516244884580374
000966_JPG_jpg.rf.87fa55fbebc4989000b890b88765c712.jpg,1,0.6171594858169556,0.5234204530715942,0.015607614070177078,0.030600327998399734,0.0023035926278680563
000966_JPG_jpg.rf.87fa55fbebc4989000b890b88765c712.jpg,0,0.7176154255867004,0.503649890422821,0.019313445314764977,0.022031014785170555,0.002240326488390565
000966_JPG_jpg.rf.87fa55fbebc4989000b890b88765c712.jpg,1,0.7511540651321411,0.46591895818710327,0.021673643961548805,0.013009438291192055,0.0022358649875968695
000966_JPG_jpg.rf.87fa55fbebc4989000b890b88765c712.jpg,1,0.7486163973808289,0.450499027967453,0.02864588238298893,0.030600732192397118,0.0020597961265593767
000966_JPG_jpg.rf.87fa55fbebc4989000b890b88765c712.jpg,1,0.9399362802505493,0.0074527976103127,0.061056505888700485,0.014613800682127476,0.0020434365142136812
000966_JPG_jpg.rf.87fa55fbebc4989000b890b88765c712.jpg,0,0.5700272917747498,0.45691731572151184,0.0234375,0.014643670059740543,0.002033273922279477
000966_JPG_jpg.rf.87fa55fbebc4989000b890b88765c712.jpg,0,0.7286648750305176,0.5019307136535645,0.03196892514824867,0.017891114577651024,0.0020149988122284412
000966_JPG_jpg.rf.87fa55fbebc4989000b890b88765c712.jpg,1,0.5865370631217957,0.4977570176124573,0.032672882080078125,0.021144500002264977,0.0019928852561861277
000966_JPG_jpg.rf.87fa55fbebc4989000b890b88765c712.jpg,0,0.5773406624794006,0.4494013488292694,0.035719871520996094,0.015509422868490219,0.0019344229949638247
000966_JPG_jpg.rf.87fa55fbebc4989000b890b88765c712.jpg,0,0.4393635392189026,0.48952773213386536,0.023925121873617172,0.018772602081298828,0.0018633930012583733
000966_JPG_jpg.rf.87fa55fbebc4989000b890b88765c712.jpg,1,0.007694195955991745,0.47407445311546326,0.014905204996466637,0.026250656694173813,0.0017337505705654621
000966_JPG_jpg.rf.87fa55fbebc4989000b890b88765c712.jpg,1,0.2101968675851822,0.5161914825439453,0.028039786964654922,0.022977279499173164,0.0015725955599918962
000966_JPG_jpg.rf.87fa55fbebc4989000b890b88765c712.jpg,0,0.5047972202301025,0.46878474950790405,0.03210265934467316,0.015603432431817055,0.001548215514048934
000966_JPG_jpg.rf.87fa55fbebc4989000b890b88765c712.jpg,1,0.7534530162811279,0.457278847694397,0.04667575657367706,0.023625850677490234,0.001483008498325944
000966_JPG_jpg.rf.87fa55fbebc4989000b890b88765c712.jpg,0,0.5633830428123474,0.45890548825263977,0.031484127044677734,0.017913818359375,0.0014098507817834616
000966_JPG_jpg.rf.87fa55fbebc4989000b890b88765c712.jpg,0,0.37225520610809326,0.4861643314361572,0.024894898757338524,0.023321079090237617,0.0013390980893746018
000966_JPG_jpg.rf.87fa55fbebc4989000b890b88765c712.jpg,1,0.5874611139297485,0.4466407299041748,0.03530770167708397,0.01809442974627018,0.0013263594591990113
000966_JPG_jpg.rf.87fa55fbebc4989000b890b88765c712.jpg,7,0.4806445837020874,0.21621525287628174,0.6493334770202637,0.3648245334625244,0.001319210510700941
000966_JPG_jpg.rf.87fa55fbebc4989000b890b88765c712.jpg,0,0.3750489354133606,0.47636866569519043,0.028175611048936844,0.0227512214332819,0.001259476412087679
000966_JPG_jpg.rf.87fa55fbebc4989000b890b88765c712.jpg,1,0.596308171749115,0.46689799427986145,0.022382663562893867,0.02122838795185089,0.001229952904395759
000966_JPG_jpg.rf.87fa55fbebc4989000b890b88765c712.jpg,0,0.3623492419719696,0.3111456036567688,0.03198575973510742,0.019151687622070312,0.0011899961391463876
000966_JPG_jpg.rf.87fa55fbebc4989000b890b88765c712.jpg,7,0.01815328560769558,0.493238627910614,0.0322767049074173,0.07591640204191208,0.0011515191290527582
000966_JPG_jpg.rf.87fa55fbebc4989000b890b88765c712.jpg,1,0.5766744017601013,0.4550231099128723,0.02682972140610218,0.01740877516567707,0.0010963461827486753
000966_JPG_jpg.rf.87fa55fbebc4989000b890b88765c712.jpg,0,0.4351614713668823,0.47988253831863403,0.025439923629164696,0.019015789031982422,0.0010716547258198261
000966_JPG_jpg.rf.87fa55fbebc4989000b890b88765c712.jpg,0,0.6518484950065613,0.3437107801437378,0.04521120712161064,0.028234079480171204,0.0010416826698929071
000966_JPG_jpg.rf.87fa55fbebc4989000b890b88765c712.jpg,0,0.6006383299827576,0.5294681787490845,0.027739232406020164,0.020954903215169907,0.0010310172801837325
000966_JPG_jpg.rf.87fa55fbebc4989000b890b88765c712.jpg,1,0.6578803658485413,0.40857818722724915,0.038918495178222656,0.018387794494628906,0.001029736245982349
000966_JPG_jpg.rf.87fa55fbebc4989000b890b88765c712.jpg,7,0.7920829653739929,0.38085904717445374,0.06462918967008591,0.01572704315185547,0.0010160397505387664
000966_JPG_jpg.rf.87fa55fbebc4989000b890b88765c712.jpg,1,0.7915445566177368,0.3827698826789856,0.06718158721923828,0.021734017878770828,0.001012987457215786
000966_JPG_jpg.rf.87fa55fbebc4989000b890b88765c712.jpg,1,0.6490031480789185,0.42207473516464233,0.04154447466135025,0.029286019504070282,0.000975920760538429
000966_JPG_jpg.rf.87fa55fbebc4989000b890b88765c712.jpg,0,0.46331027150154114,0.5104196071624756,0.02193806879222393,0.01480733510106802,0.0009451822261326015
000966_JPG_jpg.rf.87fa55fbebc4989000b890b88765c712.jpg,1,0.5981984734535217,0.4461449682712555,0.026649292558431625,0.020522339269518852,0.0008327270625159144
000966_JPG_jpg.rf.87fa55fbebc4989000b890b88765c712.jpg,0,0.4669407606124878,0.5161443948745728,0.014971623197197914,0.012506191618740559,0.0008041851106099784
000966_JPG_jpg.rf.87fa55fbebc4989000b890b88765c712.jpg,8,0.40609103441238403,0.5012580752372742,0.017813866958022118,0.02175481617450714,0.0007867031963542104
000966_JPG_jpg.rf.87fa55fbebc4989000b890b88765c712.jpg,0,0.021481895819306374,0.49285799264907837,0.03584333509206772,0.06977910548448563,0.0007813404081389308
000966_JPG_jpg.rf.87fa55fbebc4989000b890b88765c712.jpg,0,0.11139284819364548,0.13400782644748688,0.055273763835430145,0.025823714211583138,0.0007173102349042892
000966_JPG_jpg.rf.87fa55fbebc4989000b890b88765c712.jpg,0,0.4091237187385559,0.49079009890556335,0.022605199366807938,0.017876332625746727,0.000714267895091325
000966_JPG_jpg.rf.87fa55fbebc4989000b890b88765c712.jpg,0,0.7396079301834106,0.008620396256446838,0.047440897673368454,0.017175650224089622,0.0006985598593018949
000966_JPG_jpg.rf.87fa55fbebc4989000b890b88765c712.jpg,1,0.6534515023231506,0.344009131193161,0.04825364798307419,0.02816486544907093,0.0006464346079155803
000966_JPG_jpg.rf.87fa55fbebc4989000b890b88765c712.jpg,1,0.7404053211212158,0.48680105805397034,0.03121684305369854,0.01658623106777668,0.0006165756494738162
000966_JPG_jpg.rf.87fa55fbebc4989000b890b88765c712.jpg,0,0.2573922276496887,0.42902323603630066,0.0385441780090332,0.02053183875977993,0.0006121413898654282
000966_JPG_jpg.rf.87fa55fbebc4989000b890b88765c712.jpg,10,0.4067552387714386,0.5239636301994324,0.015510155819356441,0.016669824719429016,0.000611396855674684
000966_JPG_jpg.rf.87fa55fbebc4989000b890b88765c712.jpg,1,0.3666343092918396,0.4787571430206299,0.03200054168701172,0.024666566401720047,0.0006054792902432382
000966_JPG_jpg.rf.87fa55fbebc4989000b890b88765c712.jpg,1,0.6564394235610962,0.29533952474594116,0.032197073101997375,0.014027358032763004,0.0005665200296789408
000966_JPG_jpg.rf.87fa55fbebc4989000b890b88765c712.jpg,0,0.4873216450214386,0.4609849750995636,0.030049875378608704,0.022203445434570312,0.0005510054179467261
000966_JPG_jpg.rf.87fa55fbebc4989000b890b88765c712.jpg,1,0.7828380465507507,0.45788246393203735,0.032952237874269485,0.019069598987698555,0.0005489768809638917
000966_JPG_jpg.rf.87fa55fbebc4989000b890b88765c712.jpg,7,0.43621861934661865,0.6245265603065491,0.7314909100532532,0.6994879841804504,0.0005335753667168319
000966_JPG_jpg.rf.87fa55fbebc4989000b890b88765c712.jpg,7,0.18434245884418488,0.2766903340816498,0.30290544033050537,0.41466566920280457,0.0005092616192996502
000967_jpg.rf.c03a4af67b2c09d534327ef7de40de4c.jpg,1,0.6419345140457153,0.09811202436685562,0.02389027550816536,0.09667129069566727,0.8975028991699219
000967_jpg.rf.c03a4af67b2c09d534327ef7de40de4c.jpg,1,0.8078979849815369,0.09237015247344971,0.02427189238369465,0.10184521228075027,0.8603200316429138
000967_jpg.rf.c03a4af67b2c09d534327ef7de40de4c.jpg,1,0.8081257343292236,0.0700773149728775,0.021207589656114578,0.0512499175965786,0.13432392477989197
000967_jpg.rf.c03a4af67b2c09d534327ef7de40de4c.jpg,0,0.17963024973869324,0.007766400463879108,0.03419320657849312,0.015280421823263168,0.02155042439699173
000967_jpg.rf.c03a4af67b2c09d534327ef7de40de4c.jpg,1,0.1769116371870041,0.008639850653707981,0.0380571074783802,0.01710885763168335,0.015678109601140022
000967_jpg.rf.c03a4af67b2c09d534327ef7de40de4c.jpg,1,0.22792722284793854,0.31749358773231506,0.017387812957167625,0.05234745889902115,0.014079954475164413
000967_jpg.rf.c03a4af67b2c09d534327ef7de40de4c.jpg,1,0.02353060059249401,0.04190470650792122,0.038194943219423294,0.08369222283363342,0.004282267298549414
000967_jpg.rf.c03a4af67b2c09d534327ef7de40de4c.jpg,1,0.7647378444671631,0.08553987741470337,0.17305727303028107,0.14702008664608002,0.0016593901673331857
000967_jpg.rf.c03a4af67b2c09d534327ef7de40de4c.jpg,1,0.6519700288772583,0.10042031109333038,0.02069590799510479,0.09756449609994888,0.0012119320454075933
000967_jpg.rf.c03a4af67b2c09d534327ef7de40de4c.jpg,0,0.4629732072353363,0.07161189615726471,0.016582563519477844,0.019136283546686172,0.0009668330894783139
000967_jpg.rf.c03a4af67b2c09d534327ef7de40de4c.jpg,1,0.16515128314495087,0.010610463097691536,0.0527137890458107,0.0203868355602026,0.000921107130125165
000967_jpg.rf.c03a4af67b2c09d534327ef7de40de4c.jpg,1,0.5668588876724243,0.08157829195261002,0.18347975611686707,0.1581331491470337,0.0007101281080394983
000967_jpg.rf.c03a4af67b2c09d534327ef7de40de4c.jpg,1,0.6672868728637695,0.09963784366846085,0.06992912292480469,0.09489679336547852,0.0006523323245346546
000967_jpg.rf.c03a4af67b2c09d534327ef7de40de4c.jpg,1,0.7740883827209473,0.09263987094163895,0.08955977857112885,0.10699284821748734,0.0006459871656261384
000967_jpg.rf.c03a4af67b2c09d534327ef7de40de4c.jpg,1,0.8231831789016724,0.09386143833398819,0.05312332883477211,0.10743945091962814,0.000601904175709933
000967_jpg.rf.c03a4af67b2c09d534327ef7de40de4c.jpg,0,0.5702143907546997,0.15848369896411896,0.011761299334466457,0.037582363933324814,0.000581098604016006
000967_jpg.rf.c03a4af67b2c09d534327ef7de40de4c.jpg,1,0.6326324939727783,0.0789325088262558,0.19876165688037872,0.14448848366737366,0.000530845660250634
000967_jpg.rf.c03a4af67b2c09d534327ef7de40de4c.jpg,1,0.7962306141853333,0.09508595615625381,0.047893013805150986,0.09994712471961975,0.0005187913193367422
000967_jpg.rf.c03a4af67b2c09d534327ef7de40de4c.jpg,1,0.43276530504226685,0.0932866707444191,0.36707648634910583,0.1864951103925705,0.0005078495014458895
000983_JPG_jpg.rf.435a52389bec50fc37b8d83dc287f3ed.jpg,0,0.5905412435531616,0.06013261154294014,0.2894408404827118,0.08389008045196533,0.956798791885376
000983_JPG_jpg.rf.435a52389bec50fc37b8d83dc287f3ed.jpg,0,0.24716800451278687,0.4237171411514282,0.09994901716709137,0.029436295852065086,0.8279193639755249
000983_JPG_jpg.rf.435a52389bec50fc37b8d83dc287f3ed.jpg,0,0.19215215742588043,0.009117196314036846,0.06915624439716339,0.018234392628073692,0.005334353074431419
000983_JPG_jpg.rf.435a52389bec50fc37b8d83dc287f3ed.jpg,1,0.19021712243556976,0.008736670017242432,0.07736968994140625,0.01732727140188217,0.0029360835906118155
000983_JPG_jpg.rf.435a52389bec50fc37b8d83dc287f3ed.jpg,0,0.8572878837585449,0.006082474719733,0.09268247336149216,0.012085799127817154,0.0028763848822563887
000983_JPG_jpg.rf.435a52389bec50fc37b8d83dc287f3ed.jpg,0,0.9093317985534668,0.01252814382314682,0.15788255631923676,0.024551615118980408,0.002399218501523137
000983_JPG_jpg.rf.435a52389bec50fc37b8d83dc287f3ed.jpg,0,0.26125994324684143,0.5979651212692261,0.03045729547739029,0.021380389109253883,0.0016483927611261606
000983_JPG_jpg.rf.435a52389bec50fc37b8d83dc287f3ed.jpg,0,0.5253466367721558,0.05959567800164223,0.15047624707221985,0.07992686331272125,0.001568725099787116
000983_JPG_jpg.rf.435a52389bec50fc37b8d83dc287f3ed.jpg,0,0.4967386722564697,0.5016313195228577,0.027161525562405586,0.009773842059075832,0.001474521355703473
000983_JPG_jpg.rf.435a52389bec50fc37b8d83dc287f3ed.jpg,1,0.42101341485977173,0.48904597759246826,0.025870507583022118,0.011655918322503567,0.0013880360638722777
000983_JPG_jpg.rf.435a52389bec50fc37b8d83dc287f3ed.jpg,1,0.4274822473526001,0.4918699860572815,0.018814563751220703,0.013073848560452461,0.0011751261772587895
000983_JPG_jpg.rf.435a52389bec50fc37b8d83dc287f3ed.jpg,1,0.47294116020202637,0.4867299795150757,0.036314673721790314,0.01789826713502407,0.001096807885915041
000983_JPG_jpg.rf.435a52389bec50fc37b8d83dc287f3ed.jpg,1,0.49910980463027954,0.48967158794403076,0.03171224147081375,0.0156442578881979,0.0008755798917263746
000983_JPG_jpg.rf.435a52389bec50fc37b8d83dc287f3ed.jpg,1,0.42877137660980225,0.5012482404708862,0.023467063903808594,0.017482757568359375,0.000868425180669874
000983_JPG_jpg.rf.435a52389bec50fc37b8d83dc287f3ed.jpg,1,0.4692070484161377,0.47871020436286926,0.04112948104739189,0.017379578202962875,0.0006218517082743347
000983_JPG_jpg.rf.435a52389bec50fc37b8d83dc287f3ed.jpg,0,0.28408271074295044,0.42264941334724426,0.034405820071697235,0.0292434711009264,0.0005903418059460819
000983_JPG_jpg.rf.435a52389bec50fc37b8d83dc287f3ed.jpg,7,0.15683738887310028,0.2501968741416931,0.31367477774620056,0.5003937482833862,0.0005895068170502782
000983_JPG_jpg.rf.435a52389bec50fc37b8d83dc287f3ed.jpg,0,0.4792652428150177,0.5009386539459229,0.028604691848158836,0.010697071440517902,0.0005840634694322944
000983_JPG_jpg.rf.435a52389bec50fc37b8d83dc287f3ed.jpg,0,0.8914564847946167,0.007498637307435274,0.16574229300022125,0.014493303373456001,0.0005456010694615543
000983_JPG_jpg.rf.435a52389bec50fc37b8d83dc287f3ed.jpg,14,0.2041121870279312,0.31488037109375,0.4082243740558624,0.6251509785652161,0.0005377059569582343
000985_JPG_jpg.rf.858faffcae4167e233b829d2f744f34f.jpg,0,0.32183393836021423,0.11419441550970078,0.12458935379981995,0.047964710742235184,0.9282171130180359
000985_JPG_jpg.rf.858faffcae4167e233b829d2f744f34f.jpg,0,0.8292059302330017,0.0709964781999588,0.04165458679199219,0.035215165466070175,0.05220520496368408
000985_JPG_jpg.rf.858faffcae4167e233b829d2f744f34f.jpg,0,0.6521221995353699,0.4594792425632477,0.0249509084969759,0.018996238708496094,0.01690838113427162
000985_JPG_jpg.rf.858faffcae4167e233b829d2f744f34f.jpg,1,0.11327812075614929,0.01304059848189354,0.026705311611294746,0.026025213301181793,0.00909552164375782
000985_JPG_jpg.rf.858faffcae4167e233b829d2f744f34f.jpg,1,0.5323622226715088,0.3953251838684082,0.03446351736783981,0.013015453703701496,0.007761575281620026
000985_JPG_jpg.rf.858faffcae4167e233b829d2f744f34f.jpg,1,0.4523637592792511,0.4786091148853302,0.017746925354003906,0.017252519726753235,0.006556075997650623
000985_JPG_jpg.rf.858faffcae4167e233b829d2f744f34f.jpg,1,0.020975496619939804,0.4815331697463989,0.033021725714206696,0.07671833038330078,0.005050107836723328
000985_JPG_jpg.rf.858faffcae4167e233b829d2f744f34f.jpg,0,0.39183467626571655,0.48590487241744995,0.03069562278687954,0.021201610565185547,0.0036260588094592094
000985_JPG_jpg.rf.858faffcae4167e233b829d2f744f34f.jpg,1,0.03898521140217781,0.47080525755882263,0.0560285784304142,0.036193665117025375,0.0032257114071398973
000985_JPG_jpg.rf.858faffcae4167e233b829d2f744f34f.jpg,0,0.6506396532058716,0.46444419026374817,0.027091173455119133,0.0139961251989007,0.0030227722600102425
000985_JPG_jpg.rf.858faffcae4167e233b829d2f744f34f.jpg,1,0.5344797968864441,0.3911755084991455,0.03872031718492508,0.01319217775017023,0.0022867119405418634
000985_JPG_jpg.rf.858faffcae4167e233b829d2f744f34f.jpg,1,0.6893134713172913,0.464726060628891,0.033177450299263,0.01923649199306965,0.0018774505006149411
000985_JPG_jpg.rf.858faffcae4167e233b829d2f744f34f.jpg,0,0.04039920121431351,0.48591241240501404,0.058705590665340424,0.06930293142795563,0.0012380500556901097
000985_JPG_jpg.rf.858faffcae4167e233b829d2f744f34f.jpg,0,0.7252930402755737,0.149933859705925,0.02403009869158268,0.03298020362854004,0.0012222903314977884
000985_JPG_jpg.rf.858faffcae4167e233b829d2f744f34f.jpg,0,0.045333001762628555,0.2849697768688202,0.03050505742430687,0.1275549679994583,0.0010027674725279212
000985_JPG_jpg.rf.858faffcae4167e233b829d2f744f34f.jpg,0,0.7669946551322937,0.27700453996658325,0.028731420636177063,0.05688656494021416,0.0009020211291499436
000985_JPG_jpg.rf.858faffcae4167e233b829d2f744f34f.jpg,3,0.8686098456382751,0.400420218706131,0.2626747190952301,0.7839508056640625,0.0007883913349360228
000985_JPG_jpg.rf.858faffcae4167e233b829d2f744f34f.jpg,1,0.725695788860321,0.15095220506191254,0.022383470088243484,0.03280765563249588,0.0007842885097488761
000985_JPG_jpg.rf.858faffcae4167e233b829d2f744f34f.jpg,0,0.7082633972167969,0.4677536189556122,0.03624725341796875,0.021745095029473305,0.0007712962105870247
000985_JPG_jpg.rf.858faffcae4167e233b829d2f744f34f.jpg,0,0.5145978331565857,0.39398351311683655,0.025774186477065086,0.014429973438382149,0.0006856753025203943
000985_JPG_jpg.rf.858faffcae4167e233b829d2f744f34f.jpg,7,0.03939121961593628,0.30530306696891785,0.07878243923187256,0.6074495315551758,0.0006598677136935294
000985_JPG_jpg.rf.858faffcae4167e233b829d2f744f34f.jpg,1,0.9928593635559082,0.32692205905914307,0.014231168664991856,0.04495429992675781,0.0006146845989860594
000985_JPG_jpg.rf.858faffcae4167e233b829d2f744f34f.jpg,1,0.5470236539840698,0.39610394835472107,0.03587954118847847,0.012258786708116531,0.0006049835355952382
000985_JPG_jpg.rf.858faffcae4167e233b829d2f744f34f.jpg,8,0.7224422097206116,0.27475398778915405,0.035663384944200516,0.03701773285865784,0.0005850997986271977
000985_JPG_jpg.rf.858faffcae4167e233b829d2f744f34f.jpg,8,0.6889641284942627,0.4672027826309204,0.03525051847100258,0.020698731765151024,0.0005509481416083872
000985_JPG_jpg.rf.858faffcae4167e233b829d2f744f34f.jpg,1,0.7158408761024475,0.4644814133644104,0.029808705672621727,0.018915103748440742,0.000539622618816793
000985_JPG_jpg.rf.858faffcae4167e233b829d2f744f34f.jpg,1,0.03851870447397232,0.4811694920063019,0.06396748125553131,0.06624900549650192,0.0005100397975184023
000985_JPG_jpg.rf.858faffcae4167e233b829d2f744f34f.jpg,1,0.010985947214066982,0.49217692017555237,0.02023180015385151,0.09153043478727341,0.0005061281262896955
000989_JPG_jpg.rf.190d2ec887677882e3d1c869a542aa26.jpg,0,0.4204827845096588,0.15822286903858185,0.19738715887069702,0.08926699310541153,0.9208992123603821
000989_JPG_jpg.rf.190d2ec887677882e3d1c869a542aa26.jpg,0,0.2717668116092682,0.581242024898529,0.0337924063205719,0.017977531999349594,0.7671064138412476
000989_JPG_jpg.rf.190d2ec887677882e3d1c869a542aa26.jpg,0,0.2714313566684723,0.5752281546592712,0.03309717774391174,0.017449673265218735,0.25070223212242126
000989_JPG_jpg.rf.190d2ec887677882e3d1c869a542aa26.jpg,0,0.8277074694633484,0.543359637260437,0.06658084690570831,0.01741647720336914,0.14595161378383636
000989_JPG_jpg.rf.190d2ec887677882e3d1c869a542aa26.jpg,0,0.2963673770427704,0.5595723390579224,0.02676149643957615,0.016127953305840492,0.08131003379821777
000989_JPG_jpg.rf.190d2ec887677882e3d1c869a542aa26.jpg,1,0.8040474057197571,0.4015837609767914,0.054612673819065094,0.030881516635417938,0.041849054396152496
000989_JPG_jpg.rf.190d2ec887677882e3d1c869a542aa26.jpg,1,0.7932249307632446,0.6173075437545776,0.021278016269207,0.020452316850423813,0.04074066877365112
000989_JPG_jpg.rf.190d2ec887677882e3d1c869a542aa26.jpg,0,0.2807658612728119,0.5702056884765625,0.03303861618041992,0.018203258514404297,0.036248430609703064
000989_JPG_jpg.rf.190d2ec887677882e3d1c869a542aa26.jpg,0,0.24682889878749847,0.5786827802658081,0.04447627067565918,0.01864480972290039,0.021414734423160553
000989_JPG_jpg.rf.190d2ec887677882e3d1c869a542aa26.jpg,0,0.2998839020729065,0.550201416015625,0.03590783849358559,0.01819218136370182,0.019546575844287872
000989_JPG_jpg.rf.190d2ec887677882e3d1c869a542aa26.jpg,0,0.7818303108215332,0.6187950372695923,0.03339385986328125,0.014855862595140934,0.018331989645957947
000989_JPG_jpg.rf.190d2ec887677882e3d1c869a542aa26.jpg,0,0.820960283279419,0.40272700786590576,0.06727123260498047,0.030195750296115875,0.012184642255306244
000989_JPG_jpg.rf.190d2ec887677882e3d1c869a542aa26.jpg,1,0.7844715118408203,0.6169037818908691,0.031011803075671196,0.016287803649902344,0.01042016688734293
000989_JPG_jpg.rf.190d2ec887677882e3d1c869a542aa26.jpg,1,0.36262989044189453,0.5804052948951721,0.022579047828912735,0.016180332750082016,0.008513129316270351
000989_JPG_jpg.rf.190d2ec887677882e3d1c869a542aa26.jpg,0,0.2576064467430115,0.5737297534942627,0.05514642223715782,0.018199553713202477,0.007579987868666649
000989_JPG_jpg.rf.190d2ec887677882e3d1c869a542aa26.jpg,0,0.2619461417198181,0.586031436920166,0.04688424617052078,0.022609161213040352,0.007106057833880186
000989_JPG_jpg.rf.190d2ec887677882e3d1c869a542aa26.jpg,1,0.7239940762519836,0.37173518538475037,0.03301165625452995,0.02098861150443554,0.006848093122243881
000989_JPG_jpg.rf.190d2ec887677882e3d1c869a542aa26.jpg,0,0.5124780535697937,0.49532538652420044,0.019999688491225243,0.010395233519375324,0.005469657946377993
000989_JPG_jpg.rf.190d2ec887677882e3d1c869a542aa26.jpg,1,0.2922901511192322,0.5733278393745422,0.024089906364679337,0.024204842746257782,0.004525629337877035
000989_JPG_jpg.rf.190d2ec887677882e3d1c869a542aa26.jpg,0,0.13996516168117523,0.6135002970695496,0.027086423709988594,0.021701812744140625,0.0035846037790179253
000989_JPG_jpg.rf.190d2ec887677882e3d1c869a542aa26.jpg,0,0.39933452010154724,0.613671064376831,0.027898790314793587,0.01571662724018097,0.0032349054235965014
000989_JPG_jpg.rf.190d2ec887677882e3d1c869a542aa26.jpg,0,0.7237362265586853,0.3717498481273651,0.030038101598620415,0.018242323771119118,0.002935663564130664
000989_JPG_jpg.rf.190d2ec887677882e3d1c869a542aa26.jpg,0,0.8487206101417542,0.5436500906944275,0.051656726747751236,0.019888952374458313,0.002779795788228512
000989_JPG_jpg.rf.190d2ec887677882e3d1c869a542aa26.jpg,1,0.7740492224693298,0.6192948222160339,0.018875636160373688,0.01409530732780695,0.0023870300501585007
000989_JPG_jpg.rf.190d2ec887677882e3d1c869a542aa26.jpg,0,0.22682668268680573,0.578475296497345,0.03996419906616211,0.014979840256273746,0.002317877020686865
000989_JPG_jpg.rf.190d2ec887677882e3d1c869a542aa26.jpg,0,0.8702741861343384,0.5424476861953735,0.01809420995414257,0.016017034649848938,0.002145760226994753
000989_JPG_jpg.rf.190d2ec887677882e3d1c869a542aa26.jpg,0,0.3998851776123047,0.6214577555656433,0.027536576613783836,0.013959151692688465,0.0021021002903580666
000989_JPG_jpg.rf.190d2ec887677882e3d1c869a542aa26.jpg,1,0.3074124753475189,0.5459402203559875,0.033853329718112946,0.013360683806240559,0.0020830261055380106
000989_JPG_jpg.rf.190d2ec887677882e3d1c869a542aa26.jpg,0,0.3890651762485504,0.5426103472709656,0.03566243126988411,0.013122852891683578,0.002002728870138526
000989_JPG_jpg.rf.190d2ec887677882e3d1c869a542aa26.jpg,0,0.7934152483940125,0.5438279509544373,0.031764693558216095,0.016101250424981117,0.001935988781042397
000989_JPG_jpg.rf.190d2ec887677882e3d1c869a542aa26.jpg,0,0.21572686731815338,0.5791270136833191,0.025961125269532204,0.01035308837890625,0.0018532781396061182
000989_JPG_jpg.rf.190d2ec887677882e3d1c869a542aa26.jpg,0,0.9721569418907166,0.6395644545555115,0.03339063376188278,0.015350342728197575,0.0017116836970672011
000989_JPG_jpg.rf.190d2ec887677882e3d1c869a542aa26.jpg,0,0.39250990748405457,0.5807768702507019,0.025584038347005844,0.01862485706806183,0.0016399776795879006
000989_JPG_jpg.rf.190d2ec887677882e3d1c869a542aa26.jpg,1,0.2948338985443115,0.5457046627998352,0.023681072518229485,0.01097620464861393,0.0015981118194758892
000989_JPG_jpg.rf.190d2ec887677882e3d1c869a542aa26.jpg,1,0.3450850546360016,0.6023792624473572,0.02884703502058983,0.018752172589302063,0.0015656995819881558
000989_JPG_jpg.rf.190d2ec887677882e3d1c869a542aa26.jpg,0,0.5154759883880615,0.5392451286315918,0.017014430835843086,0.012472923845052719,0.0015016942052170634
000989_JPG_jpg.rf.190d2ec887677882e3d1c869a542aa26.jpg,0,0.3433356285095215,0.6008554697036743,0.026126569136977196,0.01570756733417511,0.0014870131853967905
000989_JPG_jpg.rf.190d2ec887677882e3d1c869a542aa26.jpg,1,0.5497031807899475,0.6406216025352478,0.029100310057401657,0.01288208644837141,0.0012400333071127534
000989_JPG_jpg.rf.190d2ec887677882e3d1c869a542aa26.jpg,1,0.29089292883872986,0.6210443377494812,0.022325241938233376,0.01947747729718685,0.001178776496089995
000989_JPG_jpg.rf.190d2ec887677882e3d1c869a542aa26.jpg,0,0.29321128129959106,0.5797051787376404,0.02273145131766796,0.02207433432340622,0.0010906839743256569
000989_JPG_jpg.rf.190d2ec887677882e3d1c869a542aa26.jpg,1,0.28065839409828186,0.5479382276535034,0.029161838814616203,0.02209949493408203,0.0010891160927712917
000989_JPG_jpg.rf.190d2ec887677882e3d1c869a542aa26.jpg,0,0.3831511437892914,0.5790318250656128,0.03368748351931572,0.015610512346029282,0.0010873444844037294
000989_JPG_jpg.rf.190d2ec887677882e3d1c869a542aa26.jpg,8,0.9932315945625305,0.481947124004364,0.013536893762648106,0.054364390671253204,0.001078360015526414
000989_JPG_jpg.rf.190d2ec887677882e3d1c869a542aa26.jpg,1,0.7791724801063538,0.6258237957954407,0.022001927718520164,0.016096556559205055,0.0009899777360260487
000989_JPG_jpg.rf.190d2ec887677882e3d1c869a542aa26.jpg,0,0.3081464171409607,0.5461044311523438,0.03330705687403679,0.013124062679708004,0.0008968281908892095
000989_JPG_jpg.rf.190d2ec887677882e3d1c869a542aa26.jpg,0,0.34983012080192566,0.6384534239768982,0.01713048480451107,0.015285125933587551,0.0008885970455594361
000989_JPG_jpg.rf.190d2ec887677882e3d1c869a542aa26.jpg,1,0.8060524463653564,0.622199296951294,0.02410411834716797,0.017070844769477844,0.0008840729133225977
000989_JPG_jpg.rf.190d2ec887677882e3d1c869a542aa26.jpg,7,0.8056002855300903,0.7503741383552551,0.3887994587421417,0.4992517828941345,0.0008768977713771164
000989_JPG_jpg.rf.190d2ec887677882e3d1c869a542aa26.jpg,0,0.2775934636592865,0.5815116763114929,0.04452601075172424,0.028094476088881493,0.0008215317502617836
000989_JPG_jpg.rf.190d2ec887677882e3d1c869a542aa26.jpg,0,0.5712881684303284,0.6430654525756836,0.03710116073489189,0.011382763274013996,0.000799581699538976
000989_JPG_jpg.rf.190d2ec887677882e3d1c869a542aa26.jpg,0,0.3835664987564087,0.5738832950592041,0.029622409492731094,0.01401637215167284,0.0007669027545489371
000989_JPG_jpg.rf.190d2ec887677882e3d1c869a542aa26.jpg,0,0.46890535950660706,0.6450371146202087,0.018757233396172523,0.010103225708007812,0.000749884347897023
000989_JPG_jpg.rf.190d2ec887677882e3d1c869a542aa26.jpg,1,0.3721923232078552,0.5769696831703186,0.0327320471405983,0.017316048964858055,0.0007332674576900899
000989_JPG_jpg.rf.190d2ec887677882e3d1c869a542aa26.jpg,0,0.34911075234413147,0.6030630469322205,0.02362167090177536,0.014726639725267887,0.0006880078581161797
000989_JPG_jpg.rf.190d2ec887677882e3d1c869a542aa26.jpg,0,0.3746042847633362,0.6083849668502808,0.022411346435546875,0.019330501556396484,0.0006816802779212594
000989_JPG_jpg.rf.190d2ec887677882e3d1c869a542aa26.jpg,0,0.8084766864776611,0.5419390797615051,0.046402931213378906,0.0161281730979681,0.0006578483153134584
000989_JPG_jpg.rf.190d2ec887677882e3d1c869a542aa26.jpg,1,0.3616815209388733,0.5702919363975525,0.02651963010430336,0.013580395840108395,0.0006567513919435441
000989_JPG_jpg.rf.190d2ec887677882e3d1c869a542aa26.jpg,1,0.3768693506717682,0.538895845413208,0.015181065537035465,0.012038011103868484,0.0006531827384606004
000989_JPG_jpg.rf.190d2ec887677882e3d1c869a542aa26.jpg,0,0.4213029444217682,0.6261038184165955,0.03328106924891472,0.019600722938776016,0.0006420442368835211
000989_JPG_jpg.rf.190d2ec887677882e3d1c869a542aa26.jpg,1,0.4001816511154175,0.5482475161552429,0.03016519732773304,0.010577312670648098,0.0006408924236893654
000989_JPG_jpg.rf.190d2ec887677882e3d1c869a542aa26.jpg,0,0.2072691023349762,0.5797986388206482,0.02839011512696743,0.011372566223144531,0.0006405986496247351
000989_JPG_jpg.rf.190d2ec887677882e3d1c869a542aa26.jpg,1,0.38960695266723633,0.5753377079963684,0.02677389420568943,0.016741350293159485,0.0006259155925363302
000989_JPG_jpg.rf.190d2ec887677882e3d1c869a542aa26.jpg,1,0.7857919335365295,0.544654905796051,0.0316523052752018,0.014254203997552395,0.0006023922469466925
000989_JPG_jpg.rf.190d2ec887677882e3d1c869a542aa26.jpg,0,0.993964672088623,0.2364349514245987,0.011902295984327793,0.0754438191652298,0.0006005117320455611
000989_JPG_jpg.rf.190d2ec887677882e3d1c869a542aa26.jpg,7,0.3253912031650543,0.3484739065170288,0.6507824063301086,0.44677913188934326,0.0005981868598610163
000989_JPG_jpg.rf.190d2ec887677882e3d1c869a542aa26.jpg,0,0.37201669812202454,0.5803603529930115,0.03323705494403839,0.017333801835775375,0.0005862128455191851
000989_JPG_jpg.rf.190d2ec887677882e3d1c869a542aa26.jpg,0,0.5172167420387268,0.5465647578239441,0.017434120178222656,0.014806858263909817,0.0005548444460146129
000989_JPG_jpg.rf.190d2ec887677882e3d1c869a542aa26.jpg,0,0.826028048992157,0.3460201919078827,0.045739542692899704,0.021741317585110664,0.0005399006768129766
000989_JPG_jpg.rf.190d2ec887677882e3d1c869a542aa26.jpg,0,0.3513650894165039,0.5957990288734436,0.023480122908949852,0.012815769761800766,0.0005353951128199697
000989_JPG_jpg.rf.190d2ec887677882e3d1c869a542aa26.jpg,1,0.28231754899024963,0.5363962054252625,0.026493696495890617,0.019220352172851562,0.0005321227945387363
000989_JPG_jpg.rf.190d2ec887677882e3d1c869a542aa26.jpg,0,0.27231016755104065,0.6046285033226013,0.03145065903663635,0.032759226858615875,0.0005311374552547932
000989_JPG_jpg.rf.190d2ec887677882e3d1c869a542aa26.jpg,0,0.1373424530029297,0.5970340371131897,0.025069229304790497,0.02339971996843815,0.0005201564636081457
000989_JPG_jpg.rf.190d2ec887677882e3d1c869a542aa26.jpg,10,0.13373491168022156,0.6092656254768372,0.035631127655506134,0.0328935869038105,0.0005002538673579693
000994_jpg.rf.a4d87f8cd54a7a19e0081461e279a335.jpg,0,0.4578530490398407,0.8609799742698669,0.032334327697753906,0.13381598889827728,0.9171393513679504
000994_jpg.rf.a4d87f8cd54a7a19e0081461e279a335.jpg,0,0.007216027472168207,0.8767765760421753,0.01431218720972538,0.12943781912326813,0.4766426682472229
000994_jpg.rf.a4d87f8cd54a7a19e0081461e279a335.jpg,1,0.22174768149852753,0.28736960887908936,0.10140877962112427,0.029987813904881477,0.47156640887260437
000994_jpg.rf.a4d87f8cd54a7a19e0081461e279a335.jpg,0,0.49360501766204834,0.5725720524787903,0.037552833557128906,0.024042241275310516,0.05312872305512428
000994_jpg.rf.a4d87f8cd54a7a19e0081461e279a335.jpg,1,0.006420836318284273,0.879603922367096,0.012841672636568546,0.13528060913085938,0.03581934794783592
000994_jpg.rf.a4d87f8cd54a7a19e0081461e279a335.jpg,1,0.2504420876502991,0.2877420485019684,0.03932637721300125,0.028423164039850235,0.033903226256370544
000994_jpg.rf.a4d87f8cd54a7a19e0081461e279a335.jpg,0,0.4984106123447418,0.9524896740913391,0.017751473933458328,0.011100329458713531,0.01819387450814247
000994_jpg.rf.a4d87f8cd54a7a19e0081461e279a335.jpg,0,0.005517973564565182,0.8411805629730225,0.010726181790232658,0.052508722990751266,0.009931151755154133
000994_jpg.rf.a4d87f8cd54a7a19e0081461e279a335.jpg,0,0.23573480546474457,0.9958178997039795,0.0136299142614007,0.007795334327965975,0.006806190125644207
000994_jpg.rf.a4d87f8cd54a7a19e0081461e279a335.jpg,0,0.45893046259880066,0.8961266875267029,0.031916216015815735,0.062000058591365814,0.0027808588929474354
000994_jpg.rf.a4d87f8cd54a7a19e0081461e279a335.jpg,1,0.19964733719825745,0.28884801268577576,0.05301959812641144,0.027266448363661766,0.002212806139141321
000994_jpg.rf.a4d87f8cd54a7a19e0081461e279a335.jpg,0,0.013750476762652397,0.8832668662071228,0.025341417640447617,0.10887337476015091,0.00219540111720562
000994_jpg.rf.a4d87f8cd54a7a19e0081461e279a335.jpg,0,0.5076925754547119,0.579330325126648,0.028226854279637337,0.020937664434313774,0.001794620999135077
000994_jpg.rf.a4d87f8cd54a7a19e0081461e279a335.jpg,0,0.061190277338027954,0.8665464520454407,0.011431447230279446,0.035856980830430984,0.0016976946499198675
000994_jpg.rf.a4d87f8cd54a7a19e0081461e279a335.jpg,0,0.5986572504043579,0.9667871594429016,0.03216574713587761,0.06642576307058334,0.001409086980856955
000994_jpg.rf.a4d87f8cd54a7a19e0081461e279a335.jpg,0,0.019099045544862747,0.9170054197311401,0.03114459291100502,0.03827322646975517,0.0010482145007699728
000994_jpg.rf.a4d87f8cd54a7a19e0081461e279a335.jpg,0,0.5836600661277771,0.9651172757148743,0.01736442930996418,0.0697389766573906,0.0009610159904696047
000994_jpg.rf.a4d87f8cd54a7a19e0081461e279a335.jpg,0,0.5068332552909851,0.573391854763031,0.01963329315185547,0.03043644316494465,0.0009502812172286212
000994_jpg.rf.a4d87f8cd54a7a19e0081461e279a335.jpg,1,0.8257701992988586,0.3951137363910675,0.014309884048998356,0.017584985122084618,0.0007641229894943535
000994_jpg.rf.a4d87f8cd54a7a19e0081461e279a335.jpg,0,0.0,0.9100915193557739,0.0,0.038219306617975235,0.000647263485006988
000994_jpg.rf.a4d87f8cd54a7a19e0081461e279a335.jpg,0,0.930268406867981,0.356160044670105,0.021279701963067055,0.05001130700111389,0.0005471336771734059
000994_jpg.rf.a4d87f8cd54a7a19e0081461e279a335.jpg,0,0.2525491714477539,0.9959127306938171,0.046565331518650055,0.0075092320330441,0.0005446418654173613
000994_jpg.rf.a4d87f8cd54a7a19e0081461e279a335.jpg,0,0.26736417412757874,0.953839123249054,0.009678089059889317,0.013312560506165028,0.0005018945084884763
001000_jpg.rf.55d2c5392c587e099e386a6406bff14f.jpg,3,0.20410512387752533,0.28267383575439453,0.20964644849300385,0.38221603631973267,0.971185028553009
001000_jpg.rf.55d2c5392c587e099e386a6406bff14f.jpg,1,0.6757904887199402,0.8498858213424683,0.6484190225601196,0.3002285063266754,0.002155074616894126
001000_jpg.rf.55d2c5392c587e099e386a6406bff14f.jpg,1,0.7515333890914917,0.932410478591919,0.4969332218170166,0.13517916202545166,0.0005592720699496567
001004_jpg.rf.b5403b891cecfc5231ff9ef14b3534ae.jpg,3,0.49970680475234985,0.3964086174964905,0.272885799407959,0.20169483125209808,0.9639382362365723
001004_jpg.rf.b5403b891cecfc5231ff9ef14b3534ae.jpg,3,0.6732501983642578,0.25696852803230286,0.6122530102729797,0.5018028020858765,0.0007287081680260599
001014_jpg.rf.b5f73c9eb6dc1a27fd9ec0323fb5d210.jpg,3,0.29587632417678833,0.22141891717910767,0.20080429315567017,0.33155718445777893,0.956626832485199
001019_jpg.rf.c53eaf43c583c2bdb0f57c91179329f9.jpg,0,0.5578014254570007,0.11125844717025757,0.027089670300483704,0.11404457688331604,0.9639571905136108
001019_jpg.rf.c53eaf43c583c2bdb0f57c91179329f9.jpg,0,0.16486100852489471,0.133797749876976,0.028670376166701317,0.1143627017736435,0.943658709526062
001019_jpg.rf.c53eaf43c583c2bdb0f57c91179329f9.jpg,1,0.8433653116226196,0.019518597051501274,0.017439255490899086,0.038894619792699814,0.016822975128889084
001019_jpg.rf.c53eaf43c583c2bdb0f57c91179329f9.jpg,1,0.6571409702301025,0.3004782497882843,0.014232782647013664,0.05653251335024834,0.005677289329469204
001019_jpg.rf.c53eaf43c583c2bdb0f57c91179329f9.jpg,1,0.6226739883422852,0.15985772013664246,0.02331029623746872,0.05645570531487465,0.004619688726961613
001019_jpg.rf.c53eaf43c583c2bdb0f57c91179329f9.jpg,1,0.487075537443161,0.00907938089221716,0.030316060408949852,0.018120674416422844,0.003301816526800394
001019_jpg.rf.c53eaf43c583c2bdb0f57c91179329f9.jpg,0,0.1517811268568039,0.13695785403251648,0.05167851224541664,0.11739469319581985,0.0031095196027308702
001019_jpg.rf.c53eaf43c583c2bdb0f57c91179329f9.jpg,0,0.5802717208862305,0.11205989122390747,0.06688117980957031,0.12397685647010803,0.002547175856307149
001019_jpg.rf.c53eaf43c583c2bdb0f57c91179329f9.jpg,0,0.1728733628988266,0.13784955441951752,0.021221144124865532,0.11877424269914627,0.0025468426756560802
001019_jpg.rf.c53eaf43c583c2bdb0f57c91179329f9.jpg,1,0.9950862526893616,0.4943123757839203,0.009827541187405586,0.053144458681344986,0.0021424111910164356
001019_jpg.rf.c53eaf43c583c2bdb0f57c91179329f9.jpg,0,0.37748706340789795,0.3996921181678772,0.012372567318379879,0.013488439843058586,0.0011902052210643888
001019_jpg.rf.c53eaf43c583c2bdb0f57c91179329f9.jpg,0,0.19257639348506927,0.13611309230327606,0.06791459769010544,0.10803872346878052,0.0011497221421450377
001019_jpg.rf.c53eaf43c583c2bdb0f57c91179329f9.jpg,0,0.3763796091079712,0.411185622215271,0.012051546014845371,0.03183203563094139,0.001110245706513524
001019_jpg.rf.c53eaf43c583c2bdb0f57c91179329f9.jpg,1,0.34589123725891113,0.40968427062034607,0.011035039089620113,0.03456295654177666,0.0008810330182313919
001019_jpg.rf.c53eaf43c583c2bdb0f57c91179329f9.jpg,0,0.6306172609329224,0.29722633957862854,0.022680137306451797,0.06380387395620346,0.0008739603217691183
001019_jpg.rf.c53eaf43c583c2bdb0f57c91179329f9.jpg,0,0.18682384490966797,0.060700107365846634,0.01941380277276039,0.01728980429470539,0.0008601372828707099
001019_jpg.rf.c53eaf43c583c2bdb0f57c91179329f9.jpg,0,0.1822735220193863,0.13817933201789856,0.025046350434422493,0.1172848790884018,0.000737183669116348
001019_jpg.rf.c53eaf43c583c2bdb0f57c91179329f9.jpg,0,0.6497761011123657,0.0827765241265297,0.02752671018242836,0.12002135068178177,0.0007363671902567148
001019_jpg.rf.c53eaf43c583c2bdb0f57c91179329f9.jpg,1,0.854009211063385,0.014620164409279823,0.01727830432355404,0.029158813878893852,0.0006027572671882808
001019_jpg.rf.c53eaf43c583c2bdb0f57c91179329f9.jpg,0,0.007327716331928968,0.5383949279785156,0.014548304490745068,0.04120331630110741,0.000596558500546962
001019_jpg.rf.c53eaf43c583c2bdb0f57c91179329f9.jpg,1,0.21913018822669983,0.004131948575377464,0.06102157011628151,0.008217494003474712,0.0005434678168967366
001019_jpg.rf.c53eaf43c583c2bdb0f57c91179329f9.jpg,0,0.37350359559059143,0.40161970257759094,0.012398206628859043,0.0173990186303854,0.0005247551598586142
001023_jpg.rf.f7de58bb03c2e2a346432baa358b4c3e.jpg,3,0.29379716515541077,0.27597108483314514,0.20005907118320465,0.24821561574935913,0.9739487767219543
001023_jpg.rf.f7de58bb03c2e2a346432baa358b4c3e.jpg,9,0.8066521286964417,0.8071758151054382,0.05685843154788017,0.07094500958919525,0.003631924046203494
001028_jpg.rf.7a77036407cf037c2415b436fde7826b.jpg,3,0.7419222593307495,0.21470455825328827,0.1216646358370781,0.16301430761814117,0.9619860649108887
001028_jpg.rf.7a77036407cf037c2415b436fde7826b.jpg,4,0.7419804930686951,0.21188567578792572,0.11709895730018616,0.15159228444099426,0.006457806099206209
001028_jpg.rf.7a77036407cf037c2415b436fde7826b.jpg,5,0.08154208213090897,0.19585931301116943,0.16278716921806335,0.3909966051578522,0.0016253276262432337
001028_jpg.rf.7a77036407cf037c2415b436fde7826b.jpg,5,0.09108001738786697,0.4076841175556183,0.18147709965705872,0.8140804767608643,0.0007014637812972069
001028_jpg.rf.7a77036407cf037c2415b436fde7826b.jpg,5,0.2508808970451355,0.43889954686164856,0.5006855130195618,0.8777990937232971,0.0006436365656554699
001028_jpg.rf.7a77036407cf037c2415b436fde7826b.jpg,3,0.7428810596466064,0.34281694889068604,0.13327884674072266,0.4279594123363495,0.0005847413558512926
001031_jpg.rf.2b5fd42d6b8a7d445183a468803e57b9.jpg,3,0.5401256680488586,0.34939128160476685,0.17923575639724731,0.2778747081756592,0.9739950299263
001035_jpg.rf.8bb44e874531b88eb7bdff9082c78a43.jpg,3,0.6106515526771545,0.44352543354034424,0.3766705095767975,0.5300517082214355,0.9629785418510437
001035_jpg.rf.8bb44e874531b88eb7bdff9082c78a43.jpg,0,0.4825461506843567,0.015102487988770008,0.15618732571601868,0.030204975977540016,0.04810049757361412
001035_jpg.rf.8bb44e874531b88eb7bdff9082c78a43.jpg,0,0.46855613589286804,0.009509648196399212,0.10873336344957352,0.018889598548412323,0.006396792363375425
001049_jpg.rf.e527b2a1edfb88b1fbfb9542d33a9a27.jpg,0,0.33285537362098694,0.18822921812534332,0.018379615619778633,0.07793854922056198,0.8989996314048767
001049_jpg.rf.e527b2a1edfb88b1fbfb9542d33a9a27.jpg,0,0.5557563900947571,0.16825571656227112,0.01892625354230404,0.07763262093067169,0.8375474214553833
001049_jpg.rf.e527b2a1edfb88b1fbfb9542d33a9a27.jpg,0,0.9744490385055542,0.2702009975910187,0.01380421593785286,0.05069274455308914,0.46453219652175903
001049_jpg.rf.e527b2a1edfb88b1fbfb9542d33a9a27.jpg,0,0.8049384355545044,0.00912709254771471,0.04914885386824608,0.017971565946936607,0.054790545254945755
001049_jpg.rf.e527b2a1edfb88b1fbfb9542d33a9a27.jpg,0,0.9922747611999512,0.27402129769325256,0.013763281516730785,0.03517327085137367,0.02613307163119316
001049_jpg.rf.e527b2a1edfb88b1fbfb9542d33a9a27.jpg,0,0.981657087802887,0.2697391211986542,0.016406793147325516,0.05112070590257645,0.02291051857173443
001049_jpg.rf.e527b2a1edfb88b1fbfb9542d33a9a27.jpg,8,0.9939420819282532,0.2739986181259155,0.008504134602844715,0.039731211960315704,0.010703058913350105
001049_jpg.rf.e527b2a1edfb88b1fbfb9542d33a9a27.jpg,1,0.7280178070068359,0.18503743410110474,0.012224564328789711,0.04795246943831444,0.010450400412082672
001049_jpg.rf.e527b2a1edfb88b1fbfb9542d33a9a27.jpg,1,0.027188770473003387,0.010741917416453362,0.012338154949247837,0.021483834832906723,0.008559050969779491
001049_jpg.rf.e527b2a1edfb88b1fbfb9542d33a9a27.jpg,1,0.606295645236969,0.004274889826774597,0.01739758811891079,0.008446825668215752,0.007970024831593037
001049_jpg.rf.e527b2a1edfb88b1fbfb9542d33a9a27.jpg,0,0.9528161883354187,0.2775126099586487,0.025099167600274086,0.028162114322185516,0.007526439614593983
001049_jpg.rf.e527b2a1edfb88b1fbfb9542d33a9a27.jpg,0,0.9816812872886658,0.2731866240501404,0.029989611357450485,0.04861334711313248,0.006130062974989414
001049_jpg.rf.e527b2a1edfb88b1fbfb9542d33a9a27.jpg,0,0.9838621020317078,0.2740991711616516,0.00743616558611393,0.041463010013103485,0.004047020338475704
001049_jpg.rf.e527b2a1edfb88b1fbfb9542d33a9a27.jpg,1,0.7994743585586548,0.011169899255037308,0.05443235859274864,0.02177659049630165,0.003928584977984428
001049_jpg.rf.e527b2a1edfb88b1fbfb9542d33a9a27.jpg,0,0.9571386575698853,0.2836074233055115,0.01959500089287758,0.026607386767864227,0.003694942919537425
001049_jpg.rf.e527b2a1edfb88b1fbfb9542d33a9a27.jpg,14,0.012823430821299553,0.6896379590034485,0.02513428032398224,0.19230270385742188,0.0034184663090854883
001049_jpg.rf.e527b2a1edfb88b1fbfb9542d33a9a27.jpg,0,0.7095506191253662,0.14184598624706268,0.014578232541680336,0.02989768236875534,0.003163090907037258
001049_jpg.rf.e527b2a1edfb88b1fbfb9542d33a9a27.jpg,14,0.9345734119415283,0.4065714180469513,0.015128723345696926,0.028459733352065086,0.0030063658487051725
001049_jpg.rf.e527b2a1edfb88b1fbfb9542d33a9a27.jpg,0,0.5623695254325867,0.1673651784658432,0.01624433882534504,0.07782506942749023,0.002524107228964567
001049_jpg.rf.e527b2a1edfb88b1fbfb9542d33a9a27.jpg,8,0.9460237622261047,0.26824653148651123,0.02632889524102211,0.03497105464339256,0.0018902509473264217
001049_jpg.rf.e527b2a1edfb88b1fbfb9542d33a9a27.jpg,8,0.547651469707489,0.16771923005580902,0.021915730088949203,0.07337307184934616,0.001864645630121231
001049_jpg.rf.e527b2a1edfb88b1fbfb9542d33a9a27.jpg,0,0.9946125149726868,0.2688519358634949,0.006786786951124668,0.0509498156607151,0.0015229021664708853
001049_jpg.rf.e527b2a1edfb88b1fbfb9542d33a9a27.jpg,0,0.5235110521316528,0.28244516253471375,0.022755257785320282,0.01076382864266634,0.001322662690654397
001049_jpg.rf.e527b2a1edfb88b1fbfb9542d33a9a27.jpg,1,0.011066325940191746,0.6467386484146118,0.02213265188038349,0.08991029113531113,0.0012233107117936015
001049_jpg.rf.e527b2a1edfb88b1fbfb9542d33a9a27.jpg,0,0.729487955570221,0.18502014875411987,0.014858466573059559,0.04875986650586128,0.0008995973039418459
001049_jpg.rf.e527b2a1edfb88b1fbfb9542d33a9a27.jpg,1,0.01260457094758749,0.6755220293998718,0.02520914189517498,0.15982840955257416,0.0008422837709076703
001049_jpg.rf.e527b2a1edfb88b1fbfb9542d33a9a27.jpg,1,0.7960317730903625,0.006638160441070795,0.039877086877822876,0.01317769754678011,0.0007551723974756896
001049_jpg.rf.e527b2a1edfb88b1fbfb9542d33a9a27.jpg,0,0.5862531065940857,0.16795958578586578,0.05930350720882416,0.07757662236690521,0.0007465046946890652
001049_jpg.rf.e527b2a1edfb88b1fbfb9542d33a9a27.jpg,3,0.3162685036659241,0.444550096988678,0.012878784909844398,0.017809942364692688,0.0007381323375739157
001049_jpg.rf.e527b2a1edfb88b1fbfb9542d33a9a27.jpg,1,0.023074990138411522,0.009111292660236359,0.015670543536543846,0.01814538799226284,0.0007236013771034777
001049_jpg.rf.e527b2a1edfb88b1fbfb9542d33a9a27.jpg,14,0.011788556352257729,0.6472329497337341,0.023535991087555885,0.09021876752376556,0.0006955956341698766
001049_jpg.rf.e527b2a1edfb88b1fbfb9542d33a9a27.jpg,0,0.5480793714523315,0.16765965521335602,0.022226408123970032,0.07489648461341858,0.0006463314057327807
001049_jpg.rf.e527b2a1edfb88b1fbfb9542d33a9a27.jpg,0,0.9704326391220093,0.005330657586455345,0.028309235349297523,0.010489691980183125,0.0006174895679578185
001049_jpg.rf.e527b2a1edfb88b1fbfb9542d33a9a27.jpg,0,0.9579561948776245,0.27064937353134155,0.013947853818535805,0.044472455978393555,0.0006172897992655635
001049_jpg.rf.e527b2a1edfb88b1fbfb9542d33a9a27.jpg,0,0.33817487955093384,0.17868375778198242,0.016954129561781883,0.0689624547958374,0.0005947083118371665
001049_jpg.rf.e527b2a1edfb88b1fbfb9542d33a9a27.jpg,0,0.14349281787872314,0.34133031964302063,0.014357090927660465,0.0519501268863678,0.0005870051099918783
001049_jpg.rf.e527b2a1edfb88b1fbfb9542d33a9a27.jpg,13,0.01266597118228674,0.6967261433601379,0.024959450587630272,0.2175920307636261,0.0005815670592710376
001049_jpg.rf.e527b2a1edfb88b1fbfb9542d33a9a27.jpg,8,0.3198508620262146,0.18708431720733643,0.020594781264662743,0.06767594069242477,0.0005456504295580089
001049_jpg.rf.e527b2a1edfb88b1fbfb9542d33a9a27.jpg,0,0.9692268967628479,0.27382344007492065,0.015961647033691406,0.04729681834578514,0.0005450505996122956
001049_jpg.rf.e527b2a1edfb88b1fbfb9542d33a9a27.jpg,0,0.36997345089912415,0.09284883737564087,0.011802013963460922,0.0482342354953289,0.0005384047399275005
001049_jpg.rf.e527b2a1edfb88b1fbfb9542d33a9a27.jpg,0,0.4948151707649231,0.2940671145915985,0.0118291936814785,0.010570232756435871,0.0005370439612306654
001049_jpg.rf.e527b2a1edfb88b1fbfb9542d33a9a27.jpg,1,0.9933906197547913,0.26927533745765686,0.012063393369317055,0.04811443015933037,0.0005248603993095458
001049_jpg.rf.e527b2a1edfb88b1fbfb9542d33a9a27.jpg,5,0.09564895182847977,0.4882923364639282,0.11688420176506042,0.17504186928272247,0.0005069412291049957
001051_jpg.rf.bb8152d7d7c35ed73bfc9239185f9087.jpg,3,0.4704601466655731,0.26817646622657776,0.06538619101047516,0.0968489870429039,0.8869250416755676
001051_jpg.rf.bb8152d7d7c35ed73bfc9239185f9087.jpg,3,0.2500160336494446,0.2733457386493683,0.06255645304918289,0.09777481853961945,0.8859855532646179
001051_jpg.rf.bb8152d7d7c35ed73bfc9239185f9087.jpg,12,0.6896864175796509,0.26422640681266785,0.06374087929725647,0.09730154275894165,0.3872310519218445
001051_jpg.rf.bb8152d7d7c35ed73bfc9239185f9087.jpg,11,0.4698701500892639,0.26906415820121765,0.06602401286363602,0.09888022392988205,0.2908291816711426
001051_jpg.rf.bb8152d7d7c35ed73bfc9239185f9087.jpg,4,0.47122105956077576,0.2692861258983612,0.06310778856277466,0.10191208124160767,0.1475699245929718
001051_jpg.rf.bb8152d7d7c35ed73bfc9239185f9087.jpg,3,0.5589036345481873,0.2629433572292328,0.06778401881456375,0.09234696626663208,0.08691485226154327
001051_jpg.rf.bb8152d7d7c35ed73bfc9239185f9087.jpg,12,0.2514096796512604,0.2749064266681671,0.06094369664788246,0.09451692551374435,0.08276193588972092
001051_jpg.rf.bb8152d7d7c35ed73bfc9239185f9087.jpg,4,0.2515600621700287,0.27231723070144653,0.06188559904694557,0.09915414452552795,0.03591396287083626
001051_jpg.rf.bb8152d7d7c35ed73bfc9239185f9087.jpg,3,0.3437802493572235,0.26671943068504333,0.067960225045681,0.09045067429542542,0.033600930124521255
001051_jpg.rf.bb8152d7d7c35ed73bfc9239185f9087.jpg,7,0.6914840340614319,0.26344308257102966,0.06652919948101044,0.09680742770433426,0.019269632175564766
001051_jpg.rf.bb8152d7d7c35ed73bfc9239185f9087.jpg,3,0.7782543301582336,0.2557755708694458,0.07220979779958725,0.09816697984933853,0.01532251201570034
001051_jpg.rf.bb8152d7d7c35ed73bfc9239185f9087.jpg,7,0.780152440071106,0.25898489356040955,0.07239869982004166,0.10077359527349472,0.010117094032466412
001051_jpg.rf.bb8152d7d7c35ed73bfc9239185f9087.jpg,11,0.7779154181480408,0.25558435916900635,0.07345735281705856,0.0970752090215683,0.00987202674150467
001051_jpg.rf.bb8152d7d7c35ed73bfc9239185f9087.jpg,14,0.34306323528289795,0.26355618238449097,0.06499356776475906,0.08454608917236328,0.004001832567155361
001051_jpg.rf.bb8152d7d7c35ed73bfc9239185f9087.jpg,11,0.5588479042053223,0.26975566148757935,0.07836903631687164,0.10556111484766006,0.0020099489483982325
001051_jpg.rf.bb8152d7d7c35ed73bfc9239185f9087.jpg,12,0.34180164337158203,0.2704482078552246,0.07321440428495407,0.10116924345493317,0.0017577307298779488
001051_jpg.rf.bb8152d7d7c35ed73bfc9239185f9087.jpg,12,0.7797968983650208,0.25768083333969116,0.07116164267063141,0.0990985780954361,0.0016263973666355014
001051_jpg.rf.bb8152d7d7c35ed73bfc9239185f9087.jpg,0,0.7792003750801086,0.26269209384918213,0.07459677755832672,0.10782682150602341,0.001589421066455543
001051_jpg.rf.bb8152d7d7c35ed73bfc9239185f9087.jpg,14,0.2505223751068115,0.27454012632369995,0.061791952699422836,0.10270247608423233,0.0014207047643139958
001051_jpg.rf.bb8152d7d7c35ed73bfc9239185f9087.jpg,14,0.5596197843551636,0.2673388421535492,0.07051229476928711,0.1016344502568245,0.0013712673680856824
001051_jpg.rf.bb8152d7d7c35ed73bfc9239185f9087.jpg,4,0.558759331703186,0.2605580687522888,0.06712649762630463,0.0891779437661171,0.000987301697023213
001051_jpg.rf.bb8152d7d7c35ed73bfc9239185f9087.jpg,7,0.7355819344520569,0.26301175355911255,0.15830466151237488,0.10025478154420853,0.0005121673457324505
001057_jpg.rf.0d8f858b7a9c12830691348e2ae306af.jpg,3,0.4029136896133423,0.2885107100009918,0.49353834986686707,0.2837669551372528,0.970387876033783
001057_jpg.rf.0d8f858b7a9c12830691348e2ae306af.jpg,0,0.6152653098106384,0.0894927978515625,0.04328203201293945,0.01762680895626545,0.001317292102612555
001059_jpg.rf.2b325fd15e28d0c622610dea63c2c12f.jpg,3,0.25704315304756165,0.5833951830863953,0.18952693045139313,0.28913918137550354,0.9794401526451111
001059_jpg.rf.2b325fd15e28d0c622610dea63c2c12f.jpg,1,0.40061578154563904,0.004410923924297094,0.05740536376833916,0.008777275681495667,0.005004760343581438
001059_jpg.rf.2b325fd15e28d0c622610dea63c2c12f.jpg,1,0.37111353874206543,0.004348077345639467,0.14000166952610016,0.008360661566257477,0.0009873026283457875
001059_jpg.rf.2b325fd15e28d0c622610dea63c2c12f.jpg,14,0.1049770787358284,0.8605521321296692,0.2099541574716568,0.278895765542984,0.000665931380353868
001059_jpg.rf.2b325fd15e28d0c622610dea63c2c12f.jpg,3,0.18288488686084747,0.7028367519378662,0.3532034158706665,0.5455977320671082,0.0006601025816053152
001059_jpg.rf.2b325fd15e28d0c622610dea63c2c12f.jpg,14,0.07948333024978638,0.9497420787811279,0.15896666049957275,0.1005159541964531,0.0006155827431939542
001059_jpg.rf.2b325fd15e28d0c622610dea63c2c12f.jpg,5,0.07065079361200333,0.41494980454444885,0.14068502187728882,0.16267450153827667,0.0005769190611317754
001059_jpg.rf.2b325fd15e28d0c622610dea63c2c12f.jpg,3,0.3587116301059723,0.7218311429023743,0.46005573868751526,0.556337833404541,0.0005692189442925155
001059_jpg.rf.2b325fd15e28d0c622610dea63c2c12f.jpg,5,0.06260234862565994,0.3735639750957489,0.12449013441801071,0.08539075404405594,0.0005271273548714817
001059_jpg.rf.2b325fd15e28d0c622610dea63c2c12f.jpg,14,0.20708249509334564,0.8700268268585205,0.41345319151878357,0.2599463164806366,0.0005122821312397718
001066_jpg.rf.c55d7313f5d62858191ae315c7fada73.jpg,1,0.5441776514053345,0.13247744739055634,0.019426420331001282,0.08327173441648483,0.719232439994812
001066_jpg.rf.c55d7313f5d62858191ae315c7fada73.jpg,1,0.3521909713745117,0.1550634205341339,0.02107095718383789,0.0831916332244873,0.7187519073486328
001066_jpg.rf.c55d7313f5d62858191ae315c7fada73.jpg,10,0.5673052072525024,0.14013279974460602,0.023717001080513,0.05773182213306427,0.1458367556333542
001066_jpg.rf.c55d7313f5d62858191ae315c7fada73.jpg,1,0.023962566629052162,0.3300931751728058,0.012206210754811764,0.04198906943202019,0.11527995765209198
001066_jpg.rf.c55d7313f5d62858191ae315c7fada73.jpg,8,0.5671367049217224,0.14090196788311005,0.02384919486939907,0.055724211037158966,0.08215875178575516
001066_jpg.rf.c55d7313f5d62858191ae315c7fada73.jpg,0,0.3515848219394684,0.1562812328338623,0.023568153381347656,0.08313407748937607,0.052527982741594315
001066_jpg.rf.c55d7313f5d62858191ae315c7fada73.jpg,7,0.5678329467773438,0.1395179182291031,0.024803273379802704,0.05528733506798744,0.04974544793367386
001066_jpg.rf.c55d7313f5d62858191ae315c7fada73.jpg,0,0.5671786665916443,0.133779376745224,0.022194569930434227,0.07289912551641464,0.04392426088452339
001066_jpg.rf.c55d7313f5d62858191ae315c7fada73.jpg,1,0.5668537020683289,0.13400189578533173,0.02294008620083332,0.07326526939868927,0.04192540794610977
001066_jpg.rf.c55d7313f5d62858191ae315c7fada73.jpg,1,0.85699862241745,0.010435753501951694,0.024018287658691406,0.020813411101698875,0.03387509286403656
001066_jpg.rf.c55d7313f5d62858191ae315c7fada73.jpg,1,0.5337782502174377,0.13217885792255402,0.02279406413435936,0.08518287539482117,0.03322242572903633
001066_jpg.rf.c55d7313f5d62858191ae315c7fada73.jpg,1,0.8708019852638245,0.010238821618258953,0.01953103020787239,0.020152298733592033,0.024703480303287506
001066_jpg.rf.c55d7313f5d62858191ae315c7fada73.jpg,1,0.8021734952926636,0.03411102294921875,0.026500042527914047,0.06818182021379471,0.021606752648949623
001066_jpg.rf.c55d7313f5d62858191ae315c7fada73.jpg,12,0.5678110122680664,0.14004042744636536,0.023554986342787743,0.05482136458158493,0.02088361233472824
001066_jpg.rf.c55d7313f5d62858191ae315c7fada73.jpg,1,0.7904026508331299,0.26621633768081665,0.015725577250123024,0.057530973106622696,0.014933926984667778
001066_jpg.rf.c55d7313f5d62858191ae315c7fada73.jpg,8,0.6150218844413757,0.2871295213699341,0.02264518104493618,0.040908779948949814,0.012876379303634167
001066_jpg.rf.c55d7313f5d62858191ae315c7fada73.jpg,0,0.47299841046333313,0.39425045251846313,0.01510858628898859,0.020648406818509102,0.007276049815118313
001066_jpg.rf.c55d7313f5d62858191ae315c7fada73.jpg,1,0.5256769061088562,0.13419000804424286,0.01985054835677147,0.08486626297235489,0.007067076861858368
001066_jpg.rf.c55d7313f5d62858191ae315c7fada73.jpg,0,0.3831954896450043,0.17053624987602234,0.02120700292289257,0.033694058656692505,0.006697883829474449
001066_jpg.rf.c55d7313f5d62858191ae315c7fada73.jpg,0,0.6149110198020935,0.2871610224246979,0.02080899104475975,0.04075184464454651,0.005436255130916834
001066_jpg.rf.c55d7313f5d62858191ae315c7fada73.jpg,0,0.8035441637039185,0.03446228429675102,0.02431752160191536,0.06768075376749039,0.0049221510998904705
001066_jpg.rf.c55d7313f5d62858191ae315c7fada73.jpg,1,0.8502224683761597,0.010481941513717175,0.015561324544250965,0.02096388302743435,0.004889020696282387
001066_jpg.rf.c55d7313f5d62858191ae315c7fada73.jpg,1,0.7664557695388794,0.021934593096375465,0.015418346971273422,0.04383263364434242,0.004353043157607317
001066_jpg.rf.c55d7313f5d62858191ae315c7fada73.jpg,1,0.7284340262413025,0.02583140879869461,0.03158774971961975,0.0505291111767292,0.003803227562457323
001066_jpg.rf.c55d7313f5d62858191ae315c7fada73.jpg,0,0.8707756400108337,0.010817625559866428,0.023581285029649734,0.021256830543279648,0.002717070048674941
001066_jpg.rf.c55d7313f5d62858191ae315c7fada73.jpg,10,0.4011029601097107,0.42930513620376587,0.011124905198812485,0.029351603239774704,0.002194200409576297
001066_jpg.rf.c55d7313f5d62858191ae315c7fada73.jpg,6,0.7904635667800903,0.2634464502334595,0.016271958127617836,0.06215117871761322,0.0018953444669023156
001066_jpg.rf.c55d7313f5d62858191ae315c7fada73.jpg,7,0.32629409432411194,0.15458767116069794,0.02748463861644268,0.0784299373626709,0.0017821488436311483
001066_jpg.rf.c55d7313f5d62858191ae315c7fada73.jpg,1,0.8882704377174377,0.010665603913366795,0.012018203735351562,0.021171605214476585,0.0016135574551299214
001066_jpg.rf.c55d7313f5d62858191ae315c7fada73.jpg,0,0.8107336759567261,0.2503531277179718,0.02329716458916664,0.08278527855873108,0.0014931201003491879
001066_jpg.rf.c55d7313f5d62858191ae315c7fada73.jpg,1,0.9076939821243286,0.010355825535953045,0.030444514006376266,0.020660465583205223,0.001436574850231409
001066_jpg.rf.c55d7313f5d62858191ae315c7fada73.jpg,10,0.4015459716320038,0.4182204306125641,0.01256821770220995,0.02909880504012108,0.0013720158021897078
001066_jpg.rf.c55d7313f5d62858191ae315c7fada73.jpg,0,0.5411208271980286,0.36143407225608826,0.009398643858730793,0.024302849546074867,0.0013705884339287877
001066_jpg.rf.c55d7313f5d62858191ae315c7fada73.jpg,1,0.19105243682861328,0.047566406428813934,0.04155322536826134,0.09513281285762787,0.00122829619795084
001066_jpg.rf.c55d7313f5d62858191ae315c7fada73.jpg,1,0.043789882212877274,0.3281572163105011,0.013508073054254055,0.04348311200737953,0.001206928864121437
001066_jpg.rf.c55d7313f5d62858191ae315c7fada73.jpg,0,0.3352813124656677,0.15580110251903534,0.026056401431560516,0.07998021692037582,0.0012003936572000384
001066_jpg.rf.c55d7313f5d62858191ae315c7fada73.jpg,10,0.6150092482566833,0.28666478395462036,0.017441200092434883,0.03651344031095505,0.0011309372493997216
001066_jpg.rf.c55d7313f5d62858191ae315c7fada73.jpg,1,0.7438991069793701,0.02700776793062687,0.05564909800887108,0.052790552377700806,0.001106098061427474
001066_jpg.rf.c55d7313f5d62858191ae315c7fada73.jpg,0,0.9924308061599731,0.23173663020133972,0.015138406306505203,0.12066331505775452,0.0010942488443106413
001066_jpg.rf.c55d7313f5d62858191ae315c7fada73.jpg,10,0.3860975205898285,0.41410353779792786,0.01225031353533268,0.019011974334716797,0.0008560519199818373
001066_jpg.rf.c55d7313f5d62858191ae315c7fada73.jpg,0,0.1960834413766861,0.04857960715889931,0.04961738362908363,0.09715921431779861,0.0007819809834472835
001066_jpg.rf.c55d7313f5d62858191ae315c7fada73.jpg,1,0.32460588216781616,0.15660718083381653,0.05781881883740425,0.08279261738061905,0.0007392680854536593
001066_jpg.rf.c55d7313f5d62858191ae315c7fada73.jpg,0,0.5443882942199707,0.3498901426792145,0.009300636127591133,0.02776230312883854,0.0006829518242739141
001066_jpg.rf.c55d7313f5d62858191ae315c7fada73.jpg,1,0.8970514535903931,0.010259752161800861,0.015676718205213547,0.020475788041949272,0.0006510262028314173
001066_jpg.rf.c55d7313f5d62858191ae315c7fada73.jpg,0,0.3152245581150055,0.1280498504638672,0.017551496624946594,0.11467622220516205,0.0006067724898457527
001066_jpg.rf.c55d7313f5d62858191ae315c7fada73.jpg,1,0.32771381735801697,0.15086233615875244,0.022814128547906876,0.07126778364181519,0.000591115967836231
001066_jpg.rf.c55d7313f5d62858191ae315c7fada73.jpg,1,0.038504984229803085,0.32569384574890137,0.013010642491281033,0.03746604919433594,0.000567101058550179
001068_jpg.rf.371ec28b0d2bbbd16c8a645be41f5a76.jpg,1,0.19946187734603882,0.11045999079942703,0.02428368479013443,0.10016331821680069,0.8361629843711853
001068_jpg.rf.371ec28b0d2bbbd16c8a645be41f5a76.jpg,1,0.5539104342460632,0.09209614992141724,0.022344112396240234,0.09620314836502075,0.7823240160942078
001068_jpg.rf.371ec28b0d2bbbd16c8a645be41f5a76.jpg,0,0.1981542557477951,0.11555493623018265,0.02235698699951172,0.09734918922185898,0.020631251856684685
001068_jpg.rf.371ec28b0d2bbbd16c8a645be41f5a76.jpg,1,0.39148399233818054,0.36930760741233826,0.006488506682217121,0.0269390270113945,0.011267920956015587
001068_jpg.rf.371ec28b0d2bbbd16c8a645be41f5a76.jpg,1,0.3927809000015259,0.361568808555603,0.005977264139801264,0.01688128337264061,0.0072669461369514465
001068_jpg.rf.371ec28b0d2bbbd16c8a645be41f5a76.jpg,0,0.2857300341129303,0.08870828151702881,0.02336197718977928,0.014845646917819977,0.005589067004621029
001068_jpg.rf.371ec28b0d2bbbd16c8a645be41f5a76.jpg,1,0.5730252861976624,0.0906168594956398,0.027741726487874985,0.0964856743812561,0.003236852353438735
001068_jpg.rf.371ec28b0d2bbbd16c8a645be41f5a76.jpg,0,0.6665259599685669,0.28377264738082886,0.01839681901037693,0.09167081117630005,0.0032033477909862995
001068_jpg.rf.371ec28b0d2bbbd16c8a645be41f5a76.jpg,1,0.38809439539909363,0.3659149408340454,0.004246234893798828,0.014912862330675125,0.003125918097794056
001068_jpg.rf.371ec28b0d2bbbd16c8a645be41f5a76.jpg,1,0.38555145263671875,0.36783725023269653,0.008851051330566406,0.02294173650443554,0.0029312241822481155
001068_jpg.rf.371ec28b0d2bbbd16c8a645be41f5a76.jpg,1,0.9154835343360901,0.4507676661014557,0.050390247255563736,0.05695706233382225,0.0026696049608290195
001068_jpg.rf.371ec28b0d2bbbd16c8a645be41f5a76.jpg,1,0.3842657804489136,0.36070847511291504,0.006894588936120272,0.013896282762289047,0.0025280145928263664
001068_jpg.rf.371ec28b0d2bbbd16c8a645be41f5a76.jpg,0,0.4757358729839325,0.2528403401374817,0.012267700396478176,0.024270718917250633,0.0019224261632189155
001068_jpg.rf.371ec28b0d2bbbd16c8a645be41f5a76.jpg,8,0.6649010181427002,0.3033105432987213,0.020076164975762367,0.05915573984384537,0.0017552885692566633
001068_jpg.rf.371ec28b0d2bbbd16c8a645be41f5a76.jpg,0,0.8343607187271118,0.23848876357078552,0.013431916013360023,0.033622872084379196,0.0015517922583967447
001068_jpg.rf.371ec28b0d2bbbd16c8a645be41f5a76.jpg,1,0.577141523361206,0.015985894948244095,0.024595627561211586,0.03197178989648819,0.0012437173863872886
001068_jpg.rf.371ec28b0d2bbbd16c8a645be41f5a76.jpg,0,0.4709187150001526,0.24984903633594513,0.01509827934205532,0.02973365969955921,0.0011584084713831544
001068_jpg.rf.371ec28b0d2bbbd16c8a645be41f5a76.jpg,11,0.4874139130115509,0.717835545539856,0.8359387516975403,0.5643289685249329,0.0011395546607673168
001068_jpg.rf.371ec28b0d2bbbd16c8a645be41f5a76.jpg,1,0.11697674542665482,0.009622094221413136,0.03442499414086342,0.018711626529693604,0.0010838359594345093
001068_jpg.rf.371ec28b0d2bbbd16c8a645be41f5a76.jpg,1,0.1901751011610031,0.11205915361642838,0.026735343039035797,0.09650476276874542,0.0008955627563409507
001068_jpg.rf.371ec28b0d2bbbd16c8a645be41f5a76.jpg,0,0.3897799849510193,0.3665894567966461,0.006142433267086744,0.02377025969326496,0.000753380823880434
001068_jpg.rf.371ec28b0d2bbbd16c8a645be41f5a76.jpg,1,0.6948912739753723,0.004574134945869446,0.0289382953196764,0.009128489531576633,0.0007457631290890276
001068_jpg.rf.371ec28b0d2bbbd16c8a645be41f5a76.jpg,1,0.37187856435775757,0.3559574782848358,0.00792569387704134,0.01174783706665039,0.0007297296542674303
001068_jpg.rf.371ec28b0d2bbbd16c8a645be41f5a76.jpg,12,0.1896853893995285,0.3316504657268524,0.37852802872657776,0.6335645914077759,0.0006855680840089917
001068_jpg.rf.371ec28b0d2bbbd16c8a645be41f5a76.jpg,0,0.5671179890632629,0.09210079908370972,0.027904218062758446,0.09587068110704422,0.0006727094878442585
001068_jpg.rf.371ec28b0d2bbbd16c8a645be41f5a76.jpg,0,0.8660327792167664,0.08120734989643097,0.04662000387907028,0.03662700951099396,0.0005998407723382115
001068_jpg.rf.371ec28b0d2bbbd16c8a645be41f5a76.jpg,1,0.5434593558311462,0.013648546300828457,0.01430379506200552,0.027179216966032982,0.0005606508930213749
001068_jpg.rf.371ec28b0d2bbbd16c8a645be41f5a76.jpg,0,0.44021499156951904,0.2864239811897278,0.011806084774434566,0.021462349221110344,0.0005401981761679053
001068_jpg.rf.371ec28b0d2bbbd16c8a645be41f5a76.jpg,0,0.5542499423027039,0.09711757302284241,0.02432100661098957,0.09545978903770447,0.0005319724441505969
001068_jpg.rf.371ec28b0d2bbbd16c8a645be41f5a76.jpg,0,0.3558129370212555,0.3129206895828247,0.010494892485439777,0.014886178076267242,0.000520740111824125
001068_jpg.rf.371ec28b0d2bbbd16c8a645be41f5a76.jpg,1,0.5156751871109009,0.09120766073465347,0.08943022787570953,0.10584627836942673,0.0005153825622983277
001082_jpg.rf.6b7fc1c9648c1a3494a137ffa3664be1.jpg,3,0.7409144639968872,0.21610280871391296,0.11790987849235535,0.1647319793701172,0.9704329967498779
001082_jpg.rf.6b7fc1c9648c1a3494a137ffa3664be1.jpg,4,0.7420264482498169,0.2138947993516922,0.11639991402626038,0.15680651366710663,0.0015973313711583614
001082_jpg.rf.6b7fc1c9648c1a3494a137ffa3664be1.jpg,11,0.08040033280849457,0.19690702855587006,0.1604599505662918,0.39318522810935974,0.0009299275116063654
001082_jpg.rf.6b7fc1c9648c1a3494a137ffa3664be1.jpg,5,0.12251240015029907,0.38636982440948486,0.24434098601341248,0.7712934613227844,0.0008879677625373006
001082_jpg.rf.6b7fc1c9648c1a3494a137ffa3664be1.jpg,5,0.4874635934829712,0.19904859364032745,0.5190720558166504,0.3980971872806549,0.0006747297593392432
001082_jpg.rf.6b7fc1c9648c1a3494a137ffa3664be1.jpg,5,0.08483318239450455,0.22319994866847992,0.1686098873615265,0.44639989733695984,0.0006587759125977755
001082_jpg.rf.6b7fc1c9648c1a3494a137ffa3664be1.jpg,5,0.3018430769443512,0.412204384803772,0.6021780371665955,0.824408769607544,0.0006046344642527401
001089_jpg.rf.004c591c5855cf05e2198a5e21c8ab56.jpg,3,0.5049471855163574,0.6806747913360596,0.22808511555194855,0.4290962815284729,0.9455499649047852
001089_jpg.rf.004c591c5855cf05e2198a5e21c8ab56.jpg,4,0.509255051612854,0.820957601070404,0.17199352383613586,0.07542037963867188,0.0014572323998436332
001089_jpg.rf.004c591c5855cf05e2198a5e21c8ab56.jpg,0,0.4645747244358063,0.2872234880924225,0.12489568442106247,0.29906341433525085,0.0006296433275565505
001089_jpg.rf.004c591c5855cf05e2198a5e21c8ab56.jpg,1,0.7957338690757751,0.46347707509994507,0.38084086775779724,0.9252234697341919,0.0006283482071012259
001089_jpg.rf.004c591c5855cf05e2198a5e21c8ab56.jpg,0,0.20148538053035736,0.6066107153892517,0.038970381021499634,0.018256481736898422,0.0005414710030891001
001097_jpg.rf.76b13f1ce839d7102e9a683f6959a3e6.jpg,3,0.4008926451206207,0.442615270614624,0.6134896278381348,0.7601762413978577,0.9459996223449707
001214_jpg.rf.85dbeddc5609d79293b1f979131a9f35.jpg,4,0.48003000020980835,0.36313799023628235,0.5039854049682617,0.3388012647628784,0.9855121970176697
001214_jpg.rf.85dbeddc5609d79293b1f979131a9f35.jpg,0,0.40339383482933044,0.010570683516561985,0.1657848060131073,0.020955180749297142,0.0009684168617241085
001223_jpg.rf.cd973e1db0f78ec16c70d7af43fc4511.jpg,4,0.3337613642215729,0.5346894264221191,0.29077622294425964,0.401593416929245,0.9811749458312988
001228_jpg.rf.f4f7bc0b74a46e26c75aed78c39b41e5.jpg,4,0.3123975694179535,0.28490346670150757,0.23249533772468567,0.41254764795303345,0.9816978573799133
001228_jpg.rf.f4f7bc0b74a46e26c75aed78c39b41e5.jpg,3,0.7723482847213745,0.8014894127845764,0.45433419942855835,0.37624669075012207,0.0012816350208595395
001228_jpg.rf.f4f7bc0b74a46e26c75aed78c39b41e5.jpg,0,0.00692303292453289,0.961941659450531,0.013803688809275627,0.06319890171289444,0.000596602272707969
001229_jpg.rf.3174ec6dbfe9e8ee6ab16906d969ae8d.jpg,4,0.3336004912853241,0.5341988801956177,0.2889712154865265,0.3977355659008026,0.9847412705421448
001229_jpg.rf.3174ec6dbfe9e8ee6ab16906d969ae8d.jpg,3,0.6237699389457703,0.32816654443740845,0.7509332895278931,0.6506023406982422,0.000519765424542129
001247_jpg.rf.986fd924de123c95a8e6bbcc765d4c10.jpg,4,0.29088452458381653,0.47524553537368774,0.49836400151252747,0.9072972536087036,0.9648249745368958
001250_jpg.rf.157a04c81cbb47009538b4880d0004c9.jpg,4,0.49769917130470276,0.4600347578525543,0.4345798194408417,0.6176903247833252,0.9519256949424744
001256_jpg.rf.204fbb92b5dc59d697bf04b2682485e2.jpg,4,0.5639132857322693,0.3761114180088043,0.29748138785362244,0.38545653223991394,0.9783252477645874
001259_jpg.rf.b55c7e7dacc1e607f8e69b2a5cc36568.jpg,4,0.5325925946235657,0.5160075426101685,0.3286838233470917,0.5072115659713745,0.9749860167503357
001259_jpg.rf.b55c7e7dacc1e607f8e69b2a5cc36568.jpg,4,0.5336132645606995,0.6586441993713379,0.31855517625808716,0.2300029993057251,0.0006304897251538932
001261_jpg.rf.7b5bf5841b26d8966d6081fbc704dbf7.jpg,4,0.4696185886859894,0.27452802658081055,0.12628896534442902,0.09165912866592407,0.6594067215919495
001261_jpg.rf.7b5bf5841b26d8966d6081fbc704dbf7.jpg,3,0.4695590138435364,0.27432167530059814,0.13210514187812805,0.09221845865249634,0.32830849289894104
001261_jpg.rf.7b5bf5841b26d8966d6081fbc704dbf7.jpg,5,0.46954432129859924,0.2741600573062897,0.13294851779937744,0.09201359748840332,0.2571069598197937
001261_jpg.rf.7b5bf5841b26d8966d6081fbc704dbf7.jpg,11,0.4718441069126129,0.2759915292263031,0.13234461843967438,0.09040689468383789,0.10501967370510101
001261_jpg.rf.7b5bf5841b26d8966d6081fbc704dbf7.jpg,7,0.4721018075942993,0.27606457471847534,0.1306704431772232,0.09009256958961487,0.10231702029705048
001261_jpg.rf.7b5bf5841b26d8966d6081fbc704dbf7.jpg,8,0.4708225131034851,0.2744159996509552,0.13083374500274658,0.09018630534410477,0.010957349091768265
001277_jpg.rf.03beffa81aa901c8462dfe1681a202f4.jpg,4,0.43792903423309326,0.22586944699287415,0.08895665407180786,0.12369770556688309,0.834994912147522
001277_jpg.rf.03beffa81aa901c8462dfe1681a202f4.jpg,3,0.4379381835460663,0.22430530190467834,0.09165408462285995,0.1315435916185379,0.4245734214782715
001277_jpg.rf.03beffa81aa901c8462dfe1681a202f4.jpg,11,0.4381203353404999,0.22529548406600952,0.08974211663007736,0.13300564885139465,0.16340182721614838
001277_jpg.rf.03beffa81aa901c8462dfe1681a202f4.jpg,8,0.4385240375995636,0.2244429737329483,0.09253711253404617,0.12769503891468048,0.025361856445670128
001277_jpg.rf.03beffa81aa901c8462dfe1681a202f4.jpg,0,0.8814817667007446,0.48984456062316895,0.07391130179166794,0.04009760543704033,0.004985326901078224
001277_jpg.rf.03beffa81aa901c8462dfe1681a202f4.jpg,0,0.9180395007133484,0.4874499440193176,0.1462230682373047,0.0503736287355423,0.0017586941830813885
001277_jpg.rf.03beffa81aa901c8462dfe1681a202f4.jpg,0,0.43833911418914795,0.223993182182312,0.09175671637058258,0.12741617858409882,0.0013896120944991708
001277_jpg.rf.03beffa81aa901c8462dfe1681a202f4.jpg,1,0.3450942635536194,0.10743795335292816,0.019196365028619766,0.053784940391778946,0.0008948812610469759
001277_jpg.rf.03beffa81aa901c8462dfe1681a202f4.jpg,0,0.38460615277290344,0.014506427571177483,0.12983648478984833,0.029012855142354965,0.0007367391372099519
001277_jpg.rf.03beffa81aa901c8462dfe1681a202f4.jpg,0,0.3432391285896301,0.01669059321284294,0.04893578216433525,0.03338118642568588,0.0005108823534101248
001281_jpg.rf.b8a22407e4c52a0704d45a8b32965f9b.jpg,4,0.49982473254203796,0.49523547291755676,0.7076485753059387,0.9110663533210754,0.9343633651733398
001281_jpg.rf.b8a22407e4c52a0704d45a8b32965f9b.jpg,5,0.21460886299610138,0.22429309785366058,0.42921772599220276,0.44858619570732117,0.0007331720553338528
001281_jpg.rf.b8a22407e4c52a0704d45a8b32965f9b.jpg,5,0.2070634812116623,0.10674995183944702,0.4141269624233246,0.21349990367889404,0.0005281749763526022
001289_jpg.rf.2b57939adb36b165f0eef0a3de68e1ec.jpg,4,0.5060103535652161,0.43437159061431885,0.39760667085647583,0.25987300276756287,0.97658371925354
001290_jpg.rf.d3a396f3ea066c80a6e76a48dcf798a2.jpg,4,0.47991877794265747,0.19314391911029816,0.2725447714328766,0.17609457671642303,0.9564425945281982
001290_jpg.rf.d3a396f3ea066c80a6e76a48dcf798a2.jpg,14,0.4775822162628174,0.19167779386043549,0.27513277530670166,0.17790420353412628,0.0024380136746913195
001290_jpg.rf.d3a396f3ea066c80a6e76a48dcf798a2.jpg,4,0.4809391498565674,0.2775772213935852,0.2866944670677185,0.365671306848526,0.0019565364345908165
001290_jpg.rf.d3a396f3ea066c80a6e76a48dcf798a2.jpg,4,0.4076594114303589,0.19588430225849152,0.13609544932842255,0.17697648704051971,0.0005979486159048975
001291_jpg.rf.c0ea8c600fa9219527f23947a8f0e7ec.jpg,4,0.3120434284210205,0.2975829243659973,0.23255319893360138,0.3290698826313019,0.965613603591919
001291_jpg.rf.c0ea8c600fa9219527f23947a8f0e7ec.jpg,0,0.9065471291542053,0.12676100432872772,0.027846483513712883,0.012068033218383789,0.012029063887894154
001291_jpg.rf.c0ea8c600fa9219527f23947a8f0e7ec.jpg,10,0.3115060031414032,0.2994259297847748,0.22960816323757172,0.3229752480983734,0.0009064742480404675
001295_jpg.rf.449090465a44f9f98a47e1141f3a8f38.jpg,4,0.5325775146484375,0.5158436894416809,0.3282129466533661,0.5076713562011719,0.972652018070221
001295_jpg.rf.449090465a44f9f98a47e1141f3a8f38.jpg,4,0.5331389904022217,0.6621054410934448,0.3163561522960663,0.22002869844436646,0.0006950277602300048
001407_jpg.rf.70ca057de423bef18930dd5f47b975d7.jpg,5,0.2235027700662613,0.21027323603630066,0.22115272283554077,0.3405984938144684,0.964468777179718
001407_jpg.rf.70ca057de423bef18930dd5f47b975d7.jpg,1,0.011238973587751389,0.39360061287879944,0.02164524607360363,0.03719120845198631,0.001382560352794826
001407_jpg.rf.70ca057de423bef18930dd5f47b975d7.jpg,9,0.6945016384124756,0.6520143747329712,0.6109969019889832,0.6959713101387024,0.001240167417563498
001407_jpg.rf.70ca057de423bef18930dd5f47b975d7.jpg,7,0.6727519631385803,0.6321712732315063,0.6544960737228394,0.7356575727462769,0.0007370206876657903
001407_jpg.rf.70ca057de423bef18930dd5f47b975d7.jpg,1,0.632727324962616,0.4343026280403137,0.020036697387695312,0.011101833544671535,0.000729353167116642
001407_jpg.rf.70ca057de423bef18930dd5f47b975d7.jpg,7,0.10434740036725998,0.6188880205154419,0.20869480073451996,0.6815909147262573,0.0005584783502854407
001409_jpg.rf.03a314500608050ad90ed1c849fb18db.jpg,5,0.6380804777145386,0.4646652936935425,0.0757526308298111,0.11588335782289505,0.9553067684173584
001409_jpg.rf.03a314500608050ad90ed1c849fb18db.jpg,11,0.6368900537490845,0.4633486270904541,0.07702420651912689,0.11775538325309753,0.10857634991407394
001409_jpg.rf.03a314500608050ad90ed1c849fb18db.jpg,5,0.5222999453544617,0.46854665875434875,0.0634048581123352,0.06220627203583717,0.0021074465475976467
001409_jpg.rf.03a314500608050ad90ed1c849fb18db.jpg,5,0.5346807241439819,0.44700706005096436,0.10573321580886841,0.07130920141935349,0.0013991757296025753
001409_jpg.rf.03a314500608050ad90ed1c849fb18db.jpg,5,0.54107666015625,0.4012567102909088,0.15889909863471985,0.08117848634719849,0.0008382432861253619
001427_jpg.rf.fe832db13f19311c2eda0b6e83878ec5.jpg,5,0.49320337176322937,0.4922040104866028,0.9334266185760498,0.9279164671897888,0.9674977660179138
001427_jpg.rf.fe832db13f19311c2eda0b6e83878ec5.jpg,8,0.5501226186752319,0.5616514086723328,0.8039126396179199,0.7878944873809814,0.0013838413869962096
001427_jpg.rf.fe832db13f19311c2eda0b6e83878ec5.jpg,5,0.18464922904968262,0.2247372716665268,0.36929845809936523,0.4494522213935852,0.0005429084412753582
001432_jpg.rf.5d8fff00f092a9bcb15a018a3edb186b.jpg,5,0.7188226580619812,0.46979185938835144,0.1297791600227356,0.21856136620044708,0.9854190349578857
001432_jpg.rf.5d8fff00f092a9bcb15a018a3edb186b.jpg,0,0.13329091668128967,0.9634374976158142,0.02304079942405224,0.07312510907649994,0.0009884480386972427
001432_jpg.rf.5d8fff00f092a9bcb15a018a3edb186b.jpg,3,0.8273593783378601,0.35745710134506226,0.09248103201389313,0.03326166793704033,0.0007453567814081907
001432_jpg.rf.5d8fff00f092a9bcb15a018a3edb186b.jpg,5,0.8298035264015198,0.3253780007362366,0.09326201677322388,0.0329754538834095,0.0005034572095610201
001436_jpg.rf.cc8f571352da66682260166ac2086168.jpg,5,0.7041332125663757,0.4499489963054657,0.3808943033218384,0.5977874398231506,0.9570493102073669
001436_jpg.rf.cc8f571352da66682260166ac2086168.jpg,5,0.9342679381370544,0.28294095396995544,0.11929989606142044,0.3232990503311157,0.0007124938420020044
001436_jpg.rf.cc8f571352da66682260166ac2086168.jpg,5,0.47829413414001465,0.7423552870750427,0.9530303478240967,0.5152894258499146,0.0005181392189115286
001449_jpg.rf.4b8f2718b90c8c6cf89ccf753d5b575a.jpg,5,0.8829310536384583,0.23808935284614563,0.22852788865566254,0.33260244131088257,0.9511165022850037
001449_jpg.rf.4b8f2718b90c8c6cf89ccf753d5b575a.jpg,11,0.32900041341781616,0.706953227519989,0.35160958766937256,0.536980926990509,0.8529847860336304
001462_jpg.rf.590c8b4c74096f768de4433951995545.jpg,5,0.7358270287513733,0.4986594021320343,0.5227813720703125,0.9964858889579773,0.9727274775505066
001465_jpg.rf.82e271056e453a4f123033b7db486d63.jpg,5,0.5915233492851257,0.8880749344825745,0.08729417622089386,0.1400432586669922,0.9826313853263855
001465_jpg.rf.82e271056e453a4f123033b7db486d63.jpg,5,0.471750944852829,0.32228079438209534,0.5801518559455872,0.618797242641449,0.9744488000869751
001465_jpg.rf.82e271056e453a4f123033b7db486d63.jpg,5,0.27300968766212463,0.7943758368492126,0.16896013915538788,0.26854464411735535,0.9587631225585938
001465_jpg.rf.82e271056e453a4f123033b7db486d63.jpg,5,0.8814840912818909,0.6854079365730286,0.22821134328842163,0.29380205273628235,0.943889856338501
001465_jpg.rf.82e271056e453a4f123033b7db486d63.jpg,5,0.33359453082084656,0.9110535979270935,0.07081936299800873,0.12722815573215485,0.81008380651474
001465_jpg.rf.82e271056e453a4f123033b7db486d63.jpg,5,0.7945007681846619,0.884336531162262,0.08335494995117188,0.12245406210422516,0.6864133477210999
001465_jpg.rf.82e271056e453a4f123033b7db486d63.jpg,5,0.5299204587936401,0.9355420470237732,0.05811930075287819,0.09557071328163147,0.37681838870048523
001465_jpg.rf.82e271056e453a4f123033b7db486d63.jpg,11,0.7985448241233826,0.8823758959770203,0.07348655164241791,0.12194369733333588,0.01316320151090622
001465_jpg.rf.82e271056e453a4f123033b7db486d63.jpg,5,0.5577432513237,0.895904004573822,0.11769728362560272,0.16876338422298431,0.009618641808629036
001465_jpg.rf.82e271056e453a4f123033b7db486d63.jpg,5,0.41894590854644775,0.946833074092865,0.03079843707382679,0.09724118560552597,0.0022871994879096746
001465_jpg.rf.82e271056e453a4f123033b7db486d63.jpg,5,0.4865059554576874,0.9408859014511108,0.13146264851093292,0.10030343383550644,0.0016252740751951933
001465_jpg.rf.82e271056e453a4f123033b7db486d63.jpg,0,0.014875284396111965,0.9878679513931274,0.02952679432928562,0.023697707802057266,0.0014190091751515865
001465_jpg.rf.82e271056e453a4f123033b7db486d63.jpg,5,0.7943568825721741,0.868394672870636,0.05447043105959892,0.09535643458366394,0.0010064489906653762
001465_jpg.rf.82e271056e453a4f123033b7db486d63.jpg,7,0.5965429544448853,0.8855095505714417,0.09321403503417969,0.15902380645275116,0.0007029115804471076
001465_jpg.rf.82e271056e453a4f123033b7db486d63.jpg,11,0.3534257113933563,0.9124687314033508,0.0377361960709095,0.1308298110961914,0.0006383372819982469
001465_jpg.rf.82e271056e453a4f123033b7db486d63.jpg,5,0.17758792638778687,0.6669527292251587,0.35517585277557373,0.6442739367485046,0.0005793076707050204
001465_jpg.rf.82e271056e453a4f123033b7db486d63.jpg,11,0.5288820266723633,0.9314939379692078,0.040511131286621094,0.10785521566867828,0.0005729172844439745
001465_jpg.rf.82e271056e453a4f123033b7db486d63.jpg,4,0.3439463973045349,0.9089788794517517,0.051004961133003235,0.12675322592258453,0.0005475447396747768
001465_jpg.rf.82e271056e453a4f123033b7db486d63.jpg,3,0.5303715467453003,0.9619166851043701,0.05795680731534958,0.046095483005046844,0.000523863360285759
001472_jpg.rf.38654b39e5bc13159c16952df2ba2dc0.jpg,5,0.7117789387702942,0.45222052931785583,0.364553838968277,0.7093848586082458,0.9619156718254089
001472_jpg.rf.38654b39e5bc13159c16952df2ba2dc0.jpg,7,0.24865545332431793,0.6092906594276428,0.49731090664863586,0.7610509395599365,0.0005151944933459163
001477_jpg.rf.170667884b322b9985bcd6a054a0d6be.jpg,5,0.5089699029922485,0.4801774322986603,0.4696921110153198,0.8684971928596497,0.9666202664375305
001477_jpg.rf.170667884b322b9985bcd6a054a0d6be.jpg,1,0.7539357542991638,0.46106311678886414,0.05294308438897133,0.11099881678819656,0.0031269793398678303
001477_jpg.rf.170667884b322b9985bcd6a054a0d6be.jpg,1,0.7304041981697083,0.47189128398895264,0.042517662048339844,0.10014479607343674,0.0019706864841282368
001477_jpg.rf.170667884b322b9985bcd6a054a0d6be.jpg,8,0.8491356372833252,0.9268838763237,0.028288843110203743,0.03362274169921875,0.0012038034619763494
001478_jpg.rf.b4a8c8adb59b1bfeb056f275a7e9c785.jpg,5,0.43242913484573364,0.30278119444847107,0.7155966758728027,0.44027289748191833,0.9260873794555664
001478_jpg.rf.b4a8c8adb59b1bfeb056f275a7e9c785.jpg,8,0.4334396421909332,0.3022972643375397,0.709743082523346,0.44333794713020325,0.5510380268096924
001479_jpg.rf.61b4e3eab9b3daa20c770dafec663c97.jpg,5,0.5010550022125244,0.46021053194999695,0.5508052110671997,0.7615920305252075,0.9642561674118042
001479_jpg.rf.61b4e3eab9b3daa20c770dafec663c97.jpg,0,0.5099890828132629,0.0608142651617527,0.06466616690158844,0.0261018518358469,0.004609497729688883
001479_jpg.rf.61b4e3eab9b3daa20c770dafec663c97.jpg,1,0.5117474794387817,0.05979838967323303,0.06356848776340485,0.02606586366891861,0.00063444854458794
001479_jpg.rf.61b4e3eab9b3daa20c770dafec663c97.jpg,14,0.939114511013031,0.9345703721046448,0.07629622519016266,0.057122379541397095,0.0005086146993562579
001482_jpg.rf.c040f508e60b3a870f5f5fc8b9b017d2.jpg,5,0.513741135597229,0.34421873092651367,0.3203756511211395,0.6119493842124939,0.9604889750480652
001482_jpg.rf.c040f508e60b3a870f5f5fc8b9b017d2.jpg,1,0.9813617467880249,0.683343768119812,0.0371263213455677,0.04278381168842316,0.000558825209736824
001484_jpg.rf.6b44f8da037b210cdbe0663683d7274e.jpg,5,0.23488113284111023,0.4549035429954529,0.39796292781829834,0.7709019184112549,0.9637246131896973
001484_jpg.rf.6b44f8da037b210cdbe0663683d7274e.jpg,0,0.24984954297542572,0.04978301003575325,0.04671773687005043,0.03515596315264702,0.016044173389673233
001494_jpg.rf.4db0ef3199baad5258c353573bffed4a.jpg,5,0.6162624359130859,0.22239874303340912,0.5095790028572083,0.3362496793270111,0.9694923162460327
001603_JPG_jpg.rf.d7ff42753708b2cd74195e8e463d3e2c.jpg,1,0.4785822629928589,0.13402464985847473,0.3779115080833435,0.10578621178865433,0.9505075216293335
001603_JPG_jpg.rf.d7ff42753708b2cd74195e8e463d3e2c.jpg,0,0.4810622036457062,0.13398560881614685,0.3769139051437378,0.10418353974819183,0.45674315094947815
001603_JPG_jpg.rf.d7ff42753708b2cd74195e8e463d3e2c.jpg,8,0.39370518922805786,0.6241116523742676,0.03493272513151169,0.039280012249946594,0.052809298038482666
001603_JPG_jpg.rf.d7ff42753708b2cd74195e8e463d3e2c.jpg,1,0.3926672041416168,0.13994772732257843,0.20190878212451935,0.1108422502875328,0.01658651791512966
001603_JPG_jpg.rf.d7ff42753708b2cd74195e8e463d3e2c.jpg,1,0.7149507403373718,0.8655269742012024,0.04391993209719658,0.02798960916697979,0.0031312007922679186
001603_JPG_jpg.rf.d7ff42753708b2cd74195e8e463d3e2c.jpg,8,0.1989985704421997,0.1418580561876297,0.16386735439300537,0.20837771892547607,0.0029725979547947645
001603_JPG_jpg.rf.d7ff42753708b2cd74195e8e463d3e2c.jpg,1,0.6729894876480103,0.8549810647964478,0.01963534764945507,0.027011064812541008,0.0009179066400974989
001603_JPG_jpg.rf.d7ff42753708b2cd74195e8e463d3e2c.jpg,1,0.7038509845733643,0.8618820309638977,0.04858684539794922,0.029728377237915993,0.0007488703122362494
001603_JPG_jpg.rf.d7ff42753708b2cd74195e8e463d3e2c.jpg,7,0.26483702659606934,0.7551764249801636,0.18044060468673706,0.4896472990512848,0.0007483127992600203
001603_JPG_jpg.rf.d7ff42753708b2cd74195e8e463d3e2c.jpg,0,0.978032648563385,0.2991509437561035,0.04393467679619789,0.03263598307967186,0.0006994274444878101
001603_JPG_jpg.rf.d7ff42753708b2cd74195e8e463d3e2c.jpg,1,0.7079127430915833,0.8775008320808411,0.05905584245920181,0.033239733427762985,0.0005312822759151459
001606_JPG_jpg.rf.acbfc805c9e8ea9791185014645390c2.jpg,1,0.6756786704063416,0.15431752800941467,0.17963223159313202,0.08504917472600937,0.9578553438186646
001606_JPG_jpg.rf.acbfc805c9e8ea9791185014645390c2.jpg,1,0.12491131573915482,0.5078250765800476,0.08241669088602066,0.038037411868572235,0.8775139451026917
001606_JPG_jpg.rf.acbfc805c9e8ea9791185014645390c2.jpg,0,0.3868154287338257,0.5992705821990967,0.07125216722488403,0.02732819877564907,0.021611865609884262
001606_JPG_jpg.rf.acbfc805c9e8ea9791185014645390c2.jpg,0,0.46249353885650635,0.70033198595047,0.039788246154785156,0.013298915699124336,0.007322060409933329
001606_JPG_jpg.rf.acbfc805c9e8ea9791185014645390c2.jpg,0,0.408838152885437,0.6021297574043274,0.038364227861166,0.02560931071639061,0.005936424247920513
001606_JPG_jpg.rf.acbfc805c9e8ea9791185014645390c2.jpg,0,0.46856698393821716,0.7047955989837646,0.04448883607983589,0.01173276174813509,0.00452135456725955
001606_JPG_jpg.rf.acbfc805c9e8ea9791185014645390c2.jpg,1,0.6767945885658264,0.11434262990951538,0.18510907888412476,0.14957228302955627,0.0037566595710814
001606_JPG_jpg.rf.acbfc805c9e8ea9791185014645390c2.jpg,0,0.376243531703949,0.6000335812568665,0.03988390788435936,0.020755767822265625,0.002906238893046975
001606_JPG_jpg.rf.acbfc805c9e8ea9791185014645390c2.jpg,0,0.011109543032944202,0.5024903416633606,0.021902093663811684,0.07434786856174469,0.0024192375130951405
001606_JPG_jpg.rf.acbfc805c9e8ea9791185014645390c2.jpg,1,0.11767091602087021,0.47696787118911743,0.10572996735572815,0.10460054129362106,0.001809165347367525
001606_JPG_jpg.rf.acbfc805c9e8ea9791185014645390c2.jpg,0,0.18991146981716156,0.419111967086792,0.03261089324951172,0.03381941840052605,0.0014803289668634534
001606_JPG_jpg.rf.acbfc805c9e8ea9791185014645390c2.jpg,0,0.48214343190193176,0.7137823104858398,0.021777337417006493,0.018490131944417953,0.001050268765538931
001606_JPG_jpg.rf.acbfc805c9e8ea9791185014645390c2.jpg,1,0.8871188759803772,0.8061724305152893,0.0330810546875,0.015857990831136703,0.0007708093617111444
001606_JPG_jpg.rf.acbfc805c9e8ea9791185014645390c2.jpg,1,0.6754431128501892,0.23426663875579834,0.17849969863891602,0.24631313979625702,0.000696854607667774
001606_JPG_jpg.rf.acbfc805c9e8ea9791185014645390c2.jpg,0,0.5029542446136475,0.6068496108055115,0.03258008509874344,0.013518993742763996,0.0005426764255389571
001607_JPG_jpg.rf.a6dcbc5ecd7c2ef807a4bce512a054a0.jpg,1,0.3833754062652588,0.14911849796772003,0.09744138270616531,0.05526255816221237,0.971001386642456
001607_JPG_jpg.rf.a6dcbc5ecd7c2ef807a4bce512a054a0.jpg,0,0.9373409748077393,0.47251805663108826,0.0398639552295208,0.031426429748535156,0.18924979865550995
001607_JPG_jpg.rf.a6dcbc5ecd7c2ef807a4bce512a054a0.jpg,0,0.8519611954689026,0.47765952348709106,0.04065682366490364,0.023399537429213524,0.10273413360118866
001607_JPG_jpg.rf.a6dcbc5ecd7c2ef807a4bce512a054a0.jpg,0,0.8317146897315979,0.4764411747455597,0.07632732391357422,0.025327133014798164,0.018793486058712006
001607_JPG_jpg.rf.a6dcbc5ecd7c2ef807a4bce512a054a0.jpg,0,0.9872524738311768,0.47660666704177856,0.025495164096355438,0.02392185665667057,0.01823033206164837
001607_JPG_jpg.rf.a6dcbc5ecd7c2ef807a4bce512a054a0.jpg,0,0.9736467599868774,0.011574175208806992,0.04892753064632416,0.023148350417613983,0.016125697642564774
001607_JPG_jpg.rf.a6dcbc5ecd7c2ef807a4bce512a054a0.jpg,1,0.9728348255157471,0.010341571643948555,0.047819506376981735,0.02051459439098835,0.014847906306385994
001607_JPG_jpg.rf.a6dcbc5ecd7c2ef807a4bce512a054a0.jpg,0,0.6560805439949036,0.4544195234775543,0.023901499807834625,0.01569337211549282,0.010567102581262589
001607_JPG_jpg.rf.a6dcbc5ecd7c2ef807a4bce512a054a0.jpg,0,0.5137225985527039,0.35175296664237976,0.03812885284423828,0.014288426376879215,0.005312981083989143
001607_JPG_jpg.rf.a6dcbc5ecd7c2ef807a4bce512a054a0.jpg,1,0.9156626462936401,0.6223084330558777,0.017880219966173172,0.0888100415468216,0.004873060621321201
001607_JPG_jpg.rf.a6dcbc5ecd7c2ef807a4bce512a054a0.jpg,1,0.7739036083221436,0.45345988869667053,0.019395241513848305,0.02926529571413994,0.0036231311969459057
001607_JPG_jpg.rf.a6dcbc5ecd7c2ef807a4bce512a054a0.jpg,0,0.9897706508636475,0.45912349224090576,0.019843101501464844,0.05291909724473953,0.003452477976679802
001607_JPG_jpg.rf.a6dcbc5ecd7c2ef807a4bce512a054a0.jpg,8,0.7003552913665771,0.9424915909767151,0.03911128640174866,0.028927363455295563,0.0034391561057418585
001607_JPG_jpg.rf.a6dcbc5ecd7c2ef807a4bce512a054a0.jpg,8,0.683776319026947,0.946667492389679,0.022803306579589844,0.026091577485203743,0.002940313657745719
001607_JPG_jpg.rf.a6dcbc5ecd7c2ef807a4bce512a054a0.jpg,8,0.6800660490989685,0.9147457480430603,0.034969549626111984,0.030345918610692024,0.0023879907093942165
001607_JPG_jpg.rf.a6dcbc5ecd7c2ef807a4bce512a054a0.jpg,0,0.7771787643432617,0.45945388078689575,0.016290077939629555,0.03306179866194725,0.001665078685618937
001607_JPG_jpg.rf.a6dcbc5ecd7c2ef807a4bce512a054a0.jpg,1,0.3869105875492096,0.10289725661277771,0.10745566338300705,0.15110407769680023,0.0014779458288103342
001607_JPG_jpg.rf.a6dcbc5ecd7c2ef807a4bce512a054a0.jpg,8,0.6917825937271118,0.9402555823326111,0.052741639316082,0.08478774130344391,0.001462508924305439
001607_JPG_jpg.rf.a6dcbc5ecd7c2ef807a4bce512a054a0.jpg,1,0.6118391156196594,0.3972243368625641,0.02792971022427082,0.015548046678304672,0.0014299305621534586
001607_JPG_jpg.rf.a6dcbc5ecd7c2ef807a4bce512a054a0.jpg,0,0.81467205286026,0.47447469830513,0.040635257959365845,0.02479630336165428,0.0011840594233945012
001607_JPG_jpg.rf.a6dcbc5ecd7c2ef807a4bce512a054a0.jpg,0,0.9181938767433167,0.4734918773174286,0.03483809158205986,0.0323101207613945,0.0010883170180022717
001607_JPG_jpg.rf.a6dcbc5ecd7c2ef807a4bce512a054a0.jpg,0,0.5594485402107239,0.35697123408317566,0.031976886093616486,0.015464233234524727,0.0009198528714478016
001607_JPG_jpg.rf.a6dcbc5ecd7c2ef807a4bce512a054a0.jpg,1,0.5620240569114685,0.3566252887248993,0.04308062419295311,0.01677817665040493,0.0006790062761865556
001607_JPG_jpg.rf.a6dcbc5ecd7c2ef807a4bce512a054a0.jpg,6,0.7163364887237549,0.6931455135345459,0.5673270225524902,0.6137090921401978,0.0006516805151477456
001607_JPG_jpg.rf.a6dcbc5ecd7c2ef807a4bce512a054a0.jpg,8,0.6684387922286987,0.9439151883125305,0.05432965233922005,0.029621126130223274,0.0006391451461240649
001607_JPG_jpg.rf.a6dcbc5ecd7c2ef807a4bce512a054a0.jpg,1,0.31237855553627014,0.4307069182395935,0.03042670525610447,0.01351404283195734,0.0006244033575057983
001607_JPG_jpg.rf.a6dcbc5ecd7c2ef807a4bce512a054a0.jpg,0,0.40289628505706787,0.3793540596961975,0.027600949630141258,0.01743723824620247,0.0006135382573120296
001607_JPG_jpg.rf.a6dcbc5ecd7c2ef807a4bce512a054a0.jpg,0,0.6657628417015076,0.4525735378265381,0.027152208611369133,0.014185906387865543,0.000597952282987535
001607_JPG_jpg.rf.a6dcbc5ecd7c2ef807a4bce512a054a0.jpg,8,0.6625431180000305,0.9592446684837341,0.056386951357126236,0.05008910596370697,0.0005909897154197097
001607_JPG_jpg.rf.a6dcbc5ecd7c2ef807a4bce512a054a0.jpg,0,0.5366981625556946,0.3512951135635376,0.050629910081624985,0.020037945359945297,0.0005769963026978076
001607_JPG_jpg.rf.a6dcbc5ecd7c2ef807a4bce512a054a0.jpg,0,0.8700620532035828,0.47966620326042175,0.06334569305181503,0.024426644667983055,0.0005638453876599669
001607_JPG_jpg.rf.a6dcbc5ecd7c2ef807a4bce512a054a0.jpg,1,0.5728790163993835,0.35889267921447754,0.03838777542114258,0.014211324974894524,0.0005335214082151651
001607_JPG_jpg.rf.a6dcbc5ecd7c2ef807a4bce512a054a0.jpg,1,0.9900055527687073,0.07527917623519897,0.018808145076036453,0.016668297350406647,0.0005234709824435413
001608_JPG_jpg.rf.7d48153578ad316231c6c992263ac497.jpg,1,0.4579194188117981,0.13758476078510284,0.14243049919605255,0.08050236850976944,0.9888278245925903
001608_JPG_jpg.rf.7d48153578ad316231c6c992263ac497.jpg,1,0.6384620070457458,0.5707025527954102,0.019949253648519516,0.016629990190267563,0.13855531811714172
001608_JPG_jpg.rf.7d48153578ad316231c6c992263ac497.jpg,0,0.8522026538848877,0.575912594795227,0.02834510989487171,0.018972396850585938,0.004114141222089529
001608_JPG_jpg.rf.7d48153578ad316231c6c992263ac497.jpg,0,0.715760350227356,0.43870219588279724,0.043984413146972656,0.01783745177090168,0.0033374109771102667
001608_JPG_jpg.rf.7d48153578ad316231c6c992263ac497.jpg,1,0.6411232352256775,0.5827590227127075,0.015810159966349602,0.037886254489421844,0.0033241005148738623
001608_JPG_jpg.rf.7d48153578ad316231c6c992263ac497.jpg,8,0.06631634384393692,0.9118704199790955,0.13263268768787384,0.15121424198150635,0.0032632669899612665
001608_JPG_jpg.rf.7d48153578ad316231c6c992263ac497.jpg,0,0.7045671343803406,0.6409747004508972,0.023333916440606117,0.01970892772078514,0.0028650518506765366
001608_JPG_jpg.rf.7d48153578ad316231c6c992263ac497.jpg,0,0.7300395965576172,0.6401413083076477,0.03859204798936844,0.02300211228430271,0.0023143331054598093
001608_JPG_jpg.rf.7d48153578ad316231c6c992263ac497.jpg,14,0.4431460499763489,0.9890512824058533,0.04695932939648628,0.02160145714879036,0.002238532295450568
001608_JPG_jpg.rf.7d48153578ad316231c6c992263ac497.jpg,1,0.46650558710098267,0.9914024472236633,0.0903252512216568,0.01694253832101822,0.0021320495288819075
001608_JPG_jpg.rf.7d48153578ad316231c6c992263ac497.jpg,1,0.6315737962722778,0.5688037276268005,0.032746024429798126,0.013618836179375648,0.0017684433842077851
001608_JPG_jpg.rf.7d48153578ad316231c6c992263ac497.jpg,10,0.34453704953193665,0.6601790189743042,0.06061612814664841,0.021996352821588516,0.0016033740248531103
001608_JPG_jpg.rf.7d48153578ad316231c6c992263ac497.jpg,0,0.769788920879364,0.6431167721748352,0.01705397106707096,0.01435866765677929,0.001594081404618919
001608_JPG_jpg.rf.7d48153578ad316231c6c992263ac497.jpg,1,0.853928804397583,0.5438399314880371,0.032311294227838516,0.0167376808822155,0.001509263995103538
001608_JPG_jpg.rf.7d48153578ad316231c6c992263ac497.jpg,1,0.9894709587097168,0.5499238967895508,0.020814163610339165,0.024801254272460938,0.001264388207346201
001608_JPG_jpg.rf.7d48153578ad316231c6c992263ac497.jpg,0,0.8869564533233643,0.6280617713928223,0.03790305182337761,0.02141072228550911,0.0010780441807582974
001608_JPG_jpg.rf.7d48153578ad316231c6c992263ac497.jpg,1,0.6840230822563171,0.5446808934211731,0.023568008095026016,0.018198784440755844,0.0010656401282176375
001608_JPG_jpg.rf.7d48153578ad316231c6c992263ac497.jpg,0,0.8172221183776855,0.6175674796104431,0.01937851682305336,0.01752622425556183,0.0010340253356844187
001608_JPG_jpg.rf.7d48153578ad316231c6c992263ac497.jpg,0,0.7816148996353149,0.6202690601348877,0.02592460997402668,0.018738893792033195,0.0010203642304986715
001608_JPG_jpg.rf.7d48153578ad316231c6c992263ac497.jpg,1,0.9812788963317871,0.6359542012214661,0.03559127449989319,0.01629161834716797,0.00094492023345083
001608_JPG_jpg.rf.7d48153578ad316231c6c992263ac497.jpg,0,0.8465800881385803,0.5879130363464355,0.02279626578092575,0.019986629486083984,0.000939739344175905
001608_JPG_jpg.rf.7d48153578ad316231c6c992263ac497.jpg,0,0.7821036577224731,0.6291244626045227,0.02412400022149086,0.010754219256341457,0.0008892051409929991
001608_JPG_jpg.rf.7d48153578ad316231c6c992263ac497.jpg,0,0.7354013323783875,0.4428446292877197,0.05029546469449997,0.012933071702718735,0.0008689566166140139
001608_JPG_jpg.rf.7d48153578ad316231c6c992263ac497.jpg,1,0.6350305676460266,0.5586838722229004,0.027594201266765594,0.015234837308526039,0.000851237797178328
001608_JPG_jpg.rf.7d48153578ad316231c6c992263ac497.jpg,1,0.7636962532997131,0.5560562014579773,0.024174178019165993,0.011778648942708969,0.0006953457486815751
001608_JPG_jpg.rf.7d48153578ad316231c6c992263ac497.jpg,1,0.6305698752403259,0.5746919512748718,0.032978903502225876,0.02076871693134308,0.0006205504178069532
001608_JPG_jpg.rf.7d48153578ad316231c6c992263ac497.jpg,0,0.6478964686393738,0.42616111040115356,0.04942893981933594,0.021475976333022118,0.0006134555442258716
001608_JPG_jpg.rf.7d48153578ad316231c6c992263ac497.jpg,7,0.7955825328826904,0.42505404353141785,0.4088350534439087,0.25657519698143005,0.0005755059537477791
001608_JPG_jpg.rf.7d48153578ad316231c6c992263ac497.jpg,1,0.78069669008255,0.617879331111908,0.02569286711513996,0.019575266167521477,0.0005476256483234465
001608_JPG_jpg.rf.7d48153578ad316231c6c992263ac497.jpg,1,0.9695571660995483,0.5401871204376221,0.034855108708143234,0.016431735828518867,0.0005443751579150558
001608_JPG_jpg.rf.7d48153578ad316231c6c992263ac497.jpg,0,0.7010049223899841,0.4322962462902069,0.05490325391292572,0.030062787234783173,0.000512795289978385
001608_JPG_jpg.rf.7d48153578ad316231c6c992263ac497.jpg,7,0.7902289628982544,0.34721145033836365,0.41954225301742554,0.6820268630981445,0.0005022189579904079
001619_JPG_jpg.rf.1640a48f199bbe32ee72dc83a24e1521.jpg,1,0.2468598484992981,0.11378561705350876,0.11087284237146378,0.04739942029118538,0.8648789525032043
001619_JPG_jpg.rf.1640a48f199bbe32ee72dc83a24e1521.jpg,0,0.24751201272010803,0.11363845318555832,0.11018890887498856,0.047916725277900696,0.5244099497795105
001619_JPG_jpg.rf.1640a48f199bbe32ee72dc83a24e1521.jpg,0,0.7382392883300781,0.14974358677864075,0.05574453994631767,0.03560735657811165,0.08039112389087677
001619_JPG_jpg.rf.1640a48f199bbe32ee72dc83a24e1521.jpg,1,0.4917497932910919,0.0078123221173882484,0.046470459550619125,0.01554601825773716,0.058859337121248245
001619_JPG_jpg.rf.1640a48f199bbe32ee72dc83a24e1521.jpg,0,0.4980485141277313,0.010816625319421291,0.052968211472034454,0.021538684144616127,0.03444390371441841
001619_JPG_jpg.rf.1640a48f199bbe32ee72dc83a24e1521.jpg,1,0.9558969140052795,0.41323670744895935,0.02029169537127018,0.016892140731215477,0.03360201418399811
001619_JPG_jpg.rf.1640a48f199bbe32ee72dc83a24e1521.jpg,1,0.7273309230804443,0.14899581670761108,0.07425330579280853,0.033058296889066696,0.013261851854622364
001619_JPG_jpg.rf.1640a48f199bbe32ee72dc83a24e1521.jpg,0,0.8543516397476196,0.21733644604682922,0.07639672607183456,0.022821133956313133,0.010730575770139694
001619_JPG_jpg.rf.1640a48f199bbe32ee72dc83a24e1521.jpg,1,0.9596086740493774,0.42258602380752563,0.021641144528985023,0.03152007609605789,0.0028054884169250727
001619_JPG_jpg.rf.1640a48f199bbe32ee72dc83a24e1521.jpg,1,0.6002355813980103,0.3810732364654541,0.04117606207728386,0.013514446094632149,0.0021427844185382128
001619_JPG_jpg.rf.1640a48f199bbe32ee72dc83a24e1521.jpg,8,0.5476005673408508,0.7882463335990906,0.4930778443813324,0.4235074520111084,0.0021254781167954206
001619_JPG_jpg.rf.1640a48f199bbe32ee72dc83a24e1521.jpg,1,0.4958646595478058,0.013247103430330753,0.04979240149259567,0.026494206860661507,0.002027472946792841
001619_JPG_jpg.rf.1640a48f199bbe32ee72dc83a24e1521.jpg,0,0.5123950242996216,0.01610340178012848,0.07326097041368484,0.03220680356025696,0.001927404198795557
001619_JPG_jpg.rf.1640a48f199bbe32ee72dc83a24e1521.jpg,0,0.5874796509742737,0.20052826404571533,0.037059493362903595,0.03387827426195145,0.001520762569271028
001619_JPG_jpg.rf.1640a48f199bbe32ee72dc83a24e1521.jpg,1,0.15377569198608398,0.006757243070751429,0.05533429607748985,0.013514486141502857,0.0012251693988218904
001619_JPG_jpg.rf.1640a48f199bbe32ee72dc83a24e1521.jpg,1,0.9679906368255615,0.41675081849098206,0.034310709685087204,0.013336475938558578,0.0012076636776328087
001619_JPG_jpg.rf.1640a48f199bbe32ee72dc83a24e1521.jpg,0,0.7254361510276794,0.7516012191772461,0.02909873239696026,0.023815743625164032,0.0008695521391928196
001619_JPG_jpg.rf.1640a48f199bbe32ee72dc83a24e1521.jpg,11,0.7309466600418091,0.7970374226570129,0.0490594282746315,0.11559010297060013,0.0006892587407492101
001619_JPG_jpg.rf.1640a48f199bbe32ee72dc83a24e1521.jpg,1,0.9502888917922974,0.323719322681427,0.02927384153008461,0.018303174525499344,0.0006307148723863065
001619_JPG_jpg.rf.1640a48f199bbe32ee72dc83a24e1521.jpg,14,0.3260972797870636,0.39774683117866516,0.3736690580844879,0.6605857014656067,0.0005723278154619038
001619_JPG_jpg.rf.1640a48f199bbe32ee72dc83a24e1521.jpg,1,0.9515575170516968,0.4040457010269165,0.030122391879558563,0.013051730580627918,0.0005602764431387186
001619_JPG_jpg.rf.1640a48f199bbe32ee72dc83a24e1521.jpg,1,0.24301375448703766,0.059358466416597366,0.11674914509057999,0.11439425498247147,0.0005185980116948485
001619_JPG_jpg.rf.1640a48f199bbe32ee72dc83a24e1521.jpg,1,0.8947624564170837,0.007022204343229532,0.015278596431016922,0.013725705444812775,0.0005137576372362673
001623_JPG_jpg.rf.8777c38ac6d8aebbc4c5524393a8ce83.jpg,1,0.29311490058898926,0.09318641573190689,0.11007536947727203,0.06132104620337486,0.9052670001983643
001623_JPG_jpg.rf.8777c38ac6d8aebbc4c5524393a8ce83.jpg,1,0.009667668491601944,0.38303399085998535,0.017906859517097473,0.04441675916314125,0.054935358464717865
001623_JPG_jpg.rf.8777c38ac6d8aebbc4c5524393a8ce83.jpg,1,0.012591716833412647,0.3911731243133545,0.025183433666825294,0.06977786123752594,0.03257056698203087
001623_JPG_jpg.rf.8777c38ac6d8aebbc4c5524393a8ce83.jpg,0,0.7634038329124451,0.17037595808506012,0.04422217234969139,0.051808442920446396,0.006650767754763365
001623_JPG_jpg.rf.8777c38ac6d8aebbc4c5524393a8ce83.jpg,0,0.2746935784816742,0.37317991256713867,0.023268425837159157,0.021699393168091774,0.00520778214558959
001623_JPG_jpg.rf.8777c38ac6d8aebbc4c5524393a8ce83.jpg,0,0.09598750621080399,0.0829586386680603,0.04258901998400688,0.028992081061005592,0.004749142564833164
001623_JPG_jpg.rf.8777c38ac6d8aebbc4c5524393a8ce83.jpg,0,0.10169301182031631,0.2771449089050293,0.03262782096862793,0.024265382438898087,0.004720326513051987
001623_JPG_jpg.rf.8777c38ac6d8aebbc4c5524393a8ce83.jpg,0,0.5309801697731018,0.41302549839019775,0.0281528327614069,0.019045647233724594,0.004284949507564306
001623_JPG_jpg.rf.8777c38ac6d8aebbc4c5524393a8ce83.jpg,1,0.09464921057224274,0.08312036842107773,0.04364604875445366,0.02861703373491764,0.003482459345832467
001623_JPG_jpg.rf.8777c38ac6d8aebbc4c5524393a8ce83.jpg,1,0.014815178699791431,0.4165669083595276,0.029630357399582863,0.12002145498991013,0.0026491484604775906
001623_JPG_jpg.rf.8777c38ac6d8aebbc4c5524393a8ce83.jpg,1,0.39381083846092224,0.3994199335575104,0.042510986328125,0.022278713062405586,0.0017929570749402046
001623_JPG_jpg.rf.8777c38ac6d8aebbc4c5524393a8ce83.jpg,1,0.8580227494239807,0.09486979991197586,0.037448372691869736,0.02837580069899559,0.0016501868376508355
001623_JPG_jpg.rf.8777c38ac6d8aebbc4c5524393a8ce83.jpg,0,0.7526212334632874,0.0058860075660049915,0.066181480884552,0.011541211977601051,0.00161564361769706
001623_JPG_jpg.rf.8777c38ac6d8aebbc4c5524393a8ce83.jpg,0,0.5322127342224121,0.4042220711708069,0.03550148010253906,0.018607323989272118,0.0014943904243409634
001623_JPG_jpg.rf.8777c38ac6d8aebbc4c5524393a8ce83.jpg,0,0.8588424324989319,0.09311121702194214,0.03538572043180466,0.03730199486017227,0.00140088121406734
001623_JPG_jpg.rf.8777c38ac6d8aebbc4c5524393a8ce83.jpg,1,0.37193578481674194,0.40157896280288696,0.043201155960559845,0.020119300112128258,0.001295760041102767
001623_JPG_jpg.rf.8777c38ac6d8aebbc4c5524393a8ce83.jpg,0,0.5413126945495605,0.4113817512989044,0.0385810062289238,0.01727445423603058,0.00127495510969311
001623_JPG_jpg.rf.8777c38ac6d8aebbc4c5524393a8ce83.jpg,1,0.8303573727607727,0.046928320080041885,0.04527238756418228,0.029700713232159615,0.0011921279365196824
001623_JPG_jpg.rf.8777c38ac6d8aebbc4c5524393a8ce83.jpg,0,0.5099946856498718,0.4110896587371826,0.03433334082365036,0.017388638108968735,0.0010774481343105435
001623_JPG_jpg.rf.8777c38ac6d8aebbc4c5524393a8ce83.jpg,1,0.6746679544448853,0.005713875871151686,0.02047252655029297,0.01123759150505066,0.0010391154792159796
001623_JPG_jpg.rf.8777c38ac6d8aebbc4c5524393a8ce83.jpg,1,0.6405628323554993,0.4479953944683075,0.030976075679063797,0.017932891845703125,0.0009301839745603502
001623_JPG_jpg.rf.8777c38ac6d8aebbc4c5524393a8ce83.jpg,0,0.26472190022468567,0.3536657989025116,0.024457931518554688,0.013836127705872059,0.0009114284184761345
001623_JPG_jpg.rf.8777c38ac6d8aebbc4c5524393a8ce83.jpg,0,0.7872848510742188,0.00423850305378437,0.05410671606659889,0.008435889147222042,0.0008484949939884245
001623_JPG_jpg.rf.8777c38ac6d8aebbc4c5524393a8ce83.jpg,1,0.3317358195781708,0.44284945726394653,0.028682343661785126,0.018933700397610664,0.0008450432796962559
001623_JPG_jpg.rf.8777c38ac6d8aebbc4c5524393a8ce83.jpg,1,0.9917152523994446,0.400089293718338,0.016381777822971344,0.05446555092930794,0.0007874981383793056
001623_JPG_jpg.rf.8777c38ac6d8aebbc4c5524393a8ce83.jpg,1,0.4120948016643524,0.3895498514175415,0.054267480969429016,0.026025552302598953,0.0007529408321715891
001623_JPG_jpg.rf.8777c38ac6d8aebbc4c5524393a8ce83.jpg,0,0.5136456489562988,0.40518906712532043,0.03343578428030014,0.022508621215820312,0.0007295394316315651
001623_JPG_jpg.rf.8777c38ac6d8aebbc4c5524393a8ce83.jpg,0,0.29381513595581055,0.4551239311695099,0.03918752446770668,0.014862244948744774,0.0007246171589940786
001623_JPG_jpg.rf.8777c38ac6d8aebbc4c5524393a8ce83.jpg,1,0.40670931339263916,0.39622852206230164,0.056196179240942,0.022527439519762993,0.0007118558860383928
001623_JPG_jpg.rf.8777c38ac6d8aebbc4c5524393a8ce83.jpg,1,0.022774217650294304,0.3870712220668793,0.026970136910676956,0.056400593370199203,0.0006422755541279912
001623_JPG_jpg.rf.8777c38ac6d8aebbc4c5524393a8ce83.jpg,1,0.4022108316421509,0.38255858421325684,0.03729904815554619,0.017157481983304024,0.0005485641886480153
001624_JPG_jpg.rf.a3a7ed1ca4bdc41789b882fe5d7e3e94.jpg,1,0.539150595664978,0.14494739472866058,0.12119913846254349,0.0636569932103157,0.9392527341842651
001624_JPG_jpg.rf.a3a7ed1ca4bdc41789b882fe5d7e3e94.jpg,0,0.2893965244293213,0.563866913318634,0.0561545267701149,0.0228118896484375,0.08148723095655441
001624_JPG_jpg.rf.a3a7ed1ca4bdc41789b882fe5d7e3e94.jpg,0,0.277594655752182,0.5585444569587708,0.05645027756690979,0.027880853042006493,0.049059417098760605
001624_JPG_jpg.rf.a3a7ed1ca4bdc41789b882fe5d7e3e94.jpg,0,0.3803079426288605,0.3869956135749817,0.027561591938138008,0.016780376434326172,0.036636851727962494
001624_JPG_jpg.rf.a3a7ed1ca4bdc41789b882fe5d7e3e94.jpg,0,0.808376133441925,0.47735604643821716,0.018812913447618484,0.010007564909756184,0.028345759958028793
001624_JPG_jpg.rf.a3a7ed1ca4bdc41789b882fe5d7e3e94.jpg,0,0.9002776741981506,0.4269798994064331,0.022552490234375,0.013589749112725258,0.011683788150548935
001624_JPG_jpg.rf.a3a7ed1ca4bdc41789b882fe5d7e3e94.jpg,1,0.9022039771080017,0.42924952507019043,0.028112633153796196,0.015048760920763016,0.009465296752750874
001624_JPG_jpg.rf.a3a7ed1ca4bdc41789b882fe5d7e3e94.jpg,1,0.8907151222229004,0.4293411076068878,0.017746413126587868,0.010665050707757473,0.008794272318482399
001624_JPG_jpg.rf.a3a7ed1ca4bdc41789b882fe5d7e3e94.jpg,0,0.7311238646507263,0.40866875648498535,0.03291335701942444,0.016392415389418602,0.007898415438830853
001624_JPG_jpg.rf.a3a7ed1ca4bdc41789b882fe5d7e3e94.jpg,0,0.758121132850647,0.41514852643013,0.024516619741916656,0.01366787776350975,0.006146865431219339
001624_JPG_jpg.rf.a3a7ed1ca4bdc41789b882fe5d7e3e94.jpg,0,0.8980923891067505,0.4335550367832184,0.024825317785143852,0.011665821075439453,0.004682493396103382
001624_JPG_jpg.rf.a3a7ed1ca4bdc41789b882fe5d7e3e94.jpg,1,0.00918339379131794,0.5239928960800171,0.018297845497727394,0.03306752070784569,0.004232276696711779
001624_JPG_jpg.rf.a3a7ed1ca4bdc41789b882fe5d7e3e94.jpg,0,0.8800192475318909,0.42935606837272644,0.03301429748535156,0.009969527833163738,0.0033856905065476894
001624_JPG_jpg.rf.a3a7ed1ca4bdc41789b882fe5d7e3e94.jpg,0,0.7113909721374512,0.41444551944732666,0.04012298583984375,0.015965571627020836,0.0029295720160007477
001624_JPG_jpg.rf.a3a7ed1ca4bdc41789b882fe5d7e3e94.jpg,0,0.7473021745681763,0.41496145725250244,0.02420535497367382,0.013721649535000324,0.0027268764097243547
001624_JPG_jpg.rf.a3a7ed1ca4bdc41789b882fe5d7e3e94.jpg,1,0.5117741823196411,0.5012377500534058,0.06457116454839706,0.014274891465902328,0.00271963095292449
001624_JPG_jpg.rf.a3a7ed1ca4bdc41789b882fe5d7e3e94.jpg,0,0.5029925107955933,0.3553653359413147,0.06071300059556961,0.017280176281929016,0.0025774070527404547
001624_JPG_jpg.rf.a3a7ed1ca4bdc41789b882fe5d7e3e94.jpg,0,0.9489601254463196,0.38615840673446655,0.014254570938646793,0.0159454345703125,0.0025200119707733393
001624_JPG_jpg.rf.a3a7ed1ca4bdc41789b882fe5d7e3e94.jpg,1,0.8730231523513794,0.4298326075077057,0.030732963234186172,0.009325138293206692,0.002455261070281267
001624_JPG_jpg.rf.a3a7ed1ca4bdc41789b882fe5d7e3e94.jpg,0,0.5365903377532959,0.5025177001953125,0.02898634597659111,0.012430962175130844,0.0023177643306553364
001624_JPG_jpg.rf.a3a7ed1ca4bdc41789b882fe5d7e3e94.jpg,1,0.6895512938499451,0.41075748205184937,0.032804638147354126,0.01816595532000065,0.001985493814572692
001624_JPG_jpg.rf.a3a7ed1ca4bdc41789b882fe5d7e3e94.jpg,0,0.7143688201904297,0.40755853056907654,0.06609014421701431,0.016506856307387352,0.0019397950964048505
001624_JPG_jpg.rf.a3a7ed1ca4bdc41789b882fe5d7e3e94.jpg,0,0.8140209317207336,0.4788126051425934,0.012259997427463531,0.01184822991490364,0.0017654569819569588
001624_JPG_jpg.rf.a3a7ed1ca4bdc41789b882fe5d7e3e94.jpg,0,0.7439377307891846,0.4076303541660309,0.021527878940105438,0.012592536397278309,0.0016481102211400867
001624_JPG_jpg.rf.a3a7ed1ca4bdc41789b882fe5d7e3e94.jpg,1,0.42018961906433105,0.40124404430389404,0.028815049678087234,0.017774289473891258,0.0014900004025548697
001624_JPG_jpg.rf.a3a7ed1ca4bdc41789b882fe5d7e3e94.jpg,0,0.6924522519111633,0.41841480135917664,0.03379587084054947,0.014569943770766258,0.0014769298722967505
001624_JPG_jpg.rf.a3a7ed1ca4bdc41789b882fe5d7e3e94.jpg,0,0.6217281222343445,0.44650259613990784,0.046264100819826126,0.017629990354180336,0.0014680358581244946
001624_JPG_jpg.rf.a3a7ed1ca4bdc41789b882fe5d7e3e94.jpg,0,0.7542945146560669,0.40885573625564575,0.01908889226615429,0.013895218260586262,0.0014120060950517654
001624_JPG_jpg.rf.a3a7ed1ca4bdc41789b882fe5d7e3e94.jpg,0,0.3786706030368805,0.38250213861465454,0.035144805908203125,0.019148826599121094,0.0013819087762385607
001624_JPG_jpg.rf.a3a7ed1ca4bdc41789b882fe5d7e3e94.jpg,0,0.3113482892513275,0.5646242499351501,0.035606514662504196,0.024043450132012367,0.0013724510790780187
001624_JPG_jpg.rf.a3a7ed1ca4bdc41789b882fe5d7e3e94.jpg,0,0.800823986530304,0.47508856654167175,0.0292538870126009,0.013334752060472965,0.0013079583877697587
001624_JPG_jpg.rf.a3a7ed1ca4bdc41789b882fe5d7e3e94.jpg,1,0.4898434579372406,0.49692195653915405,0.04179059714078903,0.013788883574306965,0.0013004476204514503
001624_JPG_jpg.rf.a3a7ed1ca4bdc41789b882fe5d7e3e94.jpg,1,0.31665879487991333,0.472380667924881,0.048066820949316025,0.016952991485595703,0.001290676067583263
001624_JPG_jpg.rf.a3a7ed1ca4bdc41789b882fe5d7e3e94.jpg,0,0.7309215664863586,0.41423365473747253,0.024249298498034477,0.014551933854818344,0.0010622370755299926
001624_JPG_jpg.rf.a3a7ed1ca4bdc41789b882fe5d7e3e94.jpg,1,0.8631914258003235,0.43129950761795044,0.03277602791786194,0.010015084408223629,0.0009667372796684504
001624_JPG_jpg.rf.a3a7ed1ca4bdc41789b882fe5d7e3e94.jpg,1,0.4634677767753601,0.48752161860466003,0.029749687761068344,0.01488219853490591,0.0009637494222261012
001624_JPG_jpg.rf.a3a7ed1ca4bdc41789b882fe5d7e3e94.jpg,0,0.6848328709602356,0.43410465121269226,0.024975117295980453,0.028150375932455063,0.0009466873598285019
001624_JPG_jpg.rf.a3a7ed1ca4bdc41789b882fe5d7e3e94.jpg,1,0.276155024766922,0.5549096465110779,0.052290771156549454,0.03435032442212105,0.0009072293760254979
001624_JPG_jpg.rf.a3a7ed1ca4bdc41789b882fe5d7e3e94.jpg,1,0.44268763065338135,0.5451681613922119,0.029502760618925095,0.01072810310870409,0.0008828566060401499
001624_JPG_jpg.rf.a3a7ed1ca4bdc41789b882fe5d7e3e94.jpg,0,0.38050517439842224,0.47846880555152893,0.033570583909749985,0.011795924976468086,0.000787935801781714
001624_JPG_jpg.rf.a3a7ed1ca4bdc41789b882fe5d7e3e94.jpg,8,0.9915837645530701,0.3050025999546051,0.01673661731183529,0.023324673995375633,0.0007586852298118174
001624_JPG_jpg.rf.a3a7ed1ca4bdc41789b882fe5d7e3e94.jpg,0,0.9959131479263306,0.43237239122390747,0.008046003989875317,0.026074521243572235,0.000754822394810617
001624_JPG_jpg.rf.a3a7ed1ca4bdc41789b882fe5d7e3e94.jpg,1,0.44742974638938904,0.5542616248130798,0.03352242335677147,0.019620126113295555,0.0007529333815909922
001624_JPG_jpg.rf.a3a7ed1ca4bdc41789b882fe5d7e3e94.jpg,1,0.9075230956077576,0.4385291039943695,0.02518499828875065,0.01633490063250065,0.0007366436184383929
001624_JPG_jpg.rf.a3a7ed1ca4bdc41789b882fe5d7e3e94.jpg,1,0.5379480123519897,0.11071603745222092,0.1167643666267395,0.12252764403820038,0.000667071552015841
001624_JPG_jpg.rf.a3a7ed1ca4bdc41789b882fe5d7e3e94.jpg,1,0.6040536165237427,0.00841203611344099,0.031129654496908188,0.016764193773269653,0.0006428781780414283
001624_JPG_jpg.rf.a3a7ed1ca4bdc41789b882fe5d7e3e94.jpg,1,0.8872883319854736,0.437650591135025,0.020181436091661453,0.018291400745511055,0.0005357335903681815
001624_JPG_jpg.rf.a3a7ed1ca4bdc41789b882fe5d7e3e94.jpg,0,0.6839888691902161,0.44236889481544495,0.024323463439941406,0.022371072322130203,0.0005310524138621986
001624_JPG_jpg.rf.a3a7ed1ca4bdc41789b882fe5d7e3e94.jpg,1,0.8449274301528931,0.4295116066932678,0.0165554191917181,0.01287174317985773,0.0005305538070388138
001624_JPG_jpg.rf.a3a7ed1ca4bdc41789b882fe5d7e3e94.jpg,0,0.6969763040542603,0.4034780263900757,0.04700609669089317,0.022881802171468735,0.0005304766818881035
001631_JPG_jpg.rf.18c57a703b3f30d8e2b21868d3657b5d.jpg,1,0.44579678773880005,0.07397492974996567,0.1823187619447708,0.08042693138122559,0.9709058403968811
001631_JPG_jpg.rf.18c57a703b3f30d8e2b21868d3657b5d.jpg,1,0.24384748935699463,0.007416413631290197,0.07503055036067963,0.014436944387853146,0.05667725205421448
001631_JPG_jpg.rf.18c57a703b3f30d8e2b21868d3657b5d.jpg,0,0.8392269015312195,0.6873962879180908,0.049297332763671875,0.033778704702854156,0.005197783932089806
001631_JPG_jpg.rf.18c57a703b3f30d8e2b21868d3657b5d.jpg,0,0.9942237138748169,0.46468299627304077,0.01136530376970768,0.028814610093832016,0.00485222926363349
001631_JPG_jpg.rf.18c57a703b3f30d8e2b21868d3657b5d.jpg,1,0.9892337322235107,0.006152624264359474,0.02153264731168747,0.012099949643015862,0.0030826544389128685
001631_JPG_jpg.rf.18c57a703b3f30d8e2b21868d3657b5d.jpg,1,0.24098868668079376,0.010564683005213737,0.12461391091346741,0.020552201196551323,0.0030076871626079082
001631_JPG_jpg.rf.18c57a703b3f30d8e2b21868d3657b5d.jpg,0,0.7599537372589111,0.12474136054515839,0.07523999363183975,0.04211844876408577,0.0018393445061519742
001631_JPG_jpg.rf.18c57a703b3f30d8e2b21868d3657b5d.jpg,1,0.728070080280304,0.6849659085273743,0.03838597983121872,0.023932164534926414,0.0013475598534569144
001631_JPG_jpg.rf.18c57a703b3f30d8e2b21868d3657b5d.jpg,1,0.6915827989578247,0.6885430812835693,0.026861118152737617,0.027011284604668617,0.0010759070282801986
001631_JPG_jpg.rf.18c57a703b3f30d8e2b21868d3657b5d.jpg,0,0.6709584593772888,0.7432031631469727,0.056611064821481705,0.029127415269613266,0.0010533223394304514
001631_JPG_jpg.rf.18c57a703b3f30d8e2b21868d3657b5d.jpg,0,0.6609130501747131,0.7485522031784058,0.052122484892606735,0.027657363563776016,0.0008095075027085841
001631_JPG_jpg.rf.18c57a703b3f30d8e2b21868d3657b5d.jpg,1,0.3798222541809082,0.07763058692216873,0.33386561274528503,0.11420474201440811,0.0008033729391172528
001631_JPG_jpg.rf.18c57a703b3f30d8e2b21868d3657b5d.jpg,1,0.6848142743110657,0.6935460567474365,0.04019663855433464,0.026622479781508446,0.0007533524767495692
001631_JPG_jpg.rf.18c57a703b3f30d8e2b21868d3657b5d.jpg,1,0.4453127384185791,0.2005336582660675,0.18316423892974854,0.3393309712409973,0.0006621491047553718
001631_JPG_jpg.rf.18c57a703b3f30d8e2b21868d3657b5d.jpg,1,0.6952479481697083,0.7444257736206055,0.02997816726565361,0.03380262106657028,0.0006383893196471035
001642_JPG_jpg.rf.1501f63859c8183e7b273ed3f677bb80.jpg,1,0.42131635546684265,0.10105470567941666,0.2008778601884842,0.10822942107915878,0.9734576940536499
001642_JPG_jpg.rf.1501f63859c8183e7b273ed3f677bb80.jpg,1,0.4123588800430298,0.4994071125984192,0.05276793986558914,0.09146364033222198,0.23804403841495514
001642_JPG_jpg.rf.1501f63859c8183e7b273ed3f677bb80.jpg,1,0.2556524872779846,0.8938463926315308,0.27658483386039734,0.20695532858371735,0.037500571459531784
001642_JPG_jpg.rf.1501f63859c8183e7b273ed3f677bb80.jpg,1,0.1883825808763504,0.8943930864334106,0.10373269021511078,0.2112138569355011,0.01330159604549408
001642_JPG_jpg.rf.1501f63859c8183e7b273ed3f677bb80.jpg,0,0.4137602746486664,0.5024569630622864,0.04942178726196289,0.09576471149921417,0.006488244980573654
001642_JPG_jpg.rf.1501f63859c8183e7b273ed3f677bb80.jpg,0,0.4255877733230591,0.4983522593975067,0.0270309466868639,0.08910942077636719,0.00534391961991787
001642_JPG_jpg.rf.1501f63859c8183e7b273ed3f677bb80.jpg,1,0.3644322156906128,0.10037516057491302,0.08465249836444855,0.1039058193564415,0.0016186197753995657
001642_JPG_jpg.rf.1501f63859c8183e7b273ed3f677bb80.jpg,0,0.4009821116924286,0.6637638807296753,0.07380830496549606,0.02705896832048893,0.0011386284604668617
001642_JPG_jpg.rf.1501f63859c8183e7b273ed3f677bb80.jpg,1,0.4712367653846741,0.11782079935073853,0.309678316116333,0.16150863468647003,0.0010679130209609866
001642_JPG_jpg.rf.1501f63859c8183e7b273ed3f677bb80.jpg,1,0.31738942861557007,0.9051743149757385,0.15129394829273224,0.1896514892578125,0.001047472353093326
001642_JPG_jpg.rf.1501f63859c8183e7b273ed3f677bb80.jpg,9,0.15093088150024414,0.7072977423667908,0.05667808651924133,0.0970146507024765,0.0008083578431978822
001642_JPG_jpg.rf.1501f63859c8183e7b273ed3f677bb80.jpg,1,0.4288804233074188,0.8075761198997498,0.027149789035320282,0.02178977243602276,0.0007405846263282001
001642_JPG_jpg.rf.1501f63859c8183e7b273ed3f677bb80.jpg,1,0.4259317219257355,0.297161340713501,0.20887093245983124,0.48931685090065,0.0007332974346354604
001642_JPG_jpg.rf.1501f63859c8183e7b273ed3f677bb80.jpg,1,0.39857032895088196,0.6592996716499329,0.062185291200876236,0.024128401651978493,0.0005374295287765563
001643_JPG_jpg.rf.bb0dd8813a6c24f91a4e04962aaa7f31.jpg,1,0.6270818114280701,0.1799764186143875,0.332997590303421,0.17986972630023956,0.9103017449378967
001643_JPG_jpg.rf.bb0dd8813a6c24f91a4e04962aaa7f31.jpg,1,0.6336402893066406,0.453730970621109,0.33163779973983765,0.7269498705863953,0.15427276492118835
001643_JPG_jpg.rf.bb0dd8813a6c24f91a4e04962aaa7f31.jpg,1,0.5131766200065613,0.18005980551242828,0.10943002253770828,0.16964957118034363,0.038224946707487106
001643_JPG_jpg.rf.bb0dd8813a6c24f91a4e04962aaa7f31.jpg,1,0.8145373463630676,0.500545859336853,0.36914849281311035,0.869911253452301,0.0013911373680457473
001643_JPG_jpg.rf.bb0dd8813a6c24f91a4e04962aaa7f31.jpg,1,0.654327392578125,0.26011893153190613,0.3012775480747223,0.3346270024776459,0.0010439999168738723
001643_JPG_jpg.rf.bb0dd8813a6c24f91a4e04962aaa7f31.jpg,5,0.20945654809474945,0.6145946979522705,0.41762906312942505,0.7708106637001038,0.0006625282112509012
001643_JPG_jpg.rf.bb0dd8813a6c24f91a4e04962aaa7f31.jpg,3,0.20970501005649567,0.9577251076698303,0.38204169273376465,0.08454976230859756,0.0005929467151872814
001643_JPG_jpg.rf.bb0dd8813a6c24f91a4e04962aaa7f31.jpg,7,0.9231191277503967,0.46025756001472473,0.15376178920269012,0.9151847958564758,0.0005186570342630148
001654_JPG_jpg.rf.e26100131533da63b018a72fab6586e3.jpg,1,0.37774673104286194,0.10037048161029816,0.14885099232196808,0.06392421573400497,0.9230543375015259
001654_JPG_jpg.rf.e26100131533da63b018a72fab6586e3.jpg,0,0.3897441625595093,0.3985765278339386,0.014039627276360989,0.023263895884156227,0.41212689876556396
001654_JPG_jpg.rf.e26100131533da63b018a72fab6586e3.jpg,0,0.3852638304233551,0.39145228266716003,0.022968916222453117,0.020131992176175117,0.19172069430351257
001654_JPG_jpg.rf.e26100131533da63b018a72fab6586e3.jpg,0,0.5629178881645203,0.41202661395072937,0.043164145201444626,0.0231174323707819,0.18054266273975372
001654_JPG_jpg.rf.e26100131533da63b018a72fab6586e3.jpg,1,0.38901329040527344,0.3973219394683838,0.016476154327392578,0.02136986143887043,0.054950885474681854
001654_JPG_jpg.rf.e26100131533da63b018a72fab6586e3.jpg,0,0.8570516109466553,0.14504022896289825,0.05407143011689186,0.2718579173088074,0.04960639402270317
001654_JPG_jpg.rf.e26100131533da63b018a72fab6586e3.jpg,1,0.2895727753639221,0.43124881386756897,0.016649063676595688,0.013974960893392563,0.03133241832256317
001654_JPG_jpg.rf.e26100131533da63b018a72fab6586e3.jpg,0,0.5502431392669678,0.4126332402229309,0.02855902537703514,0.021819591522216797,0.020729979500174522
001654_JPG_jpg.rf.e26100131533da63b018a72fab6586e3.jpg,0,0.3813246786594391,0.40339815616607666,0.039880018681287766,0.018681123852729797,0.01605689339339733
001654_JPG_jpg.rf.e26100131533da63b018a72fab6586e3.jpg,0,0.39666515588760376,0.3966149687767029,0.03577995300292969,0.017288465052843094,0.013092152774333954
001654_JPG_jpg.rf.e26100131533da63b018a72fab6586e3.jpg,0,0.25773248076438904,0.38323432207107544,0.03012085147202015,0.01409145537763834,0.012815138325095177
001654_JPG_jpg.rf.e26100131533da63b018a72fab6586e3.jpg,0,0.7291968464851379,0.06567011773586273,0.07890620827674866,0.038557495921850204,0.007436350453644991
001654_JPG_jpg.rf.e26100131533da63b018a72fab6586e3.jpg,0,0.40761685371398926,0.4010166823863983,0.030337994918227196,0.01994400843977928,0.006579681299626827
001654_JPG_jpg.rf.e26100131533da63b018a72fab6586e3.jpg,1,0.256525456905365,0.3817424178123474,0.033593177795410156,0.014557728543877602,0.006534427870064974
001654_JPG_jpg.rf.e26100131533da63b018a72fab6586e3.jpg,0,0.7637028694152832,0.5264475345611572,0.024035600945353508,0.016303136944770813,0.004384446889162064
001654_JPG_jpg.rf.e26100131533da63b018a72fab6586e3.jpg,0,0.407249391078949,0.39517682790756226,0.03372126445174217,0.018692420795559883,0.004301970824599266
001654_JPG_jpg.rf.e26100131533da63b018a72fab6586e3.jpg,1,0.2907678782939911,0.43702977895736694,0.015148731879889965,0.029720967635512352,0.004242338240146637
001654_JPG_jpg.rf.e26100131533da63b018a72fab6586e3.jpg,1,0.3942190110683441,0.3917344808578491,0.024218633770942688,0.023038718849420547,0.004238056018948555
001654_JPG_jpg.rf.e26100131533da63b018a72fab6586e3.jpg,1,0.34692853689193726,0.3207058012485504,0.03387865796685219,0.01409787405282259,0.0035115936771035194
001654_JPG_jpg.rf.e26100131533da63b018a72fab6586e3.jpg,1,0.37968629598617554,0.3975869119167328,0.03720668703317642,0.020821571350097656,0.0034520630724728107
001654_JPG_jpg.rf.e26100131533da63b018a72fab6586e3.jpg,0,0.3684979975223541,0.4201969802379608,0.020698364824056625,0.009965053759515285,0.0024588326923549175
001654_JPG_jpg.rf.e26100131533da63b018a72fab6586e3.jpg,0,0.5565782785415649,0.41965916752815247,0.033670611679553986,0.02237701416015625,0.0018048081547021866
001654_JPG_jpg.rf.e26100131533da63b018a72fab6586e3.jpg,0,0.5235368013381958,0.41209545731544495,0.044283390045166016,0.020238583907485008,0.0017596915131434798
001654_JPG_jpg.rf.e26100131533da63b018a72fab6586e3.jpg,0,0.5101404190063477,0.403943806886673,0.031778521835803986,0.018573468551039696,0.0017249064985662699
001654_JPG_jpg.rf.e26100131533da63b018a72fab6586e3.jpg,0,0.18680353462696075,0.33552899956703186,0.028690246865153313,0.015923133119940758,0.0015908925561234355
001654_JPG_jpg.rf.e26100131533da63b018a72fab6586e3.jpg,0,0.523634135723114,0.4042265713214874,0.03735923767089844,0.01832602731883526,0.0014889714075252414
001654_JPG_jpg.rf.e26100131533da63b018a72fab6586e3.jpg,1,0.40766623616218567,0.3877427875995636,0.03719806671142578,0.019104335457086563,0.0013737613335251808
001654_JPG_jpg.rf.e26100131533da63b018a72fab6586e3.jpg,1,0.5388560891151428,0.4068712294101715,0.0343470573425293,0.014619864523410797,0.0013438911410048604
001654_JPG_jpg.rf.e26100131533da63b018a72fab6586e3.jpg,1,0.6254420280456543,0.3659396767616272,0.019153594970703125,0.01627243496477604,0.001300955656915903
001654_JPG_jpg.rf.e26100131533da63b018a72fab6586e3.jpg,0,0.3034818172454834,0.3601139783859253,0.02347850799560547,0.01290618535131216,0.0012324964627623558
001654_JPG_jpg.rf.e26100131533da63b018a72fab6586e3.jpg,1,0.23943780362606049,0.43338480591773987,0.02421017922461033,0.014592391438782215,0.0011384652461856604
001654_JPG_jpg.rf.e26100131533da63b018a72fab6586e3.jpg,0,0.27305564284324646,0.3806074857711792,0.03116569295525551,0.013507036492228508,0.0010762109886854887
001654_JPG_jpg.rf.e26100131533da63b018a72fab6586e3.jpg,0,0.4976101219654083,0.40526336431503296,0.03567846119403839,0.019971555098891258,0.0010565328411757946
001654_JPG_jpg.rf.e26100131533da63b018a72fab6586e3.jpg,0,0.399181604385376,0.39027681946754456,0.03875189647078514,0.017095785588026047,0.0009750313474796712
001654_JPG_jpg.rf.e26100131533da63b018a72fab6586e3.jpg,0,0.7530239820480347,0.5256254076957703,0.03872739523649216,0.018196582794189453,0.0009279099176637828
001654_JPG_jpg.rf.e26100131533da63b018a72fab6586e3.jpg,0,0.8575094938278198,0.17065662145614624,0.04354381561279297,0.1609099954366684,0.0009239258943125606
001654_JPG_jpg.rf.e26100131533da63b018a72fab6586e3.jpg,1,0.40528419613838196,0.39590734243392944,0.0328972153365612,0.023146042600274086,0.0009192492580041289
001654_JPG_jpg.rf.e26100131533da63b018a72fab6586e3.jpg,0,0.35635194182395935,0.4220210611820221,0.020388713106513023,0.010765552520751953,0.0008853939361870289
001654_JPG_jpg.rf.e26100131533da63b018a72fab6586e3.jpg,0,0.6446985602378845,0.0867348462343216,0.04571225121617317,0.06543778628110886,0.000885151035618037
001654_JPG_jpg.rf.e26100131533da63b018a72fab6586e3.jpg,0,0.47643736004829407,0.4032929539680481,0.02421789988875389,0.02555454708635807,0.0008773395093157887
001654_JPG_jpg.rf.e26100131533da63b018a72fab6586e3.jpg,1,0.18565309047698975,0.02062409743666649,0.08091769367456436,0.04081744700670242,0.0008553650113753974
001654_JPG_jpg.rf.e26100131533da63b018a72fab6586e3.jpg,0,0.2335377186536789,0.31550899147987366,0.03270750865340233,0.01600557193160057,0.0007855180883780122
001654_JPG_jpg.rf.e26100131533da63b018a72fab6586e3.jpg,1,0.34295785427093506,0.3319171965122223,0.03685203194618225,0.02543625608086586,0.0007773034158162773
001654_JPG_jpg.rf.e26100131533da63b018a72fab6586e3.jpg,1,0.25727158784866333,0.3874935507774353,0.02985859103500843,0.016066551208496094,0.0007620734395459294
001654_JPG_jpg.rf.e26100131533da63b018a72fab6586e3.jpg,0,0.5383682250976562,0.4134846329689026,0.0385441780090332,0.020466217771172523,0.0007402529590763152
001654_JPG_jpg.rf.e26100131533da63b018a72fab6586e3.jpg,1,0.29495587944984436,0.4329676330089569,0.027162369340658188,0.0162955429404974,0.0007383539341390133
001654_JPG_jpg.rf.e26100131533da63b018a72fab6586e3.jpg,1,0.3509438633918762,0.31266361474990845,0.02889145538210869,0.01762291230261326,0.0007355395937338471
001654_JPG_jpg.rf.e26100131533da63b018a72fab6586e3.jpg,0,0.543261706829071,0.42066484689712524,0.020494645461440086,0.020521750673651695,0.0007255437667481601
001654_JPG_jpg.rf.e26100131533da63b018a72fab6586e3.jpg,0,0.5101598501205444,0.41030341386795044,0.04350537806749344,0.02041226252913475,0.0007216783124022186
001654_JPG_jpg.rf.e26100131533da63b018a72fab6586e3.jpg,1,0.5727760195732117,0.01760021410882473,0.054687317460775375,0.03520042821764946,0.0007180089014582336
001654_JPG_jpg.rf.e26100131533da63b018a72fab6586e3.jpg,1,0.3563092350959778,0.40658512711524963,0.01997203193604946,0.012936593033373356,0.0006950833485461771
001654_JPG_jpg.rf.e26100131533da63b018a72fab6586e3.jpg,0,0.3897534906864166,0.40632668137550354,0.024970605969429016,0.0202829297631979,0.00068444455973804
001654_JPG_jpg.rf.e26100131533da63b018a72fab6586e3.jpg,0,0.5570502281188965,0.42887255549430847,0.028690339997410774,0.010683316737413406,0.0006474725669249892
001654_JPG_jpg.rf.e26100131533da63b018a72fab6586e3.jpg,0,0.5710539817810059,0.428150475025177,0.029265955090522766,0.010048316791653633,0.0006388025940395892
001654_JPG_jpg.rf.e26100131533da63b018a72fab6586e3.jpg,1,0.18933571875095367,0.3362729847431183,0.03135004639625549,0.016904208809137344,0.000625701155513525
001654_JPG_jpg.rf.e26100131533da63b018a72fab6586e3.jpg,0,0.18694162368774414,0.3289395868778229,0.02781459130346775,0.011804727837443352,0.0006037269486114383
001654_JPG_jpg.rf.e26100131533da63b018a72fab6586e3.jpg,1,0.010679228231310844,0.19727583229541779,0.02135845646262169,0.39455166459083557,0.0005899718962609768
001654_JPG_jpg.rf.e26100131533da63b018a72fab6586e3.jpg,1,0.8187130093574524,0.41883745789527893,0.09693864732980728,0.03407581150531769,0.0005868758307769895
001654_JPG_jpg.rf.e26100131533da63b018a72fab6586e3.jpg,0,0.3893510401248932,0.3899447023868561,0.024972880259156227,0.0341499038040638,0.0005161239532753825
001654_JPG_jpg.rf.e26100131533da63b018a72fab6586e3.jpg,1,0.22931231558322906,0.38310977816581726,0.030049050226807594,0.015654930844902992,0.000508112192619592
001656_JPG_jpg.rf.193bed9f1b03b8c4d46254c930216604.jpg,1,0.5065654516220093,0.17787112295627594,0.30223867297172546,0.13615632057189941,0.8387655019760132
001656_JPG_jpg.rf.193bed9f1b03b8c4d46254c930216604.jpg,0,0.5067113041877747,0.18038171529769897,0.31043216586112976,0.1432708352804184,0.12604941427707672
001656_JPG_jpg.rf.193bed9f1b03b8c4d46254c930216604.jpg,1,0.6599180698394775,0.1770387440919876,0.608110249042511,0.14284713566303253,0.028630567714571953
001656_JPG_jpg.rf.193bed9f1b03b8c4d46254c930216604.jpg,1,0.4414142668247223,0.17288175225257874,0.16993923485279083,0.11793842911720276,0.022828342393040657
001656_JPG_jpg.rf.193bed9f1b03b8c4d46254c930216604.jpg,1,0.6778677701950073,0.39906635880470276,0.6442646384239197,0.5869962573051453,0.0025188589934259653
001656_JPG_jpg.rf.193bed9f1b03b8c4d46254c930216604.jpg,1,0.5550625324249268,0.31389233469963074,0.39572179317474365,0.40402090549468994,0.0014059493551030755
001656_JPG_jpg.rf.193bed9f1b03b8c4d46254c930216604.jpg,1,0.47525838017463684,0.48943373560905457,0.9457917809486389,0.8424860239028931,0.0008205146878026426
001656_JPG_jpg.rf.193bed9f1b03b8c4d46254c930216604.jpg,8,0.6599351763725281,0.4793224632740021,0.04165451601147652,0.032602861523628235,0.0005558255361393094
001656_JPG_jpg.rf.193bed9f1b03b8c4d46254c930216604.jpg,0,0.7154374122619629,0.9315924644470215,0.029447410255670547,0.0804651752114296,0.0005079731927253306
001656_JPG_jpg.rf.193bed9f1b03b8c4d46254c930216604.jpg,1,0.5038241147994995,0.004074839409440756,0.08567725867033005,0.008048266172409058,0.0005020895041525364
001660_JPG_jpg.rf.41a9573c77f81a1dc9e669467db98386.jpg,1,0.333562433719635,0.08528580516576767,0.14784684777259827,0.0770949274301529,0.9706417322158813
001660_JPG_jpg.rf.41a9573c77f81a1dc9e669467db98386.jpg,0,0.334983766078949,0.0844762846827507,0.1464671939611435,0.07648137956857681,0.03699219599366188
001660_JPG_jpg.rf.41a9573c77f81a1dc9e669467db98386.jpg,1,0.193325474858284,0.013558778911828995,0.07749942690134048,0.025922635570168495,0.020560238510370255
001660_JPG_jpg.rf.41a9573c77f81a1dc9e669467db98386.jpg,1,0.916475772857666,0.038209233433008194,0.011849037371575832,0.014711020514369011,0.0024048336781561375
001660_JPG_jpg.rf.41a9573c77f81a1dc9e669467db98386.jpg,1,0.1702800840139389,0.015154950320720673,0.03428855538368225,0.030309900641441345,0.001077544642612338
001660_JPG_jpg.rf.41a9573c77f81a1dc9e669467db98386.jpg,0,0.22635550796985626,0.587028980255127,0.0328068733215332,0.017957210540771484,0.000905787805095315
001660_JPG_jpg.rf.41a9573c77f81a1dc9e669467db98386.jpg,0,0.012995288707315922,0.5678492784500122,0.025209829211235046,0.05708349868655205,0.0008504574652761221
001660_JPG_jpg.rf.41a9573c77f81a1dc9e669467db98386.jpg,0,0.2082376629114151,0.23290608823299408,0.03990259766578674,0.11447571218013763,0.0008081094129011035
001660_JPG_jpg.rf.41a9573c77f81a1dc9e669467db98386.jpg,8,0.9612390398979187,0.8150408864021301,0.07730330526828766,0.31055665016174316,0.0007980798254720867
001660_JPG_jpg.rf.41a9573c77f81a1dc9e669467db98386.jpg,6,0.2360096126794815,0.6457551121711731,0.47049495577812195,0.7084898948669434,0.0007481772336177528
001660_JPG_jpg.rf.41a9573c77f81a1dc9e669467db98386.jpg,1,0.22554324567317963,0.587395966053009,0.03398871421813965,0.019663628190755844,0.0006897189887240529
001660_JPG_jpg.rf.41a9573c77f81a1dc9e669467db98386.jpg,5,0.25435948371887207,0.7297382354736328,0.5087189674377441,0.5405235290527344,0.0006462950841523707
001660_JPG_jpg.rf.41a9573c77f81a1dc9e669467db98386.jpg,0,0.005602933466434479,0.3570009469985962,0.011181795969605446,0.04031449183821678,0.0005571382353082299
001662_JPG_jpg.rf.97c2b266f1a788361d25be2305f03736.jpg,1,0.3536891043186188,0.18763110041618347,0.08190038055181503,0.05593210086226463,0.8700108528137207
001662_JPG_jpg.rf.97c2b266f1a788361d25be2305f03736.jpg,1,0.13340885937213898,0.42445236444473267,0.01781211607158184,0.03418893367052078,0.3261203169822693
001662_JPG_jpg.rf.97c2b266f1a788361d25be2305f03736.jpg,8,0.7092432379722595,0.4441397786140442,0.024728702381253242,0.029941376298666,0.03666111081838608
001662_JPG_jpg.rf.97c2b266f1a788361d25be2305f03736.jpg,1,0.691704273223877,0.007232370786368847,0.08589862287044525,0.014340373687446117,0.025305047631263733
001662_JPG_jpg.rf.97c2b266f1a788361d25be2305f03736.jpg,0,0.12950360774993896,0.4237055480480194,0.01717298850417137,0.033061433583498,0.02505921572446823
001662_JPG_jpg.rf.97c2b266f1a788361d25be2305f03736.jpg,0,0.7086602449417114,0.4434063136577606,0.02325204759836197,0.025603296235203743,0.01640833541750908
001662_JPG_jpg.rf.97c2b266f1a788361d25be2305f03736.jpg,1,0.12720879912376404,0.43409624695777893,0.03305396810173988,0.03778288885951042,0.011230706237256527
001662_JPG_jpg.rf.97c2b266f1a788361d25be2305f03736.jpg,1,0.4542050063610077,0.3717789649963379,0.02314336597919464,0.01480594091117382,0.008356967940926552
001662_JPG_jpg.rf.97c2b266f1a788361d25be2305f03736.jpg,0,0.22942884266376495,0.28749939799308777,0.014721632935106754,0.028912637382745743,0.004490462131798267
001662_JPG_jpg.rf.97c2b266f1a788361d25be2305f03736.jpg,0,0.6924558281898499,0.007539774756878614,0.08760306239128113,0.014942440204322338,0.0032467260025441647
001662_JPG_jpg.rf.97c2b266f1a788361d25be2305f03736.jpg,1,0.8991621136665344,0.4339032769203186,0.026703614741563797,0.012804619036614895,0.0021094167605042458
001662_JPG_jpg.rf.97c2b266f1a788361d25be2305f03736.jpg,1,0.3541000187397003,0.14311538636684418,0.09412061423063278,0.14241047203540802,0.0015554440906271338
001662_JPG_jpg.rf.97c2b266f1a788361d25be2305f03736.jpg,0,0.5244409441947937,0.47819778323173523,0.025060251355171204,0.01666516624391079,0.001553588081151247
001662_JPG_jpg.rf.97c2b266f1a788361d25be2305f03736.jpg,1,0.3942365050315857,0.4658295810222626,0.02251676470041275,0.02273387275636196,0.0014000475639477372
001662_JPG_jpg.rf.97c2b266f1a788361d25be2305f03736.jpg,1,0.364662766456604,0.47407713532447815,0.026901062577962875,0.022807488217949867,0.0012422072468325496
001662_JPG_jpg.rf.97c2b266f1a788361d25be2305f03736.jpg,1,0.8958449959754944,0.4419146478176117,0.025833718478679657,0.016143983229994774,0.0012365750735625625
001662_JPG_jpg.rf.97c2b266f1a788361d25be2305f03736.jpg,1,0.7442941069602966,0.43408656120300293,0.06943035125732422,0.021280068904161453,0.0011398732895031571
001662_JPG_jpg.rf.97c2b266f1a788361d25be2305f03736.jpg,1,0.33108431100845337,0.1912173628807068,0.03905303776264191,0.06545653939247131,0.0010485895909368992
001662_JPG_jpg.rf.97c2b266f1a788361d25be2305f03736.jpg,0,0.12441923469305038,0.4511256814002991,0.031622741371393204,0.014758476987481117,0.0010349280200898647
001662_JPG_jpg.rf.97c2b266f1a788361d25be2305f03736.jpg,0,0.13535985350608826,0.42481017112731934,0.015945719555020332,0.03365861624479294,0.0009602787904441357
001662_JPG_jpg.rf.97c2b266f1a788361d25be2305f03736.jpg,1,0.5551906824111938,0.4653399586677551,0.02270251139998436,0.01460277196019888,0.000871551688760519
001662_JPG_jpg.rf.97c2b266f1a788361d25be2305f03736.jpg,1,0.7077098488807678,0.45758748054504395,0.022205647081136703,0.056242723017930984,0.0008441515383310616
001662_JPG_jpg.rf.97c2b266f1a788361d25be2305f03736.jpg,1,0.5190604329109192,0.32390037178993225,0.04833536967635155,0.03317750617861748,0.000793434155639261
001662_JPG_jpg.rf.97c2b266f1a788361d25be2305f03736.jpg,1,0.13058480620384216,0.44705450534820557,0.028143929317593575,0.025146596133708954,0.0007919215713627636
001662_JPG_jpg.rf.97c2b266f1a788361d25be2305f03736.jpg,0,0.5494099855422974,0.4680227041244507,0.023919766768813133,0.014560040086507797,0.0007531701703555882
001662_JPG_jpg.rf.97c2b266f1a788361d25be2305f03736.jpg,1,0.7577210664749146,0.43241554498672485,0.03736334666609764,0.01573008857667446,0.0007169616874307394
001662_JPG_jpg.rf.97c2b266f1a788361d25be2305f03736.jpg,0,0.5150267481803894,0.3265540301799774,0.04312353953719139,0.029956232756376266,0.0006833199877291918
001662_JPG_jpg.rf.97c2b266f1a788361d25be2305f03736.jpg,1,0.5236159563064575,0.47741517424583435,0.02464771270751953,0.017721762880682945,0.0006590544362552464
001662_JPG_jpg.rf.97c2b266f1a788361d25be2305f03736.jpg,0,0.17347395420074463,0.4422943592071533,0.023411238566040993,0.02031164988875389,0.0006431726505979896
001662_JPG_jpg.rf.97c2b266f1a788361d25be2305f03736.jpg,1,0.11300168931484222,0.42510759830474854,0.05340244248509407,0.03490239009261131,0.0005722917849197984
001662_JPG_jpg.rf.97c2b266f1a788361d25be2305f03736.jpg,1,0.36636626720428467,0.4642753005027771,0.020096411928534508,0.019956111907958984,0.0005317186587490141
001662_JPG_jpg.rf.97c2b266f1a788361d25be2305f03736.jpg,1,0.41760531067848206,0.403334379196167,0.030111020430922508,0.016722753643989563,0.0005114231607876718
001693_JPG_jpg.rf.9c74f3077d05257d04e7a58a48642fe0.jpg,1,0.5308001637458801,0.3152109682559967,0.2196694165468216,0.11724375188350677,0.9619373083114624
001693_JPG_jpg.rf.9c74f3077d05257d04e7a58a48642fe0.jpg,0,0.284182071685791,0.3169495761394501,0.11008121818304062,0.30210790038108826,0.09360527992248535
001693_JPG_jpg.rf.9c74f3077d05257d04e7a58a48642fe0.jpg,1,0.7241854071617126,0.22960293292999268,0.16557979583740234,0.1472826451063156,0.0008721589110791683
001693_JPG_jpg.rf.9c74f3077d05257d04e7a58a48642fe0.jpg,0,0.7290701866149902,0.2282877117395401,0.15490107238292694,0.1487608700990677,0.0006212107255123556
001700_JPG_jpg.rf.4f29277e7dfa7365978e572fe9f9eee3.jpg,1,0.5440441370010376,0.11424177885055542,0.19906044006347656,0.06046576052904129,0.9581148624420166
001700_JPG_jpg.rf.4f29277e7dfa7365978e572fe9f9eee3.jpg,0,0.5426878333091736,0.10965119302272797,0.20068293809890747,0.05451710522174835,0.02221062034368515
001700_JPG_jpg.rf.4f29277e7dfa7365978e572fe9f9eee3.jpg,1,0.5418227910995483,0.07940983027219772,0.19729864597320557,0.11737342178821564,0.00718025304377079
001700_JPG_jpg.rf.4f29277e7dfa7365978e572fe9f9eee3.jpg,1,0.46353378891944885,0.2912956774234772,0.07169459760189056,0.03439927101135254,0.006597636733204126
001700_JPG_jpg.rf.4f29277e7dfa7365978e572fe9f9eee3.jpg,1,0.25142109394073486,0.08332851529121399,0.024116627871990204,0.06978849321603775,0.0012559741735458374
001700_JPG_jpg.rf.4f29277e7dfa7365978e572fe9f9eee3.jpg,1,0.5433872938156128,0.14638012647628784,0.1970916986465454,0.12730982899665833,0.0010133783798664808
001700_JPG_jpg.rf.4f29277e7dfa7365978e572fe9f9eee3.jpg,0,0.018653234466910362,0.3809201419353485,0.037306468933820724,0.047424133867025375,0.0006175354355946183
001700_JPG_jpg.rf.4f29277e7dfa7365978e572fe9f9eee3.jpg,0,0.12477197498083115,0.22383010387420654,0.03164324536919594,0.06125160679221153,0.0006062037427909672
001700_JPG_jpg.rf.4f29277e7dfa7365978e572fe9f9eee3.jpg,9,0.4827500283718109,0.8401063084602356,0.9637876749038696,0.3197874128818512,0.0005023982957936823
001813_JPG_jpg.rf.2a732d7bc29b893c586a2bebea876f72.jpg,1,0.08880183100700378,0.9396404027938843,0.17760366201400757,0.11932410299777985,0.9829298257827759
001813_JPG_jpg.rf.2a732d7bc29b893c586a2bebea876f72.jpg,11,0.6194912195205688,0.4530690014362335,0.14667046070098877,0.2479400783777237,0.0488472543656826
001813_JPG_jpg.rf.2a732d7bc29b893c586a2bebea876f72.jpg,1,0.034908246248960495,0.9344600439071655,0.06981649249792099,0.11708663403987885,0.0021218755282461643
001813_JPG_jpg.rf.2a732d7bc29b893c586a2bebea876f72.jpg,0,0.012890759855508804,0.35341015458106995,0.025715075433254242,0.3478531241416931,0.0012891882797703147
001813_JPG_jpg.rf.2a732d7bc29b893c586a2bebea876f72.jpg,0,0.9925922751426697,0.46967369318008423,0.01476405281573534,0.059443842619657516,0.0012285817647352815
001813_JPG_jpg.rf.2a732d7bc29b893c586a2bebea876f72.jpg,1,0.130029559135437,0.9415233731269836,0.2530481815338135,0.11695341765880585,0.0006863996968604624
001813_JPG_jpg.rf.2a732d7bc29b893c586a2bebea876f72.jpg,1,0.6305325031280518,0.4639601409435272,0.1781550943851471,0.2758020758628845,0.0006805164157412946
001813_JPG_jpg.rf.2a732d7bc29b893c586a2bebea876f72.jpg,1,0.76577228307724,0.5166672468185425,0.449105829000473,0.39166805148124695,0.000578644685447216
001813_JPG_jpg.rf.2a732d7bc29b893c586a2bebea876f72.jpg,1,0.9924381375312805,0.47381168603897095,0.0151238813996315,0.06606513261795044,0.0005345799727365375
001826_JPG_jpg.rf.a805482f1c979ccfd35e378a2d5d78a6.jpg,0,0.5541406869888306,0.19609200954437256,0.21999044716358185,0.09268166124820709,0.9377549290657043
001826_JPG_jpg.rf.a805482f1c979ccfd35e378a2d5d78a6.jpg,8,0.13093766570091248,0.1122397854924202,0.12364974617958069,0.19948530197143555,0.9369457960128784
001826_JPG_jpg.rf.a805482f1c979ccfd35e378a2d5d78a6.jpg,0,0.8995476365089417,0.5875407457351685,0.07739543914794922,0.03720114752650261,0.0018642940558493137
001826_JPG_jpg.rf.a805482f1c979ccfd35e378a2d5d78a6.jpg,6,0.1326570361852646,0.16786503791809082,0.131142720580101,0.323606014251709,0.0006108268862590194
001830_JPG_jpg.rf.80271bce54a1933c1c80ae661932ee2f.jpg,1,0.4396190047264099,0.12127738445997238,0.09497308731079102,0.04106569290161133,0.871329128742218
001830_JPG_jpg.rf.80271bce54a1933c1c80ae661932ee2f.jpg,1,0.15317164361476898,0.22041857242584229,0.031447164714336395,0.11389908939599991,0.5327078700065613
001830_JPG_jpg.rf.80271bce54a1933c1c80ae661932ee2f.jpg,0,0.6745927929878235,0.27960294485092163,0.03170057386159897,0.02566852979362011,0.011891203001141548
001830_JPG_jpg.rf.80271bce54a1933c1c80ae661932ee2f.jpg,0,0.5066432356834412,0.3985176980495453,0.026694664731621742,0.014808985404670238,0.011611483991146088
001830_JPG_jpg.rf.80271bce54a1933c1c80ae661932ee2f.jpg,1,0.5001460909843445,0.40084129571914673,0.022315209731459618,0.01599990390241146,0.0036943936720490456
001830_JPG_jpg.rf.80271bce54a1933c1c80ae661932ee2f.jpg,0,0.5535614490509033,0.39179956912994385,0.03492949530482292,0.014368240721523762,0.002627488225698471
001830_JPG_jpg.rf.80271bce54a1933c1c80ae661932ee2f.jpg,1,0.6113553643226624,0.3943844437599182,0.022569840773940086,0.018609413877129555,0.002146102488040924
001830_JPG_jpg.rf.80271bce54a1933c1c80ae661932ee2f.jpg,1,0.8741164803504944,0.36902275681495667,0.036506287753582,0.01527522224932909,0.0018593408167362213
001830_JPG_jpg.rf.80271bce54a1933c1c80ae661932ee2f.jpg,1,0.6035553812980652,0.365878701210022,0.01882648468017578,0.014768197201192379,0.0016419978346675634
001830_JPG_jpg.rf.80271bce54a1933c1c80ae661932ee2f.jpg,0,0.6018180847167969,0.38848841190338135,0.0310544241219759,0.01990410126745701,0.0014022091636434197
001830_JPG_jpg.rf.80271bce54a1933c1c80ae661932ee2f.jpg,8,0.8066783547401428,0.3680616617202759,0.01615619659423828,0.03121819905936718,0.00133901194203645
001830_JPG_jpg.rf.80271bce54a1933c1c80ae661932ee2f.jpg,1,0.36110931634902954,0.1240810677409172,0.05187761038541794,0.06950447708368301,0.0010090494761243463
001830_JPG_jpg.rf.80271bce54a1933c1c80ae661932ee2f.jpg,1,0.9934049844741821,0.4591788053512573,0.013162833638489246,0.050419699400663376,0.0009977164445444942
001830_JPG_jpg.rf.80271bce54a1933c1c80ae661932ee2f.jpg,0,0.6054747700691223,0.39373475313186646,0.03078104928135872,0.01938137784600258,0.0009600807097740471
001830_JPG_jpg.rf.80271bce54a1933c1c80ae661932ee2f.jpg,1,0.5525487065315247,0.3814210891723633,0.017295068129897118,0.011676165275275707,0.0009375164518132806
001830_JPG_jpg.rf.80271bce54a1933c1c80ae661932ee2f.jpg,0,0.8392583131790161,0.41199642419815063,0.04129791259765625,0.0132484445348382,0.0008868859149515629
001830_JPG_jpg.rf.80271bce54a1933c1c80ae661932ee2f.jpg,1,0.3144157826900482,0.00629532802850008,0.03973397985100746,0.012416686862707138,0.00086123903747648
001830_JPG_jpg.rf.80271bce54a1933c1c80ae661932ee2f.jpg,1,0.15264707803726196,0.20080555975437164,0.027036447077989578,0.05818523094058037,0.0008482459816150367
001830_JPG_jpg.rf.80271bce54a1933c1c80ae661932ee2f.jpg,0,0.5953298211097717,0.300503671169281,0.02818690985441208,0.026660921052098274,0.000826829404104501
001830_JPG_jpg.rf.80271bce54a1933c1c80ae661932ee2f.jpg,0,0.553033173084259,0.3820057511329651,0.03386211395263672,0.010843057185411453,0.000775107298977673
001830_JPG_jpg.rf.80271bce54a1933c1c80ae661932ee2f.jpg,1,0.4394531548023224,0.09587232023477554,0.0956416130065918,0.09188982844352722,0.0007194507052190602
001830_JPG_jpg.rf.80271bce54a1933c1c80ae661932ee2f.jpg,1,0.6346068978309631,0.4051535427570343,0.025252489373087883,0.014278045855462551,0.0006768464809283614
001830_JPG_jpg.rf.80271bce54a1933c1c80ae661932ee2f.jpg,1,0.838201105594635,0.4133206903934479,0.041954994201660156,0.01523711159825325,0.0006762861157767475
001830_JPG_jpg.rf.80271bce54a1933c1c80ae661932ee2f.jpg,8,0.8046602606773376,0.40046796202659607,0.023815229535102844,0.023660000413656235,0.0006618450279347599
001830_JPG_jpg.rf.80271bce54a1933c1c80ae661932ee2f.jpg,1,0.37885379791259766,0.12262623757123947,0.07246285676956177,0.05745377019047737,0.0006329474854283035
001830_JPG_jpg.rf.80271bce54a1933c1c80ae661932ee2f.jpg,0,0.7892943620681763,0.37821412086486816,0.05046917870640755,0.016102168709039688,0.0006216031033545732
001830_JPG_jpg.rf.80271bce54a1933c1c80ae661932ee2f.jpg,6,0.3821539878845215,0.6270321607589722,0.764307975769043,0.74593585729599,0.0005685526411980391
001830_JPG_jpg.rf.80271bce54a1933c1c80ae661932ee2f.jpg,0,0.7646105885505676,0.37760984897613525,0.015524277463555336,0.015909746289253235,0.0005504324799403548
001830_JPG_jpg.rf.80271bce54a1933c1c80ae661932ee2f.jpg,10,0.4305424392223358,0.4353652596473694,0.03127872198820114,0.020503520965576172,0.0005400864756666124
001830_JPG_jpg.rf.80271bce54a1933c1c80ae661932ee2f.jpg,0,0.5400789380073547,0.3932707905769348,0.028760727494955063,0.016586121171712875,0.0005175161059014499
001830_JPG_jpg.rf.80271bce54a1933c1c80ae661932ee2f.jpg,0,0.5167552828788757,0.39677342772483826,0.03246021270751953,0.01789228804409504,0.000510505517013371
001833_JPG_jpg.rf.b6092f0bd597484bb9c205017e5c389f.jpg,1,0.5357735753059387,0.24513810873031616,0.24762190878391266,0.09413585811853409,0.9604655504226685
001833_JPG_jpg.rf.b6092f0bd597484bb9c205017e5c389f.jpg,1,0.18677113950252533,0.0043673268519341946,0.06068671867251396,0.008723380044102669,0.008135659620165825
001833_JPG_jpg.rf.b6092f0bd597484bb9c205017e5c389f.jpg,1,0.5351435542106628,0.3027144968509674,0.24660257995128632,0.21151073276996613,0.003477824153378606
001833_JPG_jpg.rf.b6092f0bd597484bb9c205017e5c389f.jpg,0,0.9931033849716187,0.5133644938468933,0.013645539060235023,0.058135583996772766,0.003069876227527857
001833_JPG_jpg.rf.b6092f0bd597484bb9c205017e5c389f.jpg,1,0.4048929810523987,0.008824086748063564,0.04735352471470833,0.017397385090589523,0.0016462180064991117
001833_JPG_jpg.rf.b6092f0bd597484bb9c205017e5c389f.jpg,0,0.9935597777366638,0.5289899706840515,0.01267733983695507,0.018973901867866516,0.0015630889683961868
001833_JPG_jpg.rf.b6092f0bd597484bb9c205017e5c389f.jpg,0,0.17310744524002075,0.9840671420097351,0.021352529525756836,0.0313713364303112,0.001334428321570158
001833_JPG_jpg.rf.b6092f0bd597484bb9c205017e5c389f.jpg,1,0.23460297286510468,0.35379740595817566,0.07358459383249283,0.03363631293177605,0.0008936039521358907
001833_JPG_jpg.rf.b6092f0bd597484bb9c205017e5c389f.jpg,0,0.9958433508872986,0.5112447142601013,0.008313399739563465,0.047922611236572266,0.0007852471899241209
001833_JPG_jpg.rf.b6092f0bd597484bb9c205017e5c389f.jpg,0,0.14018981158733368,0.9802778363227844,0.03495818004012108,0.03877977281808853,0.0006969718378968537
001857_JPG_jpg.rf.d447fe7f6ff27a88a5e983e0b5f2a821.jpg,0,0.4375710189342499,0.23057959973812103,0.06867676973342896,0.03350945562124252,0.794574499130249
001857_JPG_jpg.rf.d447fe7f6ff27a88a5e983e0b5f2a821.jpg,0,0.6156061291694641,0.3658173382282257,0.05633222311735153,0.01744556427001953,0.11719478666782379
001857_JPG_jpg.rf.d447fe7f6ff27a88a5e983e0b5f2a821.jpg,0,0.6159560084342957,0.37815967202186584,0.03724028542637825,0.018480118364095688,0.05432749167084694
001857_JPG_jpg.rf.d447fe7f6ff27a88a5e983e0b5f2a821.jpg,0,0.6181188225746155,0.355981707572937,0.04566878825426102,0.0189092718064785,0.033652111887931824
001857_JPG_jpg.rf.d447fe7f6ff27a88a5e983e0b5f2a821.jpg,0,0.7763917446136475,0.2614082098007202,0.05848187953233719,0.021912135183811188,0.02681226283311844
001857_JPG_jpg.rf.d447fe7f6ff27a88a5e983e0b5f2a821.jpg,0,0.623031735420227,0.38161447644233704,0.02442026138305664,0.01496138982474804,0.025919903069734573
001857_JPG_jpg.rf.d447fe7f6ff27a88a5e983e0b5f2a821.jpg,0,0.616601288318634,0.35687440633773804,0.06027240306138992,0.029240133240818977,0.02319430001080036
001857_JPG_jpg.rf.d447fe7f6ff27a88a5e983e0b5f2a821.jpg,1,0.5791330337524414,0.35868918895721436,0.02976626716554165,0.011832348071038723,0.021782563999295235
001857_JPG_jpg.rf.d447fe7f6ff27a88a5e983e0b5f2a821.jpg,0,0.6690323352813721,0.35482093691825867,0.05386066809296608,0.015282227657735348,0.016540134325623512
001857_JPG_jpg.rf.d447fe7f6ff27a88a5e983e0b5f2a821.jpg,1,0.08965911716222763,0.5549128651618958,0.04230641946196556,0.027185184881091118,0.013833379372954369
001857_JPG_jpg.rf.d447fe7f6ff27a88a5e983e0b5f2a821.jpg,1,0.5855556726455688,0.36441275477409363,0.04024942219257355,0.018374919891357422,0.01358739659190178
001857_JPG_jpg.rf.d447fe7f6ff27a88a5e983e0b5f2a821.jpg,0,0.6710087656974792,0.3620823919773102,0.055469002574682236,0.021601898595690727,0.00962449423968792
001857_JPG_jpg.rf.d447fe7f6ff27a88a5e983e0b5f2a821.jpg,0,0.6455050706863403,0.3644544780254364,0.02766946703195572,0.02257758006453514,0.007793087512254715
001857_JPG_jpg.rf.d447fe7f6ff27a88a5e983e0b5f2a821.jpg,0,0.651989221572876,0.35405856370925903,0.039404064416885376,0.017431259155273438,0.006025203503668308
001857_JPG_jpg.rf.d447fe7f6ff27a88a5e983e0b5f2a821.jpg,1,0.496077299118042,0.45610567927360535,0.018357863649725914,0.013529594987630844,0.005948215257376432
001857_JPG_jpg.rf.d447fe7f6ff27a88a5e983e0b5f2a821.jpg,1,0.6616737246513367,0.3571159839630127,0.03172551840543747,0.016857514157891273,0.004676518961787224
001857_JPG_jpg.rf.d447fe7f6ff27a88a5e983e0b5f2a821.jpg,1,0.9316802620887756,0.6732593178749084,0.025399209931492805,0.021791385486721992,0.004575256258249283
001857_JPG_jpg.rf.d447fe7f6ff27a88a5e983e0b5f2a821.jpg,0,0.6261728405952454,0.38667938113212585,0.023262904956936836,0.017185138538479805,0.003187915775924921
001857_JPG_jpg.rf.d447fe7f6ff27a88a5e983e0b5f2a821.jpg,0,0.12895619869232178,0.4177941381931305,0.04751382768154144,0.015522957779467106,0.0031592112500220537
001857_JPG_jpg.rf.d447fe7f6ff27a88a5e983e0b5f2a821.jpg,0,0.29965606331825256,0.3777252435684204,0.025267327204346657,0.013899730518460274,0.0030344449914991856
001857_JPG_jpg.rf.d447fe7f6ff27a88a5e983e0b5f2a821.jpg,0,0.7887539863586426,0.2548469603061676,0.043078865855932236,0.029247377067804337,0.002495354041457176
001857_JPG_jpg.rf.d447fe7f6ff27a88a5e983e0b5f2a821.jpg,1,0.6011351943016052,0.46986666321754456,0.01624268852174282,0.012964542955160141,0.0022522371727973223
001857_JPG_jpg.rf.d447fe7f6ff27a88a5e983e0b5f2a821.jpg,0,0.66435706615448,0.4613141119480133,0.031932540237903595,0.022687692195177078,0.002045091474428773
001857_JPG_jpg.rf.d447fe7f6ff27a88a5e983e0b5f2a821.jpg,1,0.605353832244873,0.3650735914707184,0.04878921061754227,0.020099861547350883,0.0018876672256737947
001857_JPG_jpg.rf.d447fe7f6ff27a88a5e983e0b5f2a821.jpg,1,0.941494345664978,0.6751698851585388,0.04379059746861458,0.02289838157594204,0.0018021573778241873
001857_JPG_jpg.rf.d447fe7f6ff27a88a5e983e0b5f2a821.jpg,0,0.34960687160491943,0.24813352525234222,0.05333754047751427,0.04648280143737793,0.0017416757764294744
001857_JPG_jpg.rf.d447fe7f6ff27a88a5e983e0b5f2a821.jpg,1,0.6574565172195435,0.3657251000404358,0.025778258219361305,0.02034495584666729,0.001719217631034553
001857_JPG_jpg.rf.d447fe7f6ff27a88a5e983e0b5f2a821.jpg,0,0.6362661719322205,0.36816030740737915,0.03583438694477081,0.021327899768948555,0.001690531033091247
001857_JPG_jpg.rf.d447fe7f6ff27a88a5e983e0b5f2a821.jpg,0,0.7835819721221924,0.24453547596931458,0.06326345354318619,0.03490976244211197,0.0016445184592157602
001857_JPG_jpg.rf.d447fe7f6ff27a88a5e983e0b5f2a821.jpg,0,0.39123818278312683,0.23767119646072388,0.0291952732950449,0.03789430484175682,0.0016341950977221131
001857_JPG_jpg.rf.d447fe7f6ff27a88a5e983e0b5f2a821.jpg,1,0.6489309668540955,0.4534349739551544,0.020615799352526665,0.02496480941772461,0.0015840305713936687
001857_JPG_jpg.rf.d447fe7f6ff27a88a5e983e0b5f2a821.jpg,0,0.5020259022712708,0.4562543034553528,0.016829490661621094,0.01401765551418066,0.0015412523644044995
001857_JPG_jpg.rf.d447fe7f6ff27a88a5e983e0b5f2a821.jpg,1,0.12447207421064377,0.4175412356853485,0.03886409103870392,0.015405068174004555,0.0015360262477770448
001857_JPG_jpg.rf.d447fe7f6ff27a88a5e983e0b5f2a821.jpg,7,0.7855772376060486,0.6375725269317627,0.42884570360183716,0.6326502561569214,0.0012722531100735068
001857_JPG_jpg.rf.d447fe7f6ff27a88a5e983e0b5f2a821.jpg,1,0.0051687792874872684,0.48358258605003357,0.010337558574974537,0.037649817764759064,0.001209451467730105
001857_JPG_jpg.rf.d447fe7f6ff27a88a5e983e0b5f2a821.jpg,0,0.6340112686157227,0.3792109191417694,0.03860125318169594,0.015038417652249336,0.001180207822471857
001857_JPG_jpg.rf.d447fe7f6ff27a88a5e983e0b5f2a821.jpg,0,0.32850733399391174,0.48480045795440674,0.01803809031844139,0.01394271943718195,0.001112225349061191
001857_JPG_jpg.rf.d447fe7f6ff27a88a5e983e0b5f2a821.jpg,0,0.5997147560119629,0.4714345335960388,0.015808509662747383,0.010328659787774086,0.0010540395742282271
001857_JPG_jpg.rf.d447fe7f6ff27a88a5e983e0b5f2a821.jpg,0,0.92335045337677,0.3063395917415619,0.036197077482938766,0.023158514872193336,0.0010481885401532054
001857_JPG_jpg.rf.d447fe7f6ff27a88a5e983e0b5f2a821.jpg,1,0.6033794283866882,0.3597962558269501,0.03874070942401886,0.017478063702583313,0.0010298038832843304
001857_JPG_jpg.rf.d447fe7f6ff27a88a5e983e0b5f2a821.jpg,0,0.006689070258289576,0.47284209728240967,0.013378140516579151,0.04961949214339256,0.001007354469038546
001857_JPG_jpg.rf.d447fe7f6ff27a88a5e983e0b5f2a821.jpg,0,0.8526739478111267,0.332156777381897,0.03999482840299606,0.021089371293783188,0.0009747851872816682
001857_JPG_jpg.rf.d447fe7f6ff27a88a5e983e0b5f2a821.jpg,0,0.13532781600952148,0.4108255207538605,0.05227886885404587,0.01964312419295311,0.0008668198133818805
001857_JPG_jpg.rf.d447fe7f6ff27a88a5e983e0b5f2a821.jpg,0,0.295816034078598,0.3731696903705597,0.030110562220215797,0.014677525497972965,0.0007421820773743093
001857_JPG_jpg.rf.d447fe7f6ff27a88a5e983e0b5f2a821.jpg,0,0.7747368216514587,0.2706597149372101,0.06637456268072128,0.038647837936878204,0.0006941384053789079
001857_JPG_jpg.rf.d447fe7f6ff27a88a5e983e0b5f2a821.jpg,0,0.8406504392623901,0.3330169916152954,0.03381325677037239,0.01894914172589779,0.0006836512475274503
001857_JPG_jpg.rf.d447fe7f6ff27a88a5e983e0b5f2a821.jpg,7,0.7945939302444458,0.19270868599414825,0.40069642663002014,0.3436754047870636,0.0006553358398377895
001857_JPG_jpg.rf.d447fe7f6ff27a88a5e983e0b5f2a821.jpg,0,0.6149700284004211,0.388299822807312,0.03528286889195442,0.019582455977797508,0.0006254506879486144
001857_JPG_jpg.rf.d447fe7f6ff27a88a5e983e0b5f2a821.jpg,1,0.6628885269165039,0.4546380639076233,0.027043417096138,0.023469924926757812,0.0006081654573790729
001857_JPG_jpg.rf.d447fe7f6ff27a88a5e983e0b5f2a821.jpg,0,0.5833300352096558,0.4696658253669739,0.016885941848158836,0.0076006012968719006,0.0005983476876281202
001857_JPG_jpg.rf.d447fe7f6ff27a88a5e983e0b5f2a821.jpg,1,0.5250546336174011,0.4350494146347046,0.02130204066634178,0.018360799178481102,0.0005952725769020617
001857_JPG_jpg.rf.d447fe7f6ff27a88a5e983e0b5f2a821.jpg,1,0.9597226977348328,0.6776485443115234,0.08055474609136581,0.025170033797621727,0.0005739546031691134
001857_JPG_jpg.rf.d447fe7f6ff27a88a5e983e0b5f2a821.jpg,1,0.25055640935897827,0.45391157269477844,0.024760577827692032,0.035468652844429016,0.0005424894625321031
001857_JPG_jpg.rf.d447fe7f6ff27a88a5e983e0b5f2a821.jpg,1,0.65379399061203,0.46009865403175354,0.02240518480539322,0.022475464269518852,0.0005038424860686064
001860_JPG_jpg.rf.6e8d22dbd246ecfaf521fbb30ff5e2fe.jpg,0,0.5334569811820984,0.26197537779808044,0.14783841371536255,0.09317585825920105,0.9249751567840576
001860_JPG_jpg.rf.6e8d22dbd246ecfaf521fbb30ff5e2fe.jpg,0,0.9188347458839417,0.9221410155296326,0.04135417938232422,0.02856907621026039,0.08707498759031296
001860_JPG_jpg.rf.6e8d22dbd246ecfaf521fbb30ff5e2fe.jpg,0,0.8311663866043091,0.9671345353126526,0.016750482842326164,0.062807597219944,0.0741950049996376
001860_JPG_jpg.rf.6e8d22dbd246ecfaf521fbb30ff5e2fe.jpg,11,0.38415709137916565,0.3155219852924347,0.09193560481071472,0.18604832887649536,0.03381437435746193
001860_JPG_jpg.rf.6e8d22dbd246ecfaf521fbb30ff5e2fe.jpg,1,0.004211876541376114,0.02095876634120941,0.008335893042385578,0.03994826599955559,0.019747160375118256
001860_JPG_jpg.rf.6e8d22dbd246ecfaf521fbb30ff5e2fe.jpg,0,0.989672839641571,0.6712814569473267,0.020512361079454422,0.08352235704660416,0.01504552736878395
001860_JPG_jpg.rf.6e8d22dbd246ecfaf521fbb30ff5e2fe.jpg,0,0.4653688371181488,0.1478317379951477,0.09607770293951035,0.1920032501220703,0.0016452968120574951
001860_JPG_jpg.rf.6e8d22dbd246ecfaf521fbb30ff5e2fe.jpg,14,0.026722179725766182,0.9267143607139587,0.053444359451532364,0.14657138288021088,0.0011391740990802646
001860_JPG_jpg.rf.6e8d22dbd246ecfaf521fbb30ff5e2fe.jpg,0,0.42956551909446716,0.14382092654705048,0.02390003204345703,0.178266242146492,0.0010378733277320862
001860_JPG_jpg.rf.6e8d22dbd246ecfaf521fbb30ff5e2fe.jpg,0,0.05162473022937775,0.007361902855336666,0.06478410959243774,0.014648525044322014,0.0007129132864065468
001918_jpg.rf.cf4263574ace70aef2c9045b9cde5a85.jpg,6,0.5113281607627869,0.7456125617027283,0.2394731342792511,0.3006193935871124,0.9394478797912598
001918_jpg.rf.cf4263574ace70aef2c9045b9cde5a85.jpg,10,0.5088948011398315,0.7436395883560181,0.2311917245388031,0.3043506145477295,0.06282923370599747
001918_jpg.rf.cf4263574ace70aef2c9045b9cde5a85.jpg,7,0.5091539621353149,0.7449000477790833,0.2318446934223175,0.3029667139053345,0.05126334726810455
001918_jpg.rf.cf4263574ace70aef2c9045b9cde5a85.jpg,5,0.5525153279304504,0.3621150255203247,0.33748859167099,0.4421856999397278,0.03155696392059326
001918_jpg.rf.cf4263574ace70aef2c9045b9cde5a85.jpg,8,0.5207129716873169,0.361419677734375,0.41449058055877686,0.4453946053981781,0.03115260787308216
001918_jpg.rf.cf4263574ace70aef2c9045b9cde5a85.jpg,7,0.5262733101844788,0.36161375045776367,0.4063974618911743,0.44453710317611694,0.023127315565943718
001918_jpg.rf.cf4263574ace70aef2c9045b9cde5a85.jpg,8,0.5099473595619202,0.7434226274490356,0.2305152714252472,0.3047240674495697,0.012517035938799381
001918_jpg.rf.cf4263574ace70aef2c9045b9cde5a85.jpg,5,0.5110454559326172,0.7460722327232361,0.24084411561489105,0.30298975110054016,0.0027855942025780678
001918_jpg.rf.cf4263574ace70aef2c9045b9cde5a85.jpg,11,0.16453349590301514,0.7832027077674866,0.10690129548311234,0.17350703477859497,0.0022669413592666388
001918_jpg.rf.cf4263574ace70aef2c9045b9cde5a85.jpg,14,0.5399430394172668,0.36057910323143005,0.37834763526916504,0.44412460923194885,0.0019950922578573227
001918_jpg.rf.cf4263574ace70aef2c9045b9cde5a85.jpg,1,0.05773761868476868,0.74940425157547,0.11547523736953735,0.34770911931991577,0.0007611782057210803
001982_jpg.rf.6d24adf886f0c39c03910738d4ecc170.jpg,1,0.7737820744514465,0.26322174072265625,0.10041648149490356,0.2531316876411438,0.8546206951141357
001982_jpg.rf.6d24adf886f0c39c03910738d4ecc170.jpg,8,0.3922574818134308,0.46976304054260254,0.03434581309556961,0.037456806749105453,0.017802447080612183
001982_jpg.rf.6d24adf886f0c39c03910738d4ecc170.jpg,0,0.8066090941429138,0.2634875178337097,0.0404985137283802,0.24850523471832275,0.012569067068397999
001982_jpg.rf.6d24adf886f0c39c03910738d4ecc170.jpg,8,0.18242979049682617,0.4526612460613251,0.01940714381635189,0.03219157084822655,0.011998986825346947
001982_jpg.rf.6d24adf886f0c39c03910738d4ecc170.jpg,0,0.7562071084976196,0.2626653015613556,0.06472624838352203,0.24567081034183502,0.011596416123211384
001982_jpg.rf.6d24adf886f0c39c03910738d4ecc170.jpg,1,0.8051714301109314,0.2644566595554352,0.04722558706998825,0.24175243079662323,0.00634479895234108
001982_jpg.rf.6d24adf886f0c39c03910738d4ecc170.jpg,11,0.7711368203163147,0.4364318549633026,0.06592941284179688,0.08488208055496216,0.0036536718253046274
001982_jpg.rf.6d24adf886f0c39c03910738d4ecc170.jpg,1,0.7574386596679688,0.44997361302375793,0.1344960331916809,0.6223870515823364,0.003039983566850424
001982_jpg.rf.6d24adf886f0c39c03910738d4ecc170.jpg,8,0.9963432550430298,0.5187487006187439,0.007313508540391922,0.051662079989910126,0.002910823095589876
001982_jpg.rf.6d24adf886f0c39c03910738d4ecc170.jpg,8,0.7561386823654175,0.2651689946651459,0.06291961669921875,0.23889164626598358,0.0018308555008843541
001982_jpg.rf.6d24adf886f0c39c03910738d4ecc170.jpg,1,0.7568519115447998,0.23985518515110016,0.064141646027565,0.17603066563606262,0.0017137642716988921
001982_jpg.rf.6d24adf886f0c39c03910738d4ecc170.jpg,1,0.8789635300636292,0.5101368427276611,0.17181338369846344,0.7701027393341064,0.001150966971181333
001982_jpg.rf.6d24adf886f0c39c03910738d4ecc170.jpg,1,0.36672350764274597,0.23786865174770355,0.025200368836522102,0.01388293132185936,0.0010034627048298717
001982_jpg.rf.6d24adf886f0c39c03910738d4ecc170.jpg,1,0.7031958699226379,0.47778329253196716,0.18330267071723938,0.7084497809410095,0.0006537491572089493
001996_jpg.rf.e04928f5210adad4b15f5a851c83b514.jpg,1,0.6471951007843018,0.4658094346523285,0.1549193412065506,0.34994736313819885,0.19434286653995514
001996_jpg.rf.e04928f5210adad4b15f5a851c83b514.jpg,1,0.6144776940345764,0.38669639825820923,0.1105431467294693,0.19686181843280792,0.0634959414601326
001996_jpg.rf.e04928f5210adad4b15f5a851c83b514.jpg,1,0.6817008256912231,0.6205672025680542,0.219622403383255,0.6679545640945435,0.004490125924348831
001996_jpg.rf.e04928f5210adad4b15f5a851c83b514.jpg,1,0.2745996415615082,0.7378671765327454,0.3947550356388092,0.289996474981308,0.0013170839520171285
001996_jpg.rf.e04928f5210adad4b15f5a851c83b514.jpg,1,0.7735165357589722,0.44361165165901184,0.45296698808670044,0.8534655570983887,0.0005310738924890757
002188_jpg.rf.0c0627398b64450d4f392c77290207fe.jpg,1,0.7209757566452026,0.33833351731300354,0.33683285117149353,0.15786805748939514,0.9135493040084839
002188_jpg.rf.0c0627398b64450d4f392c77290207fe.jpg,0,0.7175848484039307,0.3319171965122223,0.33826693892478943,0.1582053005695343,0.033080898225307465
002188_jpg.rf.0c0627398b64450d4f392c77290207fe.jpg,1,0.6321430206298828,0.34540149569511414,0.1563521921634674,0.15090352296829224,0.007315343711525202
002188_jpg.rf.0c0627398b64450d4f392c77290207fe.jpg,1,0.9503398537635803,0.010249005630612373,0.09325027465820312,0.020470891147851944,0.0017904003616422415
002188_jpg.rf.0c0627398b64450d4f392c77290207fe.jpg,1,0.7202932834625244,0.5573117733001709,0.33548593521118164,0.6069961786270142,0.0016919149784371257
002188_jpg.rf.0c0627398b64450d4f392c77290207fe.jpg,8,0.6972355842590332,0.012964126653969288,0.10587216168642044,0.025928253307938576,0.001458879909478128
002188_jpg.rf.0c0627398b64450d4f392c77290207fe.jpg,11,0.38749733567237854,0.37678998708724976,0.13378052413463593,0.2499837726354599,0.000676770054269582
002188_jpg.rf.0c0627398b64450d4f392c77290207fe.jpg,11,0.6973010301589966,0.014747443608939648,0.10579131543636322,0.029494887217879295,0.0006420650170184672
0023f366-a173-4ba7-952c-63f5698c022d_jpg.rf.9edd5a29eae0884e275e51ee445d1a10.jpg,1,0.5832197070121765,0.5147444605827332,0.6982877850532532,0.8468673229217529,0.9173434972763062
0230d0a6-0eac-4bf1-bc0c-560f18ad7415_jpg.rf.48f1963e9fbe5a6b0179b33762a2eb65.jpg,1,0.5822397470474243,0.4962647259235382,0.655106782913208,0.8426719903945923,0.7810453176498413
0230d0a6-0eac-4bf1-bc0c-560f18ad7415_jpg.rf.48f1963e9fbe5a6b0179b33762a2eb65.jpg,0,0.5913426280021667,0.5062581896781921,0.6444680094718933,0.8208751082420349,0.6654793620109558
0313fdea-c8b1-458b-adac-adcb4aac3622_jpg.rf.78780f33ec642080187f26937e8005be.jpg,1,0.5597285628318787,0.5153536796569824,0.6547558307647705,0.8365050554275513,0.9083582162857056
0313fdea-c8b1-458b-adac-adcb4aac3622_jpg.rf.78780f33ec642080187f26937e8005be.jpg,0,0.12831595540046692,0.5599478483200073,0.2566302418708801,0.7379902005195618,0.10202770680189133
0313fdea-c8b1-458b-adac-adcb4aac3622_jpg.rf.78780f33ec642080187f26937e8005be.jpg,0,0.2293076068162918,0.27455058693885803,0.4552302658557892,0.5486215353012085,0.003446698421612382
0313fdea-c8b1-458b-adac-adcb4aac3622_jpg.rf.78780f33ec642080187f26937e8005be.jpg,1,0.8728070259094238,0.514385461807251,0.2538604736328125,0.641053318977356,0.001031666761264205
0590a57d-491c-4322-b287-594d5511e79b_jpg.rf.654f0a4f98fad473e55cc437d1c9d902.jpg,0,0.45351433753967285,0.5469118356704712,0.5218358039855957,0.7966678738594055,0.7436357140541077
0590a57d-491c-4322-b287-594d5511e79b_jpg.rf.654f0a4f98fad473e55cc437d1c9d902.jpg,0,0.9332613348960876,0.6473413705825806,0.13325881958007812,0.6208561658859253,0.011877261102199554
0590a57d-491c-4322-b287-594d5511e79b_jpg.rf.654f0a4f98fad473e55cc437d1c9d902.jpg,0,0.8598722815513611,0.6153901219367981,0.27935534715652466,0.6743308305740356,0.0025652998592704535
0590a57d-491c-4322-b287-594d5511e79b_jpg.rf.654f0a4f98fad473e55cc437d1c9d902.jpg,0,0.08258729428052902,0.468799352645874,0.16424202919006348,0.914756715297699,0.0013074384769424796
0590a57d-491c-4322-b287-594d5511e79b_jpg.rf.654f0a4f98fad473e55cc437d1c9d902.jpg,0,0.4711906313896179,0.15108506381511688,0.713299572467804,0.30217012763023376,0.0012035277904942632
0590a57d-491c-4322-b287-594d5511e79b_jpg.rf.654f0a4f98fad473e55cc437d1c9d902.jpg,0,0.42716100811958313,0.061411354690790176,0.7246959805488586,0.12237995117902756,0.0005399773945100605
0629fae7-2357-4fa2-a599-750358cf7e2e_jpg.rf.363911291d5f6f7fe0e031331fd7e4e9.jpg,0,0.5011796951293945,0.5246880650520325,0.7238167524337769,0.7716608047485352,0.9290319085121155
080e28db-6b07-4f03-a3c3-0803f43cc2ea_jpg.rf.8db090c85fe85dbff2c2f30a30efb0e1.jpg,1,0.5308852195739746,0.4834764003753662,0.5176159143447876,0.8030296564102173,0.881532609462738
080e28db-6b07-4f03-a3c3-0803f43cc2ea_jpg.rf.8db090c85fe85dbff2c2f30a30efb0e1.jpg,11,0.07117430120706558,0.2974180281162262,0.14226824045181274,0.26816248893737793,0.005159517750144005
080e28db-6b07-4f03-a3c3-0803f43cc2ea_jpg.rf.8db090c85fe85dbff2c2f30a30efb0e1.jpg,0,0.07722461223602295,0.29223981499671936,0.1544492244720459,0.27933382987976074,0.0030078242998570204
080e28db-6b07-4f03-a3c3-0803f43cc2ea_jpg.rf.8db090c85fe85dbff2c2f30a30efb0e1.jpg,9,0.07457324117422104,0.3414451777935028,0.14914648234844208,0.3497476577758789,0.0014034342020750046
080e28db-6b07-4f03-a3c3-0803f43cc2ea_jpg.rf.8db090c85fe85dbff2c2f30a30efb0e1.jpg,1,0.9377351999282837,0.6870008707046509,0.12394414097070694,0.48537614941596985,0.000575128709897399
0866866d-298d-4bff-afa0-6456ad7fd807_jpg.rf.3bcf97c79a92aac15ad03419bbadf199.jpg,1,0.44542649388313293,0.46882712841033936,0.6167669296264648,0.8564211130142212,0.8883946537971497
08724eba-901b-4e19-883d-1cc236532391_jpg.rf.58818e500202bb38a13268b4cd2c4f4a.jpg,0,0.597480297088623,0.5425286293029785,0.42021045088768005,0.7684566974639893,0.8709751963615417
09282467-3e63-4506-9252-a0fd5b913deb_jpg.rf.7c3a79616a712d7b1f231bc9108d8db7.jpg,0,0.544888436794281,0.4927513003349304,0.6470485329627991,0.8069351315498352,0.8984791040420532
09282467-3e63-4506-9252-a0fd5b913deb_jpg.rf.7c3a79616a712d7b1f231bc9108d8db7.jpg,0,0.3621988296508789,0.5740559697151184,0.5173425078392029,0.6009134650230408,0.0008715695003047585
098904b8-c355-46e6-b644-52387480db96_jpg.rf.ed1b718605fa48e5c0cfbc438da6d050.jpg,0,0.5297462344169617,0.5048140287399292,0.6398709416389465,0.8630483746528625,0.8958349823951721
10a18f3d-79d7-447f-ab9e-6de78b09477f_jpg.rf.8ce6805731f28537f453028a8d5a4885.jpg,1,0.5630353689193726,0.471671998500824,0.7864445447921753,0.9146440029144287,0.8851540088653564
10a18f3d-79d7-447f-ab9e-6de78b09477f_jpg.rf.8ce6805731f28537f453028a8d5a4885.jpg,1,0.4803694486618042,0.6443148851394653,0.6528192758560181,0.5749028325080872,0.0022120578214526176
1141c383-3413-40a0-a550-7253129d4a4a_jpg.rf.5d2d3eba0b2dbca166bc5c51fe7e607d.jpg,0,0.585442841053009,0.49649518728256226,0.5971639752388,0.8314809203147888,0.8978679776191711
1141c383-3413-40a0-a550-7253129d4a4a_jpg.rf.5d2d3eba0b2dbca166bc5c51fe7e607d.jpg,0,0.8879536986351013,0.5080698728561401,0.08023606985807419,0.828419029712677,0.005585797131061554
1141c383-3413-40a0-a550-7253129d4a4a_jpg.rf.5d2d3eba0b2dbca166bc5c51fe7e607d.jpg,7,0.9015471935272217,0.5124499797821045,0.11125697195529938,0.8413060307502747,0.0010864250361919403
1141c383-3413-40a0-a550-7253129d4a4a_jpg.rf.5d2d3eba0b2dbca166bc5c51fe7e607d.jpg,7,0.8581810593605042,0.4111194312572479,0.13318480551242828,0.633673369884491,0.0007589751621708274
1141c383-3413-40a0-a550-7253129d4a4a_jpg.rf.5d2d3eba0b2dbca166bc5c51fe7e607d.jpg,1,0.885449230670929,0.3947923481464386,0.0743246078491211,0.6334522366523743,0.0007514409953728318
182a7c98-60cb-46a4-a89b-ad3500515c3a_jpg.rf.2a5a1477064c1cd7dbe34e2e9a982a9e.jpg,0,0.505639374256134,0.474275141954422,0.739400327205658,0.948550283908844,0.8557206988334656
182a7c98-60cb-46a4-a89b-ad3500515c3a_jpg.rf.2a5a1477064c1cd7dbe34e2e9a982a9e.jpg,0,0.6381705403327942,0.3676518499851227,0.49127620458602905,0.7353036999702454,0.003142589470371604
182a7c98-60cb-46a4-a89b-ad3500515c3a_jpg.rf.2a5a1477064c1cd7dbe34e2e9a982a9e.jpg,0,0.2688676416873932,0.1191856786608696,0.4600341022014618,0.23824991285800934,0.002809103112667799
182a7c98-60cb-46a4-a89b-ad3500515c3a_jpg.rf.2a5a1477064c1cd7dbe34e2e9a982a9e.jpg,0,0.9276074767112732,0.14155042171478271,0.1447458267211914,0.28283926844596863,0.0015241221990436316
182a7c98-60cb-46a4-a89b-ad3500515c3a_jpg.rf.2a5a1477064c1cd7dbe34e2e9a982a9e.jpg,0,0.5544759631156921,0.12673470377922058,0.7250008583068848,0.253068208694458,0.0009833608055487275
2257b962-595c-43ae-8f0d-575f1b55beb8_jpg.rf.d8ba84a72e00584f12f54d3cf03c8dc0.jpg,0,0.5431380271911621,0.4958634674549103,0.5116831660270691,0.8370068669319153,0.9208771586418152
2257b962-595c-43ae-8f0d-575f1b55beb8_jpg.rf.d8ba84a72e00584f12f54d3cf03c8dc0.jpg,0,0.1674947589635849,0.47559571266174316,0.33428439497947693,0.8758566975593567,0.0012547187507152557
24085f02-5dde-4b59-ad8e-887935bd08e1_jpg.rf.d216c61af0d1adf927b98f242a4fe85f.jpg,0,0.4281221628189087,0.4923348128795624,0.7336583137512207,0.9424195289611816,0.9163931608200073
24085f02-5dde-4b59-ad8e-887935bd08e1_jpg.rf.d216c61af0d1adf927b98f242a4fe85f.jpg,1,0.5422889590263367,0.41329917311668396,0.8404752612113953,0.7642154097557068,0.38511842489242554
24085f02-5dde-4b59-ad8e-887935bd08e1_jpg.rf.d216c61af0d1adf927b98f242a4fe85f.jpg,1,0.10210943967103958,0.03801296278834343,0.20421887934207916,0.07581445574760437,0.001857226830907166
24085f02-5dde-4b59-ad8e-887935bd08e1_jpg.rf.d216c61af0d1adf927b98f242a4fe85f.jpg,0,0.9390146136283875,0.24173128604888916,0.1219707652926445,0.46245986223220825,0.0006098016747273505
27beeb65-e6ea-4c4a-9dea-597500f26e7f_jpg.rf.29ca4c588d77178889b70d59993eb0ff.jpg,0,0.5479610562324524,0.4721911549568176,0.7058429718017578,0.8650498390197754,0.913178563117981
643854b9-b9d9-4b74-99fb-830fde4a0b74_jpg.rf.4d252deec56db095b1acab7c1c0f1bdc.jpg,1,0.5314112305641174,0.504712700843811,0.6803901195526123,0.8154496550559998,0.8947349190711975
b413caec-028d-48e6-922b-fc63db1b7ebb_jpg.rf.259a6b31980f35168c8ec00a5e80c263.jpg,0,0.5106581449508667,0.4815707802772522,0.6334757208824158,0.8526020646095276,0.9441303014755249
FisheyeCamera_1_00000_png.rf.51e7c2d131818f5ac51613cb3d152380.jpg,14,0.6043077707290649,0.544040858745575,0.02442147210240364,0.03229563310742378,0.862175464630127
FisheyeCamera_1_00000_png.rf.51e7c2d131818f5ac51613cb3d152380.jpg,6,0.4259665012359619,0.5517598390579224,0.011981891468167305,0.010334308259189129,0.02138889953494072
FisheyeCamera_1_00000_png.rf.51e7c2d131818f5ac51613cb3d152380.jpg,6,0.43088796734809875,0.5511544346809387,0.009873096831142902,0.010880653746426105,0.01697838492691517
FisheyeCamera_1_00000_png.rf.51e7c2d131818f5ac51613cb3d152380.jpg,0,0.6781052947044373,0.5345388054847717,0.00760966120287776,0.013687428086996078,0.004459846299141645
FisheyeCamera_1_00000_png.rf.51e7c2d131818f5ac51613cb3d152380.jpg,0,0.40154436230659485,0.5348547101020813,0.012892906554043293,0.0126838693395257,0.003085412085056305
FisheyeCamera_1_00000_png.rf.51e7c2d131818f5ac51613cb3d152380.jpg,0,0.3982391357421875,0.5359304547309875,0.00931934267282486,0.013051033951342106,0.002421071520075202
FisheyeCamera_1_00000_png.rf.51e7c2d131818f5ac51613cb3d152380.jpg,0,0.3413092792034149,0.49244633316993713,0.011568363755941391,0.010142547078430653,0.0016185760032385588
FisheyeCamera_1_00000_png.rf.51e7c2d131818f5ac51613cb3d152380.jpg,6,0.44555026292800903,0.5404667854309082,0.00971489679068327,0.013990659266710281,0.0013071326538920403
FisheyeCamera_1_00000_png.rf.51e7c2d131818f5ac51613cb3d152380.jpg,6,0.4378131031990051,0.5400479435920715,0.015050778165459633,0.013099927455186844,0.001296832924708724
FisheyeCamera_1_00000_png.rf.51e7c2d131818f5ac51613cb3d152380.jpg,0,0.6863479018211365,0.5320971012115479,0.009270741604268551,0.012991172261536121,0.0012541153701022267
FisheyeCamera_1_00000_png.rf.51e7c2d131818f5ac51613cb3d152380.jpg,6,0.4461562931537628,0.5480591654777527,0.008797352202236652,0.011710938066244125,0.0011358832707628608
FisheyeCamera_1_00000_png.rf.51e7c2d131818f5ac51613cb3d152380.jpg,14,0.6035705804824829,0.5682808756828308,0.024470806121826172,0.08630206435918808,0.0008011555182747543
FisheyeCamera_1_00000_png.rf.51e7c2d131818f5ac51613cb3d152380.jpg,6,0.4446859657764435,0.5444871783256531,0.0065051959827542305,0.011159896850585938,0.0007799504091963172
FisheyeCamera_1_00000_png.rf.51e7c2d131818f5ac51613cb3d152380.jpg,0,0.5529799461364746,0.5084308981895447,0.010426998138427734,0.008571552112698555,0.0007758795982226729
FisheyeCamera_1_00000_png.rf.51e7c2d131818f5ac51613cb3d152380.jpg,5,0.37916961312294006,0.6980297565460205,0.7569487690925598,0.603940486907959,0.0007461601053364575
FisheyeCamera_1_00000_png.rf.51e7c2d131818f5ac51613cb3d152380.jpg,0,0.30352315306663513,0.5189783573150635,0.010654816403985023,0.01515436265617609,0.0007111354498192668
FisheyeCamera_1_00000_png.rf.51e7c2d131818f5ac51613cb3d152380.jpg,14,0.6099554896354675,0.4168519675731659,0.5992053747177124,0.8005944490432739,0.0006520476308651268
FisheyeCamera_1_00000_png.rf.51e7c2d131818f5ac51613cb3d152380.jpg,6,0.42858049273490906,0.5451444387435913,0.007779781706631184,0.007251373026520014,0.0006471517845056951
FisheyeCamera_1_00000_png.rf.51e7c2d131818f5ac51613cb3d152380.jpg,6,0.422503262758255,0.5452035069465637,0.007685661781579256,0.005171005614101887,0.000610443064942956
FisheyeCamera_1_00000_png.rf.51e7c2d131818f5ac51613cb3d152380.jpg,10,0.44412288069725037,0.5319417119026184,0.00690849032253027,0.013923279009759426,0.0005901544354856014
FisheyeCamera_1_00000_png.rf.51e7c2d131818f5ac51613cb3d152380.jpg,6,0.4033399522304535,0.5396344065666199,0.010025831870734692,0.011560036800801754,0.000543109024874866
FisheyeCamera_1_00005_png.rf.2c3a5ef517c817ce7872439ac76a7c08.jpg,14,0.6438137888908386,0.5390306711196899,0.030172716826200485,0.042476948350667953,0.9659110307693481
FisheyeCamera_1_00005_png.rf.2c3a5ef517c817ce7872439ac76a7c08.jpg,0,0.39274340867996216,0.5333715677261353,0.012135175988078117,0.01387262437492609,0.01304579246789217
FisheyeCamera_1_00005_png.rf.2c3a5ef517c817ce7872439ac76a7c08.jpg,6,0.43667054176330566,0.5464064478874207,0.011180657893419266,0.01191194262355566,0.009770737029612064
FisheyeCamera_1_00005_png.rf.2c3a5ef517c817ce7872439ac76a7c08.jpg,0,0.39811334013938904,0.5349838733673096,0.014140753075480461,0.012488659471273422,0.009379751048982143
FisheyeCamera_1_00005_png.rf.2c3a5ef517c817ce7872439ac76a7c08.jpg,10,0.39060360193252563,0.5347703099250793,0.007331004831939936,0.016942685469985008,0.007101960945874453
FisheyeCamera_1_00005_png.rf.2c3a5ef517c817ce7872439ac76a7c08.jpg,6,0.42240989208221436,0.5481006503105164,0.010678695514798164,0.010120868682861328,0.006562259513884783
FisheyeCamera_1_00005_png.rf.2c3a5ef517c817ce7872439ac76a7c08.jpg,0,0.39409270882606506,0.5280982255935669,0.013822079636156559,0.0171966552734375,0.0030824216082692146
FisheyeCamera_1_00005_png.rf.2c3a5ef517c817ce7872439ac76a7c08.jpg,0,0.3931633234024048,0.5241190195083618,0.007804980967193842,0.010965127497911453,0.0029455027543008327
FisheyeCamera_1_00005_png.rf.2c3a5ef517c817ce7872439ac76a7c08.jpg,6,0.428178995847702,0.5469172596931458,0.009957313537597656,0.008285889402031898,0.0018930102232843637
FisheyeCamera_1_00005_png.rf.2c3a5ef517c817ce7872439ac76a7c08.jpg,0,0.4781035780906677,0.5358832478523254,0.006950268521904945,0.0102693485096097,0.001627631252631545
FisheyeCamera_1_00005_png.rf.2c3a5ef517c817ce7872439ac76a7c08.jpg,0,0.4653320610523224,0.5198532342910767,0.007861687801778316,0.003638084279373288,0.00142951519228518
FisheyeCamera_1_00005_png.rf.2c3a5ef517c817ce7872439ac76a7c08.jpg,0,0.4635450839996338,0.5228565335273743,0.0059356689453125,0.00747996149584651,0.0014087328454479575
FisheyeCamera_1_00005_png.rf.2c3a5ef517c817ce7872439ac76a7c08.jpg,6,0.4219050109386444,0.5461978912353516,0.007031918037682772,0.006750363856554031,0.0013999635120853782
FisheyeCamera_1_00005_png.rf.2c3a5ef517c817ce7872439ac76a7c08.jpg,5,0.3770691156387329,0.7054756283760071,0.7518998980522156,0.5890488624572754,0.001371009973809123
FisheyeCamera_1_00005_png.rf.2c3a5ef517c817ce7872439ac76a7c08.jpg,13,0.7177187204360962,0.5334563851356506,0.012772120535373688,0.018071651458740234,0.0013409715611487627
FisheyeCamera_1_00005_png.rf.2c3a5ef517c817ce7872439ac76a7c08.jpg,0,0.6794334053993225,0.5318392515182495,0.007687422446906567,0.014379135333001614,0.001312615699134767
FisheyeCamera_1_00005_png.rf.2c3a5ef517c817ce7872439ac76a7c08.jpg,0,0.31726524233818054,0.4845438301563263,0.011324956081807613,0.016011055558919907,0.0012123765191063285
FisheyeCamera_1_00005_png.rf.2c3a5ef517c817ce7872439ac76a7c08.jpg,6,0.4367261528968811,0.5410234332084656,0.015089219436049461,0.014193829149007797,0.0010801417520269752
FisheyeCamera_1_00005_png.rf.2c3a5ef517c817ce7872439ac76a7c08.jpg,0,0.45971813797950745,0.5181993246078491,0.008368859067559242,0.004283538553863764,0.001047395053319633
FisheyeCamera_1_00005_png.rf.2c3a5ef517c817ce7872439ac76a7c08.jpg,0,0.38795018196105957,0.5379254221916199,0.0041196164675056934,0.008714492432773113,0.0009469407959841192
FisheyeCamera_1_00005_png.rf.2c3a5ef517c817ce7872439ac76a7c08.jpg,0,0.44311290979385376,0.5331341028213501,0.006003379821777344,0.015939787030220032,0.0009171516867354512
FisheyeCamera_1_00005_png.rf.2c3a5ef517c817ce7872439ac76a7c08.jpg,0,0.44564974308013916,0.5244794487953186,0.00958395004272461,0.011993408203125,0.0007349509978666902
FisheyeCamera_1_00005_png.rf.2c3a5ef517c817ce7872439ac76a7c08.jpg,10,0.4262338876724243,0.5397093892097473,0.010029022581875324,0.007430847268551588,0.0007040398777462542
FisheyeCamera_1_00005_png.rf.2c3a5ef517c817ce7872439ac76a7c08.jpg,0,0.5149791836738586,0.53709876537323,0.008508315309882164,0.01226949691772461,0.0006906251073814929
FisheyeCamera_1_00005_png.rf.2c3a5ef517c817ce7872439ac76a7c08.jpg,0,0.5689432621002197,0.5253129005432129,0.006623341701924801,0.013110344298183918,0.0006734298658557236
FisheyeCamera_1_00005_png.rf.2c3a5ef517c817ce7872439ac76a7c08.jpg,0,0.4628045856952667,0.5139549970626831,0.005662514828145504,0.004598984494805336,0.0006677782512269914
FisheyeCamera_1_00005_png.rf.2c3a5ef517c817ce7872439ac76a7c08.jpg,0,0.5160126686096191,0.5420377850532532,0.0067462925799191,0.012538543902337551,0.000593046483118087
FisheyeCamera_1_00005_png.rf.2c3a5ef517c817ce7872439ac76a7c08.jpg,0,0.5658997893333435,0.5091940760612488,0.010225662961602211,0.010058696381747723,0.0005230779643170536
FisheyeCamera_1_00005_png.rf.2c3a5ef517c817ce7872439ac76a7c08.jpg,0,0.42790862917900085,0.5147700309753418,0.008310208097100258,0.026900842785835266,0.0005187458591535687
FisheyeCamera_1_00005_png.rf.2c3a5ef517c817ce7872439ac76a7c08.jpg,0,0.24330191314220428,0.490630179643631,0.014365710318088531,0.01155710220336914,0.0005101864226162434
FisheyeCamera_1_00012_png.rf.72d6e678caad674f4fe8c948471cf743.jpg,6,0.6126205325126648,0.5355114936828613,0.01736329309642315,0.025395577773451805,0.2564764618873596
FisheyeCamera_1_00012_png.rf.72d6e678caad674f4fe8c948471cf743.jpg,6,0.3306335508823395,0.5192427635192871,0.031992107629776,0.04598665237426758,0.22403104603290558
FisheyeCamera_1_00012_png.rf.72d6e678caad674f4fe8c948471cf743.jpg,2,0.33067792654037476,0.5192916989326477,0.03221258893609047,0.04333532974123955,0.21229229867458344
FisheyeCamera_1_00012_png.rf.72d6e678caad674f4fe8c948471cf743.jpg,12,0.3300415277481079,0.5202021598815918,0.031459737569093704,0.04396838694810867,0.15908965468406677
FisheyeCamera_1_00012_png.rf.72d6e678caad674f4fe8c948471cf743.jpg,8,0.3306038975715637,0.5192513465881348,0.03167647868394852,0.043073177337646484,0.10902251303195953
FisheyeCamera_1_00012_png.rf.72d6e678caad674f4fe8c948471cf743.jpg,7,0.3306661546230316,0.5194141268730164,0.03238458186388016,0.045715443789958954,0.10074229538440704
FisheyeCamera_1_00012_png.rf.72d6e678caad674f4fe8c948471cf743.jpg,9,0.3310129642486572,0.5197478532791138,0.03148805350065231,0.046707816421985626,0.08666486293077469
FisheyeCamera_1_00012_png.rf.72d6e678caad674f4fe8c948471cf743.jpg,1,0.6100860834121704,0.5342836380004883,0.018979953601956367,0.02474326454102993,0.06285981833934784
FisheyeCamera_1_00012_png.rf.72d6e678caad674f4fe8c948471cf743.jpg,6,0.5573790669441223,0.5431480407714844,0.01292019709944725,0.01766795478761196,0.052651215344667435
FisheyeCamera_1_00012_png.rf.72d6e678caad674f4fe8c948471cf743.jpg,6,0.3971882462501526,0.5399944186210632,0.015671437606215477,0.022661760449409485,0.013173982501029968
FisheyeCamera_1_00012_png.rf.72d6e678caad674f4fe8c948471cf743.jpg,2,0.39730799198150635,0.5396806001663208,0.015451725572347641,0.01966087706387043,0.0023919688537716866
FisheyeCamera_1_00012_png.rf.72d6e678caad674f4fe8c948471cf743.jpg,0,0.6145876049995422,0.5357342958450317,0.020640118047595024,0.022589905187487602,0.001979312626644969
FisheyeCamera_1_00012_png.rf.72d6e678caad674f4fe8c948471cf743.jpg,1,0.5570154190063477,0.5422201156616211,0.014599324204027653,0.0167276319116354,0.0007132027531042695
FisheyeCamera_1_00018_png.rf.765c48e66c9a0a7d70f6e4b0af00494c.jpg,2,0.6402136087417603,0.5234212875366211,0.028081528842449188,0.044145990163087845,0.5955802798271179
FisheyeCamera_1_00018_png.rf.765c48e66c9a0a7d70f6e4b0af00494c.jpg,6,0.3031640946865082,0.527788519859314,0.023364929482340813,0.03328723460435867,0.5627113580703735
FisheyeCamera_1_00018_png.rf.765c48e66c9a0a7d70f6e4b0af00494c.jpg,6,0.6403591632843018,0.5234335064888,0.028044847771525383,0.04424858093261719,0.5062269568443298
FisheyeCamera_1_00018_png.rf.765c48e66c9a0a7d70f6e4b0af00494c.jpg,6,0.5347175598144531,0.5388603806495667,0.015239899978041649,0.02251654490828514,0.29936736822128296
FisheyeCamera_1_00018_png.rf.765c48e66c9a0a7d70f6e4b0af00494c.jpg,8,0.6396762132644653,0.5226110816001892,0.028110139071941376,0.04458082839846611,0.2971099317073822
FisheyeCamera_1_00018_png.rf.765c48e66c9a0a7d70f6e4b0af00494c.jpg,7,0.6397799849510193,0.5226377844810486,0.0271197110414505,0.04459894821047783,0.27974680066108704
FisheyeCamera_1_00018_png.rf.765c48e66c9a0a7d70f6e4b0af00494c.jpg,1,0.5337103605270386,0.5384127497673035,0.013731369748711586,0.022325700148940086,0.20660485327243805
FisheyeCamera_1_00018_png.rf.765c48e66c9a0a7d70f6e4b0af00494c.jpg,9,0.042081743478775024,0.4376494586467743,0.024642374366521835,0.1047220304608345,0.09757624566555023
FisheyeCamera_1_00018_png.rf.765c48e66c9a0a7d70f6e4b0af00494c.jpg,7,0.302407830953598,0.5280460119247437,0.02394753322005272,0.030999954789876938,0.08451489359140396
FisheyeCamera_1_00018_png.rf.765c48e66c9a0a7d70f6e4b0af00494c.jpg,9,0.30364203453063965,0.5277595520019531,0.022940710186958313,0.03152865916490555,0.08414914458990097
FisheyeCamera_1_00018_png.rf.765c48e66c9a0a7d70f6e4b0af00494c.jpg,5,0.04248295724391937,0.4393361806869507,0.023572618141770363,0.1053883507847786,0.06367577612400055
FisheyeCamera_1_00018_png.rf.765c48e66c9a0a7d70f6e4b0af00494c.jpg,12,0.0431550107896328,0.43814030289649963,0.0219638179987669,0.10680980235338211,0.05376491695642471
FisheyeCamera_1_00018_png.rf.765c48e66c9a0a7d70f6e4b0af00494c.jpg,2,0.04305429384112358,0.4361738860607147,0.023847030475735664,0.10351067781448364,0.04333524405956268
FisheyeCamera_1_00018_png.rf.765c48e66c9a0a7d70f6e4b0af00494c.jpg,4,0.040609460324048996,0.4387286305427551,0.025469956919550896,0.10568901896476746,0.028284111991524696
FisheyeCamera_1_00018_png.rf.765c48e66c9a0a7d70f6e4b0af00494c.jpg,3,0.04386558011174202,0.437538743019104,0.019484426826238632,0.10697034746408463,0.021994875743985176
FisheyeCamera_1_00018_png.rf.765c48e66c9a0a7d70f6e4b0af00494c.jpg,6,0.34896156191825867,0.5404611825942993,0.013646896928548813,0.022612866014242172,0.015972306951880455
FisheyeCamera_1_00018_png.rf.765c48e66c9a0a7d70f6e4b0af00494c.jpg,12,0.30326297879219055,0.5283339023590088,0.022912759333848953,0.032716017216444016,0.015659907832741737
FisheyeCamera_1_00018_png.rf.765c48e66c9a0a7d70f6e4b0af00494c.jpg,6,0.04412050172686577,0.4359758198261261,0.021442735567688942,0.1032402366399765,0.015541897155344486
FisheyeCamera_1_00018_png.rf.765c48e66c9a0a7d70f6e4b0af00494c.jpg,1,0.3030731678009033,0.5279406309127808,0.023519938811659813,0.03135453909635544,0.009687379002571106
FisheyeCamera_1_00018_png.rf.765c48e66c9a0a7d70f6e4b0af00494c.jpg,13,0.04052227735519409,0.4397258460521698,0.02548914961516857,0.10485957562923431,0.008635845966637135
FisheyeCamera_1_00018_png.rf.765c48e66c9a0a7d70f6e4b0af00494c.jpg,7,0.5358325839042664,0.5368072390556335,0.01519625075161457,0.023318402469158173,0.006730189546942711
FisheyeCamera_1_00018_png.rf.765c48e66c9a0a7d70f6e4b0af00494c.jpg,11,0.03573579713702202,0.4367316961288452,0.03710528835654259,0.10356169939041138,0.003208756446838379
FisheyeCamera_1_00018_png.rf.765c48e66c9a0a7d70f6e4b0af00494c.jpg,0,0.6388584971427917,0.5211107730865479,0.030493663623929024,0.04256439208984375,0.0021746496204286814
FisheyeCamera_1_00018_png.rf.765c48e66c9a0a7d70f6e4b0af00494c.jpg,1,0.48410651087760925,0.5467721223831177,0.007189934141933918,0.014688565395772457,0.0012085405178368092
FisheyeCamera_1_00018_png.rf.765c48e66c9a0a7d70f6e4b0af00494c.jpg,12,0.025988582521677017,0.4424397051334381,0.051977165043354034,0.45570382475852966,0.0009534568525850773
FisheyeCamera_1_00018_png.rf.765c48e66c9a0a7d70f6e4b0af00494c.jpg,1,0.34977126121520996,0.5360091328620911,0.01005055382847786,0.020609965547919273,0.0006658717175014317
FisheyeCamera_1_00018_png.rf.765c48e66c9a0a7d70f6e4b0af00494c.jpg,5,0.373821884393692,0.705661952495575,0.7471792697906494,0.5886760950088501,0.000584227149374783
FisheyeCamera_1_00018_png.rf.765c48e66c9a0a7d70f6e4b0af00494c.jpg,0,0.031557463109493256,0.43607258796691895,0.04545091465115547,0.1039908155798912,0.0005441624671220779
FisheyeCamera_1_00018_png.rf.765c48e66c9a0a7d70f6e4b0af00494c.jpg,4,0.518067479133606,0.3920871913433075,0.8933695554733276,0.7753233909606934,0.0005374587490223348
FisheyeCamera_1_00021_png.rf.703e3c27438f8fe990ef8ffbd48f2b51.jpg,6,0.3509950041770935,0.5314558744430542,0.016363475471735,0.027709411457180977,0.4558107554912567
FisheyeCamera_1_00021_png.rf.703e3c27438f8fe990ef8ffbd48f2b51.jpg,9,0.3507901132106781,0.5314666628837585,0.017802825197577477,0.028811858966946602,0.44478851556777954
FisheyeCamera_1_00021_png.rf.703e3c27438f8fe990ef8ffbd48f2b51.jpg,0,0.45664408802986145,0.5087720155715942,0.007574485149234533,0.0054971990175545216,0.06505422294139862
FisheyeCamera_1_00021_png.rf.703e3c27438f8fe990ef8ffbd48f2b51.jpg,0,0.36460334062576294,0.5275284647941589,0.012170681729912758,0.025870727375149727,0.02365095727145672
FisheyeCamera_1_00021_png.rf.703e3c27438f8fe990ef8ffbd48f2b51.jpg,0,0.45270636677742004,0.5090479254722595,0.01302700862288475,0.009415553882718086,0.006665390450507402
FisheyeCamera_1_00021_png.rf.703e3c27438f8fe990ef8ffbd48f2b51.jpg,0,0.5770894885063171,0.5041986703872681,0.008277049288153648,0.01338071096688509,0.004357867408543825
FisheyeCamera_1_00021_png.rf.703e3c27438f8fe990ef8ffbd48f2b51.jpg,6,0.3868560791015625,0.5499027371406555,0.0066920798271894455,0.010057816281914711,0.003914182540029287
FisheyeCamera_1_00021_png.rf.703e3c27438f8fe990ef8ffbd48f2b51.jpg,0,0.45914149284362793,0.5088507533073425,0.012896465137600899,0.009003639221191406,0.0034648440778255463
FisheyeCamera_1_00021_png.rf.703e3c27438f8fe990ef8ffbd48f2b51.jpg,0,0.5817664265632629,0.5345009565353394,0.006323227658867836,0.009193493984639645,0.0022149065043777227
FisheyeCamera_1_00021_png.rf.703e3c27438f8fe990ef8ffbd48f2b51.jpg,11,0.6361493468284607,0.3706797957420349,0.693248987197876,0.7311925292015076,0.002056191209703684
FisheyeCamera_1_00021_png.rf.703e3c27438f8fe990ef8ffbd48f2b51.jpg,0,0.4276304543018341,0.507688581943512,0.0097654415294528,0.015558243729174137,0.0019009833922609687
FisheyeCamera_1_00021_png.rf.703e3c27438f8fe990ef8ffbd48f2b51.jpg,0,0.4600526988506317,0.5114408731460571,0.008335113525390625,0.004388222470879555,0.0018188917310908437
FisheyeCamera_1_00021_png.rf.703e3c27438f8fe990ef8ffbd48f2b51.jpg,0,0.4425244629383087,0.5080190896987915,0.009426116943359375,0.005323776975274086,0.0013660924741998315
FisheyeCamera_1_00021_png.rf.703e3c27438f8fe990ef8ffbd48f2b51.jpg,0,0.5165876150131226,0.5441678166389465,0.006530101876705885,0.010834584012627602,0.0011240387102589011
FisheyeCamera_1_00021_png.rf.703e3c27438f8fe990ef8ffbd48f2b51.jpg,5,0.38030385971069336,0.6981720328330994,0.7599725723266602,0.6036561131477356,0.0008885886636562645
FisheyeCamera_1_00021_png.rf.703e3c27438f8fe990ef8ffbd48f2b51.jpg,0,0.4370369017124176,0.5108149647712708,0.008581161499023438,0.006831756327301264,0.0008813411695882678
FisheyeCamera_1_00021_png.rf.703e3c27438f8fe990ef8ffbd48f2b51.jpg,0,0.515036404132843,0.536913275718689,0.008490562438964844,0.012147133238613605,0.0008746535750105977
FisheyeCamera_1_00021_png.rf.703e3c27438f8fe990ef8ffbd48f2b51.jpg,0,0.5776643753051758,0.5416706800460815,0.008423621766269207,0.009440056048333645,0.0007899969932623208
FisheyeCamera_1_00021_png.rf.703e3c27438f8fe990ef8ffbd48f2b51.jpg,0,0.5131852030754089,0.5379993319511414,0.004869864787906408,0.010295025072991848,0.000626955006737262
FisheyeCamera_1_00021_png.rf.703e3c27438f8fe990ef8ffbd48f2b51.jpg,0,0.5649144649505615,0.4981507658958435,0.009570488706231117,0.00774574326351285,0.0005960299167782068
FisheyeCamera_1_00021_png.rf.703e3c27438f8fe990ef8ffbd48f2b51.jpg,13,0.8821596503257751,0.5124117136001587,0.010717172175645828,0.030232541263103485,0.0005610491498373449
FisheyeCamera_1_00021_png.rf.703e3c27438f8fe990ef8ffbd48f2b51.jpg,14,0.5592495203018188,0.4171351492404938,0.8046231865882874,0.8132203221321106,0.0005588073981925845
FisheyeCamera_1_00021_png.rf.703e3c27438f8fe990ef8ffbd48f2b51.jpg,1,0.46322354674339294,0.5093852281570435,0.014045532792806625,0.006881237495690584,0.0005223475163802505
FisheyeCamera_1_00021_png.rf.703e3c27438f8fe990ef8ffbd48f2b51.jpg,0,0.5608940124511719,0.5169957280158997,0.006799587979912758,0.01680612564086914,0.0005012155743315816
FisheyeCamera_1_00022_png.rf.783465f75a2393c7aaa0ec3c3cd3ed4d.jpg,9,0.33856382966041565,0.5292882919311523,0.018679840490221977,0.03132229670882225,0.6150887608528137
FisheyeCamera_1_00022_png.rf.783465f75a2393c7aaa0ec3c3cd3ed4d.jpg,6,0.3390001952648163,0.5292752385139465,0.019476158544421196,0.03280162811279297,0.6073654890060425
FisheyeCamera_1_00022_png.rf.783465f75a2393c7aaa0ec3c3cd3ed4d.jpg,7,0.3388589918613434,0.5293660163879395,0.0194866843521595,0.03324439004063606,0.10340643674135208
FisheyeCamera_1_00022_png.rf.783465f75a2393c7aaa0ec3c3cd3ed4d.jpg,0,0.4552156627178192,0.5086377263069153,0.007521042600274086,0.00543583370745182,0.030910087749361992
FisheyeCamera_1_00022_png.rf.783465f75a2393c7aaa0ec3c3cd3ed4d.jpg,11,0.3441276550292969,0.5275356769561768,0.023711204528808594,0.0326770655810833,0.005655041895806789
FisheyeCamera_1_00022_png.rf.783465f75a2393c7aaa0ec3c3cd3ed4d.jpg,0,0.5765570998191833,0.5036333799362183,0.00936640240252018,0.014335705898702145,0.0036313114687800407
FisheyeCamera_1_00022_png.rf.783465f75a2393c7aaa0ec3c3cd3ed4d.jpg,1,0.34232527017593384,0.530127227306366,0.023179054260253906,0.027811454609036446,0.0018287671264261007
FisheyeCamera_1_00022_png.rf.783465f75a2393c7aaa0ec3c3cd3ed4d.jpg,0,0.4281027913093567,0.5069035291671753,0.00862264633178711,0.013140679337084293,0.0016163805266842246
FisheyeCamera_1_00022_png.rf.783465f75a2393c7aaa0ec3c3cd3ed4d.jpg,0,0.4516400098800659,0.5090038180351257,0.010374362580478191,0.009397506713867188,0.0014550123596563935
FisheyeCamera_1_00022_png.rf.783465f75a2393c7aaa0ec3c3cd3ed4d.jpg,6,0.4327595829963684,0.5469868183135986,0.006636216305196285,0.009942421689629555,0.0010570583399385214
FisheyeCamera_1_00022_png.rf.783465f75a2393c7aaa0ec3c3cd3ed4d.jpg,0,0.4598844349384308,0.5089622139930725,0.01154965627938509,0.009178528562188148,0.0010279298294335604
FisheyeCamera_1_00022_png.rf.783465f75a2393c7aaa0ec3c3cd3ed4d.jpg,6,0.3838033676147461,0.5473471879959106,0.005447938106954098,0.007505197077989578,0.0009465561015531421
FisheyeCamera_1_00022_png.rf.783465f75a2393c7aaa0ec3c3cd3ed4d.jpg,11,0.6351680755615234,0.37269923090934753,0.6907890439033508,0.732440710067749,0.0007542521925643086
FisheyeCamera_1_00022_png.rf.783465f75a2393c7aaa0ec3c3cd3ed4d.jpg,6,0.3504147231578827,0.5341083407402039,0.02709055133163929,0.021786874160170555,0.0007434799917973578
FisheyeCamera_1_00022_png.rf.783465f75a2393c7aaa0ec3c3cd3ed4d.jpg,13,0.8963835835456848,0.47071972489356995,0.010932409204542637,0.013007091358304024,0.0006874556420370936
FisheyeCamera_1_00022_png.rf.783465f75a2393c7aaa0ec3c3cd3ed4d.jpg,0,0.5175482034683228,0.5449843406677246,0.00640296982601285,0.011043952777981758,0.000663822575006634
FisheyeCamera_1_00022_png.rf.783465f75a2393c7aaa0ec3c3cd3ed4d.jpg,0,0.4422212243080139,0.5085166096687317,0.009040466509759426,0.005913331173360348,0.0006032705423422158
FisheyeCamera_1_00022_png.rf.783465f75a2393c7aaa0ec3c3cd3ed4d.jpg,14,0.561343252658844,0.41586804389953613,0.8092024326324463,0.8152673244476318,0.0005791111034341156
FisheyeCamera_1_00022_png.rf.783465f75a2393c7aaa0ec3c3cd3ed4d.jpg,0,0.35682398080825806,0.5299421548843384,0.013769444078207016,0.028504593297839165,0.0005335269961506128
FisheyeCamera_1_00022_png.rf.783465f75a2393c7aaa0ec3c3cd3ed4d.jpg,5,0.32996249198913574,0.6861486434936523,0.6589297652244568,0.6277027130126953,0.0005139959394000471
FisheyeCamera_1_00022_png.rf.783465f75a2393c7aaa0ec3c3cd3ed4d.jpg,6,0.38608846068382263,0.5500470399856567,0.008041491732001305,0.008151054382324219,0.0005083071882836521
FisheyeCamera_1_00023_png.rf.cd1aa333b9e78ad2f7b2de3c154e7429.jpg,6,0.3245481550693512,0.5262304544448853,0.021202052012085915,0.03607368469238281,0.6348679661750793
FisheyeCamera_1_00023_png.rf.cd1aa333b9e78ad2f7b2de3c154e7429.jpg,9,0.32496553659439087,0.5258380174636841,0.021027712151408195,0.035060882568359375,0.44764870405197144
FisheyeCamera_1_00023_png.rf.cd1aa333b9e78ad2f7b2de3c154e7429.jpg,7,0.3229959309101105,0.5253238677978516,0.018520759418606758,0.03718101233243942,0.03257603570818901
FisheyeCamera_1_00023_png.rf.cd1aa333b9e78ad2f7b2de3c154e7429.jpg,1,0.4543223977088928,0.5083768963813782,0.007457660045474768,0.005150135140866041,0.0267021544277668
FisheyeCamera_1_00023_png.rf.cd1aa333b9e78ad2f7b2de3c154e7429.jpg,11,0.3236924707889557,0.5257976651191711,0.023894567042589188,0.034938447177410126,0.005647014826536179
FisheyeCamera_1_00023_png.rf.cd1aa333b9e78ad2f7b2de3c154e7429.jpg,0,0.452571302652359,0.5082657933235168,0.010104179382324219,0.008253464475274086,0.004917068872600794
FisheyeCamera_1_00023_png.rf.cd1aa333b9e78ad2f7b2de3c154e7429.jpg,0,0.4277058243751526,0.5067424178123474,0.009764964692294598,0.013335888274013996,0.0018651240970939398
FisheyeCamera_1_00023_png.rf.cd1aa333b9e78ad2f7b2de3c154e7429.jpg,6,0.4328617751598358,0.5492585897445679,0.006340430583804846,0.010165214538574219,0.0010166836436837912
FisheyeCamera_1_00023_png.rf.cd1aa333b9e78ad2f7b2de3c154e7429.jpg,11,0.6376487016677856,0.3664022982120514,0.6969793438911438,0.7248022556304932,0.0010040566558018327
FisheyeCamera_1_00023_png.rf.cd1aa333b9e78ad2f7b2de3c154e7429.jpg,0,0.5165702104568481,0.5445615649223328,0.006409425288438797,0.00968540646135807,0.0009663531673140824
FisheyeCamera_1_00023_png.rf.cd1aa333b9e78ad2f7b2de3c154e7429.jpg,0,0.5786159634590149,0.5412334203720093,0.007707962766289711,0.009918579831719398,0.0009542015031911433
FisheyeCamera_1_00023_png.rf.cd1aa333b9e78ad2f7b2de3c154e7429.jpg,0,0.4086316227912903,0.5204566121101379,0.006620957516133785,0.0068147736601531506,0.0008725941297598183
FisheyeCamera_1_00023_png.rf.cd1aa333b9e78ad2f7b2de3c154e7429.jpg,14,0.5715129375457764,0.430380642414093,0.7625670433044434,0.7700875401496887,0.00067497743293643
FisheyeCamera_1_00023_png.rf.cd1aa333b9e78ad2f7b2de3c154e7429.jpg,0,0.5831316709518433,0.5360125303268433,0.006140892393887043,0.010302543640136719,0.0006491176900453866
FisheyeCamera_1_00023_png.rf.cd1aa333b9e78ad2f7b2de3c154e7429.jpg,0,0.5608809590339661,0.5185167193412781,0.006587615702301264,0.017670081928372383,0.0006245821714401245
FisheyeCamera_1_00027_png.rf.dfb965799faeb1514f927e69c5ec0fd2.jpg,6,0.2356596440076828,0.5076587200164795,0.024766921997070312,0.05219166353344917,0.6378211975097656
FisheyeCamera_1_00027_png.rf.dfb965799faeb1514f927e69c5ec0fd2.jpg,7,0.2358963042497635,0.5074983835220337,0.025344006717205048,0.050911795347929,0.28718647360801697
FisheyeCamera_1_00027_png.rf.dfb965799faeb1514f927e69c5ec0fd2.jpg,9,0.23542489111423492,0.5075069069862366,0.024515390396118164,0.05038214102387428,0.18389570713043213
FisheyeCamera_1_00027_png.rf.dfb965799faeb1514f927e69c5ec0fd2.jpg,0,0.45238620042800903,0.505760669708252,0.008303825743496418,0.004393467679619789,0.13485611975193024
FisheyeCamera_1_00027_png.rf.dfb965799faeb1514f927e69c5ec0fd2.jpg,6,0.37192389369010925,0.5479152202606201,0.006416871212422848,0.010008151642978191,0.062071654945611954
FisheyeCamera_1_00027_png.rf.dfb965799faeb1514f927e69c5ec0fd2.jpg,0,0.45249179005622864,0.5071397423744202,0.009607498534023762,0.00344430492259562,0.033683884888887405
FisheyeCamera_1_00027_png.rf.dfb965799faeb1514f927e69c5ec0fd2.jpg,6,0.37137091159820557,0.5453077554702759,0.0055142552591860294,0.006047982722520828,0.014623528346419334
FisheyeCamera_1_00027_png.rf.dfb965799faeb1514f927e69c5ec0fd2.jpg,0,0.44787752628326416,0.5066221356391907,0.010400588624179363,0.0039240033365786076,0.011351467110216618
FisheyeCamera_1_00027_png.rf.dfb965799faeb1514f927e69c5ec0fd2.jpg,0,0.4049873650074005,0.5094797015190125,0.009007344022393227,0.008198554627597332,0.002692657522857189
FisheyeCamera_1_00027_png.rf.dfb965799faeb1514f927e69c5ec0fd2.jpg,2,0.23567460477352142,0.507702648639679,0.023603642359375954,0.053468119353055954,0.0021855439990758896
FisheyeCamera_1_00027_png.rf.dfb965799faeb1514f927e69c5ec0fd2.jpg,6,0.36038634181022644,0.5479627251625061,0.002421782584860921,0.008867557160556316,0.0021670826245099306
FisheyeCamera_1_00027_png.rf.dfb965799faeb1514f927e69c5ec0fd2.jpg,11,0.7146964073181152,0.3706939220428467,0.568242609500885,0.7413878440856934,0.0016099687200039625
FisheyeCamera_1_00027_png.rf.dfb965799faeb1514f927e69c5ec0fd2.jpg,0,0.42683836817741394,0.503358006477356,0.011540817096829414,0.007984748110175133,0.001589458785019815
FisheyeCamera_1_00027_png.rf.dfb965799faeb1514f927e69c5ec0fd2.jpg,6,0.42057138681411743,0.5477899312973022,0.0056667327880859375,0.008055686950683594,0.0011891067260876298
FisheyeCamera_1_00027_png.rf.dfb965799faeb1514f927e69c5ec0fd2.jpg,0,0.5899510383605957,0.5347009897232056,0.008679794147610664,0.00839350838214159,0.0010580174857750535
FisheyeCamera_1_00027_png.rf.dfb965799faeb1514f927e69c5ec0fd2.jpg,0,0.5857653021812439,0.5382248163223267,0.00635576294735074,0.005894881207495928,0.000933136441744864
FisheyeCamera_1_00027_png.rf.dfb965799faeb1514f927e69c5ec0fd2.jpg,0,0.432256281375885,0.5065109729766846,0.006750290282070637,0.006080150604248047,0.0008838590583764017
FisheyeCamera_1_00027_png.rf.dfb965799faeb1514f927e69c5ec0fd2.jpg,0,0.33529597520828247,0.5331183671951294,0.00846719741821289,0.008420944213867188,0.0007294685929082334
FisheyeCamera_1_00027_png.rf.dfb965799faeb1514f927e69c5ec0fd2.jpg,6,0.43403077125549316,0.5473988056182861,0.005427434109151363,0.0127296457067132,0.0007131085731089115
FisheyeCamera_1_00027_png.rf.dfb965799faeb1514f927e69c5ec0fd2.jpg,14,0.591200053691864,0.4400477707386017,0.785067081451416,0.8599816560745239,0.0007039757911115885
FisheyeCamera_1_00027_png.rf.dfb965799faeb1514f927e69c5ec0fd2.jpg,0,0.34228017926216125,0.5236951112747192,0.009618649259209633,0.01097847893834114,0.0006299047963693738
FisheyeCamera_1_00027_png.rf.dfb965799faeb1514f927e69c5ec0fd2.jpg,1,0.37186652421951294,0.5606344938278198,0.006697398144751787,0.024113545194268227,0.0006226416444405913
FisheyeCamera_1_00027_png.rf.dfb965799faeb1514f927e69c5ec0fd2.jpg,6,0.3715225160121918,0.5410148501396179,0.00734901474788785,0.013541881926357746,0.000546709808986634
FisheyeCamera_1_00027_png.rf.dfb965799faeb1514f927e69c5ec0fd2.jpg,0,0.5809981226921082,0.5417691469192505,0.003060891292989254,0.009678363800048828,0.0005436631618067622
FisheyeCamera_1_00027_png.rf.dfb965799faeb1514f927e69c5ec0fd2.jpg,0,0.5900763869285583,0.5399277806282043,0.008111586794257164,0.009757408872246742,0.0005337889888323843
FisheyeCamera_1_00027_png.rf.dfb965799faeb1514f927e69c5ec0fd2.jpg,1,0.45899665355682373,0.506690263748169,0.012961681932210922,0.005570888519287109,0.0005321374628692865
FisheyeCamera_1_00027_png.rf.dfb965799faeb1514f927e69c5ec0fd2.jpg,6,0.34583979845046997,0.5484417676925659,0.004477317910641432,0.008055320009589195,0.0005221284809522331
FisheyeCamera_1_00027_png.rf.dfb965799faeb1514f927e69c5ec0fd2.jpg,0,0.5284503102302551,0.5520007014274597,0.006582150235772133,0.00911848433315754,0.0005203949986025691
FisheyeCamera_1_00027_png.rf.dfb965799faeb1514f927e69c5ec0fd2.jpg,14,0.4966675639152527,0.5553237199783325,0.5527728796005249,0.4987882673740387,0.0005193261313252151
FisheyeCamera_1_00028_png.rf.f6f0a58dd52d1cf0fe75c8496a37b067.jpg,6,0.20113743841648102,0.4993348717689514,0.025286676362156868,0.05664224177598953,0.7371448278427124
FisheyeCamera_1_00028_png.rf.f6f0a58dd52d1cf0fe75c8496a37b067.jpg,0,0.4515860676765442,0.5056872367858887,0.007973487488925457,0.004520233254879713,0.31919971108436584
FisheyeCamera_1_00028_png.rf.f6f0a58dd52d1cf0fe75c8496a37b067.jpg,9,0.20138037204742432,0.4998358488082886,0.025181863456964493,0.05617160350084305,0.1645963042974472
FisheyeCamera_1_00028_png.rf.f6f0a58dd52d1cf0fe75c8496a37b067.jpg,2,0.20200170576572418,0.49958422780036926,0.023894714191555977,0.05785263702273369,0.15203212201595306
FisheyeCamera_1_00028_png.rf.f6f0a58dd52d1cf0fe75c8496a37b067.jpg,7,0.20207203924655914,0.4992547631263733,0.02628856524825096,0.057463280856609344,0.07791545242071152
FisheyeCamera_1_00028_png.rf.f6f0a58dd52d1cf0fe75c8496a37b067.jpg,0,0.4488075077533722,0.5063421726226807,0.010878380388021469,0.0046123359352350235,0.024261170998215675
FisheyeCamera_1_00028_png.rf.f6f0a58dd52d1cf0fe75c8496a37b067.jpg,6,0.3704654276371002,0.5470394492149353,0.009087599813938141,0.009334270842373371,0.004019430372864008
FisheyeCamera_1_00028_png.rf.f6f0a58dd52d1cf0fe75c8496a37b067.jpg,6,0.4218405783176422,0.5484475493431091,0.006507286801934242,0.008672237396240234,0.002501564333215356
FisheyeCamera_1_00028_png.rf.f6f0a58dd52d1cf0fe75c8496a37b067.jpg,6,0.36375707387924194,0.5458943843841553,0.007772922981530428,0.010044097900390625,0.0013680103002116084
FisheyeCamera_1_00028_png.rf.f6f0a58dd52d1cf0fe75c8496a37b067.jpg,0,0.4274665415287018,0.5037128329277039,0.010027115233242512,0.008791630156338215,0.0012517005670815706
FisheyeCamera_1_00028_png.rf.f6f0a58dd52d1cf0fe75c8496a37b067.jpg,0,0.3341766595840454,0.5329768061637878,0.007147972472012043,0.009529590606689453,0.001234673778526485
FisheyeCamera_1_00028_png.rf.f6f0a58dd52d1cf0fe75c8496a37b067.jpg,0,0.4322074055671692,0.5066825151443481,0.006687714718282223,0.006525406613945961,0.0010080371284857392
FisheyeCamera_1_00028_png.rf.f6f0a58dd52d1cf0fe75c8496a37b067.jpg,0,0.36854246258735657,0.5464601516723633,0.0039989398792386055,0.006391268689185381,0.0009698226931504905
FisheyeCamera_1_00028_png.rf.f6f0a58dd52d1cf0fe75c8496a37b067.jpg,6,0.34571054577827454,0.5468212962150574,0.005242311395704746,0.00829810369759798,0.0009220466599799693
FisheyeCamera_1_00028_png.rf.f6f0a58dd52d1cf0fe75c8496a37b067.jpg,0,0.362319678068161,0.5403655171394348,0.006218837108463049,0.011662300676107407,0.0008008337463252246
FisheyeCamera_1_00028_png.rf.f6f0a58dd52d1cf0fe75c8496a37b067.jpg,6,0.43187591433525085,0.5491986870765686,0.007668862119317055,0.012627419084310532,0.0008004595874808729
FisheyeCamera_1_00028_png.rf.f6f0a58dd52d1cf0fe75c8496a37b067.jpg,11,0.7214803695678711,0.3697417080402374,0.555828869342804,0.7394834160804749,0.0007779436418786645
FisheyeCamera_1_00028_png.rf.f6f0a58dd52d1cf0fe75c8496a37b067.jpg,14,0.5942321419715881,0.43636050820350647,0.7885854244232178,0.8583595752716064,0.0007769190706312656
FisheyeCamera_1_00028_png.rf.f6f0a58dd52d1cf0fe75c8496a37b067.jpg,0,0.36857134103775024,0.5546612739562988,0.003906323574483395,0.012650673277676105,0.0007389054517261684
FisheyeCamera_1_00028_png.rf.f6f0a58dd52d1cf0fe75c8496a37b067.jpg,1,0.4585532248020172,0.5065329670906067,0.013894814997911453,0.005315964110195637,0.0006062657339498401
FisheyeCamera_1_00028_png.rf.f6f0a58dd52d1cf0fe75c8496a37b067.jpg,0,0.5696225166320801,0.49711886048316956,0.011387348175048828,0.009706203825771809,0.0005601696320809424
FisheyeCamera_1_00028_png.rf.f6f0a58dd52d1cf0fe75c8496a37b067.jpg,14,0.49565041065216064,0.5504961609840393,0.5820822715759277,0.5074834823608398,0.0005599611904472113
FisheyeCamera_1_00028_png.rf.f6f0a58dd52d1cf0fe75c8496a37b067.jpg,0,0.5284926295280457,0.5518777966499329,0.006577895488590002,0.009509674273431301,0.000533080252353102
FisheyeCamera_1_00028_png.rf.f6f0a58dd52d1cf0fe75c8496a37b067.jpg,0,0.40746232867240906,0.5271252393722534,0.013259594328701496,0.01789170131087303,0.0005155418184585869
FisheyeCamera_1_00028_png.rf.f6f0a58dd52d1cf0fe75c8496a37b067.jpg,5,0.3297983407974243,0.7138603925704956,0.658562183380127,0.5722792744636536,0.0005019463715143502
FisheyeCamera_1_00036_png.rf.a4fcf0fd896e50b389c7a93fae4d3a07.jpg,6,0.05897556617856026,0.4736592471599579,0.023514876142144203,0.06554467976093292,0.7050208449363708
FisheyeCamera_1_00036_png.rf.a4fcf0fd896e50b389c7a93fae4d3a07.jpg,7,0.5818669199943542,0.5282164812088013,0.029747193679213524,0.04195059463381767,0.4284040927886963
FisheyeCamera_1_00036_png.rf.a4fcf0fd896e50b389c7a93fae4d3a07.jpg,2,0.05913349613547325,0.47371023893356323,0.022809552028775215,0.06478805094957352,0.35613715648651123
FisheyeCamera_1_00036_png.rf.a4fcf0fd896e50b389c7a93fae4d3a07.jpg,6,0.5825654864311218,0.5272719264030457,0.030044959858059883,0.040813740342855453,0.3082260191440582
FisheyeCamera_1_00036_png.rf.a4fcf0fd896e50b389c7a93fae4d3a07.jpg,9,0.05843198671936989,0.47369757294654846,0.022962162271142006,0.06622028350830078,0.2027365267276764
FisheyeCamera_1_00036_png.rf.a4fcf0fd896e50b389c7a93fae4d3a07.jpg,8,0.5825032591819763,0.527629017829895,0.03042631968855858,0.04103374481201172,0.15833023190498352
FisheyeCamera_1_00036_png.rf.a4fcf0fd896e50b389c7a93fae4d3a07.jpg,2,0.582328736782074,0.5273618698120117,0.030270284041762352,0.04046231135725975,0.13724876940250397
FisheyeCamera_1_00036_png.rf.a4fcf0fd896e50b389c7a93fae4d3a07.jpg,5,0.059417154639959335,0.473177969455719,0.023934410884976387,0.06624442338943481,0.11274150013923645
FisheyeCamera_1_00036_png.rf.a4fcf0fd896e50b389c7a93fae4d3a07.jpg,11,0.059458065778017044,0.47384387254714966,0.02440028078854084,0.06465138494968414,0.09616336971521378
FisheyeCamera_1_00036_png.rf.a4fcf0fd896e50b389c7a93fae4d3a07.jpg,6,0.3505972921848297,0.536424458026886,0.015564259141683578,0.02031458355486393,0.08192984759807587
FisheyeCamera_1_00036_png.rf.a4fcf0fd896e50b389c7a93fae4d3a07.jpg,12,0.05932668223977089,0.4737406075000763,0.023574618622660637,0.06423836946487427,0.06711632758378983
FisheyeCamera_1_00036_png.rf.a4fcf0fd896e50b389c7a93fae4d3a07.jpg,7,0.058530405163764954,0.4752163589000702,0.02225939743220806,0.06651412695646286,0.023709706962108612
FisheyeCamera_1_00036_png.rf.a4fcf0fd896e50b389c7a93fae4d3a07.jpg,1,0.35176393389701843,0.5354726314544678,0.01446034386754036,0.020265579223632812,0.022660458460450172
FisheyeCamera_1_00036_png.rf.a4fcf0fd896e50b389c7a93fae4d3a07.jpg,1,0.06030287966132164,0.47254320979118347,0.02198602631688118,0.06427232921123505,0.013875138945877552
FisheyeCamera_1_00036_png.rf.a4fcf0fd896e50b389c7a93fae4d3a07.jpg,9,0.3507435917854309,0.5363947749137878,0.016852855682373047,0.020674413070082664,0.01219363883137703
FisheyeCamera_1_00036_png.rf.a4fcf0fd896e50b389c7a93fae4d3a07.jpg,7,0.35081061720848083,0.5362362861633301,0.01695963181555271,0.0209695752710104,0.010412754490971565
FisheyeCamera_1_00036_png.rf.a4fcf0fd896e50b389c7a93fae4d3a07.jpg,10,0.058461759239435196,0.47351208329200745,0.021068096160888672,0.06904620677232742,0.0036477004177868366
FisheyeCamera_1_00036_png.rf.a4fcf0fd896e50b389c7a93fae4d3a07.jpg,1,0.581397533416748,0.5284573435783386,0.02810859866440296,0.04519224166870117,0.0026639539282768965
FisheyeCamera_1_00036_png.rf.a4fcf0fd896e50b389c7a93fae4d3a07.jpg,6,0.5333141088485718,0.5440864562988281,0.012176587246358395,0.01793535053730011,0.0013489131815731525
FisheyeCamera_1_00036_png.rf.a4fcf0fd896e50b389c7a93fae4d3a07.jpg,5,0.37467774748802185,0.695778489112854,0.7483306527137756,0.608443021774292,0.0006943484186194837
FisheyeCamera_1_00036_png.rf.a4fcf0fd896e50b389c7a93fae4d3a07.jpg,14,0.6131315231323242,0.2906922996044159,0.7561891674995422,0.5724852085113525,0.0005237782024778426
FisheyeCamera_1_00041_png.rf.402d963ad90df5846463e66a301debd3.jpg,0,0.43914511799812317,0.49380359053611755,0.011764049530029297,0.008893086574971676,0.2377091646194458
FisheyeCamera_1_00041_png.rf.402d963ad90df5846463e66a301debd3.jpg,1,0.4421655237674713,0.4960901141166687,0.007466573268175125,0.0056621478870511055,0.10810478776693344
FisheyeCamera_1_00041_png.rf.402d963ad90df5846463e66a301debd3.jpg,0,0.4451199471950531,0.493543416261673,0.010759720578789711,0.008456707000732422,0.07487761974334717
FisheyeCamera_1_00041_png.rf.402d963ad90df5846463e66a301debd3.jpg,0,0.44346678256988525,0.4949314594268799,0.0063483533449471,0.007125378120690584,0.07167113572359085
FisheyeCamera_1_00041_png.rf.402d963ad90df5846463e66a301debd3.jpg,1,0.3122914433479309,0.5419180989265442,0.004417089279741049,0.012400333769619465,0.05796439200639725
FisheyeCamera_1_00041_png.rf.402d963ad90df5846463e66a301debd3.jpg,6,0.3118402063846588,0.5442755222320557,0.007342522032558918,0.012103447690606117,0.03316357359290123
FisheyeCamera_1_00041_png.rf.402d963ad90df5846463e66a301debd3.jpg,9,0.3142525851726532,0.5406618118286133,0.009062180295586586,0.010921661742031574,0.019210094586014748
FisheyeCamera_1_00041_png.rf.402d963ad90df5846463e66a301debd3.jpg,0,0.6037315726280212,0.5324219465255737,0.00936269760131836,0.009849805384874344,0.011176428757607937
FisheyeCamera_1_00041_png.rf.402d963ad90df5846463e66a301debd3.jpg,1,0.3108327388763428,0.5415002703666687,0.009183645248413086,0.011698540300130844,0.010508455336093903
FisheyeCamera_1_00041_png.rf.402d963ad90df5846463e66a301debd3.jpg,0,0.41640719771385193,0.4914402365684509,0.00915153231471777,0.008492102846503258,0.009327316656708717
FisheyeCamera_1_00041_png.rf.402d963ad90df5846463e66a301debd3.jpg,0,0.2750965654850006,0.514681339263916,0.01152658462524414,0.014956952072679996,0.006877279840409756
FisheyeCamera_1_00041_png.rf.402d963ad90df5846463e66a301debd3.jpg,0,0.3132854104042053,0.5411934852600098,0.007088148035109043,0.013533703051507473,0.006620518397539854
FisheyeCamera_1_00041_png.rf.402d963ad90df5846463e66a301debd3.jpg,6,0.5331433415412903,0.5486783981323242,0.0044528888538479805,0.009893528185784817,0.005300456658005714
FisheyeCamera_1_00041_png.rf.402d963ad90df5846463e66a301debd3.jpg,6,0.4049140512943268,0.5484481453895569,0.0057521602138876915,0.01035327184945345,0.0046574329026043415
FisheyeCamera_1_00041_png.rf.402d963ad90df5846463e66a301debd3.jpg,0,0.5337835550308228,0.552008330821991,0.005408287048339844,0.009104179218411446,0.004602467175573111
FisheyeCamera_1_00041_png.rf.402d963ad90df5846463e66a301debd3.jpg,0,0.4145445227622986,0.49631330370903015,0.008574779145419598,0.004508018493652344,0.0036207737866789103
FisheyeCamera_1_00041_png.rf.402d963ad90df5846463e66a301debd3.jpg,6,0.42250868678092957,0.5505996346473694,0.006913735531270504,0.012426743283867836,0.0030012023635208607
FisheyeCamera_1_00041_png.rf.402d963ad90df5846463e66a301debd3.jpg,1,0.31560274958610535,0.5410135388374329,0.005583580117672682,0.00768650509417057,0.0026874677278101444
FisheyeCamera_1_00041_png.rf.402d963ad90df5846463e66a301debd3.jpg,6,0.5355311632156372,0.5512477159500122,0.010365962982177734,0.010296601802110672,0.0020486018620431423
FisheyeCamera_1_00041_png.rf.402d963ad90df5846463e66a301debd3.jpg,13,0.3037811815738678,0.5468260049819946,0.008849474601447582,0.009173686616122723,0.001623310148715973
FisheyeCamera_1_00041_png.rf.402d963ad90df5846463e66a301debd3.jpg,0,0.3855510950088501,0.5071399807929993,0.009159418754279613,0.006278404965996742,0.0015485163312405348
FisheyeCamera_1_00041_png.rf.402d963ad90df5846463e66a301debd3.jpg,0,0.4367099404335022,0.4964480698108673,0.012188728898763657,0.0062723164446651936,0.0012284729164093733
FisheyeCamera_1_00041_png.rf.402d963ad90df5846463e66a301debd3.jpg,0,0.3141094744205475,0.5377476811408997,0.009604454040527344,0.013119698502123356,0.0012252551969140768
FisheyeCamera_1_00041_png.rf.402d963ad90df5846463e66a301debd3.jpg,1,0.3102235794067383,0.5521272420883179,0.00810366403311491,0.018862541764974594,0.0011758293258026242
FisheyeCamera_1_00041_png.rf.402d963ad90df5846463e66a301debd3.jpg,0,0.5991084575653076,0.49312442541122437,0.011035039089620113,0.009311969392001629,0.0010586809366941452
FisheyeCamera_1_00041_png.rf.402d963ad90df5846463e66a301debd3.jpg,0,0.5761756300926208,0.5117495656013489,0.008668826892971992,0.02781134471297264,0.0010293448576703668
FisheyeCamera_1_00041_png.rf.402d963ad90df5846463e66a301debd3.jpg,6,0.4320971667766571,0.5518321394920349,0.006757919676601887,0.009118740446865559,0.0009567542001605034
FisheyeCamera_1_00041_png.rf.402d963ad90df5846463e66a301debd3.jpg,5,0.3803935647010803,0.6901025176048279,0.7596554756164551,0.6197950839996338,0.00081820716150105
FisheyeCamera_1_00041_png.rf.402d963ad90df5846463e66a301debd3.jpg,0,0.4484339654445648,0.5240572690963745,0.0049106525257229805,0.011438957415521145,0.0008159062126651406
FisheyeCamera_1_00041_png.rf.402d963ad90df5846463e66a301debd3.jpg,0,0.3907182812690735,0.504480242729187,0.00867462158203125,0.008579840883612633,0.0007441314519383013
FisheyeCamera_1_00041_png.rf.402d963ad90df5846463e66a301debd3.jpg,0,0.6027337908744812,0.5352169275283813,0.006485535763204098,0.008242680691182613,0.0006874670507386327
FisheyeCamera_1_00041_png.rf.402d963ad90df5846463e66a301debd3.jpg,13,0.5881138443946838,0.5477696657180786,0.005763714201748371,0.008588057942688465,0.000682501879055053
FisheyeCamera_1_00041_png.rf.402d963ad90df5846463e66a301debd3.jpg,0,0.4363923668861389,0.4987087547779083,0.005922684445977211,0.012102017179131508,0.0006480516749434173
FisheyeCamera_1_00041_png.rf.402d963ad90df5846463e66a301debd3.jpg,0,0.44580814242362976,0.49884262681007385,0.0091550899669528,0.01301200594753027,0.0006444486207328737
FisheyeCamera_1_00041_png.rf.402d963ad90df5846463e66a301debd3.jpg,6,0.5294378995895386,0.5495513677597046,0.008487334474921227,0.009430408477783203,0.0005985044990666211
FisheyeCamera_1_00041_png.rf.402d963ad90df5846463e66a301debd3.jpg,0,0.38352447748184204,0.5315852165222168,0.005600269418209791,0.009275033138692379,0.0005212091491557658
FisheyeCamera_1_00041_png.rf.402d963ad90df5846463e66a301debd3.jpg,13,0.4048200845718384,0.5602386593818665,0.005890442989766598,0.013323894701898098,0.0005059557151980698
FisheyeCamera_1_00089_png.rf.3a437fe3f7f2a546183b5ef50bf92eab.jpg,0,0.26654234528541565,0.2994576394557953,0.01897711120545864,0.019093990325927734,0.2626144289970398
FisheyeCamera_1_00089_png.rf.3a437fe3f7f2a546183b5ef50bf92eab.jpg,0,0.26105403900146484,0.29798513650894165,0.023989109322428703,0.023272037506103516,0.16655410826206207
FisheyeCamera_1_00089_png.rf.3a437fe3f7f2a546183b5ef50bf92eab.jpg,9,0.3121146559715271,0.5399757027626038,0.006649311166256666,0.01182299479842186,0.09937304258346558
FisheyeCamera_1_00089_png.rf.3a437fe3f7f2a546183b5ef50bf92eab.jpg,1,0.44572317600250244,0.4908457398414612,0.010298472829163074,0.004838577006012201,0.09664712101221085
FisheyeCamera_1_00089_png.rf.3a437fe3f7f2a546183b5ef50bf92eab.jpg,1,0.31178680062294006,0.5406959056854248,0.004863702692091465,0.012232193723320961,0.08788546174764633
FisheyeCamera_1_00089_png.rf.3a437fe3f7f2a546183b5ef50bf92eab.jpg,1,0.43918874859809875,0.49071505665779114,0.012904278002679348,0.005441188812255859,0.04445068910717964
FisheyeCamera_1_00089_png.rf.3a437fe3f7f2a546183b5ef50bf92eab.jpg,6,0.31465792655944824,0.5386191010475159,0.0067964703775942326,0.011048904620110989,0.018714888021349907
FisheyeCamera_1_00089_png.rf.3a437fe3f7f2a546183b5ef50bf92eab.jpg,10,0.46181830763816833,0.5403396487236023,0.0046144635416567326,0.008253207430243492,0.01501468475908041
FisheyeCamera_1_00089_png.rf.3a437fe3f7f2a546183b5ef50bf92eab.jpg,1,0.40590140223503113,0.49245116114616394,0.007001620251685381,0.007968058809638023,0.011100903153419495
FisheyeCamera_1_00089_png.rf.3a437fe3f7f2a546183b5ef50bf92eab.jpg,1,0.4344646632671356,0.4916258752346039,0.007423694711178541,0.005134509410709143,0.009323030710220337
FisheyeCamera_1_00089_png.rf.3a437fe3f7f2a546183b5ef50bf92eab.jpg,11,0.31155434250831604,0.5422843098640442,0.007296782452613115,0.015151501633226871,0.00712575251236558
FisheyeCamera_1_00089_png.rf.3a437fe3f7f2a546183b5ef50bf92eab.jpg,6,0.5014756917953491,0.5414539575576782,0.010217850096523762,0.016089806333184242,0.006790356710553169
FisheyeCamera_1_00089_png.rf.3a437fe3f7f2a546183b5ef50bf92eab.jpg,0,0.2926799952983856,0.29807963967323303,0.029511837288737297,0.012551785446703434,0.006412142887711525
FisheyeCamera_1_00089_png.rf.3a437fe3f7f2a546183b5ef50bf92eab.jpg,0,0.6024076342582703,0.5411756634712219,0.017341431230306625,0.013794789090752602,0.00585302896797657
FisheyeCamera_1_00089_png.rf.3a437fe3f7f2a546183b5ef50bf92eab.jpg,6,0.46474161744117737,0.5444310903549194,0.008382797241210938,0.007915680296719074,0.004521717317402363
FisheyeCamera_1_00089_png.rf.3a437fe3f7f2a546183b5ef50bf92eab.jpg,0,0.692568302154541,0.5322445034980774,0.0065143294632434845,0.010529041290283203,0.004487059079110622
FisheyeCamera_1_00089_png.rf.3a437fe3f7f2a546183b5ef50bf92eab.jpg,1,0.26597315073013306,0.30139636993408203,0.01955443248152733,0.026557905599474907,0.0038830155972391367
FisheyeCamera_1_00089_png.rf.3a437fe3f7f2a546183b5ef50bf92eab.jpg,6,0.4807714521884918,0.5485533475875854,0.0061954353004693985,0.010143867693841457,0.0034177792258560658
FisheyeCamera_1_00089_png.rf.3a437fe3f7f2a546183b5ef50bf92eab.jpg,1,0.45187637209892273,0.49179381132125854,0.009342193603515625,0.005199615843594074,0.0031278254464268684
FisheyeCamera_1_00089_png.rf.3a437fe3f7f2a546183b5ef50bf92eab.jpg,0,0.2491035908460617,0.30729416012763977,0.04415842518210411,0.018428895622491837,0.0029576157685369253
FisheyeCamera_1_00089_png.rf.3a437fe3f7f2a546183b5ef50bf92eab.jpg,0,0.2772672176361084,0.5202811360359192,0.010155550204217434,0.005703155882656574,0.0025937226600944996
FisheyeCamera_1_00089_png.rf.3a437fe3f7f2a546183b5ef50bf92eab.jpg,1,0.42173999547958374,0.4914337396621704,0.007719406858086586,0.0061798095703125,0.00204508937895298
FisheyeCamera_1_00089_png.rf.3a437fe3f7f2a546183b5ef50bf92eab.jpg,11,0.3770870268344879,0.5468748807907104,0.005062249954789877,0.008440898731350899,0.0017859743675217032
FisheyeCamera_1_00089_png.rf.3a437fe3f7f2a546183b5ef50bf92eab.jpg,0,0.24237333238124847,0.5286070108413696,0.006298248656094074,0.009996891021728516,0.0016742461593821645
FisheyeCamera_1_00089_png.rf.3a437fe3f7f2a546183b5ef50bf92eab.jpg,0,0.30016830563545227,0.2967151999473572,0.015134280547499657,0.010282425209879875,0.0016066969837993383
FisheyeCamera_1_00089_png.rf.3a437fe3f7f2a546183b5ef50bf92eab.jpg,1,0.43946370482444763,0.48840686678886414,0.009150505065917969,0.0039676520973443985,0.0015222838846966624
FisheyeCamera_1_00089_png.rf.3a437fe3f7f2a546183b5ef50bf92eab.jpg,0,0.3785014748573303,0.5475133657455444,0.005749189294874668,0.008289704099297523,0.0014232763787731528
FisheyeCamera_1_00089_png.rf.3a437fe3f7f2a546183b5ef50bf92eab.jpg,0,0.2182861864566803,0.3215029537677765,0.020850567147135735,0.015123661607503891,0.0013480752240866423
FisheyeCamera_1_00089_png.rf.3a437fe3f7f2a546183b5ef50bf92eab.jpg,0,0.2901342511177063,0.45412543416023254,0.010358150117099285,0.008334930054843426,0.0013179767411202192
FisheyeCamera_1_00089_png.rf.3a437fe3f7f2a546183b5ef50bf92eab.jpg,0,0.6094299554824829,0.5405492782592773,0.013126740232110023,0.012630059383809566,0.0013140084920451045
FisheyeCamera_1_00089_png.rf.3a437fe3f7f2a546183b5ef50bf92eab.jpg,6,0.4603825509548187,0.5417277812957764,0.008386611938476562,0.009537036530673504,0.0010152177419513464
FisheyeCamera_1_00089_png.rf.3a437fe3f7f2a546183b5ef50bf92eab.jpg,0,0.2717589735984802,0.52143794298172,0.007401851937174797,0.006699012126773596,0.0008381486404687166
FisheyeCamera_1_00089_png.rf.3a437fe3f7f2a546183b5ef50bf92eab.jpg,13,0.22781577706336975,0.5312619209289551,0.008025554940104485,0.011007052846252918,0.0008079600520431995
FisheyeCamera_1_00089_png.rf.3a437fe3f7f2a546183b5ef50bf92eab.jpg,6,0.498430997133255,0.5403438806533813,0.009487335570156574,0.014776596799492836,0.0007106571574695408
FisheyeCamera_1_00089_png.rf.3a437fe3f7f2a546183b5ef50bf92eab.jpg,0,0.19559472799301147,0.3296358585357666,0.017866557464003563,0.010955810546875,0.0006894748075865209
FisheyeCamera_1_00089_png.rf.3a437fe3f7f2a546183b5ef50bf92eab.jpg,5,0.37996235489845276,0.6994239091873169,0.7574303150177002,0.601152241230011,0.0006826964090578258
FisheyeCamera_1_00089_png.rf.3a437fe3f7f2a546183b5ef50bf92eab.jpg,0,0.2703908085823059,0.5233216881752014,0.007488966453820467,0.009541145525872707,0.0006225561955943704
FisheyeCamera_1_00089_png.rf.3a437fe3f7f2a546183b5ef50bf92eab.jpg,0,0.2774864733219147,0.2997252643108368,0.03553377836942673,0.01680634543299675,0.0005897374940104783
FisheyeCamera_1_00089_png.rf.3a437fe3f7f2a546183b5ef50bf92eab.jpg,11,0.6032906174659729,0.3562372326850891,0.7341595888137817,0.7113324403762817,0.0005545879830606282
FisheyeCamera_1_00095_png.rf.7339640275f9c4483536f89fb2c815e0.jpg,1,0.42890211939811707,0.4820684492588043,0.006464848294854164,0.005424133036285639,0.2369772046804428
FisheyeCamera_1_00095_png.rf.7339640275f9c4483536f89fb2c815e0.jpg,1,0.4360097646713257,0.48453325033187866,0.009448344819247723,0.010236850939691067,0.09812193363904953
FisheyeCamera_1_00095_png.rf.7339640275f9c4483536f89fb2c815e0.jpg,7,0.2696082592010498,0.5350073575973511,0.007557631004601717,0.015218258835375309,0.054544415324926376
FisheyeCamera_1_00095_png.rf.7339640275f9c4483536f89fb2c815e0.jpg,0,0.6404560208320618,0.5374795794487,0.020579412579536438,0.017776893451809883,0.043492697179317474
FisheyeCamera_1_00095_png.rf.7339640275f9c4483536f89fb2c815e0.jpg,1,0.43503084778785706,0.479822039604187,0.010126187466084957,0.010872181504964828,0.02901294454932213
FisheyeCamera_1_00095_png.rf.7339640275f9c4483536f89fb2c815e0.jpg,6,0.27004075050354004,0.5360126495361328,0.007364548277109861,0.014133931137621403,0.026807110756635666
FisheyeCamera_1_00095_png.rf.7339640275f9c4483536f89fb2c815e0.jpg,10,0.4619397222995758,0.5407915115356445,0.004928002133965492,0.009376415982842445,0.01914852298796177
FisheyeCamera_1_00095_png.rf.7339640275f9c4483536f89fb2c815e0.jpg,1,0.4392983615398407,0.4829646944999695,0.013333138078451157,0.0056621478870511055,0.014936697669327259
FisheyeCamera_1_00095_png.rf.7339640275f9c4483536f89fb2c815e0.jpg,0,0.8166429400444031,0.4954034984111786,0.01356623787432909,0.010813713073730469,0.013723332434892654
FisheyeCamera_1_00095_png.rf.7339640275f9c4483536f89fb2c815e0.jpg,9,0.3763142228126526,0.5462128520011902,0.009933545254170895,0.01003878004848957,0.008466160856187344
FisheyeCamera_1_00095_png.rf.7339640275f9c4483536f89fb2c815e0.jpg,11,0.37337619066238403,0.5471412539482117,0.009266743436455727,0.009054954163730145,0.005470369476824999
FisheyeCamera_1_00095_png.rf.7339640275f9c4483536f89fb2c815e0.jpg,1,0.4243340790271759,0.4820972681045532,0.01129913330078125,0.004588897805660963,0.004063850734382868
FisheyeCamera_1_00095_png.rf.7339640275f9c4483536f89fb2c815e0.jpg,0,0.2225494533777237,0.5084555149078369,0.011663345620036125,0.010189644061028957,0.0037407337222248316
FisheyeCamera_1_00095_png.rf.7339640275f9c4483536f89fb2c815e0.jpg,1,0.435757577419281,0.4855789244174957,0.008650412783026695,0.005148300901055336,0.0036900925915688276
FisheyeCamera_1_00095_png.rf.7339640275f9c4483536f89fb2c815e0.jpg,0,0.7314077615737915,0.5271553993225098,0.002974070142954588,0.010229000821709633,0.0032004015520215034
FisheyeCamera_1_00095_png.rf.7339640275f9c4483536f89fb2c815e0.jpg,6,0.5104986429214478,0.5531302690505981,0.008725387044250965,0.014189940877258778,0.0025452005211263895
FisheyeCamera_1_00095_png.rf.7339640275f9c4483536f89fb2c815e0.jpg,0,0.47964656352996826,0.5498353838920593,0.006793499458581209,0.0132637033239007,0.002251934027299285
FisheyeCamera_1_00095_png.rf.7339640275f9c4483536f89fb2c815e0.jpg,6,0.4786371886730194,0.5524518489837646,0.008882779628038406,0.015195847488939762,0.002251563360914588
FisheyeCamera_1_00095_png.rf.7339640275f9c4483536f89fb2c815e0.jpg,1,0.42599400877952576,0.4846215546131134,0.013218513689935207,0.010439872741699219,0.0019318388076499104
FisheyeCamera_1_00095_png.rf.7339640275f9c4483536f89fb2c815e0.jpg,1,0.4255865812301636,0.479466050863266,0.01379137858748436,0.010238721035420895,0.0018156145233660936
FisheyeCamera_1_00095_png.rf.7339640275f9c4483536f89fb2c815e0.jpg,6,0.5084218978881836,0.5483020544052124,0.005094124935567379,0.011870384216308594,0.0016862087650224566
FisheyeCamera_1_00095_png.rf.7339640275f9c4483536f89fb2c815e0.jpg,13,0.7795711159706116,0.5303176045417786,0.006587615702301264,0.018238838762044907,0.001604833290912211
FisheyeCamera_1_00095_png.rf.7339640275f9c4483536f89fb2c815e0.jpg,13,0.20582275092601776,0.5354655385017395,0.0077486406080424786,0.007599537260830402,0.001550802611745894
FisheyeCamera_1_00095_png.rf.7339640275f9c4483536f89fb2c815e0.jpg,13,0.16517476737499237,0.5200000405311584,0.0061160968616604805,0.015674114227294922,0.001504720188677311
FisheyeCamera_1_00095_png.rf.7339640275f9c4483536f89fb2c815e0.jpg,0,0.8086515665054321,0.4947349727153778,0.009695420041680336,0.010072121396660805,0.001486993278376758
FisheyeCamera_1_00095_png.rf.7339640275f9c4483536f89fb2c815e0.jpg,1,0.27571186423301697,0.5360008478164673,0.009753979742527008,0.013398353941738605,0.0011930940672755241
FisheyeCamera_1_00095_png.rf.7339640275f9c4483536f89fb2c815e0.jpg,13,0.7677394151687622,0.5276726484298706,0.004415072035044432,0.015882015228271484,0.0010475616436451674
FisheyeCamera_1_00095_png.rf.7339640275f9c4483536f89fb2c815e0.jpg,0,0.6228594779968262,0.5408256649971008,0.008395561948418617,0.01412696111947298,0.00097235495923087
FisheyeCamera_1_00095_png.rf.7339640275f9c4483536f89fb2c815e0.jpg,0,0.7682658433914185,0.5222059488296509,0.007031954359263182,0.012960324063897133,0.0009046149207279086
FisheyeCamera_1_00095_png.rf.7339640275f9c4483536f89fb2c815e0.jpg,1,0.26544061303138733,0.5357081294059753,0.007863283157348633,0.011244773864746094,0.0008851716411300004
FisheyeCamera_1_00095_png.rf.7339640275f9c4483536f89fb2c815e0.jpg,1,0.4082682132720947,0.48218145966529846,0.00794219970703125,0.006170053035020828,0.0008429089211858809
FisheyeCamera_1_00095_png.rf.7339640275f9c4483536f89fb2c815e0.jpg,13,0.7501257061958313,0.5293214321136475,0.003724318463355303,0.01352024171501398,0.0008300684276036918
FisheyeCamera_1_00095_png.rf.7339640275f9c4483536f89fb2c815e0.jpg,0,0.12242335826158524,0.47579818964004517,0.017180893570184708,0.014311203733086586,0.0007857928285375237
FisheyeCamera_1_00095_png.rf.7339640275f9c4483536f89fb2c815e0.jpg,0,0.46105486154556274,0.5236796736717224,0.009182929992675781,0.00966625940054655,0.0007205653237178922
FisheyeCamera_1_00095_png.rf.7339640275f9c4483536f89fb2c815e0.jpg,5,0.38042208552360535,0.697144627571106,0.759033203125,0.6057109236717224,0.0007125379634089768
FisheyeCamera_1_00095_png.rf.7339640275f9c4483536f89fb2c815e0.jpg,0,0.6307066082954407,0.5341798663139343,0.016310766339302063,0.017133163288235664,0.0006640946376137435
FisheyeCamera_1_00095_png.rf.7339640275f9c4483536f89fb2c815e0.jpg,6,0.5179709196090698,0.555686891078949,0.005347435362637043,0.012514995411038399,0.0006294558988884091
FisheyeCamera_1_00095_png.rf.7339640275f9c4483536f89fb2c815e0.jpg,1,0.44406771659851074,0.4864512085914612,0.01257316954433918,0.007933029904961586,0.0006055448320694268
FisheyeCamera_1_00095_png.rf.7339640275f9c4483536f89fb2c815e0.jpg,0,0.17162972688674927,0.20544911921024323,0.02361593022942543,0.018997615203261375,0.0005811770097352564
FisheyeCamera_1_00095_png.rf.7339640275f9c4483536f89fb2c815e0.jpg,1,0.3938879072666168,0.4849606454372406,0.0058087571524083614,0.01000231970101595,0.0005681737093254924
FisheyeCamera_1_00095_png.rf.7339640275f9c4483536f89fb2c815e0.jpg,0,0.7305824756622314,0.5244371294975281,0.005744714289903641,0.011829559691250324,0.0005602401215583086
FisheyeCamera_1_00095_png.rf.7339640275f9c4483536f89fb2c815e0.jpg,13,0.7794671058654785,0.522000789642334,0.00704831350594759,0.015774544328451157,0.0005508173489943147
FisheyeCamera_1_00095_png.rf.7339640275f9c4483536f89fb2c815e0.jpg,10,0.5124216675758362,0.5452433824539185,0.00537747610360384,0.017474835738539696,0.000527987431269139
FisheyeCamera_1_00095_png.rf.7339640275f9c4483536f89fb2c815e0.jpg,0,0.21716074645519257,0.1762964278459549,0.01830887794494629,0.01249570120126009,0.0005261198966763914
FisheyeCamera_1_00097_png.rf.fb72097a4038b905024bea71b14c1434.jpg,1,0.43009164929389954,0.47791916131973267,0.012808910571038723,0.007303421385586262,0.2562315762042999
FisheyeCamera_1_00097_png.rf.fb72097a4038b905024bea71b14c1434.jpg,0,0.42732349038124084,0.47813645005226135,0.008199875243008137,0.00705469585955143,0.2158510535955429
FisheyeCamera_1_00097_png.rf.fb72097a4038b905024bea71b14c1434.jpg,9,0.2523718476295471,0.5330429077148438,0.008023354224860668,0.015325143001973629,0.1678600311279297
FisheyeCamera_1_00097_png.rf.fb72097a4038b905024bea71b14c1434.jpg,11,0.2521730363368988,0.532524049282074,0.009539036080241203,0.01591378077864647,0.1268315315246582
FisheyeCamera_1_00097_png.rf.fb72097a4038b905024bea71b14c1434.jpg,1,0.4244002401828766,0.4787132740020752,0.011318206787109375,0.006123763043433428,0.056185297667980194
FisheyeCamera_1_00097_png.rf.fb72097a4038b905024bea71b14c1434.jpg,0,0.659174382686615,0.5342651605606079,0.02188125066459179,0.0215068981051445,0.018242711201310158
FisheyeCamera_1_00097_png.rf.fb72097a4038b905024bea71b14c1434.jpg,10,0.4614976942539215,0.5406143665313721,0.005121451336890459,0.009354591369628906,0.013730763457715511
FisheyeCamera_1_00097_png.rf.fb72097a4038b905024bea71b14c1434.jpg,0,0.47884467244148254,0.5492954254150391,0.007078721188008785,0.01181276049464941,0.0047057499177753925
FisheyeCamera_1_00097_png.rf.fb72097a4038b905024bea71b14c1434.jpg,0,0.4277382791042328,0.4745073616504669,0.007596603129059076,0.011566933244466782,0.004223281517624855
FisheyeCamera_1_00097_png.rf.fb72097a4038b905024bea71b14c1434.jpg,0,0.22532512247562408,0.41561898589134216,0.012454125098884106,0.009728505276143551,0.0033249107655137777
FisheyeCamera_1_00097_png.rf.fb72097a4038b905024bea71b14c1434.jpg,1,0.6510607600212097,0.5365926623344421,0.0173367727547884,0.01663827896118164,0.002167260739952326
FisheyeCamera_1_00097_png.rf.fb72097a4038b905024bea71b14c1434.jpg,0,0.4594619572162628,0.5403953790664673,0.007646157406270504,0.009484071284532547,0.0013534210156649351
FisheyeCamera_1_00097_png.rf.fb72097a4038b905024bea71b14c1434.jpg,6,0.5052458047866821,0.545333206653595,0.007470864802598953,0.009537220001220703,0.0013443512143567204
FisheyeCamera_1_00097_png.rf.fb72097a4038b905024bea71b14c1434.jpg,1,0.4320196211338043,0.4831477999687195,0.008088185451924801,0.013349643908441067,0.0012756548821926117
FisheyeCamera_1_00097_png.rf.fb72097a4038b905024bea71b14c1434.jpg,6,0.5211930274963379,0.5448727607727051,0.007116501219570637,0.008019997738301754,0.0009798500686883926
FisheyeCamera_1_00097_png.rf.fb72097a4038b905024bea71b14c1434.jpg,0,0.2031877636909485,0.5050309896469116,0.012627987191081047,0.007215133402496576,0.0009376986417919397
FisheyeCamera_1_00097_png.rf.fb72097a4038b905024bea71b14c1434.jpg,1,0.3909108340740204,0.4780183434486389,0.006184248253703117,0.007988929748535156,0.0008697717566974461
FisheyeCamera_1_00097_png.rf.fb72097a4038b905024bea71b14c1434.jpg,0,0.46013790369033813,0.5365452766418457,0.008440017700195312,0.01105348952114582,0.0008653103723190725
FisheyeCamera_1_00097_png.rf.fb72097a4038b905024bea71b14c1434.jpg,9,0.25673389434814453,0.5332925915718079,0.012738320045173168,0.013005844317376614,0.0008573731756769121
FisheyeCamera_1_00097_png.rf.fb72097a4038b905024bea71b14c1434.jpg,6,0.4786544740200043,0.5523479580879211,0.008458064869046211,0.015318760648369789,0.0008092171046882868
FisheyeCamera_1_00097_png.rf.fb72097a4038b905024bea71b14c1434.jpg,0,0.47911253571510315,0.5345547795295715,0.0074297101236879826,0.007913956418633461,0.000779429916292429
FisheyeCamera_1_00097_png.rf.fb72097a4038b905024bea71b14c1434.jpg,1,0.4431552290916443,0.47760599851608276,0.014592758379876614,0.0070912656374275684,0.000720897747669369
FisheyeCamera_1_00097_png.rf.fb72097a4038b905024bea71b14c1434.jpg,11,0.3743438720703125,0.5477253198623657,0.00510014034807682,0.009129047393798828,0.0006963829509913921
FisheyeCamera_1_00097_png.rf.fb72097a4038b905024bea71b14c1434.jpg,0,0.7534530758857727,0.5248699188232422,0.00890717189759016,0.012197677977383137,0.0006809922051616013
FisheyeCamera_1_00097_png.rf.fb72097a4038b905024bea71b14c1434.jpg,10,0.503653883934021,0.5330497622489929,0.0088043212890625,0.015643304213881493,0.0006502129836007953
FisheyeCamera_1_00097_png.rf.fb72097a4038b905024bea71b14c1434.jpg,5,0.33003076910972595,0.6730360388755798,0.6589195132255554,0.6539280414581299,0.0006272053578868508
FisheyeCamera_1_00097_png.rf.fb72097a4038b905024bea71b14c1434.jpg,10,0.5120104551315308,0.5431397557258606,0.004763786680996418,0.013205932453274727,0.0006171418353915215
FisheyeCamera_1_00097_png.rf.fb72097a4038b905024bea71b14c1434.jpg,9,0.4972335994243622,0.5354397892951965,0.007493386045098305,0.010456268675625324,0.000514435872901231
FisheyeCamera_1_00098_png.rf.937d582ee38fb9c9007c37c872df3176.jpg,1,0.43195730447769165,0.4774443805217743,0.013004009611904621,0.006683459971100092,0.14627686142921448
FisheyeCamera_1_00098_png.rf.937d582ee38fb9c9007c37c872df3176.jpg,1,0.42695194482803345,0.47771674394607544,0.010718163102865219,0.0074571832083165646,0.13502298295497894
FisheyeCamera_1_00098_png.rf.937d582ee38fb9c9007c37c872df3176.jpg,9,0.24285121262073517,0.5317474007606506,0.009090570732951164,0.01671970821917057,0.0990503653883934
FisheyeCamera_1_00098_png.rf.937d582ee38fb9c9007c37c872df3176.jpg,11,0.24294118583202362,0.5324374437332153,0.008457844145596027,0.01732099987566471,0.03851709142327309
FisheyeCamera_1_00098_png.rf.937d582ee38fb9c9007c37c872df3176.jpg,1,0.24158166348934174,0.5329602956771851,0.006063553038984537,0.018520722165703773,0.0383862741291523
FisheyeCamera_1_00098_png.rf.937d582ee38fb9c9007c37c872df3176.jpg,10,0.46151167154312134,0.5418214201927185,0.0052022202871739864,0.012635597959160805,0.021487513557076454
FisheyeCamera_1_00098_png.rf.937d582ee38fb9c9007c37c872df3176.jpg,6,0.4784753620624542,0.5500925183296204,0.007710273843258619,0.0154151925817132,0.013690134510397911
FisheyeCamera_1_00098_png.rf.937d582ee38fb9c9007c37c872df3176.jpg,6,0.5050262212753296,0.5451911091804504,0.007717133034020662,0.013373962603509426,0.005797863472253084
FisheyeCamera_1_00098_png.rf.937d582ee38fb9c9007c37c872df3176.jpg,1,0.4281891882419586,0.47392943501472473,0.009846100583672523,0.010402129963040352,0.005076969973742962
FisheyeCamera_1_00098_png.rf.937d582ee38fb9c9007c37c872df3176.jpg,0,0.6644237637519836,0.5334213376045227,0.030292952433228493,0.021847836673259735,0.002813598606735468
FisheyeCamera_1_00098_png.rf.937d582ee38fb9c9007c37c872df3176.jpg,0,0.6607345938682556,0.5313522219657898,0.01823410764336586,0.017247971147298813,0.0027698022313416004
FisheyeCamera_1_00098_png.rf.937d582ee38fb9c9007c37c872df3176.jpg,13,0.16185788810253143,0.5157155394554138,0.007368858437985182,0.0125160226598382,0.002419315977022052
FisheyeCamera_1_00098_png.rf.937d582ee38fb9c9007c37c872df3176.jpg,10,0.5118572115898132,0.5448744893074036,0.004571364726871252,0.016837304458022118,0.0015381001867353916
FisheyeCamera_1_00098_png.rf.937d582ee38fb9c9007c37c872df3176.jpg,1,0.389370322227478,0.4782162606716156,0.006734407972544432,0.008462722413241863,0.0015003812732174993
FisheyeCamera_1_00098_png.rf.937d582ee38fb9c9007c37c872df3176.jpg,10,0.5031465888023376,0.5522664785385132,0.0063219075091183186,0.015359512530267239,0.0013267486356198788
FisheyeCamera_1_00098_png.rf.937d582ee38fb9c9007c37c872df3176.jpg,6,0.5225850939750671,0.5442278981208801,0.008699600584805012,0.010314171202480793,0.00130960822571069
FisheyeCamera_1_00098_png.rf.937d582ee38fb9c9007c37c872df3176.jpg,0,0.753718376159668,0.523013174533844,0.0072771222330629826,0.011987026780843735,0.001270647393539548
FisheyeCamera_1_00098_png.rf.937d582ee38fb9c9007c37c872df3176.jpg,1,0.43835392594337463,0.4782189428806305,0.01144922710955143,0.007114410866051912,0.0011836923658847809
FisheyeCamera_1_00098_png.rf.937d582ee38fb9c9007c37c872df3176.jpg,11,0.3719771206378937,0.5470245480537415,0.006583654321730137,0.008231163024902344,0.0011576716788113117
FisheyeCamera_1_00098_png.rf.937d582ee38fb9c9007c37c872df3176.jpg,10,0.5031697750091553,0.537068784236908,0.009409244172275066,0.02376835234463215,0.0011227737413719296
FisheyeCamera_1_00098_png.rf.937d582ee38fb9c9007c37c872df3176.jpg,1,0.409056693315506,0.47883227467536926,0.009970555081963539,0.006764962337911129,0.0010971402516588569
FisheyeCamera_1_00098_png.rf.937d582ee38fb9c9007c37c872df3176.jpg,1,0.4242684543132782,0.4740739166736603,0.011291321367025375,0.010819435119628906,0.0009559905738569796
FisheyeCamera_1_00098_png.rf.937d582ee38fb9c9007c37c872df3176.jpg,0,0.1901167929172516,0.5028628706932068,0.009112248197197914,0.009318241849541664,0.0007747666095383465
FisheyeCamera_1_00098_png.rf.937d582ee38fb9c9007c37c872df3176.jpg,10,0.4845240116119385,0.5453454852104187,0.008241874165832996,0.017799928784370422,0.000714097055606544
FisheyeCamera_1_00098_png.rf.937d582ee38fb9c9007c37c872df3176.jpg,13,0.8106648921966553,0.5175418257713318,0.005311746150255203,0.021073268726468086,0.0006933083641342819
FisheyeCamera_1_00098_png.rf.937d582ee38fb9c9007c37c872df3176.jpg,6,0.4713831841945648,0.546242892742157,0.005933101754635572,0.009321212768554688,0.0006718462100252509
FisheyeCamera_1_00098_png.rf.937d582ee38fb9c9007c37c872df3176.jpg,0,0.7671281099319458,0.5234625339508057,0.005407773889601231,0.012553948909044266,0.000671364541631192
FisheyeCamera_1_00098_png.rf.937d582ee38fb9c9007c37c872df3176.jpg,0,0.4600066542625427,0.5360262989997864,0.00856142770498991,0.010725388303399086,0.0006144297658465803
FisheyeCamera_1_00098_png.rf.937d582ee38fb9c9007c37c872df3176.jpg,6,0.24309751391410828,0.5342068672180176,0.00909790676087141,0.019759729504585266,0.0006053434335626662
FisheyeCamera_1_00098_png.rf.937d582ee38fb9c9007c37c872df3176.jpg,6,0.47925642132759094,0.5356432199478149,0.007434845436364412,0.009630423970520496,0.0005760947824455798
FisheyeCamera_1_00098_png.rf.937d582ee38fb9c9007c37c872df3176.jpg,13,0.14222314953804016,0.514169454574585,0.005589558742940426,0.012251853942871094,0.0005742221837863326
FisheyeCamera_1_00098_png.rf.937d582ee38fb9c9007c37c872df3176.jpg,10,0.46648699045181274,0.5414178371429443,0.006288822274655104,0.01054895855486393,0.0005710867699235678
FisheyeCamera_1_00098_png.rf.937d582ee38fb9c9007c37c872df3176.jpg,9,0.5284355878829956,0.54522305727005,0.00821667443960905,0.005421161651611328,0.0005705448566004634
FisheyeCamera_1_00098_png.rf.937d582ee38fb9c9007c37c872df3176.jpg,13,0.12255436927080154,0.5199069380760193,0.008016109466552734,0.014460748061537743,0.000560068991035223
FisheyeCamera_1_00098_png.rf.937d582ee38fb9c9007c37c872df3176.jpg,6,0.49912315607070923,0.5408034324645996,0.008675098419189453,0.01321018673479557,0.0005279930192045867
FisheyeCamera_1_00098_png.rf.937d582ee38fb9c9007c37c872df3176.jpg,0,0.6777037382125854,0.5323290824890137,0.008934902027249336,0.022022724151611328,0.0005160506116226315
FisheyeCamera_1_00100_png.rf.683a106328c4647fb8dcd00c1c2af90f.jpg,1,0.4237445890903473,0.4732630252838135,0.013133049942553043,0.00624524662271142,0.29797104001045227
FisheyeCamera_1_00100_png.rf.683a106328c4647fb8dcd00c1c2af90f.jpg,11,0.221689373254776,0.5290156602859497,0.009574358351528645,0.017735555768013,0.1678207367658615
FisheyeCamera_1_00100_png.rf.683a106328c4647fb8dcd00c1c2af90f.jpg,1,0.42834749817848206,0.47396114468574524,0.015129456296563148,0.005940143950283527,0.0733594223856926
FisheyeCamera_1_00100_png.rf.683a106328c4647fb8dcd00c1c2af90f.jpg,1,0.42303380370140076,0.4763163626194,0.010419919155538082,0.010073661804199219,0.04051394388079643
FisheyeCamera_1_00100_png.rf.683a106328c4647fb8dcd00c1c2af90f.jpg,6,0.4777470529079437,0.5515742301940918,0.009573349729180336,0.019020631909370422,0.030445856973528862
FisheyeCamera_1_00100_png.rf.683a106328c4647fb8dcd00c1c2af90f.jpg,1,0.42222434282302856,0.4711242616176605,0.01789720356464386,0.011546722613275051,0.010198776610195637
FisheyeCamera_1_00100_png.rf.683a106328c4647fb8dcd00c1c2af90f.jpg,6,0.2216596156358719,0.5288311243057251,0.00931563787162304,0.019031232222914696,0.008154910057783127
FisheyeCamera_1_00100_png.rf.683a106328c4647fb8dcd00c1c2af90f.jpg,6,0.47848188877105713,0.535872757434845,0.008603939786553383,0.01102458592504263,0.007197091821581125
FisheyeCamera_1_00100_png.rf.683a106328c4647fb8dcd00c1c2af90f.jpg,13,0.8366386294364929,0.5198521614074707,0.010677484795451164,0.022761089727282524,0.004696343094110489
FisheyeCamera_1_00100_png.rf.683a106328c4647fb8dcd00c1c2af90f.jpg,10,0.4616483449935913,0.5438982844352722,0.005840961821377277,0.015910038724541664,0.003855945775285363
FisheyeCamera_1_00100_png.rf.683a106328c4647fb8dcd00c1c2af90f.jpg,0,0.6878559589385986,0.5265103578567505,0.034547220915555954,0.02421313151717186,0.0032657431438565254
FisheyeCamera_1_00100_png.rf.683a106328c4647fb8dcd00c1c2af90f.jpg,6,0.4774370491504669,0.5404322743415833,0.007725532632321119,0.012154396623373032,0.0031523110810667276
FisheyeCamera_1_00100_png.rf.683a106328c4647fb8dcd00c1c2af90f.jpg,0,0.6914196014404297,0.531450629234314,0.024738311767578125,0.019684791564941406,0.003070340259000659
FisheyeCamera_1_00100_png.rf.683a106328c4647fb8dcd00c1c2af90f.jpg,1,0.38460636138916016,0.47442877292633057,0.011117935180664062,0.006870086770504713,0.0026640580035746098
FisheyeCamera_1_00100_png.rf.683a106328c4647fb8dcd00c1c2af90f.jpg,13,0.13338565826416016,0.5130093693733215,0.005330186802893877,0.014804143458604813,0.0021386854350566864
FisheyeCamera_1_00100_png.rf.683a106328c4647fb8dcd00c1c2af90f.jpg,6,0.4973549544811249,0.5461118221282959,0.008152412250638008,0.020366301760077477,0.0020582450088113546
FisheyeCamera_1_00100_png.rf.683a106328c4647fb8dcd00c1c2af90f.jpg,0,0.7692381143569946,0.5167745351791382,0.005152555648237467,0.014571007341146469,0.00201961537823081
FisheyeCamera_1_00100_png.rf.683a106328c4647fb8dcd00c1c2af90f.jpg,9,0.10882692784070969,0.4905087649822235,0.011479543522000313,0.014475456438958645,0.0016057579778134823
FisheyeCamera_1_00100_png.rf.683a106328c4647fb8dcd00c1c2af90f.jpg,1,0.41245177388191223,0.4722082316875458,0.01304351445287466,0.007141407113522291,0.0015347645385190845
FisheyeCamera_1_00100_png.rf.683a106328c4647fb8dcd00c1c2af90f.jpg,6,0.4960162937641144,0.5391433835029602,0.004908745177090168,0.01081448420882225,0.0015197276370599866
FisheyeCamera_1_00100_png.rf.683a106328c4647fb8dcd00c1c2af90f.jpg,7,0.22171063721179962,0.5288881063461304,0.009928043000400066,0.02043621428310871,0.001313573564402759
FisheyeCamera_1_00100_png.rf.683a106328c4647fb8dcd00c1c2af90f.jpg,1,0.380146324634552,0.4764646291732788,0.010499184019863605,0.008037273772060871,0.0013004506472498178
FisheyeCamera_1_00100_png.rf.683a106328c4647fb8dcd00c1c2af90f.jpg,6,0.5201854109764099,0.543685793876648,0.006030559539794922,0.007445408962666988,0.0012025784235447645
FisheyeCamera_1_00100_png.rf.683a106328c4647fb8dcd00c1c2af90f.jpg,1,0.41052085161209106,0.4772837460041046,0.00988149642944336,0.008869831450283527,0.0008913793717510998
FisheyeCamera_1_00100_png.rf.683a106328c4647fb8dcd00c1c2af90f.jpg,6,0.47431573271751404,0.5492551922798157,0.011827286332845688,0.014641175046563148,0.0007131905294954777
FisheyeCamera_1_00100_png.rf.683a106328c4647fb8dcd00c1c2af90f.jpg,0,0.7687956094741821,0.5200556516647339,0.006798597518354654,0.014011200517416,0.0006897759158164263
FisheyeCamera_1_00100_png.rf.683a106328c4647fb8dcd00c1c2af90f.jpg,11,0.6157636642456055,0.3727641999721527,0.7621882557868958,0.7455283999443054,0.0006649201968684793
FisheyeCamera_1_00100_png.rf.683a106328c4647fb8dcd00c1c2af90f.jpg,10,0.5036404728889465,0.5318673849105835,0.00929898489266634,0.012645134702324867,0.0006397030665539205
FisheyeCamera_1_00100_png.rf.683a106328c4647fb8dcd00c1c2af90f.jpg,5,0.3304170072078705,0.675823986530304,0.6597800254821777,0.6483521461486816,0.0005119303823448718
FisheyeCamera_1_00104_png.rf.4b7fdfa8ad94152180492a204dfd629d.jpg,12,0.36067941784858704,0.5257592797279358,0.027660921216011047,0.0389636866748333,0.2732744812965393
FisheyeCamera_1_00104_png.rf.4b7fdfa8ad94152180492a204dfd629d.jpg,9,0.3610949218273163,0.5254675149917603,0.02832108363509178,0.03829974681138992,0.20443101227283478
FisheyeCamera_1_00104_png.rf.4b7fdfa8ad94152180492a204dfd629d.jpg,11,0.3608464300632477,0.5256839990615845,0.027987774461507797,0.03753691539168358,0.17352673411369324
FisheyeCamera_1_00104_png.rf.4b7fdfa8ad94152180492a204dfd629d.jpg,6,0.7111465930938721,0.5342925190925598,0.012114671990275383,0.02006644569337368,0.12198139727115631
FisheyeCamera_1_00104_png.rf.4b7fdfa8ad94152180492a204dfd629d.jpg,7,0.3594343662261963,0.5242730975151062,0.02628832682967186,0.039922311902046204,0.07488759607076645
FisheyeCamera_1_00104_png.rf.4b7fdfa8ad94152180492a204dfd629d.jpg,10,0.3609313368797302,0.5258474349975586,0.029333775863051414,0.036890141665935516,0.03126530721783638
FisheyeCamera_1_00104_png.rf.4b7fdfa8ad94152180492a204dfd629d.jpg,7,0.712279736995697,0.533774197101593,0.011981524527072906,0.018501099199056625,0.024670688435435295
FisheyeCamera_1_00104_png.rf.4b7fdfa8ad94152180492a204dfd629d.jpg,1,0.711658239364624,0.5350276231765747,0.011465146206319332,0.020526593551039696,0.020989663898944855
FisheyeCamera_1_00104_png.rf.4b7fdfa8ad94152180492a204dfd629d.jpg,2,0.7121870517730713,0.5339862108230591,0.012844673357903957,0.01985638029873371,0.020265547558665276
FisheyeCamera_1_00104_png.rf.4b7fdfa8ad94152180492a204dfd629d.jpg,9,0.4543922245502472,0.5462000966072083,0.00878286361694336,0.013415814377367496,0.005953275132924318
FisheyeCamera_1_00104_png.rf.4b7fdfa8ad94152180492a204dfd629d.jpg,1,0.4537217319011688,0.5468218922615051,0.008327667601406574,0.013700302690267563,0.0014437144855037332
FisheyeCamera_1_00104_png.rf.4b7fdfa8ad94152180492a204dfd629d.jpg,7,0.5972626805305481,0.5473701357841492,0.007341458462178707,0.009266010485589504,0.0013442335184663534
FisheyeCamera_1_00104_png.rf.4b7fdfa8ad94152180492a204dfd629d.jpg,1,0.2691115438938141,0.5077716708183289,0.004900840576738119,0.007482052315026522,0.0008382772793993354
FisheyeCamera_1_00104_png.rf.4b7fdfa8ad94152180492a204dfd629d.jpg,14,0.5055910348892212,0.5650948286056519,0.6056046485900879,0.42970010638237,0.0006269824225455523
FisheyeCamera_1_00142_png.rf.def6aeee07cff082ea33cd3d659e7024.jpg,9,0.5976085066795349,0.5440909266471863,0.007884979248046875,0.012923241592943668,0.6103806495666504
FisheyeCamera_1_00142_png.rf.def6aeee07cff082ea33cd3d659e7024.jpg,9,0.5639218688011169,0.5481271743774414,0.009671798907220364,0.009394535794854164,0.2567242383956909
FisheyeCamera_1_00142_png.rf.def6aeee07cff082ea33cd3d659e7024.jpg,9,0.6267359852790833,0.5464884042739868,0.008643150329589844,0.009679500944912434,0.08895958960056305
FisheyeCamera_1_00142_png.rf.def6aeee07cff082ea33cd3d659e7024.jpg,9,0.5608485341072083,0.549010157585144,0.010259885340929031,0.008326823823153973,0.08168485760688782
FisheyeCamera_1_00142_png.rf.def6aeee07cff082ea33cd3d659e7024.jpg,9,0.5919672250747681,0.5451710224151611,0.012301151640713215,0.010571002960205078,0.03715445101261139
FisheyeCamera_1_00142_png.rf.def6aeee07cff082ea33cd3d659e7024.jpg,0,0.3453598618507385,0.544336199760437,0.005534392315894365,0.011166829615831375,0.007243237923830748
FisheyeCamera_1_00142_png.rf.def6aeee07cff082ea33cd3d659e7024.jpg,9,0.6227347254753113,0.5460655689239502,0.008000006899237633,0.010161399841308594,0.006771084386855364
FisheyeCamera_1_00142_png.rf.def6aeee07cff082ea33cd3d659e7024.jpg,10,0.46664178371429443,0.5498649477958679,0.016672134399414062,0.021347230300307274,0.0063584051094949245
FisheyeCamera_1_00142_png.rf.def6aeee07cff082ea33cd3d659e7024.jpg,10,0.46526235342025757,0.5476269125938416,0.00834263302385807,0.018817901611328125,0.005729747004806995
FisheyeCamera_1_00142_png.rf.def6aeee07cff082ea33cd3d659e7024.jpg,9,0.6271836161613464,0.5423741936683655,0.007827172055840492,0.015545662492513657,0.0017518404638394713
FisheyeCamera_1_00142_png.rf.def6aeee07cff082ea33cd3d659e7024.jpg,9,0.5967482328414917,0.5490854382514954,0.009241508319973946,0.01705206371843815,0.0016200136160477996
FisheyeCamera_1_00142_png.rf.def6aeee07cff082ea33cd3d659e7024.jpg,1,0.34512487053871155,0.5416141748428345,0.005051612854003906,0.013975254260003567,0.0014240239979699254
FisheyeCamera_1_00142_png.rf.def6aeee07cff082ea33cd3d659e7024.jpg,6,0.5607773661613464,0.5504944920539856,0.00905876886099577,0.012350265868008137,0.0012970452662557364
FisheyeCamera_1_00142_png.rf.def6aeee07cff082ea33cd3d659e7024.jpg,10,0.6246330738067627,0.5493736267089844,0.0057727377861738205,0.017384419217705727,0.001165684312582016
FisheyeCamera_1_00142_png.rf.def6aeee07cff082ea33cd3d659e7024.jpg,14,0.5969395041465759,0.43687158823013306,0.7870071530342102,0.861919641494751,0.0011456874199211597
FisheyeCamera_1_00142_png.rf.def6aeee07cff082ea33cd3d659e7024.jpg,10,0.5357710719108582,0.5362639427185059,0.01001882553100586,0.023391246795654297,0.0011441397946327925
FisheyeCamera_1_00142_png.rf.def6aeee07cff082ea33cd3d659e7024.jpg,10,0.5958030819892883,0.5376407504081726,0.011401470750570297,0.023572444915771484,0.0011265416396781802
FisheyeCamera_1_00142_png.rf.def6aeee07cff082ea33cd3d659e7024.jpg,13,0.5637474060058594,0.5498583912849426,0.005515098571777344,0.0155818285420537,0.00109967403113842
FisheyeCamera_1_00142_png.rf.def6aeee07cff082ea33cd3d659e7024.jpg,5,0.37967753410339355,0.6906485557556152,0.7581942081451416,0.6187030076980591,0.0008984173182398081
FisheyeCamera_1_00142_png.rf.def6aeee07cff082ea33cd3d659e7024.jpg,13,0.525894284248352,0.5596491098403931,0.004311488475650549,0.012571701779961586,0.0007178792147897184
FisheyeCamera_1_00142_png.rf.def6aeee07cff082ea33cd3d659e7024.jpg,6,0.5268179178237915,0.5475013256072998,0.005283062346279621,0.00826901663094759,0.0006584441289305687
FisheyeCamera_1_00142_png.rf.def6aeee07cff082ea33cd3d659e7024.jpg,6,0.5186050534248352,0.5433130264282227,0.004976639524102211,0.00882988702505827,0.0005871041212230921
FisheyeCamera_1_00142_png.rf.def6aeee07cff082ea33cd3d659e7024.jpg,6,0.49766474962234497,0.5415669679641724,0.008167671039700508,0.016501720994710922,0.0005718691973015666
FisheyeCamera_1_00142_png.rf.def6aeee07cff082ea33cd3d659e7024.jpg,1,0.447799414396286,0.5106551647186279,0.010401359759271145,0.010920598171651363,0.0005408816505223513
FisheyeCamera_1_00142_png.rf.def6aeee07cff082ea33cd3d659e7024.jpg,10,0.5615156292915344,0.5447978377342224,0.006286034360527992,0.015575116500258446,0.0005362858646549284
FisheyeCamera_1_00142_png.rf.def6aeee07cff082ea33cd3d659e7024.jpg,0,0.4470827281475067,0.5417177081108093,0.00839358102530241,0.014524570666253567,0.0005327617400325835
FisheyeCamera_1_00142_png.rf.def6aeee07cff082ea33cd3d659e7024.jpg,10,0.4711059629917145,0.5505776405334473,0.007919898256659508,0.018031597137451172,0.0005127530312165618
FisheyeCamera_1_00150_png.rf.59de5a3cfa738990cf21ba7d18b79444.jpg,4,0.36393123865127563,0.531451404094696,0.021805837750434875,0.03234757110476494,0.5742439031600952
FisheyeCamera_1_00150_png.rf.59de5a3cfa738990cf21ba7d18b79444.jpg,11,0.4051561653614044,0.545218825340271,0.009451682679355145,0.012262050993740559,0.32383620738983154
FisheyeCamera_1_00150_png.rf.59de5a3cfa738990cf21ba7d18b79444.jpg,5,0.3637542724609375,0.5309974551200867,0.020481770858168602,0.03209858760237694,0.1381281167268753
FisheyeCamera_1_00150_png.rf.59de5a3cfa738990cf21ba7d18b79444.jpg,13,0.36174944043159485,0.53008633852005,0.02198747545480728,0.030679814517498016,0.08431705087423325
FisheyeCamera_1_00150_png.rf.59de5a3cfa738990cf21ba7d18b79444.jpg,11,0.615453839302063,0.5440170764923096,0.010376453399658203,0.013453704304993153,0.07014723867177963
FisheyeCamera_1_00150_png.rf.59de5a3cfa738990cf21ba7d18b79444.jpg,1,0.6142145991325378,0.5424609184265137,0.007046956568956375,0.011721134185791016,0.031067578122019768
FisheyeCamera_1_00150_png.rf.59de5a3cfa738990cf21ba7d18b79444.jpg,11,0.3644833564758301,0.5314497947692871,0.02286786399781704,0.03335941955447197,0.015242837369441986
FisheyeCamera_1_00150_png.rf.59de5a3cfa738990cf21ba7d18b79444.jpg,4,0.4048779010772705,0.5430562496185303,0.00846349261701107,0.01690901257097721,0.008415301330387592
FisheyeCamera_1_00150_png.rf.59de5a3cfa738990cf21ba7d18b79444.jpg,0,0.6147764325141907,0.5434695482254028,0.007541069760918617,0.014627457596361637,0.007954970002174377
FisheyeCamera_1_00150_png.rf.59de5a3cfa738990cf21ba7d18b79444.jpg,12,0.5303611755371094,0.5486131310462952,0.009540741331875324,0.008914654143154621,0.007657670881599188
FisheyeCamera_1_00150_png.rf.59de5a3cfa738990cf21ba7d18b79444.jpg,11,0.4466439485549927,0.5500352382659912,0.0073595051653683186,0.00842923391610384,0.0038774514105170965
FisheyeCamera_1_00150_png.rf.59de5a3cfa738990cf21ba7d18b79444.jpg,1,0.5332287549972534,0.5518854856491089,0.0044444892555475235,0.013140312395989895,0.0034875033888965845
FisheyeCamera_1_00150_png.rf.59de5a3cfa738990cf21ba7d18b79444.jpg,1,0.5322607159614563,0.5480096936225891,0.006212601438164711,0.009028801694512367,0.003197033889591694
FisheyeCamera_1_00150_png.rf.59de5a3cfa738990cf21ba7d18b79444.jpg,11,0.4441201984882355,0.5517781376838684,0.004971100948750973,0.009612083435058594,0.0024355887435376644
FisheyeCamera_1_00150_png.rf.59de5a3cfa738990cf21ba7d18b79444.jpg,1,0.3306986391544342,0.4886792302131653,0.004796174820512533,0.008794674649834633,0.001859689480625093
FisheyeCamera_1_00150_png.rf.59de5a3cfa738990cf21ba7d18b79444.jpg,4,0.28575974702835083,0.5327573418617249,0.005753810983151197,0.006465068552643061,0.0014015990309417248
FisheyeCamera_1_00150_png.rf.59de5a3cfa738990cf21ba7d18b79444.jpg,4,0.38114848732948303,0.5433098673820496,0.006638490594923496,0.011413024738430977,0.0010314678074792027
FisheyeCamera_1_00150_png.rf.59de5a3cfa738990cf21ba7d18b79444.jpg,4,0.44046908617019653,0.5492739677429199,0.010831429623067379,0.008860111236572266,0.0009381661075167358
FisheyeCamera_1_00150_png.rf.59de5a3cfa738990cf21ba7d18b79444.jpg,12,0.5351879596710205,0.5491074323654175,0.010951702482998371,0.008642563596367836,0.0006664723041467369
FisheyeCamera_1_00150_png.rf.59de5a3cfa738990cf21ba7d18b79444.jpg,1,0.1632307916879654,0.4779384434223175,0.005462646484375,0.007543453946709633,0.000590925570577383
FisheyeCamera_1_00151_png.rf.ff1355b3e842019c0228380552ea0c2c.jpg,4,0.35336387157440186,0.5282186269760132,0.02350986935198307,0.03319854289293289,0.44500190019607544
FisheyeCamera_1_00151_png.rf.ff1355b3e842019c0228380552ea0c2c.jpg,11,0.4037802517414093,0.545089840888977,0.008054000325500965,0.012232121080160141,0.330502450466156
FisheyeCamera_1_00151_png.rf.ff1355b3e842019c0228380552ea0c2c.jpg,5,0.35358142852783203,0.5285136103630066,0.023724373430013657,0.033863067626953125,0.3080604374408722
FisheyeCamera_1_00151_png.rf.ff1355b3e842019c0228380552ea0c2c.jpg,12,0.35399284958839417,0.5277392268180847,0.022014839574694633,0.03493936359882355,0.2004130631685257
FisheyeCamera_1_00151_png.rf.ff1355b3e842019c0228380552ea0c2c.jpg,12,0.6214051246643066,0.5434257388114929,0.011021027341485023,0.01379002071917057,0.16536279022693634
FisheyeCamera_1_00151_png.rf.ff1355b3e842019c0228380552ea0c2c.jpg,13,0.35215988755226135,0.5280908346176147,0.022555792704224586,0.030009087175130844,0.16356059908866882
FisheyeCamera_1_00151_png.rf.ff1355b3e842019c0228380552ea0c2c.jpg,11,0.6224457621574402,0.5433653593063354,0.010521742515265942,0.014084522612392902,0.0717119500041008
FisheyeCamera_1_00151_png.rf.ff1355b3e842019c0228380552ea0c2c.jpg,7,0.6197606921195984,0.5424047708511353,0.010941505432128906,0.010942276567220688,0.02362486533820629
FisheyeCamera_1_00151_png.rf.ff1355b3e842019c0228380552ea0c2c.jpg,11,0.44736555218696594,0.5495198965072632,0.006058289669454098,0.008393947966396809,0.01703648269176483
FisheyeCamera_1_00151_png.rf.ff1355b3e842019c0228380552ea0c2c.jpg,1,0.5341014862060547,0.5488969683647156,0.006155564449727535,0.011173065751791,0.010698460973799229
FisheyeCamera_1_00151_png.rf.ff1355b3e842019c0228380552ea0c2c.jpg,4,0.40356528759002686,0.542863130569458,0.006905666086822748,0.016532311215996742,0.008068728260695934
FisheyeCamera_1_00151_png.rf.ff1355b3e842019c0228380552ea0c2c.jpg,0,0.5361645817756653,0.5492756962776184,0.009004482999444008,0.010760784149169922,0.004955946002155542
FisheyeCamera_1_00151_png.rf.ff1355b3e842019c0228380552ea0c2c.jpg,11,0.2324172407388687,0.5194078683853149,0.004373073577880859,0.011241326108574867,0.0034331667702645063
FisheyeCamera_1_00151_png.rf.ff1355b3e842019c0228380552ea0c2c.jpg,4,0.28621435165405273,0.5320970416069031,0.006296433042734861,0.007604305632412434,0.0017871367745101452
FisheyeCamera_1_00151_png.rf.ff1355b3e842019c0228380552ea0c2c.jpg,5,0.30736228823661804,0.505572497844696,0.0053974115289747715,0.008696446195244789,0.0012212209403514862
FisheyeCamera_1_00151_png.rf.ff1355b3e842019c0228380552ea0c2c.jpg,5,0.3778699040412903,0.6929749250411987,0.7548841834068298,0.6140502095222473,0.0005688824458047748
FisheyeCamera_1_00151_png.rf.ff1355b3e842019c0228380552ea0c2c.jpg,12,0.5317164659500122,0.5495930910110474,0.012258896604180336,0.01057551521807909,0.000528245756868273
FisheyeCamera_1_00153_png.rf.19444df592470cf02432f62dfd784f12.jpg,9,0.6634166836738586,0.5344746112823486,0.014040360227227211,0.022668765857815742,0.6012922525405884
FisheyeCamera_1_00153_png.rf.19444df592470cf02432f62dfd784f12.jpg,9,0.5857946276664734,0.5457398295402527,0.00913484301418066,0.01152937300503254,0.5743287801742554
FisheyeCamera_1_00153_png.rf.19444df592470cf02432f62dfd784f12.jpg,9,0.6867391467094421,0.5412194132804871,0.009245285764336586,0.01437253225594759,0.1416841745376587
FisheyeCamera_1_00153_png.rf.19444df592470cf02432f62dfd784f12.jpg,13,0.6879300475120544,0.5395825505256653,0.011670700274407864,0.01604212261736393,0.020344523712992668
FisheyeCamera_1_00153_png.rf.19444df592470cf02432f62dfd784f12.jpg,1,0.6857005953788757,0.5375863909721375,0.009522072039544582,0.020230844616889954,0.02005683444440365
FisheyeCamera_1_00153_png.rf.19444df592470cf02432f62dfd784f12.jpg,11,0.2581396698951721,0.5302687883377075,0.004367241635918617,0.008503437042236328,0.01738988608121872
FisheyeCamera_1_00153_png.rf.19444df592470cf02432f62dfd784f12.jpg,7,0.579358696937561,0.5438985824584961,0.006093612406402826,0.008746917359530926,0.014057314023375511
FisheyeCamera_1_00153_png.rf.19444df592470cf02432f62dfd784f12.jpg,11,0.3341093957424164,0.5440934896469116,0.00873312633484602,0.011561688035726547,0.012210828252136707
FisheyeCamera_1_00153_png.rf.19444df592470cf02432f62dfd784f12.jpg,13,0.5861205458641052,0.5452691912651062,0.007394203916192055,0.01663351058959961,0.009573536925017834
FisheyeCamera_1_00153_png.rf.19444df592470cf02432f62dfd784f12.jpg,0,0.46568983793258667,0.5439497232437134,0.008816462941467762,0.018263230100274086,0.007358082570135593
FisheyeCamera_1_00153_png.rf.19444df592470cf02432f62dfd784f12.jpg,10,0.46253910660743713,0.5419067144393921,0.0053539276123046875,0.012194927781820297,0.006545643322169781
FisheyeCamera_1_00153_png.rf.19444df592470cf02432f62dfd784f12.jpg,0,0.4289948642253876,0.5053344964981079,0.005387600045651197,0.007146101910620928,0.005349476356059313
FisheyeCamera_1_00153_png.rf.19444df592470cf02432f62dfd784f12.jpg,0,0.4981116056442261,0.5419227480888367,0.008988930843770504,0.011999313719570637,0.004710949491709471
FisheyeCamera_1_00153_png.rf.19444df592470cf02432f62dfd784f12.jpg,10,0.4288845956325531,0.5405713319778442,0.005200203042477369,0.011348064988851547,0.0028902182821184397
FisheyeCamera_1_00153_png.rf.19444df592470cf02432f62dfd784f12.jpg,1,0.3342307507991791,0.5414588451385498,0.008972388692200184,0.013678917661309242,0.002773555926978588
FisheyeCamera_1_00153_png.rf.19444df592470cf02432f62dfd784f12.jpg,1,0.33831119537353516,0.5444414019584656,0.013147244229912758,0.011163601651787758,0.0027689291164278984
FisheyeCamera_1_00153_png.rf.19444df592470cf02432f62dfd784f12.jpg,7,0.5861696004867554,0.5427236557006836,0.0075702671892941,0.016205018386244774,0.0025837791617959738
FisheyeCamera_1_00153_png.rf.19444df592470cf02432f62dfd784f12.jpg,10,0.4643809497356415,0.5430526733398438,0.0067567829973995686,0.013398648239672184,0.002335929311811924
FisheyeCamera_1_00153_png.rf.19444df592470cf02432f62dfd784f12.jpg,0,0.5383832454681396,0.504291296005249,0.012413319200277328,0.004840484354645014,0.002211162354797125
FisheyeCamera_1_00153_png.rf.19444df592470cf02432f62dfd784f12.jpg,10,0.465118944644928,0.5505746603012085,0.010778354480862617,0.024198532104492188,0.002126144478097558
FisheyeCamera_1_00153_png.rf.19444df592470cf02432f62dfd784f12.jpg,10,0.437872976064682,0.5505896806716919,0.006300046108663082,0.01260368712246418,0.002032575663179159
FisheyeCamera_1_00153_png.rf.19444df592470cf02432f62dfd784f12.jpg,13,0.5402525663375854,0.5577141642570496,0.007062435615807772,0.011763683520257473,0.0020213997922837734
FisheyeCamera_1_00153_png.rf.19444df592470cf02432f62dfd784f12.jpg,1,0.6835688352584839,0.5337556004524231,0.016246428713202477,0.0204327292740345,0.002017346443608403
FisheyeCamera_1_00153_png.rf.19444df592470cf02432f62dfd784f12.jpg,13,0.5399349331855774,0.5611538887023926,0.0031482623890042305,0.011380672454833984,0.0019643015693873167
FisheyeCamera_1_00153_png.rf.19444df592470cf02432f62dfd784f12.jpg,0,0.4544704258441925,0.5100210905075073,0.008016769774258137,0.0077219014056026936,0.00189739849884063
FisheyeCamera_1_00153_png.rf.19444df592470cf02432f62dfd784f12.jpg,1,0.463943213224411,0.5545209050178528,0.012475967407226562,0.02502591907978058,0.0018949639052152634
FisheyeCamera_1_00153_png.rf.19444df592470cf02432f62dfd784f12.jpg,13,0.5392007827758789,0.5522463917732239,0.0035043498501181602,0.010233292356133461,0.0017814058810472488
FisheyeCamera_1_00153_png.rf.19444df592470cf02432f62dfd784f12.jpg,0,0.4455513060092926,0.5096228718757629,0.008913040161132812,0.007515797391533852,0.001676857704296708
FisheyeCamera_1_00153_png.rf.19444df592470cf02432f62dfd784f12.jpg,0,0.5177326202392578,0.5423443913459778,0.0051708221435546875,0.009139244444668293,0.0016552313463762403
FisheyeCamera_1_00153_png.rf.19444df592470cf02432f62dfd784f12.jpg,9,0.682722806930542,0.5378843545913696,0.013882564380764961,0.019421394914388657,0.0016223568236455321
FisheyeCamera_1_00153_png.rf.19444df592470cf02432f62dfd784f12.jpg,1,0.44508495926856995,0.5093172788619995,0.011140457354485989,0.010102162137627602,0.0014349723933264613
FisheyeCamera_1_00153_png.rf.19444df592470cf02432f62dfd784f12.jpg,10,0.6853054165840149,0.5363914370536804,0.009507546201348305,0.021636560559272766,0.0013393863337114453
FisheyeCamera_1_00153_png.rf.19444df592470cf02432f62dfd784f12.jpg,10,0.4365675747394562,0.5390031933784485,0.005155269987881184,0.007763092406094074,0.0013158106012269855
FisheyeCamera_1_00153_png.rf.19444df592470cf02432f62dfd784f12.jpg,0,0.4981912672519684,0.5372535586357117,0.009299058467149734,0.013537224382162094,0.0012271193554624915
FisheyeCamera_1_00153_png.rf.19444df592470cf02432f62dfd784f12.jpg,13,0.6854538917541504,0.5460524559020996,0.008755390532314777,0.02508614771068096,0.0011989743215963244
FisheyeCamera_1_00153_png.rf.19444df592470cf02432f62dfd784f12.jpg,0,0.5518771409988403,0.524421751499176,0.008390353992581367,0.011226288042962551,0.0010543187381699681
FisheyeCamera_1_00153_png.rf.19444df592470cf02432f62dfd784f12.jpg,11,0.5880792737007141,0.5481024980545044,0.0113832401111722,0.01661938987672329,0.0010362856555730104
FisheyeCamera_1_00153_png.rf.19444df592470cf02432f62dfd784f12.jpg,0,0.46206381916999817,0.512845516204834,0.008541657589375973,0.0021375876385718584,0.0010185169521719217
FisheyeCamera_1_00153_png.rf.19444df592470cf02432f62dfd784f12.jpg,0,0.5039412379264832,0.5299211144447327,0.006359504070132971,0.008548736572265625,0.0008644669433124363
FisheyeCamera_1_00153_png.rf.19444df592470cf02432f62dfd784f12.jpg,10,0.5028827786445618,0.5420656800270081,0.007102489937096834,0.010065666399896145,0.0008431860478594899
FisheyeCamera_1_00153_png.rf.19444df592470cf02432f62dfd784f12.jpg,0,0.5008264780044556,0.543992817401886,0.011654267087578773,0.008837113156914711,0.0008299200562760234
FisheyeCamera_1_00153_png.rf.19444df592470cf02432f62dfd784f12.jpg,10,0.449959397315979,0.551349937915802,0.006063938140869141,0.020487602800130844,0.0007219995604828
FisheyeCamera_1_00153_png.rf.19444df592470cf02432f62dfd784f12.jpg,5,0.37989720702171326,0.6830626726150513,0.7590493559837341,0.633874773979187,0.0006959523307159543
FisheyeCamera_1_00153_png.rf.19444df592470cf02432f62dfd784f12.jpg,1,0.33678412437438965,0.5415312051773071,0.003430586773902178,0.00990163441747427,0.0006752923945896327
FisheyeCamera_1_00153_png.rf.19444df592470cf02432f62dfd784f12.jpg,1,0.4815513491630554,0.5099114179611206,0.0066316681914031506,0.010938644409179688,0.0006578651955351233
FisheyeCamera_1_00153_png.rf.19444df592470cf02432f62dfd784f12.jpg,13,0.4342259466648102,0.5572684407234192,0.006146430969238281,0.015565689653158188,0.000623280240688473
FisheyeCamera_1_00153_png.rf.19444df592470cf02432f62dfd784f12.jpg,0,0.5244171023368835,0.5399699211120605,0.006345272529870272,0.011269166134297848,0.0006046920898370445
FisheyeCamera_1_00153_png.rf.19444df592470cf02432f62dfd784f12.jpg,14,0.6787756681442261,0.3621363043785095,0.6406539082527161,0.7154264450073242,0.000591117306612432
FisheyeCamera_1_00153_png.rf.19444df592470cf02432f62dfd784f12.jpg,13,0.6831499338150024,0.5405182838439941,0.013950861990451813,0.019545739516615868,0.000508658355101943
FisheyeCamera_1_00154_png.rf.be661e0bba8aead34dbcded1d4e5b260.jpg,9,0.6734669208526611,0.5330193042755127,0.015509606339037418,0.022956116124987602,0.5795484781265259
FisheyeCamera_1_00154_png.rf.be661e0bba8aead34dbcded1d4e5b260.jpg,9,0.5891562700271606,0.5451840162277222,0.009402275085449219,0.012526439502835274,0.36401110887527466
FisheyeCamera_1_00154_png.rf.be661e0bba8aead34dbcded1d4e5b260.jpg,1,0.6947293281555176,0.536157488822937,0.008150100708007812,0.020138924941420555,0.21335893869400024
FisheyeCamera_1_00154_png.rf.be661e0bba8aead34dbcded1d4e5b260.jpg,9,0.6948732733726501,0.5375773906707764,0.008213996887207031,0.016974082216620445,0.18746104836463928
FisheyeCamera_1_00154_png.rf.be661e0bba8aead34dbcded1d4e5b260.jpg,6,0.6877515912055969,0.5332284569740295,0.014673233963549137,0.021321186795830727,0.03009444661438465
FisheyeCamera_1_00154_png.rf.be661e0bba8aead34dbcded1d4e5b260.jpg,0,0.3339517414569855,0.5437668561935425,0.008396479301154613,0.012119770050048828,0.012210852466523647
FisheyeCamera_1_00154_png.rf.be661e0bba8aead34dbcded1d4e5b260.jpg,1,0.588584840297699,0.5447794795036316,0.006912231910973787,0.01574784144759178,0.012203388847410679
FisheyeCamera_1_00154_png.rf.be661e0bba8aead34dbcded1d4e5b260.jpg,0,0.4652644991874695,0.5439168214797974,0.009616668336093426,0.015192619524896145,0.010560663416981697
FisheyeCamera_1_00154_png.rf.be661e0bba8aead34dbcded1d4e5b260.jpg,1,0.673709511756897,0.5332508087158203,0.015380713157355785,0.023067951202392578,0.0091243302449584
FisheyeCamera_1_00154_png.rf.be661e0bba8aead34dbcded1d4e5b260.jpg,1,0.3340182900428772,0.5413373708724976,0.008511543273925781,0.013454364612698555,0.008410682901740074
FisheyeCamera_1_00154_png.rf.be661e0bba8aead34dbcded1d4e5b260.jpg,13,0.5404362678527832,0.5606383085250854,0.003724941983819008,0.013378621079027653,0.0073325177654623985
FisheyeCamera_1_00154_png.rf.be661e0bba8aead34dbcded1d4e5b260.jpg,1,0.4818064868450165,0.5105647444725037,0.0054973457008600235,0.008739948272705078,0.006815915461629629
FisheyeCamera_1_00154_png.rf.be661e0bba8aead34dbcded1d4e5b260.jpg,7,0.5894620418548584,0.542402982711792,0.00848014559596777,0.015557216480374336,0.005414900835603476
FisheyeCamera_1_00154_png.rf.be661e0bba8aead34dbcded1d4e5b260.jpg,0,0.42889896035194397,0.5055029988288879,0.005706677213311195,0.008556182496249676,0.0038644461892545223
FisheyeCamera_1_00154_png.rf.be661e0bba8aead34dbcded1d4e5b260.jpg,11,0.2571396231651306,0.5315221548080444,0.0026674270629882812,0.0081788944080472,0.0037627245765179396
FisheyeCamera_1_00154_png.rf.be661e0bba8aead34dbcded1d4e5b260.jpg,10,0.4288788437843323,0.5405072569847107,0.005040242336690426,0.010371868498623371,0.002929180394858122
FisheyeCamera_1_00154_png.rf.be661e0bba8aead34dbcded1d4e5b260.jpg,10,0.46195852756500244,0.5414835214614868,0.0059415013529360294,0.011226654052734375,0.002800221089273691
FisheyeCamera_1_00154_png.rf.be661e0bba8aead34dbcded1d4e5b260.jpg,13,0.5798260569572449,0.5438613891601562,0.006497089751064777,0.008344907313585281,0.002547555137425661
FisheyeCamera_1_00154_png.rf.be661e0bba8aead34dbcded1d4e5b260.jpg,0,0.4980776906013489,0.5428518056869507,0.0089265750721097,0.012668793089687824,0.002167179249227047
FisheyeCamera_1_00154_png.rf.be661e0bba8aead34dbcded1d4e5b260.jpg,1,0.4451330006122589,0.5091603994369507,0.010869503021240234,0.009950821287930012,0.001972394762560725
FisheyeCamera_1_00154_png.rf.be661e0bba8aead34dbcded1d4e5b260.jpg,13,0.5407058000564575,0.5589889883995056,0.006228923797607422,0.0127412723377347,0.0019444440258666873
FisheyeCamera_1_00154_png.rf.be661e0bba8aead34dbcded1d4e5b260.jpg,11,0.33445167541503906,0.5431041717529297,0.006430112756788731,0.010299205780029297,0.0018775780918076634
FisheyeCamera_1_00154_png.rf.be661e0bba8aead34dbcded1d4e5b260.jpg,1,0.3380994200706482,0.5443233251571655,0.013568584807217121,0.011374400928616524,0.001707401592284441
FisheyeCamera_1_00154_png.rf.be661e0bba8aead34dbcded1d4e5b260.jpg,13,0.5395424962043762,0.5529499053955078,0.0032470778096467257,0.012539607472717762,0.0015772876795381308
FisheyeCamera_1_00154_png.rf.be661e0bba8aead34dbcded1d4e5b260.jpg,10,0.46464937925338745,0.5503557324409485,0.011514553800225258,0.024359703063964844,0.0015128678642213345
FisheyeCamera_1_00154_png.rf.be661e0bba8aead34dbcded1d4e5b260.jpg,10,0.4641728103160858,0.5421409606933594,0.007241726387292147,0.011251449584960938,0.0014991230564191937
FisheyeCamera_1_00154_png.rf.be661e0bba8aead34dbcded1d4e5b260.jpg,10,0.5030688643455505,0.5416367650032043,0.006177975796163082,0.008539676666259766,0.001408185577020049
FisheyeCamera_1_00154_png.rf.be661e0bba8aead34dbcded1d4e5b260.jpg,13,0.5409385561943054,0.5632228851318359,0.0059007867239415646,0.012409614399075508,0.0013985470868647099
FisheyeCamera_1_00154_png.rf.be661e0bba8aead34dbcded1d4e5b260.jpg,0,0.4636022746562958,0.5553154349327087,0.012709618546068668,0.025157269090414047,0.0012374853249639273
FisheyeCamera_1_00154_png.rf.be661e0bba8aead34dbcded1d4e5b260.jpg,13,0.4344341456890106,0.5580986142158508,0.006526360288262367,0.014048210345208645,0.00115416687913239
FisheyeCamera_1_00154_png.rf.be661e0bba8aead34dbcded1d4e5b260.jpg,10,0.4363812506198883,0.5394474267959595,0.00530756451189518,0.008029277436435223,0.0011336500756442547
FisheyeCamera_1_00154_png.rf.be661e0bba8aead34dbcded1d4e5b260.jpg,9,0.6989275217056274,0.5398713946342468,0.01492324285209179,0.013754955492913723,0.0010339292930439115
FisheyeCamera_1_00154_png.rf.be661e0bba8aead34dbcded1d4e5b260.jpg,0,0.5379441380500793,0.5048884153366089,0.013940701261162758,0.005889195948839188,0.0010000221664085984
FisheyeCamera_1_00154_png.rf.be661e0bba8aead34dbcded1d4e5b260.jpg,6,0.5006723403930664,0.5437220335006714,0.011654450558125973,0.01067370641976595,0.0009271782473661005
FisheyeCamera_1_00154_png.rf.be661e0bba8aead34dbcded1d4e5b260.jpg,4,0.20954136550426483,0.5319711565971375,0.006638141814619303,0.010790642350912094,0.0008648125221952796
FisheyeCamera_1_00154_png.rf.be661e0bba8aead34dbcded1d4e5b260.jpg,13,0.591565728187561,0.5484495759010315,0.0070782811380922794,0.018702801316976547,0.0008598848362453282
FisheyeCamera_1_00154_png.rf.be661e0bba8aead34dbcded1d4e5b260.jpg,1,0.4545646905899048,0.5102443695068359,0.006751904264092445,0.00828695297241211,0.0007787139038555324
FisheyeCamera_1_00154_png.rf.be661e0bba8aead34dbcded1d4e5b260.jpg,7,0.39403432607650757,0.6225364804267883,0.7864187955856323,0.7549271583557129,0.0006904612528160214
FisheyeCamera_1_00154_png.rf.be661e0bba8aead34dbcded1d4e5b260.jpg,9,0.6875163316726685,0.5326258540153503,0.011073479428887367,0.019919395446777344,0.000681163975968957
FisheyeCamera_1_00154_png.rf.be661e0bba8aead34dbcded1d4e5b260.jpg,1,0.44424620270729065,0.4996531307697296,0.007577823009341955,0.01122797466814518,0.000588134047575295
FisheyeCamera_1_00154_png.rf.be661e0bba8aead34dbcded1d4e5b260.jpg,14,0.6803275942802429,0.3635404407978058,0.637370765209198,0.7137464880943298,0.0005866280989721417
FisheyeCamera_1_00154_png.rf.be661e0bba8aead34dbcded1d4e5b260.jpg,5,0.3806699812412262,0.6701741218566895,0.7606714963912964,0.6596517562866211,0.0005449251621030271
FisheyeCamera_1_00154_png.rf.be661e0bba8aead34dbcded1d4e5b260.jpg,0,0.5040276646614075,0.5294798016548157,0.007369151804596186,0.007959255948662758,0.0005434875492937863
FisheyeCamera_1_00154_png.rf.be661e0bba8aead34dbcded1d4e5b260.jpg,10,0.4368671476840973,0.5497809648513794,0.004878778010606766,0.011220638640224934,0.0005213412805460393
FisheyeCamera_1_00154_png.rf.be661e0bba8aead34dbcded1d4e5b260.jpg,1,0.4472395181655884,0.5214782953262329,0.009589011780917645,0.011307899840176105,0.0005077592795714736
FisheyeCamera_1_00154_png.rf.be661e0bba8aead34dbcded1d4e5b260.jpg,0,0.49799689650535583,0.536996066570282,0.008880982175469398,0.014101432636380196,0.0005003639962524176
FisheyeCamera_1_00194_png.rf.21c8dbe947c18776eaab4e5caec1585b.jpg,1,0.35328757762908936,0.48364007472991943,0.006852040067315102,0.005358402617275715,0.5552051663398743
FisheyeCamera_1_00194_png.rf.21c8dbe947c18776eaab4e5caec1585b.jpg,1,0.35527923703193665,0.48510515689849854,0.009873243980109692,0.009096145629882812,0.5360147953033447
FisheyeCamera_1_00194_png.rf.21c8dbe947c18776eaab4e5caec1585b.jpg,1,0.31985950469970703,0.48201897740364075,0.008803551085293293,0.004923820495605469,0.16520698368549347
FisheyeCamera_1_00194_png.rf.21c8dbe947c18776eaab4e5caec1585b.jpg,1,0.35534295439720154,0.48097068071365356,0.009655989706516266,0.013162209652364254,0.0455314926803112
FisheyeCamera_1_00194_png.rf.21c8dbe947c18776eaab4e5caec1585b.jpg,0,0.25632044672966003,0.5376863479614258,0.006621324457228184,0.01281470526009798,0.040365345776081085
FisheyeCamera_1_00194_png.rf.21c8dbe947c18776eaab4e5caec1585b.jpg,1,0.36952459812164307,0.48722606897354126,0.011369595304131508,0.005791664123535156,0.0369999073445797
FisheyeCamera_1_00194_png.rf.21c8dbe947c18776eaab4e5caec1585b.jpg,1,0.36553308367729187,0.4841538369655609,0.012307094410061836,0.0066469269804656506,0.019407428801059723
FisheyeCamera_1_00194_png.rf.21c8dbe947c18776eaab4e5caec1585b.jpg,1,0.3583940267562866,0.48505446314811707,0.010383312590420246,0.00621278490871191,0.014412371441721916
FisheyeCamera_1_00194_png.rf.21c8dbe947c18776eaab4e5caec1585b.jpg,1,0.35320574045181274,0.48760920763015747,0.00687599228695035,0.012751983478665352,0.012904016301035881
FisheyeCamera_1_00194_png.rf.21c8dbe947c18776eaab4e5caec1585b.jpg,9,0.3536109924316406,0.5415770411491394,0.005622680764645338,0.010342414490878582,0.012137453071773052
FisheyeCamera_1_00194_png.rf.21c8dbe947c18776eaab4e5caec1585b.jpg,10,0.26004162430763245,0.535757303237915,0.00609460286796093,0.011321288533508778,0.012055573053658009
FisheyeCamera_1_00194_png.rf.21c8dbe947c18776eaab4e5caec1585b.jpg,10,0.32071027159690857,0.5434233546257019,0.0064912945963442326,0.008667542599141598,0.010685326531529427
FisheyeCamera_1_00194_png.rf.21c8dbe947c18776eaab4e5caec1585b.jpg,1,0.34949833154678345,0.48397183418273926,0.011580540798604488,0.006181350443512201,0.00956154428422451
FisheyeCamera_1_00194_png.rf.21c8dbe947c18776eaab4e5caec1585b.jpg,1,0.3143966495990753,0.46986478567123413,0.012532784603536129,0.012790204025804996,0.007621596101671457
FisheyeCamera_1_00194_png.rf.21c8dbe947c18776eaab4e5caec1585b.jpg,0,0.46577146649360657,0.47527748346328735,0.009700481779873371,0.01887989044189453,0.007447368465363979
FisheyeCamera_1_00194_png.rf.21c8dbe947c18776eaab4e5caec1585b.jpg,10,0.31340542435646057,0.5406204462051392,0.009163783863186836,0.009384375996887684,0.005991366691887379
FisheyeCamera_1_00194_png.rf.21c8dbe947c18776eaab4e5caec1585b.jpg,0,0.4185791313648224,0.5230100750923157,0.0073099141009151936,0.00928365346044302,0.004657200537621975
FisheyeCamera_1_00194_png.rf.21c8dbe947c18776eaab4e5caec1585b.jpg,0,0.28677257895469666,0.514306366443634,0.005278972443193197,0.012296970933675766,0.004343699663877487
FisheyeCamera_1_00194_png.rf.21c8dbe947c18776eaab4e5caec1585b.jpg,0,0.4049924910068512,0.5484887361526489,0.01031611580401659,0.01680528186261654,0.003577891271561384
FisheyeCamera_1_00194_png.rf.21c8dbe947c18776eaab4e5caec1585b.jpg,1,0.31668874621391296,0.48675671219825745,0.011009876616299152,0.007138032466173172,0.0035353268031030893
FisheyeCamera_1_00194_png.rf.21c8dbe947c18776eaab4e5caec1585b.jpg,1,0.35021093487739563,0.48047009110450745,0.011203069239854813,0.01219045277684927,0.0032396905589848757
FisheyeCamera_1_00194_png.rf.21c8dbe947c18776eaab4e5caec1585b.jpg,6,0.35684239864349365,0.5412886738777161,0.00663309870287776,0.013530437834560871,0.0032029126305133104
FisheyeCamera_1_00194_png.rf.21c8dbe947c18776eaab4e5caec1585b.jpg,1,0.29698678851127625,0.4789638817310333,0.010024070739746094,0.01111973263323307,0.003035431494936347
FisheyeCamera_1_00194_png.rf.21c8dbe947c18776eaab4e5caec1585b.jpg,10,0.3105286657810211,0.5403198003768921,0.009205726906657219,0.013220787979662418,0.0029805991798639297
FisheyeCamera_1_00194_png.rf.21c8dbe947c18776eaab4e5caec1585b.jpg,10,0.2865583896636963,0.5371530652046204,0.0069078486412763596,0.006551743019372225,0.0027075973339378834
FisheyeCamera_1_00194_png.rf.21c8dbe947c18776eaab4e5caec1585b.jpg,0,0.28620991110801697,0.5187739133834839,0.010210899636149406,0.009503291919827461,0.002627705689519644
FisheyeCamera_1_00194_png.rf.21c8dbe947c18776eaab4e5caec1585b.jpg,0,0.46639758348464966,0.46935662627220154,0.008371757343411446,0.011810963042080402,0.002416616538539529
FisheyeCamera_1_00194_png.rf.21c8dbe947c18776eaab4e5caec1585b.jpg,0,0.28958749771118164,0.5190832018852234,0.01084934826940298,0.011081695556640625,0.002180815674364567
FisheyeCamera_1_00194_png.rf.21c8dbe947c18776eaab4e5caec1585b.jpg,10,0.33606502413749695,0.5411537885665894,0.00928119570016861,0.011273384094238281,0.0020557597745209932
FisheyeCamera_1_00194_png.rf.21c8dbe947c18776eaab4e5caec1585b.jpg,1,0.3190532326698303,0.47522905468940735,0.00825995672494173,0.013517197221517563,0.0016686447197571397
FisheyeCamera_1_00194_png.rf.21c8dbe947c18776eaab4e5caec1585b.jpg,6,0.34382253885269165,0.5463888645172119,0.006313250865787268,0.010780701413750648,0.0016025863587856293
FisheyeCamera_1_00194_png.rf.21c8dbe947c18776eaab4e5caec1585b.jpg,1,0.3107043504714966,0.48234930634498596,0.01458173617720604,0.00476837158203125,0.0015253563178703189
FisheyeCamera_1_00194_png.rf.21c8dbe947c18776eaab4e5caec1585b.jpg,1,0.326343834400177,0.4829968512058258,0.011461148038506508,0.005534538999199867,0.0015250216238200665
FisheyeCamera_1_00194_png.rf.21c8dbe947c18776eaab4e5caec1585b.jpg,1,0.29514309763908386,0.4837181866168976,0.008731365203857422,0.006811142433434725,0.001216387958265841
FisheyeCamera_1_00194_png.rf.21c8dbe947c18776eaab4e5caec1585b.jpg,10,0.327960729598999,0.5451692342758179,0.008524894714355469,0.006899063475430012,0.0011513896752148867
FisheyeCamera_1_00194_png.rf.21c8dbe947c18776eaab4e5caec1585b.jpg,1,0.4321192502975464,0.4781448245048523,0.008845989592373371,0.009973416104912758,0.0010363260516896844
FisheyeCamera_1_00194_png.rf.21c8dbe947c18776eaab4e5caec1585b.jpg,1,0.16723699867725372,0.5176912546157837,0.00398634048178792,0.00824719201773405,0.0009523014887236059
FisheyeCamera_1_00194_png.rf.21c8dbe947c18776eaab4e5caec1585b.jpg,10,0.36010080575942993,0.5418192148208618,0.00916143599897623,0.011583108454942703,0.0009378836257383227
FisheyeCamera_1_00194_png.rf.21c8dbe947c18776eaab4e5caec1585b.jpg,7,0.16539937257766724,0.5183931589126587,0.0038226752076298,0.009599685668945312,0.0009070102241821587
FisheyeCamera_1_00194_png.rf.21c8dbe947c18776eaab4e5caec1585b.jpg,5,0.3320254385471344,0.664052426815033,0.6629732251167297,0.6718952655792236,0.0008415176998823881
FisheyeCamera_1_00194_png.rf.21c8dbe947c18776eaab4e5caec1585b.jpg,10,0.3139220178127289,0.5415908098220825,0.015186494216322899,0.011651333421468735,0.0007752543315291405
FisheyeCamera_1_00194_png.rf.21c8dbe947c18776eaab4e5caec1585b.jpg,9,0.3567506968975067,0.5449159145355225,0.007232152856886387,0.012128536589443684,0.0007709945202805102
FisheyeCamera_1_00194_png.rf.21c8dbe947c18776eaab4e5caec1585b.jpg,10,0.323535680770874,0.5548281073570251,0.012297924607992172,0.015318101271986961,0.0007520258659496903
FisheyeCamera_1_00194_png.rf.21c8dbe947c18776eaab4e5caec1585b.jpg,10,0.41126036643981934,0.5439639687538147,0.005409314297139645,0.01517094112932682,0.0006849757628515363
FisheyeCamera_1_00194_png.rf.21c8dbe947c18776eaab4e5caec1585b.jpg,1,0.31672659516334534,0.4797620177268982,0.010382945649325848,0.011114231310784817,0.0006301788380369544
FisheyeCamera_1_00194_png.rf.21c8dbe947c18776eaab4e5caec1585b.jpg,0,0.4058918058872223,0.5410251617431641,0.0069148726761341095,0.012964432127773762,0.0005964351003058255
FisheyeCamera_1_00194_png.rf.21c8dbe947c18776eaab4e5caec1585b.jpg,6,0.2848077416419983,0.541942834854126,0.007402713876217604,0.009307274594902992,0.0005916686495766044
FisheyeCamera_1_00194_png.rf.21c8dbe947c18776eaab4e5caec1585b.jpg,1,0.3006349503993988,0.489378958940506,0.016324466094374657,0.006289959419518709,0.0005754149169661105
FisheyeCamera_1_00195_png.rf.c958e21bb68e76adac7817623d7c1f75.jpg,0,0.46302279829978943,0.38236236572265625,0.02437342144548893,0.015807518735527992,0.7958220839500427
FisheyeCamera_1_00195_png.rf.c958e21bb68e76adac7817623d7c1f75.jpg,0,0.5537554621696472,0.3984932005405426,0.02449376881122589,0.014867672696709633,0.6541272401809692
FisheyeCamera_1_00195_png.rf.c958e21bb68e76adac7817623d7c1f75.jpg,6,0.7672790884971619,0.5255703926086426,0.0162200927734375,0.024616939947009087,0.27672773599624634
FisheyeCamera_1_00195_png.rf.c958e21bb68e76adac7817623d7c1f75.jpg,12,0.7669481635093689,0.5251479148864746,0.01608804613351822,0.024105770513415337,0.0543644018471241
FisheyeCamera_1_00195_png.rf.c958e21bb68e76adac7817623d7c1f75.jpg,0,0.5611658096313477,0.39896121621131897,0.03785496577620506,0.01855545863509178,0.04836772754788399
FisheyeCamera_1_00195_png.rf.c958e21bb68e76adac7817623d7c1f75.jpg,7,0.7671754360198975,0.5261116027832031,0.01764891855418682,0.02629430592060089,0.01997593604028225
FisheyeCamera_1_00195_png.rf.c958e21bb68e76adac7817623d7c1f75.jpg,1,0.47448939085006714,0.47655194997787476,0.012263188138604164,0.006977081764489412,0.008502671495079994
FisheyeCamera_1_00195_png.rf.c958e21bb68e76adac7817623d7c1f75.jpg,1,0.7635430693626404,0.5288869738578796,0.013765041716396809,0.02772712893784046,0.007375503424555063
FisheyeCamera_1_00195_png.rf.c958e21bb68e76adac7817623d7c1f75.jpg,2,0.7661929726600647,0.5255410075187683,0.020003318786621094,0.02541692554950714,0.0011657708091661334
FisheyeCamera_1_00195_png.rf.c958e21bb68e76adac7817623d7c1f75.jpg,0,0.44897088408470154,0.37994906306266785,0.047809530049562454,0.012395932339131832,0.001111115445382893
FisheyeCamera_1_00195_png.rf.c958e21bb68e76adac7817623d7c1f75.jpg,11,0.7036120891571045,0.38165712356567383,0.592154860496521,0.7633142471313477,0.0007020941120572388
FisheyeCamera_1_00195_png.rf.c958e21bb68e76adac7817623d7c1f75.jpg,1,0.42907145619392395,0.4725644290447235,0.00856630690395832,0.007781212218105793,0.0006526432698592544
FisheyeCamera_1_00202_png.rf.ee30ccd577d5cfc9c2f6c16edaeacdf2.jpg,0,0.5110043287277222,0.3026316165924072,0.03214854747056961,0.021475408226251602,0.7717974781990051
FisheyeCamera_1_00202_png.rf.ee30ccd577d5cfc9c2f6c16edaeacdf2.jpg,0,0.6378448605537415,0.32912465929985046,0.025958869606256485,0.019350126385688782,0.7520542144775391
FisheyeCamera_1_00202_png.rf.ee30ccd577d5cfc9c2f6c16edaeacdf2.jpg,1,0.4784502685070038,0.45953384041786194,0.012435142882168293,0.008631229400634766,0.19350342452526093
FisheyeCamera_1_00202_png.rf.ee30ccd577d5cfc9c2f6c16edaeacdf2.jpg,1,0.5335740447044373,0.46319809556007385,0.009824275970458984,0.010986401699483395,0.09094727784395218
FisheyeCamera_1_00202_png.rf.ee30ccd577d5cfc9c2f6c16edaeacdf2.jpg,1,0.18417568504810333,0.45058590173721313,0.009985813871026039,0.016389846801757812,0.002300902735441923
FisheyeCamera_1_00202_png.rf.ee30ccd577d5cfc9c2f6c16edaeacdf2.jpg,1,0.5356845855712891,0.46466389298439026,0.017632484436035156,0.009731513448059559,0.0011082803830504417
FisheyeCamera_1_00202_png.rf.ee30ccd577d5cfc9c2f6c16edaeacdf2.jpg,1,0.1879737824201584,0.45338118076324463,0.01261648815125227,0.016953211277723312,0.0006752253975719213
FisheyeCamera_1_00202_png.rf.ee30ccd577d5cfc9c2f6c16edaeacdf2.jpg,1,0.4864601492881775,0.460055410861969,0.01851177215576172,0.0075212628580629826,0.0006411513895727694
FisheyeCamera_1_00202_png.rf.ee30ccd577d5cfc9c2f6c16edaeacdf2.jpg,1,0.4298706352710724,0.45943740010261536,0.010869797319173813,0.008232667110860348,0.0006281000096350908
FisheyeCamera_1_00202_png.rf.ee30ccd577d5cfc9c2f6c16edaeacdf2.jpg,0,0.49688631296157837,0.303353875875473,0.049144454300403595,0.015651538968086243,0.0005082199932076037
FisheyeCamera_1_00204_png.rf.19edfa32d48b66e0365f54c7325dcbd4.jpg,0,0.5271304249763489,0.26602497696876526,0.035371195524930954,0.024864766746759415,0.8521860241889954
FisheyeCamera_1_00204_png.rf.19edfa32d48b66e0365f54c7325dcbd4.jpg,0,0.6716151833534241,0.2989550232887268,0.02801462449133396,0.02006947062909603,0.6789876818656921
FisheyeCamera_1_00204_png.rf.19edfa32d48b66e0365f54c7325dcbd4.jpg,0,0.5526553988456726,0.45595815777778625,0.01255053747445345,0.009103775024414062,0.17934168875217438
FisheyeCamera_1_00204_png.rf.19edfa32d48b66e0365f54c7325dcbd4.jpg,1,0.494651734828949,0.45520761609077454,0.012055470608174801,0.0086824344471097,0.11068818718194962
FisheyeCamera_1_00204_png.rf.19edfa32d48b66e0365f54c7325dcbd4.jpg,0,0.5728158950805664,0.4578384459018707,0.01472484227269888,0.007909041829407215,0.019161919131875038
FisheyeCamera_1_00204_png.rf.19edfa32d48b66e0365f54c7325dcbd4.jpg,1,0.5523436665534973,0.4574885070323944,0.013107300736010075,0.009004776366055012,0.010214968584477901
FisheyeCamera_1_00204_png.rf.19edfa32d48b66e0365f54c7325dcbd4.jpg,1,0.49412184953689575,0.4507911503314972,0.00943136215209961,0.013060093857347965,0.0017751312116160989
FisheyeCamera_1_00204_png.rf.19edfa32d48b66e0365f54c7325dcbd4.jpg,0,0.5784883499145508,0.459421306848526,0.014913449063897133,0.008126002736389637,0.001374799874611199
FisheyeCamera_1_00211_png.rf.4d937346689834589353be2d154dc924.jpg,0,0.574643611907959,0.08341033011674881,0.056936267763376236,0.03528467193245888,0.8933203816413879
FisheyeCamera_1_00211_png.rf.4d937346689834589353be2d154dc924.jpg,1,0.5895771384239197,0.4726118743419647,0.017190566286444664,0.009824496693909168,0.5534541606903076
FisheyeCamera_1_00211_png.rf.4d937346689834589353be2d154dc924.jpg,0,0.7825367450714111,0.18219229578971863,0.03507225587964058,0.03263471648097038,0.39145705103874207
FisheyeCamera_1_00211_png.rf.4d937346689834589353be2d154dc924.jpg,1,0.5188955068588257,0.47016242146492004,0.015912240371108055,0.00966501235961914,0.30423420667648315
FisheyeCamera_1_00211_png.rf.4d937346689834589353be2d154dc924.jpg,0,0.5849663615226746,0.4702114462852478,0.017253398895263672,0.011158356443047523,0.003667170647531748
FisheyeCamera_1_00211_png.rf.4d937346689834589353be2d154dc924.jpg,1,0.4815402925014496,0.47136586904525757,0.006902695167809725,0.0070430682972073555,0.0020051589235663414
FisheyeCamera_1_00211_png.rf.4d937346689834589353be2d154dc924.jpg,0,0.6573411822319031,0.12981031835079193,0.022717036306858063,0.01070559024810791,0.0018419113475829363
FisheyeCamera_1_00211_png.rf.4d937346689834589353be2d154dc924.jpg,1,0.6533555388450623,0.12735040485858917,0.023255495354533195,0.012400452978909016,0.0013492266880348325
FisheyeCamera_1_00211_png.rf.4d937346689834589353be2d154dc924.jpg,1,0.5762820839881897,0.0913785845041275,0.05889999121427536,0.047906793653964996,0.0012769282329827547
FisheyeCamera_1_00211_png.rf.4d937346689834589353be2d154dc924.jpg,1,0.6123926043510437,0.4756242632865906,0.013291469775140285,0.006005764007568359,0.0009591710404492915
FisheyeCamera_1_00211_png.rf.4d937346689834589353be2d154dc924.jpg,8,0.2310505360364914,0.7396128177642822,0.0996556282043457,0.034104716032743454,0.0008978641126304865
FisheyeCamera_1_00211_png.rf.4d937346689834589353be2d154dc924.jpg,0,0.7651522755622864,0.17539969086647034,0.05651151388883591,0.02835710346698761,0.00085184391355142
FisheyeCamera_1_00211_png.rf.4d937346689834589353be2d154dc924.jpg,1,0.524135410785675,0.4702806770801544,0.02057398296892643,0.011695751920342445,0.0007597766234539449
FisheyeCamera_1_00211_png.rf.4d937346689834589353be2d154dc924.jpg,1,0.6457167863845825,0.12327654659748077,0.024198899045586586,0.014886333607137203,0.0006241538212634623
FisheyeCamera_1_00211_png.rf.4d937346689834589353be2d154dc924.jpg,1,0.5776131749153137,0.4685468077659607,0.045569054782390594,0.017890820279717445,0.0006239970098249614
FisheyeCamera_1_00211_png.rf.4d937346689834589353be2d154dc924.jpg,11,0.6996156573295593,0.3911758363246918,0.5984708070755005,0.7710365653038025,0.0006141355843283236
FisheyeCamera_1_00211_png.rf.4d937346689834589353be2d154dc924.jpg,1,0.531589686870575,0.47123175859451294,0.01992434822022915,0.008535568602383137,0.0005730914999730885
FisheyeCamera_1_00230_png.rf.0abfb32b639a38aefee3263df7d3733e.jpg,1,0.5529199838638306,0.4387144148349762,0.04441731050610542,0.028641922399401665,0.8218936324119568
FisheyeCamera_1_00230_png.rf.0abfb32b639a38aefee3263df7d3733e.jpg,1,0.7157891392707825,0.45209577679634094,0.03369199484586716,0.022127555683255196,0.7784541845321655
FisheyeCamera_1_00230_png.rf.0abfb32b639a38aefee3263df7d3733e.jpg,1,0.5656177401542664,0.44433513283729553,0.05335826426744461,0.019502457231283188,0.0005713162827305496
FisheyeCamera_1_00230_png.rf.de641278e85b0675e5c4ec40b2fdf74f.jpg,1,0.43597421050071716,0.376054048538208,0.02218341827392578,0.012154249474406242,0.778306245803833
FisheyeCamera_1_00230_png.rf.de641278e85b0675e5c4ec40b2fdf74f.jpg,10,0.3131883144378662,0.5219458341598511,0.020750412717461586,0.033361803740262985,0.6708391308784485
FisheyeCamera_1_00230_png.rf.de641278e85b0675e5c4ec40b2fdf74f.jpg,1,0.3377595543861389,0.3820229470729828,0.02033497765660286,0.021878831088542938,0.6053566932678223
FisheyeCamera_1_00230_png.rf.de641278e85b0675e5c4ec40b2fdf74f.jpg,9,0.31197914481163025,0.5245890617370605,0.0215508583933115,0.03434449061751366,0.35155102610588074
FisheyeCamera_1_00230_png.rf.de641278e85b0675e5c4ec40b2fdf74f.jpg,0,0.496524840593338,0.5156134366989136,0.014603138901293278,0.00924539566040039,0.14465196430683136
FisheyeCamera_1_00230_png.rf.de641278e85b0675e5c4ec40b2fdf74f.jpg,0,0.4969373643398285,0.5119641423225403,0.01448447909206152,0.01156216487288475,0.07807798683643341
FisheyeCamera_1_00230_png.rf.de641278e85b0675e5c4ec40b2fdf74f.jpg,0,0.5024048686027527,0.5190411806106567,0.016494274139404297,0.010156411677598953,0.0705382451415062
FisheyeCamera_1_00230_png.rf.de641278e85b0675e5c4ec40b2fdf74f.jpg,0,0.5012133717536926,0.5154280662536621,0.01296722050756216,0.00938558578491211,0.06919706612825394
FisheyeCamera_1_00230_png.rf.de641278e85b0675e5c4ec40b2fdf74f.jpg,0,0.5022248029708862,0.5109228491783142,0.017127403989434242,0.013127987273037434,0.056443337351083755
FisheyeCamera_1_00230_png.rf.de641278e85b0675e5c4ec40b2fdf74f.jpg,1,0.36796313524246216,0.4764091968536377,0.015109612606465816,0.007946381345391273,0.021336473524570465
FisheyeCamera_1_00230_png.rf.de641278e85b0675e5c4ec40b2fdf74f.jpg,1,0.356204628944397,0.47444865107536316,0.018425539135932922,0.009121417999267578,0.02061634324491024
FisheyeCamera_1_00230_png.rf.de641278e85b0675e5c4ec40b2fdf74f.jpg,13,0.308992862701416,0.522113025188446,0.019650552421808243,0.03389234095811844,0.016195934265851974
FisheyeCamera_1_00230_png.rf.de641278e85b0675e5c4ec40b2fdf74f.jpg,1,0.3564651310443878,0.46975085139274597,0.014747620560228825,0.005620406474918127,0.01590127870440483
FisheyeCamera_1_00230_png.rf.de641278e85b0675e5c4ec40b2fdf74f.jpg,1,0.3516978323459625,0.46822652220726013,0.0069018881767988205,0.006667504087090492,0.014026260934770107
FisheyeCamera_1_00230_png.rf.de641278e85b0675e5c4ec40b2fdf74f.jpg,13,0.25621962547302246,0.532727837562561,0.0071796090342104435,0.013923279009759426,0.011567365378141403
FisheyeCamera_1_00230_png.rf.de641278e85b0675e5c4ec40b2fdf74f.jpg,0,0.3914185166358948,0.5248507857322693,0.0070065720938146114,0.016318505629897118,0.008500352501869202
FisheyeCamera_1_00230_png.rf.de641278e85b0675e5c4ec40b2fdf74f.jpg,0,0.5684442520141602,0.5207301378250122,0.008222103118896484,0.007388335186988115,0.006107103545218706
FisheyeCamera_1_00230_png.rf.de641278e85b0675e5c4ec40b2fdf74f.jpg,9,0.5888234376907349,0.5536097288131714,0.006082608364522457,0.00869886763393879,0.005484286230057478
FisheyeCamera_1_00230_png.rf.de641278e85b0675e5c4ec40b2fdf74f.jpg,1,0.35096555948257446,0.4726870059967041,0.013914035633206367,0.010487777180969715,0.004756409674882889
FisheyeCamera_1_00230_png.rf.de641278e85b0675e5c4ec40b2fdf74f.jpg,0,0.29414230585098267,0.39038076996803284,0.024451732635498047,0.012004192918539047,0.004139950033277273
FisheyeCamera_1_00230_png.rf.de641278e85b0675e5c4ec40b2fdf74f.jpg,1,0.34635502099990845,0.47092005610466003,0.01780308224260807,0.007211575284600258,0.003301085438579321
FisheyeCamera_1_00230_png.rf.de641278e85b0675e5c4ec40b2fdf74f.jpg,1,0.36124545335769653,0.4761213958263397,0.02725869044661522,0.012371467426419258,0.002904654247686267
FisheyeCamera_1_00230_png.rf.de641278e85b0675e5c4ec40b2fdf74f.jpg,1,0.36665770411491394,0.47327491641044617,0.018274307250976562,0.00922907330095768,0.00266563449986279
FisheyeCamera_1_00230_png.rf.de641278e85b0675e5c4ec40b2fdf74f.jpg,0,0.33542245626449585,0.37982839345932007,0.022887084633111954,0.023935869336128235,0.0026403514202684164
FisheyeCamera_1_00230_png.rf.de641278e85b0675e5c4ec40b2fdf74f.jpg,0,0.3500540852546692,0.4620569944381714,0.011636110953986645,0.01502734050154686,0.002502758288756013
FisheyeCamera_1_00230_png.rf.de641278e85b0675e5c4ec40b2fdf74f.jpg,0,0.4892628490924835,0.5137895345687866,0.007026966195553541,0.007351398933678865,0.0024560787715017796
FisheyeCamera_1_00230_png.rf.de641278e85b0675e5c4ec40b2fdf74f.jpg,1,0.3531958758831024,0.4648981988430023,0.013723556883633137,0.013261978514492512,0.0024437634274363518
FisheyeCamera_1_00230_png.rf.de641278e85b0675e5c4ec40b2fdf74f.jpg,0,0.48762720823287964,0.5207914113998413,0.012851898558437824,0.005986287258565426,0.002402071375399828
FisheyeCamera_1_00230_png.rf.de641278e85b0675e5c4ec40b2fdf74f.jpg,1,0.4860127568244934,0.3784056603908539,0.011194412596523762,0.006608633324503899,0.00237763742916286
FisheyeCamera_1_00230_png.rf.de641278e85b0675e5c4ec40b2fdf74f.jpg,1,0.32280245423316956,0.3836017847061157,0.052193645387887955,0.021344074979424477,0.0023752565030008554
FisheyeCamera_1_00230_png.rf.de641278e85b0675e5c4ec40b2fdf74f.jpg,10,0.34379005432128906,0.5233476758003235,0.016794204711914062,0.020385265350341797,0.0023643281310796738
FisheyeCamera_1_00230_png.rf.de641278e85b0675e5c4ec40b2fdf74f.jpg,1,0.1454746574163437,0.5092782378196716,0.004808233585208654,0.008596603758633137,0.0022403255570679903
FisheyeCamera_1_00230_png.rf.de641278e85b0675e5c4ec40b2fdf74f.jpg,0,0.5052582621574402,0.5373976826667786,0.010759243741631508,0.00757646607235074,0.0020729287061840296
FisheyeCamera_1_00230_png.rf.de641278e85b0675e5c4ec40b2fdf74f.jpg,0,0.6888772249221802,0.4508295953273773,0.013392082415521145,0.012870018370449543,0.0020486172288656235
FisheyeCamera_1_00230_png.rf.de641278e85b0675e5c4ec40b2fdf74f.jpg,0,0.3038146495819092,0.3897566497325897,0.014188730157911777,0.011533737182617188,0.001992972334846854
FisheyeCamera_1_00230_png.rf.de641278e85b0675e5c4ec40b2fdf74f.jpg,0,0.5875602960586548,0.4573221504688263,0.015580655075609684,0.019543170928955078,0.0019664322026073933
FisheyeCamera_1_00230_png.rf.de641278e85b0675e5c4ec40b2fdf74f.jpg,0,0.5341335535049438,0.5234314799308777,0.00806177593767643,0.011837409809231758,0.0018905604956671596
FisheyeCamera_1_00230_png.rf.de641278e85b0675e5c4ec40b2fdf74f.jpg,0,0.3476908206939697,0.4764743745326996,0.02985903061926365,0.012832275591790676,0.0018205037340521812
FisheyeCamera_1_00230_png.rf.de641278e85b0675e5c4ec40b2fdf74f.jpg,1,0.4362994134426117,0.3822299540042877,0.02276127226650715,0.020807011052966118,0.0017027977155521512
FisheyeCamera_1_00230_png.rf.de641278e85b0675e5c4ec40b2fdf74f.jpg,0,0.5192349553108215,0.5094865560531616,0.009265129454433918,0.007652466185390949,0.0016319979913532734
FisheyeCamera_1_00230_png.rf.de641278e85b0675e5c4ec40b2fdf74f.jpg,1,0.3394083082675934,0.3926030099391937,0.017610330134630203,0.04354877024888992,0.001626178272999823
FisheyeCamera_1_00230_png.rf.de641278e85b0675e5c4ec40b2fdf74f.jpg,0,0.5047418475151062,0.5251697301864624,0.0077090999111533165,0.011071976274251938,0.0015096068382263184
FisheyeCamera_1_00230_png.rf.de641278e85b0675e5c4ec40b2fdf74f.jpg,0,0.5677021741867065,0.5113498568534851,0.00952643621712923,0.01491792406886816,0.001454371609725058
FisheyeCamera_1_00230_png.rf.de641278e85b0675e5c4ec40b2fdf74f.jpg,9,0.3933785557746887,0.5230770111083984,0.008209926076233387,0.016505425795912743,0.001239847275428474
FisheyeCamera_1_00230_png.rf.de641278e85b0675e5c4ec40b2fdf74f.jpg,0,0.33190926909446716,0.47798678278923035,0.01684170588850975,0.014786170795559883,0.0012037140550091863
FisheyeCamera_1_00230_png.rf.de641278e85b0675e5c4ec40b2fdf74f.jpg,1,0.13367959856987,0.5099862217903137,0.00518819922581315,0.008108982816338539,0.0011959028197452426
FisheyeCamera_1_00230_png.rf.de641278e85b0675e5c4ec40b2fdf74f.jpg,5,0.38028573989868164,0.6764146685600281,0.7593217492103577,0.6471707224845886,0.0011796795297414064
FisheyeCamera_1_00230_png.rf.de641278e85b0675e5c4ec40b2fdf74f.jpg,0,0.3051435947418213,0.3859553337097168,0.016108879819512367,0.01591741107404232,0.001171525102108717
FisheyeCamera_1_00230_png.rf.de641278e85b0675e5c4ec40b2fdf74f.jpg,0,0.3274974226951599,0.3834596276283264,0.03929692134261131,0.021394766867160797,0.0011423537507653236
FisheyeCamera_1_00230_png.rf.de641278e85b0675e5c4ec40b2fdf74f.jpg,0,0.48819246888160706,0.5123758316040039,0.014092812314629555,0.01275007613003254,0.0010984997497871518
FisheyeCamera_1_00230_png.rf.de641278e85b0675e5c4ec40b2fdf74f.jpg,0,0.2801536023616791,0.39190587401390076,0.01754692941904068,0.011300197802484035,0.001078043133020401
FisheyeCamera_1_00230_png.rf.de641278e85b0675e5c4ec40b2fdf74f.jpg,0,0.3904901146888733,0.5100899934768677,0.006832526531070471,0.016819661483168602,0.0010171796893700957
FisheyeCamera_1_00230_png.rf.de641278e85b0675e5c4ec40b2fdf74f.jpg,1,0.32032307982444763,0.3873741626739502,0.018293490633368492,0.015165990218520164,0.0009104718919843435
FisheyeCamera_1_00230_png.rf.de641278e85b0675e5c4ec40b2fdf74f.jpg,0,0.2742084860801697,0.3959077000617981,0.011184784583747387,0.0164847020059824,0.0008974013617262244
FisheyeCamera_1_00230_png.rf.de641278e85b0675e5c4ec40b2fdf74f.jpg,0,0.485310822725296,0.5359121561050415,0.0084381103515625,0.010098384693264961,0.0008742103236727417
FisheyeCamera_1_00230_png.rf.de641278e85b0675e5c4ec40b2fdf74f.jpg,13,0.5923371911048889,0.5562650561332703,0.005673115141689777,0.011362846940755844,0.0008608038770034909
FisheyeCamera_1_00230_png.rf.de641278e85b0675e5c4ec40b2fdf74f.jpg,13,0.64212566614151,0.5331543684005737,0.008920743130147457,0.025438383221626282,0.0008356852340511978
FisheyeCamera_1_00230_png.rf.de641278e85b0675e5c4ec40b2fdf74f.jpg,0,0.5894511342048645,0.5582290291786194,0.007357303984463215,0.013646603561937809,0.0007531643495894969
FisheyeCamera_1_00230_png.rf.de641278e85b0675e5c4ec40b2fdf74f.jpg,0,0.5929704904556274,0.4818868935108185,0.016429167240858078,0.009021759033203125,0.0007292766822502017
FisheyeCamera_1_00230_png.rf.de641278e85b0675e5c4ec40b2fdf74f.jpg,0,0.49904415011405945,0.5378741025924683,0.012770763598382473,0.01032392866909504,0.0007119054789654911
FisheyeCamera_1_00230_png.rf.de641278e85b0675e5c4ec40b2fdf74f.jpg,0,0.2874903976917267,0.5074542164802551,0.017611835151910782,0.009897598996758461,0.000692521221935749
FisheyeCamera_1_00230_png.rf.de641278e85b0675e5c4ec40b2fdf74f.jpg,0,0.521182119846344,0.5198893547058105,0.008234024047851562,0.0077776177786290646,0.0006751494947820902
FisheyeCamera_1_00230_png.rf.de641278e85b0675e5c4ec40b2fdf74f.jpg,1,0.35280942916870117,0.4606454074382782,0.009442329406738281,0.011857399716973305,0.0006102165207266808
FisheyeCamera_1_00230_png.rf.de641278e85b0675e5c4ec40b2fdf74f.jpg,10,0.36666613817214966,0.5208605527877808,0.01471970696002245,0.023488815873861313,0.0005839047953486443
FisheyeCamera_1_00230_png.rf.de641278e85b0675e5c4ec40b2fdf74f.jpg,0,0.5254635214805603,0.521857500076294,0.012591728940606117,0.01033907663077116,0.0005617528222501278
FisheyeCamera_1_00230_png.rf.de641278e85b0675e5c4ec40b2fdf74f.jpg,0,0.2940964102745056,0.38558241724967957,0.022659871727228165,0.017833232879638672,0.0005322100478224456
FisheyeCamera_1_00230_png.rf.de641278e85b0675e5c4ec40b2fdf74f.jpg,1,0.43738630414009094,0.37165021896362305,0.02377968654036522,0.02230864390730858,0.000523432798217982
FisheyeCamera_1_00239_png.rf.d6a3e883bbb92412f2642432771f2d09.jpg,1,0.4621330201625824,0.2557838559150696,0.034069061279296875,0.02439737319946289,0.8051245808601379
FisheyeCamera_1_00239_png.rf.d6a3e883bbb92412f2642432771f2d09.jpg,0,0.5658318400382996,0.503565788269043,0.017287548631429672,0.008390243165194988,0.6413921117782593
FisheyeCamera_1_00239_png.rf.d6a3e883bbb92412f2642432771f2d09.jpg,1,0.3234082758426666,0.29884108901023865,0.025560343638062477,0.019952096045017242,0.4599539041519165
FisheyeCamera_1_00239_png.rf.d6a3e883bbb92412f2642432771f2d09.jpg,0,0.5671600699424744,0.4990427494049072,0.011698796413838863,0.008231163024902344,0.04121485725045204
FisheyeCamera_1_00239_png.rf.d6a3e883bbb92412f2642432771f2d09.jpg,0,0.4002906382083893,0.5187829732894897,0.00974130630493164,0.011537258513271809,0.03958873450756073
FisheyeCamera_1_00239_png.rf.d6a3e883bbb92412f2642432771f2d09.jpg,9,0.5183060765266418,0.5463204979896545,0.004285409115254879,0.007257168181240559,0.023883571848273277
FisheyeCamera_1_00239_png.rf.d6a3e883bbb92412f2642432771f2d09.jpg,0,0.5661725997924805,0.5000176429748535,0.018790245056152344,0.012561761774122715,0.013099214993417263
FisheyeCamera_1_00239_png.rf.d6a3e883bbb92412f2642432771f2d09.jpg,0,0.3514474034309387,0.42499056458473206,0.015863750129938126,0.017142295837402344,0.012435865588486195
FisheyeCamera_1_00239_png.rf.d6a3e883bbb92412f2642432771f2d09.jpg,0,0.4003816246986389,0.511936366558075,0.011839646846055984,0.023612793534994125,0.009973357431590557
FisheyeCamera_1_00239_png.rf.d6a3e883bbb92412f2642432771f2d09.jpg,0,0.6471839547157288,0.5092156529426575,0.011720878072082996,0.011308413930237293,0.007490851450711489
FisheyeCamera_1_00239_png.rf.d6a3e883bbb92412f2642432771f2d09.jpg,0,0.3931441903114319,0.5072736740112305,0.009217189624905586,0.028617309406399727,0.007332292385399342
FisheyeCamera_1_00239_png.rf.d6a3e883bbb92412f2642432771f2d09.jpg,0,0.5723929405212402,0.5017718076705933,0.014408295042812824,0.010873868130147457,0.004060064442455769
FisheyeCamera_1_00239_png.rf.d6a3e883bbb92412f2642432771f2d09.jpg,11,0.6732597351074219,0.5501123666763306,0.0064174216240644455,0.009254748933017254,0.003999006934463978
FisheyeCamera_1_00239_png.rf.d6a3e883bbb92412f2642432771f2d09.jpg,0,0.5639647841453552,0.505770206451416,0.011134514585137367,0.016448939219117165,0.003987616393715143
FisheyeCamera_1_00239_png.rf.d6a3e883bbb92412f2642432771f2d09.jpg,1,0.6082267761230469,0.4917890429496765,0.007723038084805012,0.008410637266933918,0.0038185694720596075
FisheyeCamera_1_00239_png.rf.d6a3e883bbb92412f2642432771f2d09.jpg,13,0.7836053371429443,0.50202476978302,0.011172368191182613,0.01812714897096157,0.003573864698410034
FisheyeCamera_1_00239_png.rf.d6a3e883bbb92412f2642432771f2d09.jpg,1,0.22292138636112213,0.6085663437843323,0.07225484400987625,0.053457628935575485,0.003570709377527237
FisheyeCamera_1_00239_png.rf.d6a3e883bbb92412f2642432771f2d09.jpg,0,0.34967318177223206,0.4232375919818878,0.02928396500647068,0.01840829849243164,0.003484829794615507
FisheyeCamera_1_00239_png.rf.d6a3e883bbb92412f2642432771f2d09.jpg,0,0.6056544780731201,0.521118700504303,0.012353016994893551,0.011933914385735989,0.002850788878276944
FisheyeCamera_1_00239_png.rf.d6a3e883bbb92412f2642432771f2d09.jpg,1,0.3642067015171051,0.2897859811782837,0.021070187911391258,0.011696632951498032,0.0026469735894352198
FisheyeCamera_1_00239_png.rf.d6a3e883bbb92412f2642432771f2d09.jpg,1,0.5468376874923706,0.25255608558654785,0.018288319930434227,0.008688394911587238,0.00219231890514493
FisheyeCamera_1_00239_png.rf.d6a3e883bbb92412f2642432771f2d09.jpg,1,0.6099697947502136,0.4849522113800049,0.00806694757193327,0.013549878261983395,0.0019249244360253215
FisheyeCamera_1_00239_png.rf.d6a3e883bbb92412f2642432771f2d09.jpg,1,0.39352893829345703,0.4888765811920166,0.009858681820333004,0.013392521999776363,0.0017995471134781837
FisheyeCamera_1_00239_png.rf.d6a3e883bbb92412f2642432771f2d09.jpg,1,0.31711679697036743,0.43041232228279114,0.04650115966796875,0.017674850299954414,0.0015074306866154075
FisheyeCamera_1_00239_png.rf.d6a3e883bbb92412f2642432771f2d09.jpg,0,0.5802839994430542,0.5027211308479309,0.01343554724007845,0.008601958863437176,0.0012496011331677437
FisheyeCamera_1_00239_png.rf.d6a3e883bbb92412f2642432771f2d09.jpg,0,0.6062498092651367,0.5065586566925049,0.013480369932949543,0.017168264836072922,0.0010970712173730135
FisheyeCamera_1_00239_png.rf.d6a3e883bbb92412f2642432771f2d09.jpg,6,0.5678713917732239,0.5384587645530701,0.00908635277301073,0.010850246995687485,0.0010710586793720722
FisheyeCamera_1_00239_png.rf.d6a3e883bbb92412f2642432771f2d09.jpg,0,0.5770723223686218,0.49805012345314026,0.012812321074306965,0.009789833799004555,0.0010613352060317993
FisheyeCamera_1_00239_png.rf.d6a3e883bbb92412f2642432771f2d09.jpg,0,0.584614098072052,0.495061457157135,0.01280718669295311,0.011733238585293293,0.001059404807165265
FisheyeCamera_1_00239_png.rf.d6a3e883bbb92412f2642432771f2d09.jpg,9,0.5213103294372559,0.5468684434890747,0.00866548903286457,0.008057300932705402,0.001030178740620613
FisheyeCamera_1_00239_png.rf.d6a3e883bbb92412f2642432771f2d09.jpg,0,0.3360288143157959,0.42412856221199036,0.05206863954663277,0.021077707409858704,0.0008913862402550876
FisheyeCamera_1_00239_png.rf.d6a3e883bbb92412f2642432771f2d09.jpg,1,0.31386110186576843,0.3030725419521332,0.04353347420692444,0.024778073653578758,0.000775756489019841
FisheyeCamera_1_00239_png.rf.d6a3e883bbb92412f2642432771f2d09.jpg,0,0.3986775577068329,0.5037702322006226,0.01006192434579134,0.04139687493443489,0.000758117123041302
FisheyeCamera_1_00239_png.rf.d6a3e883bbb92412f2642432771f2d09.jpg,1,0.47992077469825745,0.2553038001060486,0.03771437332034111,0.01741504669189453,0.0007454071310348809
FisheyeCamera_1_00239_png.rf.d6a3e883bbb92412f2642432771f2d09.jpg,1,0.3332514464855194,0.2964368164539337,0.04170333594083786,0.01944432035088539,0.0006757352966815233
FisheyeCamera_1_00239_png.rf.d6a3e883bbb92412f2642432771f2d09.jpg,5,0.37800323963165283,0.7059674263000488,0.7548057436943054,0.5880653262138367,0.0006489979568868876
FisheyeCamera_1_00239_png.rf.d6a3e883bbb92412f2642432771f2d09.jpg,1,0.39908382296562195,0.4979943335056305,0.012107372283935547,0.030635541304945946,0.0006324388668872416
FisheyeCamera_1_00239_png.rf.d6a3e883bbb92412f2642432771f2d09.jpg,0,0.358871191740036,0.42078033089637756,0.015812214463949203,0.01511621568351984,0.0005299417534843087
FisheyeCamera_1_00257_png.rf.fd48c32db227dac063bcd71340f4f334.jpg,0,0.7521764636039734,0.4542239308357239,0.02628091722726822,0.012121090665459633,0.37664279341697693
FisheyeCamera_1_00257_png.rf.fd48c32db227dac063bcd71340f4f334.jpg,13,0.7703844308853149,0.5344456434249878,0.007660572417080402,0.01209519524127245,0.3042432963848114
FisheyeCamera_1_00257_png.rf.fd48c32db227dac063bcd71340f4f334.jpg,9,0.62249755859375,0.5417850613594055,0.007530799601227045,0.008676712401211262,0.04845518246293068
FisheyeCamera_1_00257_png.rf.fd48c32db227dac063bcd71340f4f334.jpg,13,0.7758416533470154,0.5340800285339355,0.011811844073235989,0.013221997767686844,0.03312859684228897
FisheyeCamera_1_00257_png.rf.fd48c32db227dac063bcd71340f4f334.jpg,0,0.6928038597106934,0.5315391421318054,0.005857761483639479,0.011547932401299477,0.031933095306158066
FisheyeCamera_1_00257_png.rf.fd48c32db227dac063bcd71340f4f334.jpg,9,0.6269606351852417,0.5404700040817261,0.008612412959337234,0.009054550901055336,0.015489366836845875
FisheyeCamera_1_00257_png.rf.fd48c32db227dac063bcd71340f4f334.jpg,13,0.6956195831298828,0.5413094758987427,0.004607567563652992,0.009912271052598953,0.00877360813319683
FisheyeCamera_1_00257_png.rf.fd48c32db227dac063bcd71340f4f334.jpg,0,0.7595603466033936,0.4562934935092926,0.018507003784179688,0.024361317977309227,0.008267323486506939
FisheyeCamera_1_00257_png.rf.fd48c32db227dac063bcd71340f4f334.jpg,11,0.5677441358566284,0.5491909980773926,0.006663579493761063,0.009504134766757488,0.007140659261494875
FisheyeCamera_1_00257_png.rf.fd48c32db227dac063bcd71340f4f334.jpg,0,0.810947597026825,0.42078375816345215,0.011501312255859375,0.03559618815779686,0.007030791603028774
FisheyeCamera_1_00257_png.rf.fd48c32db227dac063bcd71340f4f334.jpg,10,0.6157985329627991,0.5422524213790894,0.005398347042500973,0.008613219484686852,0.005975665990263224
FisheyeCamera_1_00257_png.rf.fd48c32db227dac063bcd71340f4f334.jpg,10,0.7727072834968567,0.5331779718399048,0.007978660054504871,0.01525603886693716,0.005686030723154545
FisheyeCamera_1_00257_png.rf.fd48c32db227dac063bcd71340f4f334.jpg,11,0.6195716857910156,0.5452572107315063,0.007523170206695795,0.010400368832051754,0.00557045079767704
FisheyeCamera_1_00257_png.rf.fd48c32db227dac063bcd71340f4f334.jpg,0,0.7625675201416016,0.4535329043865204,0.01697312854230404,0.013759026303887367,0.0032331482507288456
FisheyeCamera_1_00257_png.rf.fd48c32db227dac063bcd71340f4f334.jpg,0,0.6970649361610413,0.5360276103019714,0.0068935249000787735,0.011347000487148762,0.0030542484018951654
FisheyeCamera_1_00257_png.rf.fd48c32db227dac063bcd71340f4f334.jpg,1,0.8106796145439148,0.4205417037010193,0.00962330773472786,0.03640927001833916,0.0029855186585336924
FisheyeCamera_1_00257_png.rf.fd48c32db227dac063bcd71340f4f334.jpg,0,0.765283465385437,0.44863852858543396,0.012862352654337883,0.0174411628395319,0.002572236582636833
FisheyeCamera_1_00257_png.rf.fd48c32db227dac063bcd71340f4f334.jpg,10,0.7665581703186035,0.537277102470398,0.007377258036285639,0.011871632188558578,0.002070838585495949
FisheyeCamera_1_00257_png.rf.fd48c32db227dac063bcd71340f4f334.jpg,0,0.7613667845726013,0.4395963251590729,0.011986145749688148,0.03240251541137695,0.0018820284167304635
FisheyeCamera_1_00257_png.rf.fd48c32db227dac063bcd71340f4f334.jpg,0,0.6878097057342529,0.530422031879425,0.010136825032532215,0.010944366455078125,0.0018761398969218135
FisheyeCamera_1_00257_png.rf.fd48c32db227dac063bcd71340f4f334.jpg,13,0.7946893572807312,0.5329625010490417,0.00444595655426383,0.007814113982021809,0.0017676935531198978
FisheyeCamera_1_00257_png.rf.fd48c32db227dac063bcd71340f4f334.jpg,0,0.6884803771972656,0.5356913208961487,0.007767310831695795,0.013194378465414047,0.0017206480260938406
FisheyeCamera_1_00257_png.rf.fd48c32db227dac063bcd71340f4f334.jpg,9,0.6208207011222839,0.5404260158538818,0.009873096831142902,0.011936921626329422,0.0016939579509198666
FisheyeCamera_1_00257_png.rf.fd48c32db227dac063bcd71340f4f334.jpg,1,0.7719480991363525,0.5372117757797241,0.0070322477258741856,0.013655075803399086,0.00157990085426718
FisheyeCamera_1_00257_png.rf.fd48c32db227dac063bcd71340f4f334.jpg,1,0.2691740393638611,0.007644550409168005,0.025544259697198868,0.01528910081833601,0.0015145707875490189
FisheyeCamera_1_00257_png.rf.fd48c32db227dac063bcd71340f4f334.jpg,0,0.7660525441169739,0.43572959303855896,0.011762105859816074,0.024705521762371063,0.0013309422647580504
FisheyeCamera_1_00257_png.rf.fd48c32db227dac063bcd71340f4f334.jpg,13,0.8676851391792297,0.5280593037605286,0.005664825439453125,0.009485721588134766,0.0012862839503213763
FisheyeCamera_1_00257_png.rf.fd48c32db227dac063bcd71340f4f334.jpg,0,0.6698886156082153,0.5291357040405273,0.005507322493940592,0.0065546040423214436,0.0011222070315852761
FisheyeCamera_1_00257_png.rf.fd48c32db227dac063bcd71340f4f334.jpg,0,0.27312883734703064,0.006889804266393185,0.029936589300632477,0.013700787909328938,0.0009454212849959731
FisheyeCamera_1_00257_png.rf.fd48c32db227dac063bcd71340f4f334.jpg,6,0.356900691986084,0.37683403491973877,0.713801383972168,0.7507115602493286,0.0008754514274187386
FisheyeCamera_1_00257_png.rf.fd48c32db227dac063bcd71340f4f334.jpg,1,0.65964275598526,0.5085527300834656,0.007604379206895828,0.006228557322174311,0.00082731171278283
FisheyeCamera_1_00257_png.rf.fd48c32db227dac063bcd71340f4f334.jpg,0,0.7023317813873291,0.5331818461418152,0.00803639367222786,0.010354812256991863,0.000798838387709111
FisheyeCamera_1_00257_png.rf.fd48c32db227dac063bcd71340f4f334.jpg,9,0.6261706352233887,0.5439861416816711,0.00975814275443554,0.012441341765224934,0.0007298579439520836
FisheyeCamera_1_00257_png.rf.fd48c32db227dac063bcd71340f4f334.jpg,1,0.22942379117012024,0.5188283920288086,0.0050035989843308926,0.006503875833004713,0.0006924584740772843
FisheyeCamera_1_00257_png.rf.fd48c32db227dac063bcd71340f4f334.jpg,1,0.25985461473464966,0.01211369689553976,0.023275742307305336,0.024198636412620544,0.0006104325875639915
FisheyeCamera_1_00257_png.rf.fd48c32db227dac063bcd71340f4f334.jpg,13,0.7943480610847473,0.5243628025054932,0.0056368024088442326,0.017643451690673828,0.0005939696566201746
FisheyeCamera_1_00282_png.rf.8432bcb7705139cd0bcd1421987aaff7.jpg,0,0.5950707793235779,0.5275063514709473,0.007889087311923504,0.019131770357489586,0.7607751488685608
FisheyeCamera_1_00282_png.rf.8432bcb7705139cd0bcd1421987aaff7.jpg,13,0.8172802329063416,0.5231637954711914,0.01374318078160286,0.02160985767841339,0.5523989200592041
FisheyeCamera_1_00282_png.rf.8432bcb7705139cd0bcd1421987aaff7.jpg,11,0.38406556844711304,0.5472651720046997,0.005733343306928873,0.009078392758965492,0.1972663551568985
FisheyeCamera_1_00282_png.rf.8432bcb7705139cd0bcd1421987aaff7.jpg,1,0.47156405448913574,0.5401023626327515,0.0058354600332677364,0.011870384216308594,0.039842188358306885
FisheyeCamera_1_00282_png.rf.8432bcb7705139cd0bcd1421987aaff7.jpg,9,0.47035372257232666,0.5390651226043701,0.010006904602050781,0.012426449917256832,0.018986286595463753
FisheyeCamera_1_00282_png.rf.8432bcb7705139cd0bcd1421987aaff7.jpg,9,0.4525822401046753,0.5451713800430298,0.007661526091396809,0.007884795777499676,0.016281576827168465
FisheyeCamera_1_00282_png.rf.8432bcb7705139cd0bcd1421987aaff7.jpg,11,0.380375474691391,0.5466834902763367,0.010771531611680984,0.008958706632256508,0.014770328998565674
FisheyeCamera_1_00282_png.rf.8432bcb7705139cd0bcd1421987aaff7.jpg,11,0.38466325402259827,0.5500404238700867,0.006931011565029621,0.01260746456682682,0.014194641262292862
FisheyeCamera_1_00282_png.rf.8432bcb7705139cd0bcd1421987aaff7.jpg,11,0.4537559747695923,0.5473165512084961,0.008617951534688473,0.007461437955498695,0.01412220112979412
FisheyeCamera_1_00282_png.rf.8432bcb7705139cd0bcd1421987aaff7.jpg,0,0.5930140018463135,0.52976393699646,0.014405544847249985,0.01777355559170246,0.007940593175590038
FisheyeCamera_1_00282_png.rf.8432bcb7705139cd0bcd1421987aaff7.jpg,1,0.474845826625824,0.5384920835494995,0.011155018582940102,0.012494087219238281,0.0075934878550469875
FisheyeCamera_1_00282_png.rf.8432bcb7705139cd0bcd1421987aaff7.jpg,1,0.46596938371658325,0.5407390594482422,0.005387783050537109,0.009280461817979813,0.005694383755326271
FisheyeCamera_1_00282_png.rf.8432bcb7705139cd0bcd1421987aaff7.jpg,13,0.8004794716835022,0.5216960310935974,0.011576652526855469,0.02323264442384243,0.005472053308039904
FisheyeCamera_1_00282_png.rf.8432bcb7705139cd0bcd1421987aaff7.jpg,13,0.8125169277191162,0.5228081345558167,0.01899183727800846,0.02509557455778122,0.005124520976096392
FisheyeCamera_1_00282_png.rf.8432bcb7705139cd0bcd1421987aaff7.jpg,1,0.3120534420013428,0.534260094165802,0.00351047539152205,0.009949318133294582,0.005038173403590918
FisheyeCamera_1_00282_png.rf.8432bcb7705139cd0bcd1421987aaff7.jpg,13,0.7922513484954834,0.5066080093383789,0.011974334716796875,0.013140935450792313,0.0041489810682833195
FisheyeCamera_1_00282_png.rf.8432bcb7705139cd0bcd1421987aaff7.jpg,9,0.9402357339859009,0.5108113288879395,0.007272353861480951,0.011015121825039387,0.0039051363710314035
FisheyeCamera_1_00282_png.rf.8432bcb7705139cd0bcd1421987aaff7.jpg,1,0.47217297554016113,0.5348024368286133,0.004205226898193359,0.016843685880303383,0.0031583555974066257
FisheyeCamera_1_00282_png.rf.8432bcb7705139cd0bcd1421987aaff7.jpg,13,0.8103448748588562,0.5165883898735046,0.01513290498405695,0.022559642791748047,0.002917175181210041
FisheyeCamera_1_00282_png.rf.8432bcb7705139cd0bcd1421987aaff7.jpg,11,0.3885383605957031,0.5476883053779602,0.010487372986972332,0.008788402192294598,0.002884861547499895
FisheyeCamera_1_00282_png.rf.8432bcb7705139cd0bcd1421987aaff7.jpg,1,0.3100222051143646,0.5334459543228149,0.007548956200480461,0.010432536713778973,0.002617048565298319
FisheyeCamera_1_00282_png.rf.8432bcb7705139cd0bcd1421987aaff7.jpg,13,0.7806882262229919,0.503036379814148,0.007278002332895994,0.00990933645516634,0.0023651178926229477
FisheyeCamera_1_00282_png.rf.8432bcb7705139cd0bcd1421987aaff7.jpg,13,0.9385818243026733,0.5114269256591797,0.005826583597809076,0.011359765194356441,0.002269514137879014
FisheyeCamera_1_00282_png.rf.8432bcb7705139cd0bcd1421987aaff7.jpg,1,0.4693891406059265,0.54204261302948,0.008177573792636395,0.015880988910794258,0.002243980299681425
FisheyeCamera_1_00282_png.rf.8432bcb7705139cd0bcd1421987aaff7.jpg,11,0.31211113929748535,0.5329249501228333,0.005593226756900549,0.01240550633519888,0.0022393239196389914
FisheyeCamera_1_00282_png.rf.8432bcb7705139cd0bcd1421987aaff7.jpg,10,0.3872891962528229,0.5453398823738098,0.011241473257541656,0.011853768490254879,0.002236168133094907
FisheyeCamera_1_00282_png.rf.8432bcb7705139cd0bcd1421987aaff7.jpg,0,0.5935743451118469,0.5197629332542419,0.00966006051748991,0.033045001327991486,0.0019742832519114017
FisheyeCamera_1_00282_png.rf.8432bcb7705139cd0bcd1421987aaff7.jpg,0,0.5869621634483337,0.5258173942565918,0.012429054826498032,0.019340112805366516,0.0015599725302308798
FisheyeCamera_1_00282_png.rf.8432bcb7705139cd0bcd1421987aaff7.jpg,13,0.3158409595489502,0.5355140566825867,0.006321210414171219,0.01521547045558691,0.0015424819430336356
FisheyeCamera_1_00282_png.rf.8432bcb7705139cd0bcd1421987aaff7.jpg,4,0.4491012394428253,0.5470757484436035,0.010714054107666016,0.008960723876953125,0.001372391590848565
FisheyeCamera_1_00282_png.rf.8432bcb7705139cd0bcd1421987aaff7.jpg,11,0.6117650270462036,0.37458792328834534,0.767111599445343,0.7484505772590637,0.0013502074871212244
FisheyeCamera_1_00282_png.rf.8432bcb7705139cd0bcd1421987aaff7.jpg,13,0.7940898537635803,0.5176017880439758,0.012424249202013016,0.021274384111166,0.0012504786718636751
FisheyeCamera_1_00282_png.rf.8432bcb7705139cd0bcd1421987aaff7.jpg,7,0.6479373574256897,0.5629012584686279,0.6586436033248901,0.8741975426673889,0.0011421242961660028
FisheyeCamera_1_00282_png.rf.8432bcb7705139cd0bcd1421987aaff7.jpg,0,0.8305132985115051,0.4732458293437958,0.013309845700860023,0.010140785947442055,0.0010945262620225549
FisheyeCamera_1_00282_png.rf.8432bcb7705139cd0bcd1421987aaff7.jpg,13,0.38348960876464844,0.5501428842544556,0.004541654139757156,0.016290372237563133,0.001049793092533946
FisheyeCamera_1_00282_png.rf.8432bcb7705139cd0bcd1421987aaff7.jpg,9,0.3141183853149414,0.5329781770706177,0.009283249266445637,0.01021840050816536,0.000996258808299899
FisheyeCamera_1_00282_png.rf.8432bcb7705139cd0bcd1421987aaff7.jpg,13,0.9424933195114136,0.5107470154762268,0.009723884053528309,0.013102238066494465,0.0009631050634197891
FisheyeCamera_1_00282_png.rf.8432bcb7705139cd0bcd1421987aaff7.jpg,9,0.4532569944858551,0.5414716005325317,0.00805928185582161,0.014071685262024403,0.0009384369477629662
FisheyeCamera_1_00282_png.rf.8432bcb7705139cd0bcd1421987aaff7.jpg,0,0.8297495245933533,0.4776264429092407,0.011669379658997059,0.012165546417236328,0.0008453912450931966
FisheyeCamera_1_00282_png.rf.8432bcb7705139cd0bcd1421987aaff7.jpg,0,0.590996265411377,0.522195041179657,0.011290733702480793,0.022748764604330063,0.0007754434482194483
FisheyeCamera_1_00282_png.rf.8432bcb7705139cd0bcd1421987aaff7.jpg,13,0.937859058380127,0.5105931758880615,0.01136647816747427,0.01277798879891634,0.0005596591508947313
FisheyeCamera_1_00283_png.rf.e88cf39eb00a52dfcceb2fcfddf89260.jpg,13,0.8310965299606323,0.5215709209442139,0.013188949786126614,0.024997418746352196,0.7739022970199585
FisheyeCamera_1_00283_png.rf.e88cf39eb00a52dfcceb2fcfddf89260.jpg,0,0.597137451171875,0.5272127985954285,0.0072170039638876915,0.02033233642578125,0.7340726256370544
FisheyeCamera_1_00283_png.rf.e88cf39eb00a52dfcceb2fcfddf89260.jpg,11,0.37912970781326294,0.5454676151275635,0.008329428732395172,0.009571075439453125,0.19515526294708252
FisheyeCamera_1_00283_png.rf.e88cf39eb00a52dfcceb2fcfddf89260.jpg,1,0.4709288775920868,0.5392773747444153,0.00525415875017643,0.012831101194024086,0.08405356854200363
FisheyeCamera_1_00283_png.rf.e88cf39eb00a52dfcceb2fcfddf89260.jpg,11,0.3809855580329895,0.5474547147750854,0.004972641356289387,0.009402458555996418,0.0779852643609047
FisheyeCamera_1_00283_png.rf.e88cf39eb00a52dfcceb2fcfddf89260.jpg,13,0.9512340426445007,0.5084894299507141,0.008032431825995445,0.010808762162923813,0.03072887845337391
FisheyeCamera_1_00283_png.rf.e88cf39eb00a52dfcceb2fcfddf89260.jpg,1,0.4660550057888031,0.5397036671638489,0.006111218594014645,0.01242678053677082,0.022997235879302025
FisheyeCamera_1_00283_png.rf.e88cf39eb00a52dfcceb2fcfddf89260.jpg,11,0.4477126896381378,0.5453550219535828,0.007953827269375324,0.009387199766933918,0.022820888087153435
FisheyeCamera_1_00283_png.rf.e88cf39eb00a52dfcceb2fcfddf89260.jpg,9,0.30826160311698914,0.5334440469741821,0.004831644240766764,0.011246681213378906,0.007465634029358625
FisheyeCamera_1_00283_png.rf.e88cf39eb00a52dfcceb2fcfddf89260.jpg,13,0.8143790364265442,0.5207284688949585,0.014812249690294266,0.026588624343276024,0.0059248763136565685
FisheyeCamera_1_00283_png.rf.e88cf39eb00a52dfcceb2fcfddf89260.jpg,11,0.383884072303772,0.5460166931152344,0.012363030575215816,0.00925445556640625,0.004489848390221596
FisheyeCamera_1_00283_png.rf.e88cf39eb00a52dfcceb2fcfddf89260.jpg,1,0.46949827671051025,0.5417829751968384,0.008330821990966797,0.016371726989746094,0.002212734427303076
FisheyeCamera_1_00283_png.rf.e88cf39eb00a52dfcceb2fcfddf89260.jpg,1,0.4748133420944214,0.5385860204696655,0.011221042834222317,0.013266380876302719,0.0021697445772588253
FisheyeCamera_1_00283_png.rf.e88cf39eb00a52dfcceb2fcfddf89260.jpg,13,0.8015535473823547,0.5187875628471375,0.01416896004229784,0.02798091620206833,0.002000913256779313
FisheyeCamera_1_00283_png.rf.e88cf39eb00a52dfcceb2fcfddf89260.jpg,1,0.47168177366256714,0.5349493026733398,0.0049573094584047794,0.016802091151475906,0.0016713142395019531
FisheyeCamera_1_00283_png.rf.e88cf39eb00a52dfcceb2fcfddf89260.jpg,0,0.839433491230011,0.4754687249660492,0.01008723396807909,0.009438037872314453,0.00163536227773875
FisheyeCamera_1_00283_png.rf.e88cf39eb00a52dfcceb2fcfddf89260.jpg,13,0.8052672147750854,0.5121321082115173,0.019649360328912735,0.022689159959554672,0.0012662328081205487
FisheyeCamera_1_00283_png.rf.e88cf39eb00a52dfcceb2fcfddf89260.jpg,9,0.4488799571990967,0.5415778756141663,0.005142138805240393,0.014051620848476887,0.0011557054240256548
FisheyeCamera_1_00283_png.rf.e88cf39eb00a52dfcceb2fcfddf89260.jpg,13,0.5666930079460144,0.5461530089378357,0.008255555294454098,0.016324227675795555,0.0010231516789644957
FisheyeCamera_1_00283_png.rf.e88cf39eb00a52dfcceb2fcfddf89260.jpg,11,0.6129069328308105,0.37406760454177856,0.7679741382598877,0.7474827766418457,0.0009487374918535352
FisheyeCamera_1_00283_png.rf.e88cf39eb00a52dfcceb2fcfddf89260.jpg,11,0.3102039396762848,0.5334142446517944,0.009123802185058594,0.011756126768887043,0.0008524390868842602
FisheyeCamera_1_00283_png.rf.e88cf39eb00a52dfcceb2fcfddf89260.jpg,7,0.6383842825889587,0.6473016142845154,0.6634018421173096,0.7053968906402588,0.0008355213212780654
FisheyeCamera_1_00283_png.rf.e88cf39eb00a52dfcceb2fcfddf89260.jpg,1,0.5823571085929871,0.4683970808982849,0.008121673949062824,0.008435726165771484,0.0008160488214343786
FisheyeCamera_1_00283_png.rf.e88cf39eb00a52dfcceb2fcfddf89260.jpg,0,0.8382468223571777,0.4665597975254059,0.012130004353821278,0.015158580616116524,0.0007975659682415426
FisheyeCamera_1_00283_png.rf.e88cf39eb00a52dfcceb2fcfddf89260.jpg,0,0.5355974435806274,0.5184229016304016,0.009175851009786129,0.006705651059746742,0.0007504030363634229
FisheyeCamera_1_00283_png.rf.e88cf39eb00a52dfcceb2fcfddf89260.jpg,0,0.5364316701889038,0.514353334903717,0.006471047177910805,0.008892646990716457,0.0006550654652528465
FisheyeCamera_1_00283_png.rf.e88cf39eb00a52dfcceb2fcfddf89260.jpg,13,0.31031712889671326,0.5355435609817505,0.005746456328779459,0.008802047930657864,0.0005793242598883808
FisheyeCamera_1_00283_png.rf.e88cf39eb00a52dfcceb2fcfddf89260.jpg,13,0.8002957701683044,0.5068864822387695,0.01420336589217186,0.0194891057908535,0.0005103751318529248
FisheyeCamera_1_00285_png.rf.cbc33d5d21aad4b5d0d195479cb4f9ef.jpg,0,0.5999130606651306,0.5249481797218323,0.008997330442070961,0.022489255294203758,0.8002745509147644
FisheyeCamera_1_00285_png.rf.cbc33d5d21aad4b5d0d195479cb4f9ef.jpg,13,0.8590826988220215,0.5155514478683472,0.015921372920274734,0.02614564262330532,0.5002284049987793
FisheyeCamera_1_00285_png.rf.cbc33d5d21aad4b5d0d195479cb4f9ef.jpg,11,0.3720683157444,0.5452932715415955,0.006398788187652826,0.010702427476644516,0.4349871873855591
FisheyeCamera_1_00285_png.rf.cbc33d5d21aad4b5d0d195479cb4f9ef.jpg,1,0.4669158458709717,0.5390035510063171,0.005005543120205402,0.011898591183125973,0.2991247773170471
FisheyeCamera_1_00285_png.rf.cbc33d5d21aad4b5d0d195479cb4f9ef.jpg,9,0.8605272173881531,0.5166613459587097,0.016595840454101562,0.02618885226547718,0.018106255680322647
FisheyeCamera_1_00285_png.rf.cbc33d5d21aad4b5d0d195479cb4f9ef.jpg,1,0.2977311313152313,0.5314897298812866,0.007965125143527985,0.012533554807305336,0.013503293506801128
FisheyeCamera_1_00285_png.rf.cbc33d5d21aad4b5d0d195479cb4f9ef.jpg,11,0.4359683096408844,0.5429204106330872,0.009455094113945961,0.012035553343594074,0.010750009678304195
FisheyeCamera_1_00285_png.rf.cbc33d5d21aad4b5d0d195479cb4f9ef.jpg,9,0.43819716572761536,0.5430879592895508,0.01117086410522461,0.011172294616699219,0.010129690170288086
FisheyeCamera_1_00285_png.rf.cbc33d5d21aad4b5d0d195479cb4f9ef.jpg,0,0.8610036373138428,0.46483126282691956,0.012475013732910156,0.01632697880268097,0.005958630703389645
FisheyeCamera_1_00285_png.rf.cbc33d5d21aad4b5d0d195479cb4f9ef.jpg,7,0.30172252655029297,0.5313302278518677,0.009062015451490879,0.012013069353997707,0.0042475489899516106
FisheyeCamera_1_00285_png.rf.cbc33d5d21aad4b5d0d195479cb4f9ef.jpg,11,0.2996213436126709,0.531164288520813,0.0043832892552018166,0.013062550686299801,0.004174178931862116
FisheyeCamera_1_00285_png.rf.cbc33d5d21aad4b5d0d195479cb4f9ef.jpg,1,0.46405938267707825,0.5392518639564514,0.0046844482421875,0.008338561281561852,0.0034985728561878204
FisheyeCamera_1_00285_png.rf.cbc33d5d21aad4b5d0d195479cb4f9ef.jpg,11,0.3726417124271393,0.54942387342453,0.007907170802354813,0.013936446979641914,0.003470426658168435
FisheyeCamera_1_00285_png.rf.cbc33d5d21aad4b5d0d195479cb4f9ef.jpg,0,0.857199490070343,0.46752169728279114,0.009495955891907215,0.016818817704916,0.0032520724926143885
FisheyeCamera_1_00285_png.rf.cbc33d5d21aad4b5d0d195479cb4f9ef.jpg,1,0.5827847719192505,0.45997363328933716,0.00789906457066536,0.010449299588799477,0.003231378737837076
FisheyeCamera_1_00285_png.rf.cbc33d5d21aad4b5d0d195479cb4f9ef.jpg,0,0.5974487662315369,0.5195093154907227,0.011092113330960274,0.03292637690901756,0.002517357235774398
FisheyeCamera_1_00285_png.rf.cbc33d5d21aad4b5d0d195479cb4f9ef.jpg,1,0.5381496548652649,0.5108287930488586,0.01134634017944336,0.02654130756855011,0.002030622912570834
FisheyeCamera_1_00285_png.rf.cbc33d5d21aad4b5d0d195479cb4f9ef.jpg,1,0.43695202469825745,0.5404587984085083,0.004564505536109209,0.008542281575500965,0.0018731259042397141
FisheyeCamera_1_00285_png.rf.cbc33d5d21aad4b5d0d195479cb4f9ef.jpg,13,0.8306825757026672,0.5059313774108887,0.01082875207066536,0.025777781382203102,0.0017132406355813146
FisheyeCamera_1_00285_png.rf.cbc33d5d21aad4b5d0d195479cb4f9ef.jpg,11,0.3752303719520569,0.5468767285346985,0.012079312466084957,0.010242096148431301,0.0015654676826670766
FisheyeCamera_1_00285_png.rf.cbc33d5d21aad4b5d0d195479cb4f9ef.jpg,0,0.5414546132087708,0.5216027498245239,0.01082093920558691,0.009347328916192055,0.00120041414629668
FisheyeCamera_1_00285_png.rf.cbc33d5d21aad4b5d0d195479cb4f9ef.jpg,0,0.5363963842391968,0.5138642191886902,0.006401649210602045,0.011520936153829098,0.0010193624766543508
FisheyeCamera_1_00285_png.rf.cbc33d5d21aad4b5d0d195479cb4f9ef.jpg,13,0.5605042576789856,0.5488227009773254,0.009697253815829754,0.011048977263271809,0.0007744609611108899
FisheyeCamera_1_00285_png.rf.cbc33d5d21aad4b5d0d195479cb4f9ef.jpg,0,0.5360181331634521,0.5182043313980103,0.009996781125664711,0.009931785054504871,0.0007316916016861796
FisheyeCamera_1_00285_png.rf.cbc33d5d21aad4b5d0d195479cb4f9ef.jpg,11,0.612491250038147,0.3726535439491272,0.7681921124458313,0.7435275316238403,0.0005942417774349451
FisheyeCamera_1_00285_png.rf.cbc33d5d21aad4b5d0d195479cb4f9ef.jpg,5,0.3811383843421936,0.6834614276885986,0.7613648772239685,0.6330772042274475,0.0005668457015417516
FisheyeCamera_1_00285_png.rf.cbc33d5d21aad4b5d0d195479cb4f9ef.jpg,13,0.831686794757843,0.516879677772522,0.01132965087890625,0.02912532538175583,0.0005545489257201552
FisheyeCamera_1_00285_png.rf.cbc33d5d21aad4b5d0d195479cb4f9ef.jpg,13,0.566497266292572,0.5483964085578918,0.00864553451538086,0.014018353074789047,0.0005166513728909194
FisheyeCamera_1_00298_png.rf.a4bc4257abfe5a5f97a7ab4671d5a682.jpg,1,0.4316546618938446,0.5337064862251282,0.006977925077080727,0.014725502580404282,0.7116622924804688
FisheyeCamera_1_00298_png.rf.a4bc4257abfe5a5f97a7ab4671d5a682.jpg,0,0.627263069152832,0.507978081703186,0.01268518902361393,0.0328642800450325,0.6885669827461243
FisheyeCamera_1_00298_png.rf.a4bc4257abfe5a5f97a7ab4671d5a682.jpg,11,0.2880527973175049,0.5375877618789673,0.008042097091674805,0.013433934189379215,0.5505450963973999
FisheyeCamera_1_00298_png.rf.a4bc4257abfe5a5f97a7ab4671d5a682.jpg,0,0.6213955283164978,0.5062661170959473,0.014098681509494781,0.032223593443632126,0.106624074280262
FisheyeCamera_1_00298_png.rf.a4bc4257abfe5a5f97a7ab4671d5a682.jpg,1,0.42988836765289307,0.5335956811904907,0.006464187987148762,0.01822633109986782,0.10621584206819534
FisheyeCamera_1_00298_png.rf.a4bc4257abfe5a5f97a7ab4671d5a682.jpg,13,0.2872999608516693,0.5369176268577576,0.0069920653477311134,0.013309662230312824,0.08985697478055954
FisheyeCamera_1_00298_png.rf.a4bc4257abfe5a5f97a7ab4671d5a682.jpg,1,0.22986440360546112,0.5224317312240601,0.004983425140380859,0.014385406859219074,0.05020758509635925
FisheyeCamera_1_00298_png.rf.a4bc4257abfe5a5f97a7ab4671d5a682.jpg,0,0.6012417674064636,0.4790171682834625,0.012017800472676754,0.008683204650878906,0.026465538889169693
FisheyeCamera_1_00298_png.rf.a4bc4257abfe5a5f97a7ab4671d5a682.jpg,1,0.6277031302452087,0.5109112858772278,0.011482092551887035,0.03575475513935089,0.014146573841571808
FisheyeCamera_1_00298_png.rf.a4bc4257abfe5a5f97a7ab4671d5a682.jpg,1,0.22805120050907135,0.5213689208030701,0.007327354978770018,0.013530437834560871,0.013756848871707916
FisheyeCamera_1_00298_png.rf.a4bc4257abfe5a5f97a7ab4671d5a682.jpg,13,0.28336212038993835,0.5367928743362427,0.01071533840149641,0.013147941790521145,0.0122890779748559
FisheyeCamera_1_00298_png.rf.a4bc4257abfe5a5f97a7ab4671d5a682.jpg,11,0.22967596352100372,0.5247188806533813,0.004928699228912592,0.014483452774584293,0.011109700426459312
FisheyeCamera_1_00298_png.rf.a4bc4257abfe5a5f97a7ab4671d5a682.jpg,0,0.5996619462966919,0.4841001331806183,0.011246608570218086,0.01539461500942707,0.004253736697137356
FisheyeCamera_1_00298_png.rf.a4bc4257abfe5a5f97a7ab4671d5a682.jpg,13,0.0693807601928711,0.5142142176628113,0.0052213165909051895,0.010972976684570312,0.004200177267193794
FisheyeCamera_1_00298_png.rf.a4bc4257abfe5a5f97a7ab4671d5a682.jpg,13,0.6267656683921814,0.5459600687026978,0.009013836272060871,0.016084745526313782,0.0016603043768554926
FisheyeCamera_1_00298_png.rf.a4bc4257abfe5a5f97a7ab4671d5a682.jpg,13,0.04395616054534912,0.5080443620681763,0.012382576242089272,0.007907867431640625,0.0016339647118002176
FisheyeCamera_1_00298_png.rf.a4bc4257abfe5a5f97a7ab4671d5a682.jpg,13,0.559585452079773,0.5456668734550476,0.007031257729977369,0.009860222227871418,0.0015982273034751415
FisheyeCamera_1_00298_png.rf.a4bc4257abfe5a5f97a7ab4671d5a682.jpg,13,0.11226502060890198,0.5235263705253601,0.00714147137477994,0.02329910732805729,0.000980702810920775
FisheyeCamera_1_00298_png.rf.a4bc4257abfe5a5f97a7ab4671d5a682.jpg,13,0.06137562915682793,0.514376699924469,0.007108780089765787,0.009858131408691406,0.0009652224252931774
FisheyeCamera_1_00298_png.rf.a4bc4257abfe5a5f97a7ab4671d5a682.jpg,13,0.5599222183227539,0.5511378049850464,0.008706936612725258,0.02307271957397461,0.0009330621105618775
FisheyeCamera_1_00298_png.rf.a4bc4257abfe5a5f97a7ab4671d5a682.jpg,13,0.06902942806482315,0.5136116743087769,0.009973072446882725,0.014164265245199203,0.0007950954604893923
FisheyeCamera_1_00298_png.rf.a4bc4257abfe5a5f97a7ab4671d5a682.jpg,13,0.6280125975608826,0.5797015428543091,0.006611677352339029,0.02506769634783268,0.0007796650752425194
FisheyeCamera_1_00298_png.rf.a4bc4257abfe5a5f97a7ab4671d5a682.jpg,13,0.5654274821281433,0.544505774974823,0.007521812804043293,0.010099007748067379,0.0007743336609564722
FisheyeCamera_1_00298_png.rf.a4bc4257abfe5a5f97a7ab4671d5a682.jpg,13,0.28901758790016174,0.5356813669204712,0.009031626395881176,0.018645066767930984,0.0006544925854541361
FisheyeCamera_1_00298_png.rf.a4bc4257abfe5a5f97a7ab4671d5a682.jpg,13,0.5610309839248657,0.5739392042160034,0.009798416867852211,0.019276436418294907,0.0006334154168143868
FisheyeCamera_1_00298_png.rf.a4bc4257abfe5a5f97a7ab4671d5a682.jpg,0,0.522607684135437,0.5066296458244324,0.009104179218411446,0.006001766305416822,0.0006280940142460167
FisheyeCamera_1_00298_png.rf.a4bc4257abfe5a5f97a7ab4671d5a682.jpg,5,0.37919607758522034,0.682270348072052,0.7575374841690063,0.6354593634605408,0.0005771517171524465
FisheyeCamera_1_00298_png.rf.a4bc4257abfe5a5f97a7ab4671d5a682.jpg,13,0.5591945052146912,0.53570955991745,0.00803232192993164,0.01860266551375389,0.0005403529503382742
FisheyeCamera_1_00298_png.rf.a4bc4257abfe5a5f97a7ab4671d5a682.jpg,13,0.1114431843161583,0.5146763920783997,0.006786199752241373,0.011289230547845364,0.0005183106404729187
FisheyeCamera_1_00302_png.rf.89395bab7d8fb4a6da3324a58b3497cd.jpg,0,0.6490004658699036,0.4966455399990082,0.013458325527608395,0.0378282256424427,0.7478167414665222
FisheyeCamera_1_00302_png.rf.89395bab7d8fb4a6da3324a58b3497cd.jpg,1,0.4226115345954895,0.5311580300331116,0.007135574705898762,0.016020188108086586,0.6105654835700989
FisheyeCamera_1_00302_png.rf.89395bab7d8fb4a6da3324a58b3497cd.jpg,11,0.25203901529312134,0.5337186455726624,0.010006465017795563,0.016758736222982407,0.4544352889060974
FisheyeCamera_1_00302_png.rf.89395bab7d8fb4a6da3324a58b3497cd.jpg,4,0.2518775463104248,0.5334103107452393,0.00915441196411848,0.014557765796780586,0.23150576651096344
FisheyeCamera_1_00302_png.rf.89395bab7d8fb4a6da3324a58b3497cd.jpg,1,0.20828691124916077,0.5187153816223145,0.005320310592651367,0.016436761245131493,0.08010762929916382
FisheyeCamera_1_00302_png.rf.89395bab7d8fb4a6da3324a58b3497cd.jpg,13,0.07044138759374619,0.5049106478691101,0.009679794311523438,0.017003903165459633,0.06160947307944298
FisheyeCamera_1_00302_png.rf.89395bab7d8fb4a6da3324a58b3497cd.jpg,0,0.6078242659568787,0.4707944691181183,0.014199330471456051,0.011387825012207031,0.057932790368795395
FisheyeCamera_1_00302_png.rf.89395bab7d8fb4a6da3324a58b3497cd.jpg,13,0.06956283003091812,0.5142189860343933,0.009424673393368721,0.02479689009487629,0.02803097292780876
FisheyeCamera_1_00302_png.rf.89395bab7d8fb4a6da3324a58b3497cd.jpg,13,0.046009697020053864,0.5067647695541382,0.012295975349843502,0.018020043149590492,0.008461530320346355
FisheyeCamera_1_00302_png.rf.89395bab7d8fb4a6da3324a58b3497cd.jpg,5,0.2521108090877533,0.535142719745636,0.008883384987711906,0.017825493589043617,0.005464646499603987
FisheyeCamera_1_00302_png.rf.89395bab7d8fb4a6da3324a58b3497cd.jpg,13,0.6504904627799988,0.5475242733955383,0.009419955313205719,0.010075459256768227,0.004902547691017389
FisheyeCamera_1_00302_png.rf.89395bab7d8fb4a6da3324a58b3497cd.jpg,1,0.4239758849143982,0.5328081250190735,0.011761371977627277,0.01978921890258789,0.0034394829999655485
FisheyeCamera_1_00302_png.rf.89395bab7d8fb4a6da3324a58b3497cd.jpg,13,0.5594477653503418,0.5345886945724487,0.008740315213799477,0.018335159868001938,0.0029154489748179913
FisheyeCamera_1_00302_png.rf.89395bab7d8fb4a6da3324a58b3497cd.jpg,13,0.07186605781316757,0.4999887943267822,0.008279778063297272,0.013141338713467121,0.0027553534600883722
FisheyeCamera_1_00302_png.rf.89395bab7d8fb4a6da3324a58b3497cd.jpg,0,0.6069563627243042,0.467253714799881,0.0154278464615345,0.012104217894375324,0.002569611417129636
FisheyeCamera_1_00302_png.rf.89395bab7d8fb4a6da3324a58b3497cd.jpg,13,0.045685019344091415,0.5153228044509888,0.013480902649462223,0.010448822751641273,0.0023289320524781942
FisheyeCamera_1_00302_png.rf.89395bab7d8fb4a6da3324a58b3497cd.jpg,13,0.06452397257089615,0.5111626386642456,0.008146786130964756,0.019398506730794907,0.002209034049883485
FisheyeCamera_1_00302_png.rf.89395bab7d8fb4a6da3324a58b3497cd.jpg,13,0.06253423541784286,0.5187641382217407,0.008712626993656158,0.012330238707363605,0.0015417205868288875
FisheyeCamera_1_00302_png.rf.89395bab7d8fb4a6da3324a58b3497cd.jpg,11,0.20802970230579376,0.5229454040527344,0.005417934153228998,0.02051907405257225,0.0011787976836785674
FisheyeCamera_1_00302_png.rf.89395bab7d8fb4a6da3324a58b3497cd.jpg,13,0.5653285384178162,0.5772072672843933,0.007976531982421875,0.01544325239956379,0.0008713062852621078
FisheyeCamera_1_00302_png.rf.89395bab7d8fb4a6da3324a58b3497cd.jpg,13,0.0918458104133606,0.5175452828407288,0.006749511230736971,0.008698646910488605,0.0007115323678590357
FisheyeCamera_1_00302_png.rf.89395bab7d8fb4a6da3324a58b3497cd.jpg,5,0.24888183176517487,0.53403639793396,0.01899295672774315,0.01787053607404232,0.0007108650752343237
FisheyeCamera_1_00302_png.rf.89395bab7d8fb4a6da3324a58b3497cd.jpg,13,0.08620034903287888,0.5126083493232727,0.005624725483357906,0.014459794387221336,0.0006940746097825468
FisheyeCamera_1_00302_png.rf.89395bab7d8fb4a6da3324a58b3497cd.jpg,13,0.5665469169616699,0.5422385931015015,0.005783484783023596,0.012474831193685532,0.0006893749814480543
FisheyeCamera_1_00302_png.rf.89395bab7d8fb4a6da3324a58b3497cd.jpg,13,0.06371621787548065,0.5300819873809814,0.010264754295349121,0.014282704330980778,0.0006428775959648192
FisheyeCamera_1_00302_png.rf.89395bab7d8fb4a6da3324a58b3497cd.jpg,13,0.2561399042606354,0.5333089828491211,0.014263905584812164,0.012542542070150375,0.0006010317010805011
FisheyeCamera_1_00302_png.rf.89395bab7d8fb4a6da3324a58b3497cd.jpg,13,0.0694369301199913,0.5236542820930481,0.009002855978906155,0.017325768247246742,0.00057838304201141
FisheyeCamera_1_00302_png.rf.89395bab7d8fb4a6da3324a58b3497cd.jpg,5,0.37831348180770874,0.6874510049819946,0.7555699944496155,0.6250980496406555,0.0005564141320064664
FisheyeCamera_1_00302_png.rf.89395bab7d8fb4a6da3324a58b3497cd.jpg,13,0.6508690714836121,0.544028639793396,0.010903138667345047,0.013674370013177395,0.0005181527812965214
FisheyeCamera_1_00302_png.rf.89395bab7d8fb4a6da3324a58b3497cd.jpg,13,0.09130948036909103,0.536690890789032,0.013106768019497395,0.015608384273946285,0.0005053146742284298
FisheyeCamera_1_00314_png.rf.f10aa9e570183b2892515007c415b9cf.jpg,1,0.43003523349761963,0.5224951505661011,0.010564620606601238,0.023059844970703125,0.6838392615318298
FisheyeCamera_1_00314_png.rf.f10aa9e570183b2892515007c415b9cf.jpg,5,0.13412894308567047,0.513916015625,0.012811423279345036,0.024602780118584633,0.48157140612602234
FisheyeCamera_1_00314_png.rf.f10aa9e570183b2892515007c415b9cf.jpg,0,0.872665286064148,0.4088512659072876,0.025821687653660774,0.0862744078040123,0.3151233494281769
FisheyeCamera_1_00314_png.rf.f10aa9e570183b2892515007c415b9cf.jpg,9,0.13331612944602966,0.513690173625946,0.012424753978848457,0.0254098828881979,0.07894925028085709
FisheyeCamera_1_00314_png.rf.f10aa9e570183b2892515007c415b9cf.jpg,11,0.1338643580675125,0.5141234397888184,0.012867836281657219,0.023903077468276024,0.07066145539283752
FisheyeCamera_1_00314_png.rf.f10aa9e570183b2892515007c415b9cf.jpg,1,0.17436428368091583,0.5095610618591309,0.009714383631944656,0.01422856468707323,0.04499764367938042
FisheyeCamera_1_00314_png.rf.f10aa9e570183b2892515007c415b9cf.jpg,13,0.13299132883548737,0.5143579244613647,0.010995058342814445,0.023777302354574203,0.027364086359739304
FisheyeCamera_1_00314_png.rf.f10aa9e570183b2892515007c415b9cf.jpg,13,0.6428329944610596,0.5141394734382629,0.011211615987122059,0.015157883986830711,0.0058896164409816265
FisheyeCamera_1_00314_png.rf.f10aa9e570183b2892515007c415b9cf.jpg,1,0.8687355518341064,0.408969521522522,0.0268558356910944,0.08430337905883789,0.005655438639223576
FisheyeCamera_1_00314_png.rf.f10aa9e570183b2892515007c415b9cf.jpg,11,0.7681073546409607,0.3665298521518707,0.4379948377609253,0.7145633697509766,0.0036170941311866045
FisheyeCamera_1_00314_png.rf.f10aa9e570183b2892515007c415b9cf.jpg,11,0.17428207397460938,0.5127711892127991,0.009877480566501617,0.01661968231201172,0.003380777081474662
FisheyeCamera_1_00314_png.rf.f10aa9e570183b2892515007c415b9cf.jpg,13,0.8783379197120667,0.514916718006134,0.012723409570753574,0.01623058319091797,0.0033367928117513657
FisheyeCamera_1_00314_png.rf.f10aa9e570183b2892515007c415b9cf.jpg,0,0.7035811543464661,0.4209064543247223,0.0191959235817194,0.01358890626579523,0.0016099442727863789
FisheyeCamera_1_00314_png.rf.f10aa9e570183b2892515007c415b9cf.jpg,5,0.055084798485040665,0.5257341861724854,0.008772313594818115,0.013087860308587551,0.0014924320857971907
FisheyeCamera_1_00314_png.rf.f10aa9e570183b2892515007c415b9cf.jpg,13,0.1680702120065689,0.5128160715103149,0.0067059630528092384,0.021674377843737602,0.0012563056079670787
FisheyeCamera_1_00314_png.rf.f10aa9e570183b2892515007c415b9cf.jpg,1,0.17240320146083832,0.5124009251594543,0.007334177382290363,0.018354233354330063,0.0012519563315436244
FisheyeCamera_1_00314_png.rf.f10aa9e570183b2892515007c415b9cf.jpg,4,0.2435416579246521,0.5426551699638367,0.0032859400380402803,0.006215095520019531,0.0007630552281625569
FisheyeCamera_1_00314_png.rf.f10aa9e570183b2892515007c415b9cf.jpg,13,0.1373395025730133,0.5161463618278503,0.01740443706512451,0.023727601394057274,0.0006962876650504768
FisheyeCamera_1_00314_png.rf.f10aa9e570183b2892515007c415b9cf.jpg,9,0.1703212708234787,0.5094855427742004,0.012346011586487293,0.014645980671048164,0.0005280106561258435
FisheyeCamera_1_00314_png.rf.f10aa9e570183b2892515007c415b9cf.jpg,13,0.17020978033542633,0.5126948952674866,0.012125804089009762,0.01781548000872135,0.0005278788157738745
FisheyeCamera_1_00314_png.rf.f10aa9e570183b2892515007c415b9cf.jpg,10,0.8751670122146606,0.5113744735717773,0.012503990903496742,0.04351957142353058,0.0005172369419597089
FisheyeCamera_1_00314_png.rf.f10aa9e570183b2892515007c415b9cf.jpg,13,0.6381123065948486,0.5137402415275574,0.015446149744093418,0.015127659775316715,0.0005121988360770047
FisheyeCamera_1_00315_png.rf.14c625eca5ff0f371a2459cb470b6dd5.jpg,1,0.43255549669265747,0.5221215486526489,0.00972355343401432,0.022883709520101547,0.5369306206703186
FisheyeCamera_1_00315_png.rf.14c625eca5ff0f371a2459cb470b6dd5.jpg,5,0.12188635021448135,0.5128781199455261,0.012967843562364578,0.026057245209813118,0.3106919527053833
FisheyeCamera_1_00315_png.rf.14c625eca5ff0f371a2459cb470b6dd5.jpg,0,0.9106506705284119,0.4005134403705597,0.018845338374376297,0.06923121958971024,0.19608008861541748
FisheyeCamera_1_00315_png.rf.14c625eca5ff0f371a2459cb470b6dd5.jpg,11,0.12206048518419266,0.5126194953918457,0.013619689270853996,0.02561279572546482,0.08257053792476654
FisheyeCamera_1_00315_png.rf.14c625eca5ff0f371a2459cb470b6dd5.jpg,1,0.1739044189453125,0.5099334716796875,0.010629856027662754,0.015050778165459633,0.027458183467388153
FisheyeCamera_1_00315_png.rf.14c625eca5ff0f371a2459cb470b6dd5.jpg,1,0.1693437546491623,0.5087266564369202,0.01038621086627245,0.014469807967543602,0.024759376421570778
FisheyeCamera_1_00315_png.rf.14c625eca5ff0f371a2459cb470b6dd5.jpg,0,0.9113094210624695,0.41861239075660706,0.01767466776072979,0.03540728613734245,0.008158115670084953
FisheyeCamera_1_00315_png.rf.14c625eca5ff0f371a2459cb470b6dd5.jpg,1,0.43063342571258545,0.5254231691360474,0.008492176420986652,0.0332367978990078,0.007721400819718838
FisheyeCamera_1_00315_png.rf.14c625eca5ff0f371a2459cb470b6dd5.jpg,13,0.12404613196849823,0.513289749622345,0.015468240715563297,0.025068100541830063,0.006407293491065502
FisheyeCamera_1_00315_png.rf.14c625eca5ff0f371a2459cb470b6dd5.jpg,13,0.1692274957895279,0.5121934413909912,0.010149057023227215,0.017455467954277992,0.005777071695774794
FisheyeCamera_1_00315_png.rf.14c625eca5ff0f371a2459cb470b6dd5.jpg,13,0.915570080280304,0.5065692067146301,0.009701509028673172,0.017331674695014954,0.005436017643660307
FisheyeCamera_1_00315_png.rf.14c625eca5ff0f371a2459cb470b6dd5.jpg,0,0.7162035703659058,0.41559353470802307,0.021684281527996063,0.014608163386583328,0.005017134826630354
FisheyeCamera_1_00315_png.rf.14c625eca5ff0f371a2459cb470b6dd5.jpg,5,0.05565767362713814,0.5255039930343628,0.008851587772369385,0.012808029539883137,0.003364817937836051
FisheyeCamera_1_00315_png.rf.14c625eca5ff0f371a2459cb470b6dd5.jpg,0,0.9054402709007263,0.39367663860321045,0.0287937019020319,0.09182105213403702,0.002746792510151863
FisheyeCamera_1_00315_png.rf.14c625eca5ff0f371a2459cb470b6dd5.jpg,13,0.6590518951416016,0.5473819971084595,0.008835205808281898,0.015147210098803043,0.002095297444611788
FisheyeCamera_1_00315_png.rf.14c625eca5ff0f371a2459cb470b6dd5.jpg,11,0.17361651360988617,0.5127562284469604,0.011204940266907215,0.01695985160768032,0.0018928799545392394
FisheyeCamera_1_00315_png.rf.14c625eca5ff0f371a2459cb470b6dd5.jpg,1,0.4370896816253662,0.5200850963592529,0.013123218901455402,0.020846661180257797,0.0017963799182325602
FisheyeCamera_1_00315_png.rf.14c625eca5ff0f371a2459cb470b6dd5.jpg,0,0.1685812771320343,0.5102176666259766,0.00665024621412158,0.01718788966536522,0.0011629735818132758
FisheyeCamera_1_00315_png.rf.14c625eca5ff0f371a2459cb470b6dd5.jpg,0,0.6920302510261536,0.47576913237571716,0.007193565834313631,0.012895218096673489,0.0011489628814160824
FisheyeCamera_1_00315_png.rf.14c625eca5ff0f371a2459cb470b6dd5.jpg,11,0.7102704048156738,0.3656023144721985,0.5792379379272461,0.731204628944397,0.0009665792458690703
FisheyeCamera_1_00315_png.rf.14c625eca5ff0f371a2459cb470b6dd5.jpg,4,0.24591808021068573,0.5425814390182495,0.004708950407803059,0.006220817565917969,0.0008823498501442373
FisheyeCamera_1_00315_png.rf.14c625eca5ff0f371a2459cb470b6dd5.jpg,0,0.9040132164955139,0.4148755967617035,0.032049767673015594,0.041062355041503906,0.0008046830189414322
FisheyeCamera_1_00315_png.rf.14c625eca5ff0f371a2459cb470b6dd5.jpg,13,0.6521720290184021,0.5139949917793274,0.01490651722997427,0.017065634950995445,0.0007993768085725605
FisheyeCamera_1_00315_png.rf.14c625eca5ff0f371a2459cb470b6dd5.jpg,11,0.9070994853973389,0.39469316601753235,0.02775060385465622,0.08232351392507553,0.0007091988227330148
FisheyeCamera_1_00315_png.rf.14c625eca5ff0f371a2459cb470b6dd5.jpg,13,0.6556832194328308,0.5079970359802246,0.014265574514865875,0.01839854195713997,0.0006600695778615773
FisheyeCamera_1_00315_png.rf.14c625eca5ff0f371a2459cb470b6dd5.jpg,1,0.17071370780467987,0.5079007148742676,0.006129998713731766,0.023986706510186195,0.0006334250792860985
FisheyeCamera_1_00315_png.rf.14c625eca5ff0f371a2459cb470b6dd5.jpg,1,0.9102327227592468,0.39462578296661377,0.022477738559246063,0.09002898633480072,0.0005064792349003255
FisheyeCamera_1_00351_png.rf.0c9f77a62c69eb9b4b91da5b1454eda5.jpg,13,0.21345685422420502,0.5321990251541138,0.008326182141900063,0.013472484424710274,0.343583881855011
FisheyeCamera_1_00351_png.rf.0c9f77a62c69eb9b4b91da5b1454eda5.jpg,12,0.4415563941001892,0.5466022491455078,0.008163745515048504,0.010364936664700508,0.22895386815071106
FisheyeCamera_1_00351_png.rf.0c9f77a62c69eb9b4b91da5b1454eda5.jpg,4,0.4439517557621002,0.5469447374343872,0.012714569456875324,0.011029464192688465,0.09100639820098877
FisheyeCamera_1_00351_png.rf.0c9f77a62c69eb9b4b91da5b1454eda5.jpg,1,0.17647886276245117,0.4794332981109619,0.011452363803982735,0.021193981170654297,0.01581009291112423
FisheyeCamera_1_00351_png.rf.0c9f77a62c69eb9b4b91da5b1454eda5.jpg,4,0.21734102070331573,0.532062828540802,0.014121588319540024,0.012529483996331692,0.011611663736402988
FisheyeCamera_1_00351_png.rf.0c9f77a62c69eb9b4b91da5b1454eda5.jpg,9,0.1763514280319214,0.48267224431037903,0.010167121887207031,0.02688026614487171,0.0066467649303376675
FisheyeCamera_1_00351_png.rf.0c9f77a62c69eb9b4b91da5b1454eda5.jpg,13,0.4426667392253876,0.5505351424217224,0.008071312680840492,0.01508302055299282,0.005390061065554619
FisheyeCamera_1_00351_png.rf.0c9f77a62c69eb9b4b91da5b1454eda5.jpg,0,0.17633302509784698,0.48390236496925354,0.010514681227505207,0.027569478377699852,0.002568109892308712
FisheyeCamera_1_00351_png.rf.0c9f77a62c69eb9b4b91da5b1454eda5.jpg,13,0.17553482949733734,0.4850292503833771,0.010582961142063141,0.029182031750679016,0.0020261150784790516
FisheyeCamera_1_00351_png.rf.0c9f77a62c69eb9b4b91da5b1454eda5.jpg,13,0.20832200348377228,0.536611795425415,0.01315945852547884,0.016424179077148438,0.0018378235399723053
FisheyeCamera_1_00351_png.rf.0c9f77a62c69eb9b4b91da5b1454eda5.jpg,13,0.17635613679885864,0.5507783889770508,0.008303110487759113,0.008051028475165367,0.0011859325459226966
FisheyeCamera_1_00351_png.rf.0c9f77a62c69eb9b4b91da5b1454eda5.jpg,8,0.6130890250205994,0.7641120553016663,0.5050438046455383,0.05680370703339577,0.0008041632827371359
FisheyeCamera_1_00351_png.rf.0c9f77a62c69eb9b4b91da5b1454eda5.jpg,13,0.11318779736757278,0.5137622952461243,0.008583885617554188,0.01627100445330143,0.0007698264671489596
FisheyeCamera_1_00351_png.rf.0c9f77a62c69eb9b4b91da5b1454eda5.jpg,13,0.17770500481128693,0.535601794719696,0.010720216669142246,0.013823326677083969,0.0007353695691563189
FisheyeCamera_1_00351_png.rf.0c9f77a62c69eb9b4b91da5b1454eda5.jpg,13,0.17598724365234375,0.47703084349632263,0.011915409006178379,0.02299470268189907,0.0007258137920871377
FisheyeCamera_1_00351_png.rf.0c9f77a62c69eb9b4b91da5b1454eda5.jpg,13,0.08749694377183914,0.5103965997695923,0.006643653381615877,0.015122780576348305,0.0006919984007254243
FisheyeCamera_1_00351_png.rf.0c9f77a62c69eb9b4b91da5b1454eda5.jpg,13,0.11532223969697952,0.3752308487892151,0.22993798553943634,0.7484601140022278,0.0006110284011811018
FisheyeCamera_1_00351_png.rf.0c9f77a62c69eb9b4b91da5b1454eda5.jpg,5,0.37681177258491516,0.6989786028862,0.7524626851081848,0.6020428538322449,0.0005909401807002723
FisheyeCamera_1_00351_png.rf.0c9f77a62c69eb9b4b91da5b1454eda5.jpg,10,0.1168527826666832,0.50506991147995,0.009750320576131344,0.014319016598165035,0.0005675387801602483
FisheyeCamera_1_00351_png.rf.0c9f77a62c69eb9b4b91da5b1454eda5.jpg,13,0.1775146722793579,0.5556376576423645,0.010082813911139965,0.012087932787835598,0.0005399045185185969
FisheyeCamera_1_00351_png.rf.0c9f77a62c69eb9b4b91da5b1454eda5.jpg,13,0.11339372396469116,0.5370210409164429,0.010466043837368488,0.018918221816420555,0.000525756215211004
FisheyeCamera_1_00364_png.rf.a9a2ae260182758dd32759d27a3f08ae.jpg,13,0.18594296276569366,0.5280817151069641,0.009838215075433254,0.015598664060235023,0.6375241875648499
FisheyeCamera_1_00364_png.rf.a9a2ae260182758dd32759d27a3f08ae.jpg,12,0.5204275250434875,0.5430791974067688,0.011969677172601223,0.0203704833984375,0.36163222789764404
FisheyeCamera_1_00364_png.rf.a9a2ae260182758dd32759d27a3f08ae.jpg,4,0.5208819508552551,0.5426244735717773,0.012219429016113281,0.02165365219116211,0.2519851326942444
FisheyeCamera_1_00364_png.rf.a9a2ae260182758dd32759d27a3f08ae.jpg,13,0.19194774329662323,0.5271684527397156,0.006032687146216631,0.016143908724188805,0.02675231732428074
FisheyeCamera_1_00364_png.rf.a9a2ae260182758dd32759d27a3f08ae.jpg,0,0.06058863550424576,0.4401682913303375,0.014833702705800533,0.054377924650907516,0.014535811729729176
FisheyeCamera_1_00364_png.rf.a9a2ae260182758dd32759d27a3f08ae.jpg,9,0.1874217689037323,0.5275037884712219,0.013234194368124008,0.017931168898940086,0.014531255699694157
FisheyeCamera_1_00364_png.rf.a9a2ae260182758dd32759d27a3f08ae.jpg,13,0.05702284723520279,0.5286795496940613,0.006934345234185457,0.011973381042480469,0.013766828924417496
FisheyeCamera_1_00364_png.rf.a9a2ae260182758dd32759d27a3f08ae.jpg,13,0.05858837813138962,0.5050986409187317,0.006014883518218994,0.015330132097005844,0.010167143307626247
FisheyeCamera_1_00364_png.rf.a9a2ae260182758dd32759d27a3f08ae.jpg,10,0.058887988328933716,0.51058030128479,0.008435964584350586,0.014183925464749336,0.006026374641805887
FisheyeCamera_1_00364_png.rf.a9a2ae260182758dd32759d27a3f08ae.jpg,0,0.05899986997246742,0.4961450397968292,0.006001532077789307,0.016555603593587875,0.004592285491526127
FisheyeCamera_1_00364_png.rf.a9a2ae260182758dd32759d27a3f08ae.jpg,10,0.05811036750674248,0.50800621509552,0.008278965950012207,0.025518197566270828,0.004369398113340139
FisheyeCamera_1_00364_png.rf.a9a2ae260182758dd32759d27a3f08ae.jpg,13,0.05982856824994087,0.5158798098564148,0.006087660789489746,0.014256955124437809,0.004269055090844631
FisheyeCamera_1_00364_png.rf.a9a2ae260182758dd32759d27a3f08ae.jpg,10,0.11248718947172165,0.515107274055481,0.008113522082567215,0.016251564025878906,0.0037124555092304945
FisheyeCamera_1_00364_png.rf.a9a2ae260182758dd32759d27a3f08ae.jpg,1,0.05666736513376236,0.5723786354064941,0.008348396047949791,0.030852319672703743,0.0036717290058732033
FisheyeCamera_1_00364_png.rf.a9a2ae260182758dd32759d27a3f08ae.jpg,1,0.06156520918011665,0.4397934675216675,0.0156807079911232,0.055078987032175064,0.0036380516830831766
FisheyeCamera_1_00364_png.rf.a9a2ae260182758dd32759d27a3f08ae.jpg,10,0.13472376763820648,0.5241355895996094,0.008746789768338203,0.011624226346611977,0.0032450288999825716
FisheyeCamera_1_00364_png.rf.a9a2ae260182758dd32759d27a3f08ae.jpg,13,0.13482508063316345,0.5328274965286255,0.008458761498332024,0.01049922127276659,0.0030497408006340265
FisheyeCamera_1_00364_png.rf.a9a2ae260182758dd32759d27a3f08ae.jpg,10,0.1361105740070343,0.5364022254943848,0.006149475462734699,0.008933250792324543,0.0025118456687778234
FisheyeCamera_1_00364_png.rf.a9a2ae260182758dd32759d27a3f08ae.jpg,10,0.08693050593137741,0.5150750875473022,0.01873432658612728,0.011160667985677719,0.0024136353749781847
FisheyeCamera_1_00364_png.rf.a9a2ae260182758dd32759d27a3f08ae.jpg,13,0.19938190281391144,0.5277632474899292,0.009484383277595043,0.01623135432600975,0.0022991036530584097
FisheyeCamera_1_00364_png.rf.a9a2ae260182758dd32759d27a3f08ae.jpg,10,0.058611903339624405,0.4923293888568878,0.010837959125638008,0.04979735240340233,0.0020343579817563295
FisheyeCamera_1_00364_png.rf.a9a2ae260182758dd32759d27a3f08ae.jpg,13,0.20560742914676666,0.5287300944328308,0.008955387398600578,0.014831543900072575,0.0019431387772783637
FisheyeCamera_1_00364_png.rf.a9a2ae260182758dd32759d27a3f08ae.jpg,13,0.10876475274562836,0.5206437110900879,0.00634637288749218,0.011443321593105793,0.0015450272476300597
FisheyeCamera_1_00364_png.rf.a9a2ae260182758dd32759d27a3f08ae.jpg,13,0.060056112706661224,0.5315359234809875,0.007640825118869543,0.012520900927484035,0.0012652906589210033
FisheyeCamera_1_00364_png.rf.a9a2ae260182758dd32759d27a3f08ae.jpg,10,0.13691988587379456,0.5191865563392639,0.008786439895629883,0.034643467515707016,0.001025534700602293
FisheyeCamera_1_00364_png.rf.a9a2ae260182758dd32759d27a3f08ae.jpg,10,0.13603439927101135,0.5312570333480835,0.011350228451192379,0.010727295652031898,0.0009563626954331994
FisheyeCamera_1_00364_png.rf.a9a2ae260182758dd32759d27a3f08ae.jpg,13,0.14662285149097443,0.5230650305747986,0.007769869174808264,0.016320303082466125,0.0009377290261909366
FisheyeCamera_1_00364_png.rf.a9a2ae260182758dd32759d27a3f08ae.jpg,13,0.14640378952026367,0.494722455739975,0.008684515953063965,0.01424033846706152,0.0008791759610176086
FisheyeCamera_1_00364_png.rf.a9a2ae260182758dd32759d27a3f08ae.jpg,13,0.11451587826013565,0.5260385274887085,0.010087966918945312,0.019079502671957016,0.0008051416371017694
FisheyeCamera_1_00364_png.rf.a9a2ae260182758dd32759d27a3f08ae.jpg,13,0.18278254568576813,0.5110787749290466,0.01138256210833788,0.014640992507338524,0.0007741565350443125
FisheyeCamera_1_00364_png.rf.a9a2ae260182758dd32759d27a3f08ae.jpg,13,0.056922439485788345,0.5420655608177185,0.00951519887894392,0.016791051253676414,0.0007539679063484073
FisheyeCamera_1_00364_png.rf.a9a2ae260182758dd32759d27a3f08ae.jpg,10,0.11539974063634872,0.5017889738082886,0.010138988494873047,0.014710683375597,0.0007276189862750471
FisheyeCamera_1_00364_png.rf.a9a2ae260182758dd32759d27a3f08ae.jpg,13,0.1392987221479416,0.5325004458427429,0.010927173309028149,0.010286331176757812,0.0007144926348701119
FisheyeCamera_1_00364_png.rf.a9a2ae260182758dd32759d27a3f08ae.jpg,13,0.13161754608154297,0.4951879382133484,0.016466902568936348,0.013335778377950191,0.0006955061689950526
FisheyeCamera_1_00364_png.rf.a9a2ae260182758dd32759d27a3f08ae.jpg,5,0.37813031673431396,0.701625645160675,0.7554551362991333,0.5967488288879395,0.000655676587484777
FisheyeCamera_1_00364_png.rf.a9a2ae260182758dd32759d27a3f08ae.jpg,13,0.14169703423976898,0.5286282300949097,0.009045032784342766,0.013840969651937485,0.0006118766032159328
FisheyeCamera_1_00364_png.rf.a9a2ae260182758dd32759d27a3f08ae.jpg,13,0.2004445642232895,0.5060914158821106,0.012680879794061184,0.008078575134277344,0.0005751344724558294
FisheyeCamera_1_00364_png.rf.a9a2ae260182758dd32759d27a3f08ae.jpg,13,0.20019076764583588,0.5038180947303772,0.009428226388990879,0.01857251487672329,0.0005658845766447484
FisheyeCamera_1_00382_png.rf.da9f23f9bb25ab0a204cb881a5ccf798.jpg,13,0.05571402981877327,0.5005489587783813,0.013384989462792873,0.030194394290447235,0.3613792955875397
FisheyeCamera_1_00382_png.rf.da9f23f9bb25ab0a204cb881a5ccf798.jpg,5,0.05530788004398346,0.4992423951625824,0.016624415293335915,0.029742974787950516,0.05106706544756889
FisheyeCamera_1_00382_png.rf.da9f23f9bb25ab0a204cb881a5ccf798.jpg,10,0.2134595662355423,0.5119516849517822,0.005272957030683756,0.005747318267822266,0.009763159789144993
FisheyeCamera_1_00382_png.rf.da9f23f9bb25ab0a204cb881a5ccf798.jpg,13,0.10719909518957138,0.5073599219322205,0.011080192402005196,0.0186358243227005,0.004115590825676918
FisheyeCamera_1_00382_png.rf.da9f23f9bb25ab0a204cb881a5ccf798.jpg,13,0.14529924094676971,0.5216038227081299,0.008830904960632324,0.017844421789050102,0.002896950114518404
FisheyeCamera_1_00382_png.rf.da9f23f9bb25ab0a204cb881a5ccf798.jpg,9,0.21324874460697174,0.5151544809341431,0.008356479927897453,0.011371135711669922,0.002358305035158992
FisheyeCamera_1_00382_png.rf.da9f23f9bb25ab0a204cb881a5ccf798.jpg,3,0.05524915084242821,0.5006812214851379,0.013199307024478912,0.037561967968940735,0.0021346674766391516
FisheyeCamera_1_00382_png.rf.da9f23f9bb25ab0a204cb881a5ccf798.jpg,13,0.14586257934570312,0.49312418699264526,0.007574256043881178,0.015212463214993477,0.0019145519472658634
FisheyeCamera_1_00382_png.rf.da9f23f9bb25ab0a204cb881a5ccf798.jpg,10,0.11503181606531143,0.5095550417900085,0.012934868223965168,0.014602111652493477,0.0018942360766232014
FisheyeCamera_1_00382_png.rf.da9f23f9bb25ab0a204cb881a5ccf798.jpg,10,0.2645352780818939,0.5288049578666687,0.007939962670207024,0.010168845765292645,0.001489710179157555
FisheyeCamera_1_00382_png.rf.da9f23f9bb25ab0a204cb881a5ccf798.jpg,10,0.12280073016881943,0.5242060422897339,0.011909558437764645,0.011911209672689438,0.0013743725139647722
FisheyeCamera_1_00382_png.rf.da9f23f9bb25ab0a204cb881a5ccf798.jpg,13,0.2675972878932953,0.5300568342208862,0.005838779732584953,0.012389183044433594,0.0011830414878204465
FisheyeCamera_1_00382_png.rf.da9f23f9bb25ab0a204cb881a5ccf798.jpg,10,0.12852391600608826,0.5252119898796082,0.0123215913772583,0.013557728379964828,0.0011490986216813326
FisheyeCamera_1_00382_png.rf.da9f23f9bb25ab0a204cb881a5ccf798.jpg,9,0.21490468084812164,0.5109408497810364,0.007977394387125969,0.009601189754903316,0.0010270698694512248
FisheyeCamera_1_00382_png.rf.da9f23f9bb25ab0a204cb881a5ccf798.jpg,13,0.14500342309474945,0.533197820186615,0.01006464846432209,0.012661640532314777,0.0009525560308247805
FisheyeCamera_1_00382_png.rf.da9f23f9bb25ab0a204cb881a5ccf798.jpg,13,0.14581690728664398,0.5090553164482117,0.008054348640143871,0.020055588334798813,0.0009414922096766531
FisheyeCamera_1_00382_png.rf.da9f23f9bb25ab0a204cb881a5ccf798.jpg,13,0.1474420577287674,0.5549700856208801,0.014956988394260406,0.022471245378255844,0.0007318666321225464
FisheyeCamera_1_00382_png.rf.da9f23f9bb25ab0a204cb881a5ccf798.jpg,13,0.13557493686676025,0.532305121421814,0.01083090715110302,0.022658348083496094,0.0007142280810512602
FisheyeCamera_1_00382_png.rf.da9f23f9bb25ab0a204cb881a5ccf798.jpg,1,0.2137405425310135,0.5105485916137695,0.00958123616874218,0.012307277880609035,0.0006917309947311878
FisheyeCamera_1_00382_png.rf.da9f23f9bb25ab0a204cb881a5ccf798.jpg,0,0.21495400369167328,0.5142350196838379,0.007770355325192213,0.010005401447415352,0.0005586540210060775
FisheyeCamera_1_00382_png.rf.da9f23f9bb25ab0a204cb881a5ccf798.jpg,8,0.6100628972053528,0.744562566280365,0.5228069424629211,0.09974171966314316,0.0005241842591203749
FisheyeCamera_1_00454_png.rf.69544c267e97e6de7d8ff36d70f8a8f6.jpg,5,0.8023161888122559,0.5242788195610046,0.012905708514153957,0.021079247817397118,0.37654566764831543
FisheyeCamera_1_00454_png.rf.69544c267e97e6de7d8ff36d70f8a8f6.jpg,0,0.7308756113052368,0.46043097972869873,0.022693855687975883,0.01386279333382845,0.19749584794044495
FisheyeCamera_1_00454_png.rf.69544c267e97e6de7d8ff36d70f8a8f6.jpg,13,0.8020214438438416,0.5252687335014343,0.011402717791497707,0.02362211048603058,0.1805296689271927
FisheyeCamera_1_00454_png.rf.69544c267e97e6de7d8ff36d70f8a8f6.jpg,3,0.8022634387016296,0.5255903005599976,0.010674623772501945,0.02333545684814453,0.1182137057185173
FisheyeCamera_1_00454_png.rf.69544c267e97e6de7d8ff36d70f8a8f6.jpg,1,0.6832330226898193,0.46413424611091614,0.009892170317471027,0.009729201905429363,0.010389035567641258
FisheyeCamera_1_00454_png.rf.69544c267e97e6de7d8ff36d70f8a8f6.jpg,13,0.7272390723228455,0.46078580617904663,0.01627115160226822,0.015663623809814453,0.007008658722043037
FisheyeCamera_1_00454_png.rf.69544c267e97e6de7d8ff36d70f8a8f6.jpg,13,0.7992908954620361,0.4408171772956848,0.009931931272149086,0.01355218980461359,0.006040498148649931
FisheyeCamera_1_00454_png.rf.69544c267e97e6de7d8ff36d70f8a8f6.jpg,1,0.6842919588088989,0.4609904885292053,0.008222579956054688,0.009564327076077461,0.005998132284730673
FisheyeCamera_1_00454_png.rf.69544c267e97e6de7d8ff36d70f8a8f6.jpg,13,0.18438906967639923,0.5285853743553162,0.007233069743961096,0.011212825775146484,0.004384477622807026
FisheyeCamera_1_00454_png.rf.69544c267e97e6de7d8ff36d70f8a8f6.jpg,13,0.7984799742698669,0.43526092171669006,0.010421459563076496,0.011519322171807289,0.0018208954716101289
FisheyeCamera_1_00454_png.rf.69544c267e97e6de7d8ff36d70f8a8f6.jpg,13,0.030693495646119118,0.5081202983856201,0.006080538034439087,0.017854765057563782,0.0017185286851599813
FisheyeCamera_1_00454_png.rf.69544c267e97e6de7d8ff36d70f8a8f6.jpg,13,0.7989058494567871,0.5277919769287109,0.01365779060870409,0.02981644496321678,0.0016648252494633198
FisheyeCamera_1_00454_png.rf.69544c267e97e6de7d8ff36d70f8a8f6.jpg,0,0.6888805627822876,0.46238937973976135,0.01481129601597786,0.009280204772949219,0.0015764003619551659
FisheyeCamera_1_00454_png.rf.69544c267e97e6de7d8ff36d70f8a8f6.jpg,9,0.2825138568878174,0.5332484245300293,0.0049915313720703125,0.013124062679708004,0.0011263324413448572
FisheyeCamera_1_00454_png.rf.69544c267e97e6de7d8ff36d70f8a8f6.jpg,13,0.27922767400741577,0.5374274253845215,0.00506457919254899,0.011622246354818344,0.0010485162492841482
FisheyeCamera_1_00454_png.rf.69544c267e97e6de7d8ff36d70f8a8f6.jpg,6,0.25117558240890503,0.5369241833686829,0.006960428785532713,0.011085804551839828,0.0010477713076397777
FisheyeCamera_1_00454_png.rf.69544c267e97e6de7d8ff36d70f8a8f6.jpg,4,0.7980956435203552,0.4347389042377472,0.009404109790921211,0.013281933031976223,0.001030729035846889
FisheyeCamera_1_00454_png.rf.69544c267e97e6de7d8ff36d70f8a8f6.jpg,1,0.6926319599151611,0.4603753983974457,0.011212348937988281,0.008732723072171211,0.0010213592322543263
FisheyeCamera_1_00454_png.rf.69544c267e97e6de7d8ff36d70f8a8f6.jpg,14,0.5632538795471191,0.3328770101070404,0.058494094759225845,0.06365393102169037,0.0008563652518205345
FisheyeCamera_1_00454_png.rf.69544c267e97e6de7d8ff36d70f8a8f6.jpg,5,0.37862083315849304,0.6987307667732239,0.7566477060317993,0.6025384068489075,0.0006995737785473466
FisheyeCamera_1_00454_png.rf.69544c267e97e6de7d8ff36d70f8a8f6.jpg,6,0.23825697600841522,0.5350233316421509,0.00465708551928401,0.012188911437988281,0.0006497158319689333
FisheyeCamera_1_00471_png.rf.eb0a04fb4ec3ae41bf4b96e27bd5d26d.jpg,0,0.5196261405944824,0.45898717641830444,0.0323491096496582,0.08792228251695633,0.9323180317878723
FisheyeCamera_1_00471_png.rf.eb0a04fb4ec3ae41bf4b96e27bd5d26d.jpg,0,0.3397230803966522,0.4592655897140503,0.026705779135227203,0.08225386589765549,0.8961157202720642
FisheyeCamera_1_00471_png.rf.eb0a04fb4ec3ae41bf4b96e27bd5d26d.jpg,1,0.23909549415111542,0.46982768177986145,0.015847060829401016,0.012845589779317379,0.0012718744110316038
FisheyeCamera_1_00471_png.rf.eb0a04fb4ec3ae41bf4b96e27bd5d26d.jpg,1,0.5964140295982361,0.4667993485927582,0.011468521319329739,0.0075311665423214436,0.0012270427541807294
FisheyeCamera_1_00471_png.rf.eb0a04fb4ec3ae41bf4b96e27bd5d26d.jpg,5,0.37760162353515625,0.6909659504890442,0.7543714046478271,0.6180681586265564,0.0006190265994518995
FisheyeCamera_1_00471_png.rf.eb0a04fb4ec3ae41bf4b96e27bd5d26d.jpg,0,0.5476096868515015,0.46229350566864014,0.06916992366313934,0.0728193074464798,0.0005980355199426413
FisheyeCamera_1_00471_png.rf.eb0a04fb4ec3ae41bf4b96e27bd5d26d.jpg,0,0.31626200675964355,0.45525339245796204,0.024208271875977516,0.037912845611572266,0.000511947728227824
FisheyeCamera_1_00476_png.rf.9039468fbc1dab58476b697e479807f8.jpg,0,0.5338834524154663,0.39119091629981995,0.054880328476428986,0.14775240421295166,0.9596024751663208
FisheyeCamera_1_00476_png.rf.9039468fbc1dab58476b697e479807f8.jpg,0,0.25055763125419617,0.4002847969532013,0.03647676110267639,0.12486939132213593,0.7997521162033081
FisheyeCamera_1_00476_png.rf.9039468fbc1dab58476b697e479807f8.jpg,1,0.25386252999305725,0.39998048543930054,0.03853049874305725,0.12284884601831436,0.0022481614723801613
FisheyeCamera_1_00476_png.rf.9039468fbc1dab58476b697e479807f8.jpg,0,0.24615201354026794,0.42584028840065,0.03192239627242088,0.0726713091135025,0.000844174821395427
FisheyeCamera_1_00476_png.rf.9039468fbc1dab58476b697e479807f8.jpg,0,0.27455729246139526,0.40238484740257263,0.08443742990493774,0.13024473190307617,0.0005502855638042092
FisheyeCamera_1_00479_png.rf.f7e77b725ba1e70b5dc8b0697e0b1f92.jpg,0,0.7339072227478027,0.40168696641921997,0.04308509826660156,0.0216378066688776,0.6489838361740112
FisheyeCamera_1_00479_png.rf.f7e77b725ba1e70b5dc8b0697e0b1f92.jpg,0,0.5048155784606934,0.4177800118923187,0.01761491596698761,0.011970226652920246,0.5471004247665405
FisheyeCamera_1_00479_png.rf.f7e77b725ba1e70b5dc8b0697e0b1f92.jpg,4,0.9321094155311584,0.5012056231498718,0.01401248387992382,0.02611428126692772,0.3704390823841095
FisheyeCamera_1_00479_png.rf.f7e77b725ba1e70b5dc8b0697e0b1f92.jpg,1,0.5073301792144775,0.4747246503829956,0.010586518794298172,0.007897193543612957,0.265438437461853
FisheyeCamera_1_00479_png.rf.f7e77b725ba1e70b5dc8b0697e0b1f92.jpg,5,0.9317671060562134,0.5013617277145386,0.013285637833178043,0.02526862919330597,0.2518848478794098
FisheyeCamera_1_00479_png.rf.f7e77b725ba1e70b5dc8b0697e0b1f92.jpg,1,0.5011770725250244,0.4737621247768402,0.01181910652667284,0.007908821105957031,0.043591711670160294
FisheyeCamera_1_00479_png.rf.f7e77b725ba1e70b5dc8b0697e0b1f92.jpg,0,0.5174763798713684,0.4188894033432007,0.02750253863632679,0.009722709655761719,0.023938927799463272
FisheyeCamera_1_00479_png.rf.f7e77b725ba1e70b5dc8b0697e0b1f92.jpg,1,0.5034608244895935,0.4764013886451721,0.00870264507830143,0.010017468594014645,0.008415858261287212
FisheyeCamera_1_00479_png.rf.f7e77b725ba1e70b5dc8b0697e0b1f92.jpg,1,0.503752589225769,0.47287043929100037,0.007389472331851721,0.008434882387518883,0.00835211668163538
FisheyeCamera_1_00479_png.rf.f7e77b725ba1e70b5dc8b0697e0b1f92.jpg,1,0.4612177908420563,0.47679004073143005,0.008735877461731434,0.006912231910973787,0.002405280712991953
FisheyeCamera_1_00479_png.rf.f7e77b725ba1e70b5dc8b0697e0b1f92.jpg,1,0.5051078796386719,0.47213342785835266,0.00993204116821289,0.012823399156332016,0.001204024301841855
FisheyeCamera_1_00479_png.rf.f7e77b725ba1e70b5dc8b0697e0b1f92.jpg,0,0.5012486577033997,0.4216725528240204,0.012467751279473305,0.015385445207357407,0.0009769705357030034
FisheyeCamera_1_00479_png.rf.f7e77b725ba1e70b5dc8b0697e0b1f92.jpg,1,0.4991340935230255,0.47734519839286804,0.010983430780470371,0.008638381958007812,0.000808090902864933
FisheyeCamera_1_00479_png.rf.f7e77b725ba1e70b5dc8b0697e0b1f92.jpg,5,0.379523903131485,0.6950631141662598,0.7584145665168762,0.6098737716674805,0.0006198085029609501
FisheyeCamera_1_00480_png.rf.ff94615495e0c4eb7cd3a1cfce3cf2cd.jpg,0,0.7460641264915466,0.3922225534915924,0.042443275451660156,0.022008346393704414,0.5181630253791809
FisheyeCamera_1_00480_png.rf.ff94615495e0c4eb7cd3a1cfce3cf2cd.jpg,0,0.5029012560844421,0.41261908411979675,0.016730565577745438,0.011377224698662758,0.4873965382575989
FisheyeCamera_1_00480_png.rf.ff94615495e0c4eb7cd3a1cfce3cf2cd.jpg,5,0.9519757628440857,0.49634605646133423,0.013119551353156567,0.027337845414876938,0.35164085030555725
FisheyeCamera_1_00480_png.rf.ff94615495e0c4eb7cd3a1cfce3cf2cd.jpg,4,0.9521005749702454,0.49624693393707275,0.01374420803040266,0.026840761303901672,0.2822790741920471
FisheyeCamera_1_00480_png.rf.ff94615495e0c4eb7cd3a1cfce3cf2cd.jpg,1,0.5057073831558228,0.4730125069618225,0.011243343353271484,0.00628287997096777,0.11975373327732086
FisheyeCamera_1_00480_png.rf.ff94615495e0c4eb7cd3a1cfce3cf2cd.jpg,0,0.5010374188423157,0.47214335203170776,0.011928558349609375,0.0069324420765042305,0.02854248508810997
FisheyeCamera_1_00480_png.rf.ff94615495e0c4eb7cd3a1cfce3cf2cd.jpg,0,0.5167953968048096,0.41448888182640076,0.027141351252794266,0.009235088713467121,0.004203946329653263
FisheyeCamera_1_00480_png.rf.ff94615495e0c4eb7cd3a1cfce3cf2cd.jpg,0,0.5050054788589478,0.47073277831077576,0.010552333667874336,0.010009472258388996,0.0018998075975105166
FisheyeCamera_1_00480_png.rf.ff94615495e0c4eb7cd3a1cfce3cf2cd.jpg,0,0.5109058618545532,0.41214701533317566,0.025194352492690086,0.01275880541652441,0.0017404386308044195
FisheyeCamera_1_00480_png.rf.ff94615495e0c4eb7cd3a1cfce3cf2cd.jpg,1,0.7475162148475647,0.39399105310440063,0.039872169494628906,0.025103570893406868,0.0016908490797504783
FisheyeCamera_1_00480_png.rf.ff94615495e0c4eb7cd3a1cfce3cf2cd.jpg,1,0.5113517642021179,0.4722948968410492,0.017472267150878906,0.008100876584649086,0.0015996783040463924
FisheyeCamera_1_00480_png.rf.ff94615495e0c4eb7cd3a1cfce3cf2cd.jpg,0,0.49267348647117615,0.4141335189342499,0.030518312007188797,0.011184289120137691,0.0015650623245164752
FisheyeCamera_1_00480_png.rf.ff94615495e0c4eb7cd3a1cfce3cf2cd.jpg,1,0.5050100088119507,0.47516685724258423,0.010202188044786453,0.0125310979783535,0.0012068357318639755
FisheyeCamera_1_00480_png.rf.ff94615495e0c4eb7cd3a1cfce3cf2cd.jpg,4,0.9707288146018982,0.4964934289455414,0.018871087580919266,0.03613090515136719,0.0009774384088814259
FisheyeCamera_1_00480_png.rf.ff94615495e0c4eb7cd3a1cfce3cf2cd.jpg,5,0.3796631395816803,0.6856531500816345,0.7586556673049927,0.6286937594413757,0.0008296468877233565
FisheyeCamera_1_00480_png.rf.ff94615495e0c4eb7cd3a1cfce3cf2cd.jpg,1,0.4601312577724457,0.47394314408302307,0.010554020293056965,0.007289666682481766,0.0005323647637851536
FisheyeCamera_1_00509_png.rf.a4fdcf5053bc422a3b30b4cef69e5ea6.jpg,1,0.5099014043807983,0.31862303614616394,0.025572704151272774,0.01866656169295311,0.514790952205658
FisheyeCamera_1_00509_png.rf.a4fdcf5053bc422a3b30b4cef69e5ea6.jpg,0,0.5076344013214111,0.31931525468826294,0.02742011845111847,0.018213089555501938,0.13763034343719482
FisheyeCamera_1_00509_png.rf.a4fdcf5053bc422a3b30b4cef69e5ea6.jpg,11,0.635886013507843,0.5456120371818542,0.009331703186035156,0.00957489013671875,0.102695994079113
FisheyeCamera_1_00509_png.rf.a4fdcf5053bc422a3b30b4cef69e5ea6.jpg,4,0.6363215446472168,0.5453217625617981,0.010604271665215492,0.010731147602200508,0.08257043361663818
FisheyeCamera_1_00509_png.rf.a4fdcf5053bc422a3b30b4cef69e5ea6.jpg,11,0.6390223503112793,0.546251654624939,0.009602620266377926,0.009828860871493816,0.05932307988405228
FisheyeCamera_1_00509_png.rf.a4fdcf5053bc422a3b30b4cef69e5ea6.jpg,4,0.64068603515625,0.5458693504333496,0.010802122764289379,0.01027697790414095,0.04619063809514046
FisheyeCamera_1_00509_png.rf.a4fdcf5053bc422a3b30b4cef69e5ea6.jpg,11,0.6396160125732422,0.5498532056808472,0.008442145772278309,0.013644035905599594,0.0036246804520487785
FisheyeCamera_1_00509_png.rf.a4fdcf5053bc422a3b30b4cef69e5ea6.jpg,13,0.6372057199478149,0.5441752672195435,0.005221513565629721,0.015131584368646145,0.002715864684432745
FisheyeCamera_1_00509_png.rf.a4fdcf5053bc422a3b30b4cef69e5ea6.jpg,0,0.5532546639442444,0.3263329863548279,0.014018353074789047,0.00987115316092968,0.0014580409042537212
FisheyeCamera_1_00509_png.rf.a4fdcf5053bc422a3b30b4cef69e5ea6.jpg,0,0.5432369709014893,0.32468828558921814,0.028877627104520798,0.010768890380859375,0.0007546644774265587
FisheyeCamera_1_00509_png.rf.a4fdcf5053bc422a3b30b4cef69e5ea6.jpg,0,0.4962656497955322,0.3214080035686493,0.04624755680561066,0.01975620724260807,0.0007349352235905826
FisheyeCamera_1_00509_png.rf.a4fdcf5053bc422a3b30b4cef69e5ea6.jpg,5,0.37935930490493774,0.6753542423248291,0.7581936120986938,0.6492915749549866,0.0007178956875577569
FisheyeCamera_1_00509_png.rf.a4fdcf5053bc422a3b30b4cef69e5ea6.jpg,11,0.6362436413764954,0.5417298674583435,0.010500394739210606,0.01431142445653677,0.0006990242982283235
FisheyeCamera_1_00509_png.rf.a4fdcf5053bc422a3b30b4cef69e5ea6.jpg,4,0.6361658573150635,0.5497877597808838,0.009904421865940094,0.013857475481927395,0.0006779549294151366
FisheyeCamera_1_00587_png.rf.8f637c2480c931d014f8cc2877541abd.jpg,1,0.6335034370422363,0.4906497895717621,0.0069795758463442326,0.006766319740563631,0.2341797798871994
FisheyeCamera_1_00587_png.rf.8f637c2480c931d014f8cc2877541abd.jpg,4,0.5370784997940063,0.5477113723754883,0.007390976417809725,0.008034450002014637,0.16023316979408264
FisheyeCamera_1_00587_png.rf.8f637c2480c931d014f8cc2877541abd.jpg,1,0.6334841251373291,0.4894619286060333,0.010536634363234043,0.006561462767422199,0.02704489976167679
FisheyeCamera_1_00587_png.rf.8f637c2480c931d014f8cc2877541abd.jpg,4,0.5351019501686096,0.5515210032463074,0.007775600533932447,0.010369190946221352,0.008695484139025211
FisheyeCamera_1_00587_png.rf.8f637c2480c931d014f8cc2877541abd.jpg,1,0.6247267127037048,0.49086982011795044,0.012475601397454739,0.0069194575771689415,0.006294019520282745
FisheyeCamera_1_00587_png.rf.8f637c2480c931d014f8cc2877541abd.jpg,11,0.5396667122840881,0.5478276014328003,0.008300304412841797,0.008674034848809242,0.004732468165457249
FisheyeCamera_1_00587_png.rf.8f637c2480c931d014f8cc2877541abd.jpg,1,0.640130877494812,0.490867018699646,0.012324993498623371,0.004815101623535156,0.004326548893004656
FisheyeCamera_1_00587_png.rf.8f637c2480c931d014f8cc2877541abd.jpg,13,0.5385251641273499,0.5435952544212341,0.007415588479489088,0.009629066102206707,0.003311058273538947
FisheyeCamera_1_00587_png.rf.8f637c2480c931d014f8cc2877541abd.jpg,4,0.531467080116272,0.5485522150993347,0.012105538509786129,0.00906859990209341,0.0022969390265643597
FisheyeCamera_1_00587_png.rf.8f637c2480c931d014f8cc2877541abd.jpg,4,0.539404571056366,0.5512180328369141,0.008770759217441082,0.010555450804531574,0.0019054890144616365
FisheyeCamera_1_00587_png.rf.8f637c2480c931d014f8cc2877541abd.jpg,1,0.6328803896903992,0.48672789335250854,0.005340282805263996,0.011004265397787094,0.0017510716570541263
FisheyeCamera_1_00587_png.rf.8f637c2480c931d014f8cc2877541abd.jpg,5,0.3804991841316223,0.683392345905304,0.7600277066230774,0.6332154273986816,0.0011481652036309242
FisheyeCamera_1_00587_png.rf.8f637c2480c931d014f8cc2877541abd.jpg,4,0.6030287146568298,0.5481184124946594,0.0059223175048828125,0.013064274564385414,0.001147173810750246
FisheyeCamera_1_00587_png.rf.8f637c2480c931d014f8cc2877541abd.jpg,1,0.6368988156318665,0.4910326898097992,0.014630097895860672,0.006783302407711744,0.001142022549174726
FisheyeCamera_1_00587_png.rf.8f637c2480c931d014f8cc2877541abd.jpg,1,0.6200305819511414,0.49211257696151733,0.011785470880568027,0.006814296822994947,0.001134184654802084
FisheyeCamera_1_00587_png.rf.8f637c2480c931d014f8cc2877541abd.jpg,13,0.5351870059967041,0.5524929761886597,0.0072696395218372345,0.01189440954476595,0.0007929780404083431
FisheyeCamera_1_00594_png.rf.dc0e60f4633360af03461b14c31a1454.jpg,4,0.5207688212394714,0.5460106134414673,0.009829044342041016,0.011636330746114254,0.7491322159767151
FisheyeCamera_1_00594_png.rf.dc0e60f4633360af03461b14c31a1454.jpg,1,0.6272937059402466,0.48501071333885193,0.009113458916544914,0.00932700838893652,0.21069525182247162
FisheyeCamera_1_00594_png.rf.dc0e60f4633360af03461b14c31a1454.jpg,1,0.6234854459762573,0.48364362120628357,0.00992723647505045,0.0054842145182192326,0.14128558337688446
FisheyeCamera_1_00594_png.rf.dc0e60f4633360af03461b14c31a1454.jpg,1,0.6283737421035767,0.48325005173683167,0.009874784387648106,0.005421638488769531,0.10419992357492447
FisheyeCamera_1_00594_png.rf.dc0e60f4633360af03461b14c31a1454.jpg,1,0.6359264850616455,0.48497524857521057,0.0070650395937263966,0.007032174617052078,0.03827172890305519
FisheyeCamera_1_00594_png.rf.dc0e60f4633360af03461b14c31a1454.jpg,1,0.628180980682373,0.480245977640152,0.008289337158203125,0.011726600117981434,0.02516152523458004
FisheyeCamera_1_00594_png.rf.dc0e60f4633360af03461b14c31a1454.jpg,1,0.6389803290367126,0.48337259888648987,0.010187515988945961,0.005332360044121742,0.01563560962677002
FisheyeCamera_1_00594_png.rf.dc0e60f4633360af03461b14c31a1454.jpg,1,0.6217247247695923,0.4853130578994751,0.01202392578125,0.009072047658264637,0.004366190172731876
FisheyeCamera_1_00594_png.rf.dc0e60f4633360af03461b14c31a1454.jpg,0,0.5949527621269226,0.6471037864685059,0.01337165106087923,0.015704521909356117,0.0007382455514743924
FisheyeCamera_1_00594_png.rf.dc0e60f4633360af03461b14c31a1454.jpg,1,0.6114119291305542,0.48430004715919495,0.011127728968858719,0.00658093998208642,0.0005743615329265594
FisheyeCamera_1_00600_png.rf.99bc40dcb86cb45b4425a2604dd3cd8d.jpg,4,0.49638235569000244,0.5452511310577393,0.011247818358242512,0.01406075432896614,0.7081867456436157
FisheyeCamera_1_00600_png.rf.99bc40dcb86cb45b4425a2604dd3cd8d.jpg,1,0.6157082915306091,0.4770001471042633,0.009041199460625648,0.008751503191888332,0.07799315452575684
FisheyeCamera_1_00600_png.rf.99bc40dcb86cb45b4425a2604dd3cd8d.jpg,1,0.6177906394004822,0.47602561116218567,0.010153110139071941,0.006111621856689453,0.05808459594845772
FisheyeCamera_1_00600_png.rf.99bc40dcb86cb45b4425a2604dd3cd8d.jpg,1,0.6167677044868469,0.4734656512737274,0.009491370990872383,0.009447464719414711,0.030478499829769135
FisheyeCamera_1_00600_png.rf.99bc40dcb86cb45b4425a2604dd3cd8d.jpg,1,0.6260244250297546,0.4756178557872772,0.011206700466573238,0.005318458657711744,0.0199802964925766
FisheyeCamera_1_00600_png.rf.99bc40dcb86cb45b4425a2604dd3cd8d.jpg,1,0.6265087127685547,0.47294023633003235,0.01121389027684927,0.00849397387355566,0.004145223647356033
FisheyeCamera_1_00600_png.rf.99bc40dcb86cb45b4425a2604dd3cd8d.jpg,5,0.49730807542800903,0.5453460812568665,0.014643486589193344,0.017330169677734375,0.002235157648101449
FisheyeCamera_1_00600_png.rf.99bc40dcb86cb45b4425a2604dd3cd8d.jpg,1,0.611928403377533,0.47763848304748535,0.011480552144348621,0.007730264216661453,0.00169096898753196
FisheyeCamera_1_00600_png.rf.99bc40dcb86cb45b4425a2604dd3cd8d.jpg,1,0.6117829084396362,0.47306737303733826,0.0112493596971035,0.008716950193047523,0.000674086099024862
FisheyeCamera_1_00600_png.rf.99bc40dcb86cb45b4425a2604dd3cd8d.jpg,1,0.6071431040763855,0.4768318831920624,0.015443691983819008,0.00691270874813199,0.0005553012597374618
FisheyeCamera_1_00600_png.rf.99bc40dcb86cb45b4425a2604dd3cd8d.jpg,5,0.598407506942749,0.5480790734291077,0.007294288370758295,0.012185867875814438,0.000546047929674387
FisheyeCamera_1_00604_png.rf.fd483074d74e8bee0d71bb87e77ab3ef.jpg,4,0.4747520089149475,0.5439766645431519,0.011882011778652668,0.01565379463136196,0.6253353357315063
FisheyeCamera_1_00604_png.rf.fd483074d74e8bee0d71bb87e77ab3ef.jpg,1,0.6042128801345825,0.46939224004745483,0.008201966062188148,0.006699195597320795,0.4578292667865753
FisheyeCamera_1_00604_png.rf.fd483074d74e8bee0d71bb87e77ab3ef.jpg,5,0.47126442193984985,0.5417150259017944,0.013023854233324528,0.01524466834962368,0.08614950627088547
FisheyeCamera_1_00604_png.rf.fd483074d74e8bee0d71bb87e77ab3ef.jpg,1,0.6116687059402466,0.46951812505722046,0.01851283572614193,0.0074853901751339436,0.07510621100664139
FisheyeCamera_1_00604_png.rf.fd483074d74e8bee0d71bb87e77ab3ef.jpg,12,0.4734177887439728,0.5465750694274902,0.011808395385742188,0.020413583144545555,0.007724142167717218
FisheyeCamera_1_00604_png.rf.fd483074d74e8bee0d71bb87e77ab3ef.jpg,13,0.4755975902080536,0.5478014945983887,0.011550609953701496,0.019810860976576805,0.004669648595154285
FisheyeCamera_1_00604_png.rf.fd483074d74e8bee0d71bb87e77ab3ef.jpg,1,0.6051304340362549,0.4660513997077942,0.010306138545274734,0.013451687060296535,0.0034523913636803627
FisheyeCamera_1_00604_png.rf.fd483074d74e8bee0d71bb87e77ab3ef.jpg,1,0.6082395911216736,0.46787139773368835,0.012401947751641273,0.0120086669921875,0.0008695484139025211
FisheyeCamera_1_00604_png.rf.fd483074d74e8bee0d71bb87e77ab3ef.jpg,1,0.6003462672233582,0.4698493182659149,0.013334091752767563,0.006142433267086744,0.0007915816968306899
FisheyeCamera_1_00604_png.rf.fd483074d74e8bee0d71bb87e77ab3ef.jpg,0,0.6718023419380188,0.6343326568603516,0.011593305505812168,0.01806640625,0.0005589514621533453
FisheyeCamera_1_00615_png.rf.6b8b9a4df61e83d15119053ea613f434.jpg,4,0.3401434123516083,0.5267689824104309,0.02396363578736782,0.03561335429549217,0.7165772318840027
FisheyeCamera_1_00615_png.rf.6b8b9a4df61e83d15119053ea613f434.jpg,1,0.561607837677002,0.4448201656341553,0.013863307423889637,0.008336801081895828,0.5353197455406189
FisheyeCamera_1_00615_png.rf.6b8b9a4df61e83d15119053ea613f434.jpg,5,0.33961912989616394,0.5264914631843567,0.025294415652751923,0.03698807582259178,0.14074338972568512
FisheyeCamera_1_00615_png.rf.6b8b9a4df61e83d15119053ea613f434.jpg,12,0.3390311598777771,0.526526689529419,0.024707648903131485,0.03715801239013672,0.12133515626192093
FisheyeCamera_1_00615_png.rf.6b8b9a4df61e83d15119053ea613f434.jpg,1,0.5714130401611328,0.44592931866645813,0.02346038818359375,0.007408912759274244,0.01965552568435669
FisheyeCamera_1_00615_png.rf.6b8b9a4df61e83d15119053ea613f434.jpg,1,0.5774224400520325,0.4464266896247864,0.01748771034181118,0.005929837003350258,0.009201906621456146
FisheyeCamera_1_00615_png.rf.6b8b9a4df61e83d15119053ea613f434.jpg,1,0.5596634745597839,0.44344303011894226,0.012362370267510414,0.013552849180996418,0.007104180287569761
FisheyeCamera_1_00615_png.rf.6b8b9a4df61e83d15119053ea613f434.jpg,13,0.5205572247505188,0.5480168461799622,0.004093830473721027,0.008878891356289387,0.002522393362596631
FisheyeCamera_1_00615_png.rf.6b8b9a4df61e83d15119053ea613f434.jpg,1,0.5600126385688782,0.44880732893943787,0.011822700500488281,0.01701127551496029,0.0005582332378253341
FisheyeCamera_1_00631_png.rf.ef7fde7123c71d075628496a468eb1df.jpg,1,0.5113081336021423,0.3459334373474121,0.02533465251326561,0.017762992531061172,0.6051472425460815
FisheyeCamera_1_00631_png.rf.ef7fde7123c71d075628496a468eb1df.jpg,11,0.4376986026763916,0.5454072952270508,0.005723073147237301,0.010645096190273762,0.06201760098338127
FisheyeCamera_1_00631_png.rf.ef7fde7123c71d075628496a468eb1df.jpg,11,0.43541741371154785,0.54717618227005,0.00834633782505989,0.011887917295098305,0.032882750034332275
FisheyeCamera_1_00631_png.rf.ef7fde7123c71d075628496a468eb1df.jpg,11,0.4388115406036377,0.5468946695327759,0.009889236651360989,0.011488144285976887,0.011968386359512806
FisheyeCamera_1_00631_png.rf.ef7fde7123c71d075628496a468eb1df.jpg,0,0.5087419748306274,0.3455182611942291,0.028033990412950516,0.016565654426813126,0.0028274215292185545
FisheyeCamera_1_00631_png.rf.ef7fde7123c71d075628496a468eb1df.jpg,1,0.532715380191803,0.35047653317451477,0.02797735668718815,0.011002614162862301,0.002094368450343609
FisheyeCamera_1_00631_png.rf.ef7fde7123c71d075628496a468eb1df.jpg,13,0.43876010179519653,0.5495386123657227,0.010001732967793941,0.01383579708635807,0.0010875511215999722
FisheyeCamera_1_00631_png.rf.ef7fde7123c71d075628496a468eb1df.jpg,11,0.4371353089809418,0.5419520139694214,0.0050267442129552364,0.01469395775347948,0.0007928144186735153
FisheyeCamera_1_00922_png.rf.408835a278b9c700eb1a2f358ca58d07.jpg,0,0.15865862369537354,0.4853042662143707,0.010179226286709309,0.00893270131200552,0.0780564397573471
FisheyeCamera_1_00922_png.rf.408835a278b9c700eb1a2f358ca58d07.jpg,1,0.18357530236244202,0.49150294065475464,0.011418508365750313,0.006370654795318842,0.05293379724025726
FisheyeCamera_1_00922_png.rf.408835a278b9c700eb1a2f358ca58d07.jpg,1,0.1597190946340561,0.4856874346733093,0.009509637020528316,0.00839625857770443,0.04785368591547012
FisheyeCamera_1_00922_png.rf.408835a278b9c700eb1a2f358ca58d07.jpg,13,0.052829474210739136,0.4939073622226715,0.0072772507555782795,0.007876616902649403,0.02807723544538021
FisheyeCamera_1_00922_png.rf.408835a278b9c700eb1a2f358ca58d07.jpg,11,0.05991782993078232,0.4935266971588135,0.006639815401285887,0.010478607378900051,0.008177326060831547
FisheyeCamera_1_00922_png.rf.408835a278b9c700eb1a2f358ca58d07.jpg,10,0.17991605401039124,0.48885825276374817,0.019523968920111656,0.006911755073815584,0.0046814559027552605
FisheyeCamera_1_00922_png.rf.408835a278b9c700eb1a2f358ca58d07.jpg,13,0.11134224385023117,0.4950328469276428,0.005758762359619141,0.0084379268810153,0.003826867789030075
FisheyeCamera_1_00922_png.rf.408835a278b9c700eb1a2f358ca58d07.jpg,1,0.10326693207025528,0.49448832869529724,0.006268978584557772,0.00739728519693017,0.0037310500629246235
FisheyeCamera_1_00922_png.rf.408835a278b9c700eb1a2f358ca58d07.jpg,13,0.05232546105980873,0.49987319111824036,0.00826590321958065,0.015449120663106441,0.0026122897397726774
FisheyeCamera_1_00922_png.rf.408835a278b9c700eb1a2f358ca58d07.jpg,1,0.20981551706790924,0.48464736342430115,0.007317745126783848,0.015544304624199867,0.0023381481878459454
FisheyeCamera_1_00922_png.rf.408835a278b9c700eb1a2f358ca58d07.jpg,13,0.06174769252538681,0.4915613830089569,0.006786442827433348,0.010185792110860348,0.0014436920173466206
FisheyeCamera_1_00922_png.rf.408835a278b9c700eb1a2f358ca58d07.jpg,13,0.08295946568250656,0.4929051101207733,0.005539234261959791,0.013621587306261063,0.0012124011991545558
FisheyeCamera_1_00922_png.rf.408835a278b9c700eb1a2f358ca58d07.jpg,1,0.1596711277961731,0.481646329164505,0.009633890353143215,0.01460504624992609,0.000948925968259573
FisheyeCamera_1_00922_png.rf.408835a278b9c700eb1a2f358ca58d07.jpg,0,0.18319453299045563,0.4874207675457001,0.01061041560024023,0.012377922423183918,0.0007580319070257246
FisheyeCamera_1_00922_png.rf.408835a278b9c700eb1a2f358ca58d07.jpg,13,0.059251878410577774,0.4975353479385376,0.00497410399839282,0.016309738159179688,0.0006392617942765355
FisheyeCamera_1_00922_png.rf.408835a278b9c700eb1a2f358ca58d07.jpg,8,0.5481504201889038,0.7386040687561035,0.46553513407707214,0.11172610521316528,0.0006124285864643753
FisheyeCamera_1_00922_png.rf.408835a278b9c700eb1a2f358ca58d07.jpg,1,0.10563240200281143,0.4941338300704956,0.00608244352042675,0.010263919830322266,0.000521737732924521
FisheyeCamera_1_00922_png.rf.408835a278b9c700eb1a2f358ca58d07.jpg,4,0.08530960232019424,0.5155668258666992,0.007828052155673504,0.012878675013780594,0.000518403307069093
FisheyeCamera_1_00922_png.rf.408835a278b9c700eb1a2f358ca58d07.jpg,13,0.06559817492961884,0.4955635368824005,0.007284604944288731,0.008010314777493477,0.0005169042851775885
FisheyeCamera_1_01013_png.rf.9464970b75fa02363baae3c682e99f39.jpg,0,0.5387250185012817,0.5108481049537659,0.011584502644836903,0.009482383728027344,0.2325638234615326
FisheyeCamera_1_01013_png.rf.9464970b75fa02363baae3c682e99f39.jpg,0,0.5689182877540588,0.5100072026252747,0.01336765382438898,0.011083786375820637,0.15278002619743347
FisheyeCamera_1_01013_png.rf.9464970b75fa02363baae3c682e99f39.jpg,0,0.6810427904129028,0.43323543667793274,0.026139114052057266,0.018998807296156883,0.07450798153877258
FisheyeCamera_1_01013_png.rf.9464970b75fa02363baae3c682e99f39.jpg,7,0.5571007132530212,0.5427955389022827,0.003077140310779214,0.008152594789862633,0.016518251970410347
FisheyeCamera_1_01013_png.rf.9464970b75fa02363baae3c682e99f39.jpg,0,0.7255146503448486,0.44595423340797424,0.020865367725491524,0.015529412776231766,0.011365910060703754
FisheyeCamera_1_01013_png.rf.9464970b75fa02363baae3c682e99f39.jpg,7,0.5561909675598145,0.5445553064346313,0.004483333323150873,0.011953464709222317,0.008704448118805885
FisheyeCamera_1_01013_png.rf.9464970b75fa02363baae3c682e99f39.jpg,0,0.563917338848114,0.509253203868866,0.007433891762048006,0.009617402218282223,0.004605747293680906
FisheyeCamera_1_01013_png.rf.9464970b75fa02363baae3c682e99f39.jpg,6,0.5563525557518005,0.5421764850616455,0.004926755093038082,0.015194526873528957,0.0038547173608094454
FisheyeCamera_1_01013_png.rf.9464970b75fa02363baae3c682e99f39.jpg,0,0.5368047952651978,0.5133402943611145,0.011171414516866207,0.011117752641439438,0.001686667907051742
FisheyeCamera_1_01013_png.rf.9464970b75fa02363baae3c682e99f39.jpg,0,0.5610867738723755,0.5104371905326843,0.02272290550172329,0.012138660997152328,0.001387974712997675
FisheyeCamera_1_01013_png.rf.9464970b75fa02363baae3c682e99f39.jpg,0,0.7030265927314758,0.4364246428012848,0.05746203288435936,0.021971115842461586,0.0006761665572412312
FisheyeCamera_1_01013_png.rf.9464970b75fa02363baae3c682e99f39.jpg,5,0.2968265116214752,0.5404787659645081,0.007306997664272785,0.012786866165697575,0.000614447402767837
FisheyeCamera_1_01026_png.rf.dfb591570ded3c052e6641cb4f2d80c1.jpg,0,0.4401436448097229,0.49635645747184753,0.013134662993252277,0.009761626832187176,0.5832738280296326
FisheyeCamera_1_01026_png.rf.dfb591570ded3c052e6641cb4f2d80c1.jpg,0,0.3986649215221405,0.4929862916469574,0.015570751391351223,0.010156044736504555,0.47497767210006714
FisheyeCamera_1_01026_png.rf.dfb591570ded3c052e6641cb4f2d80c1.jpg,0,0.4429124593734741,0.4941665530204773,0.012647335417568684,0.009795739315450191,0.29550105333328247
FisheyeCamera_1_01026_png.rf.dfb591570ded3c052e6641cb4f2d80c1.jpg,7,0.42137411236763,0.5412406921386719,0.004266262054443359,0.013290662318468094,0.02050943672657013
FisheyeCamera_1_01026_png.rf.dfb591570ded3c052e6641cb4f2d80c1.jpg,11,0.42158281803131104,0.5437048673629761,0.0044093867763876915,0.012463569641113281,0.011331047862768173
FisheyeCamera_1_01026_png.rf.dfb591570ded3c052e6641cb4f2d80c1.jpg,0,0.40805724263191223,0.4937882125377655,0.03756989166140556,0.010633212514221668,0.006310745608061552
FisheyeCamera_1_01026_png.rf.dfb591570ded3c052e6641cb4f2d80c1.jpg,0,0.40397319197654724,0.4921944737434387,0.020055770874023438,0.01200877781957388,0.0032471532467752695
FisheyeCamera_1_01026_png.rf.dfb591570ded3c052e6641cb4f2d80c1.jpg,1,0.4896823763847351,0.4852741062641144,0.008536082692444324,0.024104302749037743,0.0013843199703842402
FisheyeCamera_1_01026_png.rf.dfb591570ded3c052e6641cb4f2d80c1.jpg,0,0.39621174335479736,0.4963478147983551,0.014283987693488598,0.016938943415880203,0.0012067033676430583
FisheyeCamera_1_01026_png.rf.dfb591570ded3c052e6641cb4f2d80c1.jpg,11,0.3207376301288605,0.5454498529434204,0.004792690277099609,0.007344466168433428,0.0011015103664249182
FisheyeCamera_1_01026_png.rf.dfb591570ded3c052e6641cb4f2d80c1.jpg,11,0.15584291517734528,0.524371325969696,0.004236111417412758,0.01204424723982811,0.0005442179390229285
FisheyeCamera_1_01037_png.rf.870a2a09f0f8cb2a0b5f4a4a3b3ccadc.jpg,0,0.3123493194580078,0.4642045497894287,0.018703553825616837,0.013681999407708645,0.7144790291786194
FisheyeCamera_1_01037_png.rf.870a2a09f0f8cb2a0b5f4a4a3b3ccadc.jpg,0,0.37137579917907715,0.46968382596969604,0.020862286910414696,0.011322498321533203,0.532524824142456
FisheyeCamera_1_01037_png.rf.870a2a09f0f8cb2a0b5f4a4a3b3ccadc.jpg,7,0.3726549744606018,0.5385149717330933,0.0051831468008458614,0.010693073272705078,0.04003709554672241
FisheyeCamera_1_01037_png.rf.870a2a09f0f8cb2a0b5f4a4a3b3ccadc.jpg,0,0.36686569452285767,0.4675227999687195,0.029362056404352188,0.01242208480834961,0.009579746052622795
FisheyeCamera_1_01037_png.rf.870a2a09f0f8cb2a0b5f4a4a3b3ccadc.jpg,6,0.3096318244934082,0.5412976145744324,0.006848207209259272,0.010366623289883137,0.008132413029670715
FisheyeCamera_1_01037_png.rf.870a2a09f0f8cb2a0b5f4a4a3b3ccadc.jpg,1,0.3714771270751953,0.5374261140823364,0.005584387108683586,0.012445230036973953,0.006765087600797415
FisheyeCamera_1_01037_png.rf.870a2a09f0f8cb2a0b5f4a4a3b3ccadc.jpg,9,0.2815399765968323,0.5427629351615906,0.0035912441089749336,0.0075450679287314415,0.005585124250501394
FisheyeCamera_1_01037_png.rf.870a2a09f0f8cb2a0b5f4a4a3b3ccadc.jpg,11,0.2817995250225067,0.5446387529373169,0.006348701659590006,0.010629948228597641,0.0019096231553703547
FisheyeCamera_1_01037_png.rf.870a2a09f0f8cb2a0b5f4a4a3b3ccadc.jpg,13,0.23958106338977814,0.5356758832931519,0.009871629998087883,0.01425181981176138,0.0017286768415942788
FisheyeCamera_1_01037_png.rf.870a2a09f0f8cb2a0b5f4a4a3b3ccadc.jpg,10,0.31141969561576843,0.5394768714904785,0.004368855617940426,0.007179260719567537,0.001581522636115551
FisheyeCamera_1_01037_png.rf.870a2a09f0f8cb2a0b5f4a4a3b3ccadc.jpg,11,0.3724415898323059,0.5422590970993042,0.005618572235107422,0.015205861069262028,0.001577169867232442
FisheyeCamera_1_01037_png.rf.870a2a09f0f8cb2a0b5f4a4a3b3ccadc.jpg,11,0.11567030102014542,0.5227845311164856,0.007025186903774738,0.010141079314053059,0.0013832043623551726
FisheyeCamera_1_01037_png.rf.870a2a09f0f8cb2a0b5f4a4a3b3ccadc.jpg,6,0.3154703378677368,0.5425862669944763,0.007118482142686844,0.010868072509765625,0.0013648804742842913
FisheyeCamera_1_01037_png.rf.870a2a09f0f8cb2a0b5f4a4a3b3ccadc.jpg,11,0.2825523912906647,0.540630042552948,0.004605146590620279,0.012135102413594723,0.001108467229641974
FisheyeCamera_1_01037_png.rf.870a2a09f0f8cb2a0b5f4a4a3b3ccadc.jpg,0,0.3164869248867035,0.46601465344429016,0.03239411860704422,0.014947708696126938,0.0008339722407981753
FisheyeCamera_1_01037_png.rf.870a2a09f0f8cb2a0b5f4a4a3b3ccadc.jpg,1,0.43956416845321655,0.4526016414165497,0.008820240385830402,0.03585111349821091,0.0008193330722860992
FisheyeCamera_1_01082_png.rf.da2e5bebfb023e66aacd368902a130ef.jpg,1,0.8010194301605225,0.5026348829269409,0.009470573626458645,0.027168164029717445,0.6640975475311279
FisheyeCamera_1_01082_png.rf.da2e5bebfb023e66aacd368902a130ef.jpg,1,0.6827680468559265,0.5068991780281067,0.005419878289103508,0.004483810160309076,0.08044243603944778
FisheyeCamera_1_01082_png.rf.da2e5bebfb023e66aacd368902a130ef.jpg,5,0.6289201974868774,0.5431376695632935,0.005494851619005203,0.014378181658685207,0.002487623831257224
FisheyeCamera_1_01082_png.rf.da2e5bebfb023e66aacd368902a130ef.jpg,1,0.6763681769371033,0.5073779225349426,0.0053546614944934845,0.0065126423723995686,0.0016119297361001372
FisheyeCamera_1_01082_png.rf.da2e5bebfb023e66aacd368902a130ef.jpg,5,0.5967208743095398,0.5481452345848083,0.006099700927734375,0.008946418762207031,0.0012366734445095062
FisheyeCamera_1_01082_png.rf.da2e5bebfb023e66aacd368902a130ef.jpg,5,0.6439220905303955,0.5400713682174683,0.004829186946153641,0.012406422756612301,0.0009943305049091578
FisheyeCamera_1_01082_png.rf.da2e5bebfb023e66aacd368902a130ef.jpg,3,0.4125831127166748,0.41288110613822937,0.6749321222305298,0.3390834629535675,0.0005461897817440331
FisheyeCamera_1_01086_png.rf.dd1b44b6d6e2e2da3f3f6ab8f823bc01.jpg,1,0.7789344787597656,0.5023214817047119,0.009938313625752926,0.027652814984321594,0.6826648116111755
FisheyeCamera_1_01086_png.rf.dd1b44b6d6e2e2da3f3f6ab8f823bc01.jpg,1,0.6338530778884888,0.5086686611175537,0.005923271179199219,0.005218212492763996,0.17261622846126556
FisheyeCamera_1_01086_png.rf.dd1b44b6d6e2e2da3f3f6ab8f823bc01.jpg,1,0.6349645853042603,0.5104945302009583,0.007146615535020828,0.0057126195169985294,0.0025473672430962324
FisheyeCamera_1_01086_png.rf.dd1b44b6d6e2e2da3f3f6ab8f823bc01.jpg,11,0.5420859456062317,0.548387885093689,0.004481682553887367,0.009458248503506184,0.0016116504557430744
FisheyeCamera_1_01086_png.rf.dd1b44b6d6e2e2da3f3f6ab8f823bc01.jpg,1,0.6173449754714966,0.5093071460723877,0.005577197764068842,0.006313104182481766,0.0015972097171470523
FisheyeCamera_1_01086_png.rf.dd1b44b6d6e2e2da3f3f6ab8f823bc01.jpg,1,0.7710922360420227,0.4995154142379761,0.014270489104092121,0.02615763619542122,0.0014259469462558627
FisheyeCamera_1_01086_png.rf.dd1b44b6d6e2e2da3f3f6ab8f823bc01.jpg,4,0.6160726547241211,0.5472050905227661,0.004102743696421385,0.009794308803975582,0.0014163872692734003
FisheyeCamera_1_01086_png.rf.dd1b44b6d6e2e2da3f3f6ab8f823bc01.jpg,1,0.6386143565177917,0.5087804198265076,0.011588096618652344,0.005658149719238281,0.001257715979591012
FisheyeCamera_1_01086_png.rf.dd1b44b6d6e2e2da3f3f6ab8f823bc01.jpg,13,0.5771523714065552,0.5399545431137085,0.005971248727291822,0.01104116439819336,0.0011186411138623953
FisheyeCamera_1_01086_png.rf.dd1b44b6d6e2e2da3f3f6ab8f823bc01.jpg,1,0.6160423755645752,0.5085029602050781,0.005344390869140625,0.008348061703145504,0.0009820593986660242
FisheyeCamera_1_01090_png.rf.663e34306a969d1e2d3f1ca290e1ddd7.jpg,1,0.7538183927536011,0.5007811784744263,0.011300453916192055,0.030452363193035126,0.7324860692024231
FisheyeCamera_1_01090_png.rf.663e34306a969d1e2d3f1ca290e1ddd7.jpg,1,0.5784364342689514,0.5091604590415955,0.007087707985192537,0.006105349864810705,0.02932760678231716
FisheyeCamera_1_01090_png.rf.663e34306a969d1e2d3f1ca290e1ddd7.jpg,1,0.5815855264663696,0.5078278183937073,0.009110378101468086,0.007011707406491041,0.004385039675980806
FisheyeCamera_1_01090_png.rf.663e34306a969d1e2d3f1ca290e1ddd7.jpg,1,0.5710783004760742,0.5095279812812805,0.005795478820800781,0.006705651059746742,0.0012447999324649572
FisheyeCamera_1_01090_png.rf.663e34306a969d1e2d3f1ca290e1ddd7.jpg,1,0.5780518651008606,0.5066632032394409,0.0076991962268948555,0.008389069698750973,0.0005942867137491703
FisheyeCamera_1_01090_png.rf.663e34306a969d1e2d3f1ca290e1ddd7.jpg,1,0.5725318193435669,0.5082208514213562,0.007199507672339678,0.007781139109283686,0.0005419263616204262
FisheyeCamera_1_01098_png.rf.e141b30ac0a11cc0c857435f655656fc.jpg,1,0.808857262134552,0.4815519154071808,0.014520279131829739,0.04144467040896416,0.8601652979850769
FisheyeCamera_1_01098_png.rf.e141b30ac0a11cc0c857435f655656fc.jpg,1,0.5541062355041504,0.505811870098114,0.0069597321562469006,0.005037601571530104,0.037925172597169876
FisheyeCamera_1_01098_png.rf.e141b30ac0a11cc0c857435f655656fc.jpg,1,0.5488146543502808,0.5060574412345886,0.010451721027493477,0.0045657893642783165,0.011156804859638214
FisheyeCamera_1_01098_png.rf.e141b30ac0a11cc0c857435f655656fc.jpg,13,0.8106101155281067,0.5325255393981934,0.0073284003883600235,0.008973011747002602,0.0036992444656789303
FisheyeCamera_1_01098_png.rf.e141b30ac0a11cc0c857435f655656fc.jpg,1,0.8096563220024109,0.5130132436752319,0.009840158745646477,0.04760199412703514,0.0013787092175334692
FisheyeCamera_1_01098_png.rf.e141b30ac0a11cc0c857435f655656fc.jpg,11,0.11809883266687393,0.5244638919830322,0.0047055757604539394,0.01289118267595768,0.0005938309477642179
FisheyeCamera_1_01098_png.rf.e141b30ac0a11cc0c857435f655656fc.jpg,13,0.13595488667488098,0.5324753522872925,0.006603552959859371,0.01261502131819725,0.000559613574296236
FisheyeCamera_1_01098_png.rf.e141b30ac0a11cc0c857435f655656fc.jpg,11,0.4962405264377594,0.5448251366615295,0.00455027399584651,0.012497242540121078,0.0005011913017369807
FisheyeCamera_1_01099_png.rf.d3e2606bc19452ecaec7548723f05a0b.jpg,1,0.818699061870575,0.4776553511619568,0.015125641599297523,0.04376906901597977,0.8235657811164856
FisheyeCamera_1_01099_png.rf.d3e2606bc19452ecaec7548723f05a0b.jpg,1,0.552119255065918,0.5041493773460388,0.008843421936035156,0.005585964303463697,0.037405043840408325
FisheyeCamera_1_01099_png.rf.d3e2606bc19452ecaec7548723f05a0b.jpg,1,0.5492174029350281,0.5050772428512573,0.011336803436279297,0.0050513562746346,0.010083953849971294
FisheyeCamera_1_01099_png.rf.d3e2606bc19452ecaec7548723f05a0b.jpg,11,0.44454261660575867,0.5485370755195618,0.0037166522815823555,0.009852997027337551,0.003801665036007762
FisheyeCamera_1_01099_png.rf.d3e2606bc19452ecaec7548723f05a0b.jpg,1,0.5300153493881226,0.5070479512214661,0.006552109494805336,0.005522141233086586,0.000930416164919734
FisheyeCamera_1_01099_png.rf.d3e2606bc19452ecaec7548723f05a0b.jpg,5,0.4463612735271454,0.5490477085113525,0.007940879091620445,0.008596713654696941,0.0005731144337914884
FisheyeCamera_1_01099_png.rf.d3e2606bc19452ecaec7548723f05a0b.jpg,1,0.5421728491783142,0.5060914158821106,0.009296344593167305,0.007949242368340492,0.0005376708577387035
FisheyeCamera_1_01104_png.rf.1c0a4fa66929930288c5ff6e293ca501.jpg,1,0.8610917925834656,0.45897844433784485,0.016523215919733047,0.05286092311143875,0.8449200391769409
FisheyeCamera_1_01104_png.rf.1c0a4fa66929930288c5ff6e293ca501.jpg,1,0.5182804465293884,0.5033233165740967,0.011217117309570312,0.0065105147659778595,0.32235264778137207
FisheyeCamera_1_01104_png.rf.1c0a4fa66929930288c5ff6e293ca501.jpg,1,0.5131272077560425,0.5036975741386414,0.014102459885179996,0.006309692747890949,0.020369095727801323
FisheyeCamera_1_01104_png.rf.1c0a4fa66929930288c5ff6e293ca501.jpg,13,0.8620404601097107,0.5201734900474548,0.010246643796563148,0.01322812307626009,0.013676098547875881
FisheyeCamera_1_01104_png.rf.1c0a4fa66929930288c5ff6e293ca501.jpg,11,0.13058185577392578,0.5189062356948853,0.007050707004964352,0.014116398058831692,0.007607078645378351
FisheyeCamera_1_01104_png.rf.1c0a4fa66929930288c5ff6e293ca501.jpg,13,0.07114571332931519,0.5116540789604187,0.006263398565351963,0.013012482784688473,0.004470431711524725
FisheyeCamera_1_01104_png.rf.1c0a4fa66929930288c5ff6e293ca501.jpg,1,0.8645631670951843,0.522408127784729,0.008787889033555984,0.015524460934102535,0.0033786764834076166
FisheyeCamera_1_01104_png.rf.1c0a4fa66929930288c5ff6e293ca501.jpg,13,0.08772474527359009,0.5149127840995789,0.00473298504948616,0.009304230101406574,0.0032940171658992767
FisheyeCamera_1_01104_png.rf.1c0a4fa66929930288c5ff6e293ca501.jpg,11,0.40628787875175476,0.548171877861023,0.0036805961281061172,0.009188175201416016,0.002697438234463334
FisheyeCamera_1_01104_png.rf.1c0a4fa66929930288c5ff6e293ca501.jpg,1,0.4922578036785126,0.5055188536643982,0.007442180998623371,0.005615051370114088,0.0026038154028356075
FisheyeCamera_1_01104_png.rf.1c0a4fa66929930288c5ff6e293ca501.jpg,11,0.8658360838890076,0.5203560590744019,0.012311569415032864,0.014509201981127262,0.0024078681599348783
FisheyeCamera_1_01104_png.rf.1c0a4fa66929930288c5ff6e293ca501.jpg,1,0.5184469223022461,0.49925461411476135,0.010463311336934566,0.011043328791856766,0.0018857348477467895
FisheyeCamera_1_01104_png.rf.1c0a4fa66929930288c5ff6e293ca501.jpg,4,0.49222761392593384,0.550545334815979,0.0067300801165401936,0.01380671001970768,0.0016196882352232933
FisheyeCamera_1_01104_png.rf.1c0a4fa66929930288c5ff6e293ca501.jpg,1,0.49459579586982727,0.5058709383010864,0.005680084228515625,0.006561573129147291,0.0006228236015886068
FisheyeCamera_1_01147_png.rf.4b377ccbafe830dd921c6b606ab4f94a.jpg,0,0.4356946051120758,0.410312294960022,0.015403381548821926,0.010594367980957031,0.14625316858291626
FisheyeCamera_1_01147_png.rf.4b377ccbafe830dd921c6b606ab4f94a.jpg,1,0.43915101885795593,0.40949729084968567,0.015298550948500633,0.010241765528917313,0.13650144636631012
FisheyeCamera_1_01147_png.rf.4b377ccbafe830dd921c6b606ab4f94a.jpg,13,0.3549526035785675,0.5423071980476379,0.006149328779429197,0.006640911567956209,0.028147639706730843
FisheyeCamera_1_01147_png.rf.4b377ccbafe830dd921c6b606ab4f94a.jpg,11,0.3569399118423462,0.5465222597122192,0.0058995396830141544,0.009752933867275715,0.0046321009285748005
FisheyeCamera_1_01147_png.rf.4b377ccbafe830dd921c6b606ab4f94a.jpg,13,0.2978450357913971,0.5411694645881653,0.009483282454311848,0.012514702044427395,0.004401677753776312
FisheyeCamera_1_01147_png.rf.4b377ccbafe830dd921c6b606ab4f94a.jpg,13,0.30227014422416687,0.5408602952957153,0.009366934187710285,0.013080230914056301,0.003193862736225128
FisheyeCamera_1_01147_png.rf.4b377ccbafe830dd921c6b606ab4f94a.jpg,13,0.3570918142795563,0.5415235757827759,0.0060832686722278595,0.014004634693264961,0.0026218898128718138
FisheyeCamera_1_01147_png.rf.4b377ccbafe830dd921c6b606ab4f94a.jpg,13,0.383083701133728,0.5520514845848083,0.006106229964643717,0.017155721783638,0.0024581800680607557
FisheyeCamera_1_01147_png.rf.4b377ccbafe830dd921c6b606ab4f94a.jpg,13,0.35660281777381897,0.5456659197807312,0.0070111569948494434,0.010285194031894207,0.0021541989408433437
FisheyeCamera_1_01147_png.rf.4b377ccbafe830dd921c6b606ab4f94a.jpg,11,0.06578444689512253,0.5068998336791992,0.006216228008270264,0.017047112807631493,0.0015261939261108637
FisheyeCamera_1_01147_png.rf.4b377ccbafe830dd921c6b606ab4f94a.jpg,0,0.4457419216632843,0.4079097807407379,0.03390664607286453,0.011658448725938797,0.0012352524790912867
FisheyeCamera_1_01147_png.rf.4b377ccbafe830dd921c6b606ab4f94a.jpg,13,0.38355445861816406,0.5374141931533813,0.009249834343791008,0.02669019065797329,0.000998918549157679
FisheyeCamera_1_01147_png.rf.4b377ccbafe830dd921c6b606ab4f94a.jpg,5,0.06906137615442276,0.5067249536514282,0.009495722129940987,0.017696455121040344,0.000928805151488632
FisheyeCamera_1_01147_png.rf.4b377ccbafe830dd921c6b606ab4f94a.jpg,13,0.39038968086242676,0.5408310890197754,0.0067973872646689415,0.007520676124840975,0.00075961445691064
FisheyeCamera_1_01147_png.rf.4b377ccbafe830dd921c6b606ab4f94a.jpg,1,0.44295039772987366,0.4059121310710907,0.02253829687833786,0.013784152455627918,0.0007571497117169201
road104_png.rf.4468adcd7c2dcfc04377146de785c0a6.jpg,11,0.48882296681404114,0.4831085801124573,0.7200191617012024,0.8831427097320557,0.9516596794128418
road108_png.rf.9655ebb7a27af56ab1d0360d10685ec8.jpg,9,0.4518890678882599,0.5432320833206177,0.02924702875316143,0.04743253439664841,0.03346996754407883
road108_png.rf.9655ebb7a27af56ab1d0360d10685ec8.jpg,6,0.45199817419052124,0.5430227518081665,0.02872503735125065,0.04736078903079033,0.02182399481534958
road108_png.rf.9655ebb7a27af56ab1d0360d10685ec8.jpg,1,0.8933557868003845,0.2037981152534485,0.019273025915026665,0.025800174102187157,0.01421127188950777
road108_png.rf.9655ebb7a27af56ab1d0360d10685ec8.jpg,14,0.4520581364631653,0.5435029864311218,0.029609497636556625,0.04671401530504227,0.0049093617126345634
road108_png.rf.9655ebb7a27af56ab1d0360d10685ec8.jpg,1,0.4523071348667145,0.54475337266922,0.03028136119246483,0.04955834895372391,0.003979830536991358
road108_png.rf.9655ebb7a27af56ab1d0360d10685ec8.jpg,9,0.8930642604827881,0.20335255563259125,0.02153528667986393,0.027128880843520164,0.0037989215925335884
road108_png.rf.9655ebb7a27af56ab1d0360d10685ec8.jpg,1,0.8961510062217712,0.21986623108386993,0.030014771968126297,0.032415758818387985,0.0024466372560709715
road108_png.rf.9655ebb7a27af56ab1d0360d10685ec8.jpg,11,0.581667423248291,0.6166378855705261,0.8224632740020752,0.7667242288589478,0.0012084828922525048
road108_png.rf.9655ebb7a27af56ab1d0360d10685ec8.jpg,9,0.5717954635620117,0.6184337735176086,0.8216931819915771,0.763132631778717,0.0005491299671120942
road109_png.rf.c7fd39b9ac59c325ec73dc6b5ece99fd.jpg,8,0.6498843431472778,0.5132196545600891,0.07484568655490875,0.11407870799303055,0.9444523453712463
road109_png.rf.c7fd39b9ac59c325ec73dc6b5ece99fd.jpg,7,0.6495755314826965,0.5137324333190918,0.07623698562383652,0.11376597732305527,0.5427839756011963
road109_png.rf.c7fd39b9ac59c325ec73dc6b5ece99fd.jpg,1,0.43162408471107483,0.4830606281757355,0.8630932569503784,0.966121256351471,0.009016440249979496
road109_png.rf.c7fd39b9ac59c325ec73dc6b5ece99fd.jpg,9,0.46886178851127625,0.7409977316856384,0.9376053214073181,0.5180047154426575,0.000575310958083719
road112_png.rf.b765c2b5d3a2145d317b0ceadfb08464.jpg,5,0.5095725059509277,0.30739840865135193,0.3201577365398407,0.49822327494621277,0.9561848640441895
road112_png.rf.b765c2b5d3a2145d317b0ceadfb08464.jpg,1,0.9849690794944763,0.5965741276741028,0.029712311923503876,0.04692888259887695,0.0007591958274133503
road11_png.rf.40b76142a629faa238c042bcb209cc27.jpg,0,0.8871950507164001,0.09008181095123291,0.06044270843267441,0.18016362190246582,0.7846218347549438
road11_png.rf.40b76142a629faa238c042bcb209cc27.jpg,0,0.49445846676826477,0.3836306929588318,0.04558086395263672,0.11696269363164902,0.7330538034439087
road11_png.rf.40b76142a629faa238c042bcb209cc27.jpg,1,0.4934321343898773,0.38165852427482605,0.04412812739610672,0.10882928222417831,0.3657519817352295
road11_png.rf.40b76142a629faa238c042bcb209cc27.jpg,1,0.7055698037147522,0.14677004516124725,0.04061280936002731,0.020819948986172676,0.23667678236961365
road11_png.rf.40b76142a629faa238c042bcb209cc27.jpg,0,0.8993505835533142,0.1383647918701172,0.04420984908938408,0.2767295837402344,0.22161570191383362
road11_png.rf.40b76142a629faa238c042bcb209cc27.jpg,0,0.814434826374054,0.6201959848403931,0.044617876410484314,0.09595412760972977,0.10177856683731079
road11_png.rf.40b76142a629faa238c042bcb209cc27.jpg,0,0.9011779427528381,0.0953485369682312,0.03145540878176689,0.1906970739364624,0.0969526618719101
road11_png.rf.40b76142a629faa238c042bcb209cc27.jpg,0,0.875495970249176,0.1145692840218544,0.03527883440256119,0.16629908978939056,0.035557933151721954
road11_png.rf.40b76142a629faa238c042bcb209cc27.jpg,0,0.9034475684165955,0.19174085557460785,0.031414031982421875,0.11511094123125076,0.014745790511369705
road11_png.rf.40b76142a629faa238c042bcb209cc27.jpg,0,0.8948318958282471,0.28415176272392273,0.06898476928472519,0.5683035254478455,0.012532316148281097
road11_png.rf.40b76142a629faa238c042bcb209cc27.jpg,1,0.7975319027900696,0.16867834329605103,0.00904200691729784,0.04153519496321678,0.009988580830395222
road11_png.rf.40b76142a629faa238c042bcb209cc27.jpg,1,0.09916487336158752,0.6825504302978516,0.015117031522095203,0.014330131001770496,0.006430832203477621
road11_png.rf.40b76142a629faa238c042bcb209cc27.jpg,0,0.8722296953201294,0.07471098005771637,0.025765053927898407,0.13498198986053467,0.004314059391617775
road11_png.rf.40b76142a629faa238c042bcb209cc27.jpg,0,0.9035465121269226,0.09675220400094986,0.03270149230957031,0.09383895248174667,0.003127810312435031
road11_png.rf.40b76142a629faa238c042bcb209cc27.jpg,1,0.6128072738647461,0.7331958413124084,0.02206248603761196,0.03421013429760933,0.0030705477111041546
road11_png.rf.40b76142a629faa238c042bcb209cc27.jpg,1,0.5956000685691833,0.7817438840866089,0.009148231707513332,0.022970566526055336,0.002371156122535467
road11_png.rf.40b76142a629faa238c042bcb209cc27.jpg,0,0.9057797789573669,0.2533179819583893,0.03338336944580078,0.10976172238588333,0.0023161110002547503
road11_png.rf.40b76142a629faa238c042bcb209cc27.jpg,0,0.8848665356636047,0.07406391948461533,0.034814249724149704,0.1392655223608017,0.0018591532716527581
road11_png.rf.40b76142a629faa238c042bcb209cc27.jpg,1,0.5480625629425049,0.7544963955879211,0.014938942156732082,0.015204943716526031,0.00157645670697093
road11_png.rf.40b76142a629faa238c042bcb209cc27.jpg,1,0.6886904239654541,0.7484835386276245,0.023959673941135406,0.019611433148384094,0.0014894123887643218
road11_png.rf.40b76142a629faa238c042bcb209cc27.jpg,8,0.8132134079933167,0.6419019103050232,0.0379863902926445,0.052076708525419235,0.0014864978147670627
road11_png.rf.40b76142a629faa238c042bcb209cc27.jpg,1,0.26452070474624634,0.45311400294303894,0.025769051164388657,0.02209116891026497,0.0013186678988859057
road11_png.rf.40b76142a629faa238c042bcb209cc27.jpg,1,0.8792634606361389,0.1788787543773651,0.019350051879882812,0.09393227100372314,0.0013168988516554236
road11_png.rf.40b76142a629faa238c042bcb209cc27.jpg,14,0.24869610369205475,0.6917348504066467,0.4973922073841095,0.3823372423648834,0.0012046626070514321
road11_png.rf.40b76142a629faa238c042bcb209cc27.jpg,7,0.8885557055473328,0.42918214201927185,0.08950101584196091,0.8540614247322083,0.0011263678316026926
road11_png.rf.40b76142a629faa238c042bcb209cc27.jpg,1,0.5932450294494629,0.7427717447280884,0.04460687190294266,0.020496001467108727,0.0011015125783160329
road11_png.rf.40b76142a629faa238c042bcb209cc27.jpg,0,0.8424599170684814,0.799257755279541,0.016226328909397125,0.02074182964861393,0.001047122641466558
road11_png.rf.40b76142a629faa238c042bcb209cc27.jpg,1,0.5767370462417603,0.745762050151825,0.03967989608645439,0.021078623831272125,0.000989220687188208
road11_png.rf.40b76142a629faa238c042bcb209cc27.jpg,0,0.9857462048530579,0.9352596402168274,0.028507674112915993,0.08242358267307281,0.0008834127802401781
road11_png.rf.40b76142a629faa238c042bcb209cc27.jpg,1,0.75113445520401,0.7695339322090149,0.01380795706063509,0.023049721494317055,0.0006902187597006559
road11_png.rf.40b76142a629faa238c042bcb209cc27.jpg,1,0.6105175018310547,0.7263392210006714,0.01846449263393879,0.01747380755841732,0.0006430491339415312
road11_png.rf.40b76142a629faa238c042bcb209cc27.jpg,1,0.6278589963912964,0.8531771898269653,0.01677924022078514,0.022843360900878906,0.0006314938073046505
road11_png.rf.40b76142a629faa238c042bcb209cc27.jpg,8,0.8296642899513245,0.6289230585098267,0.030991995707154274,0.07296987622976303,0.0006273605395108461
road11_png.rf.40b76142a629faa238c042bcb209cc27.jpg,0,0.9061770439147949,0.21716924011707306,0.04182698205113411,0.4343384802341461,0.0006269771256484091
road11_png.rf.40b76142a629faa238c042bcb209cc27.jpg,0,0.9048930406570435,0.221357062458992,0.029131082817912102,0.05700599402189255,0.0006111961556598544
road11_png.rf.40b76142a629faa238c042bcb209cc27.jpg,1,0.6834449768066406,0.7533688545227051,0.06363935023546219,0.023397080600261688,0.000589073752053082
road11_png.rf.40b76142a629faa238c042bcb209cc27.jpg,1,0.6716415882110596,0.747835099697113,0.039582401514053345,0.016062811017036438,0.0005607614875771105
road11_png.rf.40b76142a629faa238c042bcb209cc27.jpg,0,0.8702620267868042,0.10806009918451309,0.021745461970567703,0.057078052312135696,0.0005327002727426589
road11_png.rf.40b76142a629faa238c042bcb209cc27.jpg,14,0.9861823320388794,0.9369954466819763,0.027566764503717422,0.08896028250455856,0.0005296715535223484
road11_png.rf.40b76142a629faa238c042bcb209cc27.jpg,14,0.4066908359527588,0.5204158425331116,0.8092692494392395,0.7779202461242676,0.000527485681232065
road11_png.rf.40b76142a629faa238c042bcb209cc27.jpg,1,0.9876399636268616,0.9319779872894287,0.024453163146972656,0.06249677389860153,0.0005267378874123096
road11_png.rf.40b76142a629faa238c042bcb209cc27.jpg,1,0.7525095343589783,0.7823970913887024,0.011954161338508129,0.02515147440135479,0.0005230405949987471
road11_png.rf.40b76142a629faa238c042bcb209cc27.jpg,0,0.5969724655151367,0.7799004912376404,0.010784626007080078,0.024774698540568352,0.0005140838911756873
road157_png.rf.e48c88408b366592b950018ee5d6426d.jpg,8,0.7242353558540344,0.20729807019233704,0.11961321532726288,0.0889241173863411,0.94786137342453
road157_png.rf.e48c88408b366592b950018ee5d6426d.jpg,1,0.6096830368041992,0.0200655497610569,0.06530006229877472,0.03986279293894768,0.009833008050918579
road157_png.rf.e48c88408b366592b950018ee5d6426d.jpg,1,0.25110891461372375,0.6184868216514587,0.014184989035129547,0.0325128510594368,0.009213099256157875
road157_png.rf.e48c88408b366592b950018ee5d6426d.jpg,1,0.2549018859863281,0.5668482780456543,0.01890411786735058,0.03922099620103836,0.0053319623693823814
road157_png.rf.e48c88408b366592b950018ee5d6426d.jpg,1,0.04755165055394173,0.6141700148582458,0.009763071313500404,0.029234154149889946,0.004075708333402872
road157_png.rf.e48c88408b366592b950018ee5d6426d.jpg,8,0.7304447889328003,0.40572211146354675,0.06715554744005203,0.09887658804655075,0.00317955925129354
road157_png.rf.e48c88408b366592b950018ee5d6426d.jpg,1,0.0053863124921917915,0.6225835084915161,0.009169173426926136,0.01949460804462433,0.001624975586310029
road157_png.rf.e48c88408b366592b950018ee5d6426d.jpg,0,0.11408556252717972,0.61358642578125,0.01702094078063965,0.03768385574221611,0.0013777187559753656
road157_png.rf.e48c88408b366592b950018ee5d6426d.jpg,0,0.255511999130249,0.5658212900161743,0.019065655767917633,0.038440484553575516,0.0008101846906356514
road157_png.rf.e48c88408b366592b950018ee5d6426d.jpg,1,0.1202552393078804,0.5488919615745544,0.018076136708259583,0.036140259355306625,0.0007641558768227696
road157_png.rf.e48c88408b366592b950018ee5d6426d.jpg,5,0.4202660620212555,0.7011959552764893,0.840532124042511,0.597608208656311,0.0006552515551447868
road157_png.rf.e48c88408b366592b950018ee5d6426d.jpg,1,0.11526663601398468,0.6127741932868958,0.021434830501675606,0.03911891579627991,0.0006064824992790818
road16_png.rf.9aba07c7ac70aab405028e7e8a750fb7.jpg,1,0.5856279730796814,0.25571179389953613,0.04350108653306961,0.15921008586883545,0.9350691437721252
road16_png.rf.9aba07c7ac70aab405028e7e8a750fb7.jpg,1,0.28421059250831604,0.47258177399635315,0.04116744548082352,0.08523787558078766,0.6119441986083984
road16_png.rf.9aba07c7ac70aab405028e7e8a750fb7.jpg,10,0.27215641736984253,0.9177841544151306,0.08693946897983551,0.14075163006782532,0.20465785264968872
road16_png.rf.9aba07c7ac70aab405028e7e8a750fb7.jpg,1,0.6295644640922546,0.5169006586074829,0.04478113725781441,0.05837726965546608,0.13931035995483398
road16_png.rf.9aba07c7ac70aab405028e7e8a750fb7.jpg,1,0.3134582042694092,0.4085144102573395,0.080571249127388,0.050215136259794235,0.08173272013664246
road16_png.rf.9aba07c7ac70aab405028e7e8a750fb7.jpg,1,0.45513975620269775,0.9173499345779419,0.058428291231393814,0.025320786982774734,0.01975289173424244
road16_png.rf.9aba07c7ac70aab405028e7e8a750fb7.jpg,1,0.37146055698394775,0.46555206179618835,0.019717987626791,0.03761834651231766,0.017553456127643585
road16_png.rf.9aba07c7ac70aab405028e7e8a750fb7.jpg,0,0.5867680311203003,0.26213493943214417,0.04250001907348633,0.1538776308298111,0.017067765817046165
road16_png.rf.9aba07c7ac70aab405028e7e8a750fb7.jpg,0,0.750171959400177,0.6331462264060974,0.05094403773546219,0.035363711416721344,0.00872893538326025
road16_png.rf.9aba07c7ac70aab405028e7e8a750fb7.jpg,1,0.5864485502243042,0.7330338954925537,0.026061059907078743,0.03787459060549736,0.007914053276181221
road16_png.rf.9aba07c7ac70aab405028e7e8a750fb7.jpg,1,0.6226630210876465,0.5271341800689697,0.019080236554145813,0.03036462515592575,0.007215623278170824
road16_png.rf.9aba07c7ac70aab405028e7e8a750fb7.jpg,1,0.643373966217041,0.5199068188667297,0.025247208774089813,0.037265192717313766,0.007085426244884729
road16_png.rf.9aba07c7ac70aab405028e7e8a750fb7.jpg,0,0.5969879627227783,0.7855262160301208,0.06972360610961914,0.029279563575983047,0.005519506521522999
road16_png.rf.9aba07c7ac70aab405028e7e8a750fb7.jpg,0,0.28277260065078735,0.47194117307662964,0.03821486979722977,0.08574540913105011,0.0050956388004124165
road16_png.rf.9aba07c7ac70aab405028e7e8a750fb7.jpg,1,0.3107593357563019,0.4262517988681793,0.08155817538499832,0.023725509643554688,0.004141662735491991
road16_png.rf.9aba07c7ac70aab405028e7e8a750fb7.jpg,1,0.5780673623085022,0.5775312781333923,0.031256385147571564,0.06106721609830856,0.003708089701831341
road16_png.rf.9aba07c7ac70aab405028e7e8a750fb7.jpg,1,0.38227859139442444,0.5950043797492981,0.05989724025130272,0.022081192582845688,0.0032776042353361845
road16_png.rf.9aba07c7ac70aab405028e7e8a750fb7.jpg,1,0.6288477182388306,0.5256997346878052,0.01948525384068489,0.03481366112828255,0.0026928612496703863
road16_png.rf.9aba07c7ac70aab405028e7e8a750fb7.jpg,0,0.5767174959182739,0.7774233222007751,0.046657271683216095,0.022752616554498672,0.0023864703252911568
road16_png.rf.9aba07c7ac70aab405028e7e8a750fb7.jpg,1,0.5516563653945923,0.5317246317863464,0.03483724594116211,0.017317771911621094,0.0018921556184068322
road16_png.rf.9aba07c7ac70aab405028e7e8a750fb7.jpg,8,0.2717615067958832,0.919127881526947,0.08687685430049896,0.13875579833984375,0.001668317592702806
road16_png.rf.9aba07c7ac70aab405028e7e8a750fb7.jpg,1,0.6447979211807251,0.5219559669494629,0.06311255693435669,0.044614024460315704,0.001556894858367741
road16_png.rf.9aba07c7ac70aab405028e7e8a750fb7.jpg,1,0.579767644405365,0.7625522613525391,0.03446626663208008,0.017625441774725914,0.0014694534474983811
road16_png.rf.9aba07c7ac70aab405028e7e8a750fb7.jpg,1,0.5762689709663391,0.544743001461029,0.02712469920516014,0.0176700446754694,0.001246968749910593
road16_png.rf.9aba07c7ac70aab405028e7e8a750fb7.jpg,1,0.42907771468162537,0.5782763361930847,0.023588107898831367,0.017355626448988914,0.0011596295516937971
road16_png.rf.9aba07c7ac70aab405028e7e8a750fb7.jpg,1,0.9876835346221924,0.4949749708175659,0.023957399651408195,0.14432507753372192,0.0009344317950308323
road16_png.rf.9aba07c7ac70aab405028e7e8a750fb7.jpg,1,0.6197845339775085,0.5293292999267578,0.03358529135584831,0.046561647206544876,0.0008660156163387001
road16_png.rf.9aba07c7ac70aab405028e7e8a750fb7.jpg,1,0.5640537142753601,0.25825661420822144,0.07792271673679352,0.1591406613588333,0.0008638370782136917
road16_png.rf.9aba07c7ac70aab405028e7e8a750fb7.jpg,8,0.2864954173564911,0.47382304072380066,0.043227508664131165,0.08562275767326355,0.0008392207673750818
road16_png.rf.9aba07c7ac70aab405028e7e8a750fb7.jpg,1,0.7718595862388611,0.5392757058143616,0.01550681795924902,0.035242192447185516,0.0008021084358915687
road16_png.rf.9aba07c7ac70aab405028e7e8a750fb7.jpg,0,0.3846092224121094,0.5961921811103821,0.06292600184679031,0.026410873979330063,0.0007960188668221235
road16_png.rf.9aba07c7ac70aab405028e7e8a750fb7.jpg,1,0.25546297430992126,0.4655456840991974,0.021690938621759415,0.08579881489276886,0.0007940891664475203
road16_png.rf.9aba07c7ac70aab405028e7e8a750fb7.jpg,0,0.4054071605205536,0.4127693474292755,0.038308437913656235,0.020759327337145805,0.0007745765033178031
road16_png.rf.9aba07c7ac70aab405028e7e8a750fb7.jpg,1,0.4306272566318512,0.916684091091156,0.11710299551486969,0.02983115427196026,0.000764915719628334
road16_png.rf.9aba07c7ac70aab405028e7e8a750fb7.jpg,1,0.28984805941581726,0.4007802903652191,0.07703208923339844,0.05531274527311325,0.0007218616083264351
road16_png.rf.9aba07c7ac70aab405028e7e8a750fb7.jpg,1,0.5852686166763306,0.7272588610649109,0.01890028454363346,0.025883309543132782,0.0006804417935200036
road16_png.rf.9aba07c7ac70aab405028e7e8a750fb7.jpg,1,0.17169398069381714,0.3331080377101898,0.050034407526254654,0.056991852819919586,0.0005927336751483381
road16_png.rf.9aba07c7ac70aab405028e7e8a750fb7.jpg,1,0.5977337956428528,0.5457847118377686,0.03442855924367905,0.023314183577895164,0.0005789428250864148
road16_png.rf.9aba07c7ac70aab405028e7e8a750fb7.jpg,1,0.5934911966323853,0.25665584206581116,0.14730307459831238,0.1771150380373001,0.0005606313934549689
road16_png.rf.9aba07c7ac70aab405028e7e8a750fb7.jpg,1,0.5768516659736633,0.5525735020637512,0.026346977800130844,0.028742792084813118,0.0005566446343436837
road16_png.rf.9aba07c7ac70aab405028e7e8a750fb7.jpg,1,0.6171850562095642,0.5047725439071655,0.034190546721220016,0.04192616418004036,0.0005431871977634728
road16_png.rf.9aba07c7ac70aab405028e7e8a750fb7.jpg,1,0.5944210290908813,0.5657404661178589,0.03347606211900711,0.046457476913928986,0.0005336941103450954
road196_png.rf.6aa5da1b76ad6487d317d27963cc00d1.jpg,8,0.5611149668693542,0.31934696435928345,0.22462204098701477,0.16972476243972778,0.955223798751831
road196_png.rf.6aa5da1b76ad6487d317d27963cc00d1.jpg,1,0.7300893664360046,0.7613946795463562,0.018652476370334625,0.010718786157667637,0.012926368042826653
road196_png.rf.6aa5da1b76ad6487d317d27963cc00d1.jpg,0,0.7304636240005493,0.7610294818878174,0.01932474412024021,0.009698795154690742,0.0007965314434841275
road19_png.rf.05e1657af2361aab3c4d5deb43b29087.jpg,0,0.40898677706718445,0.32576876878738403,0.07255744934082031,0.13239240646362305,0.9321597218513489
road19_png.rf.05e1657af2361aab3c4d5deb43b29087.jpg,8,0.5687276124954224,0.8123289346694946,0.0870266705751419,0.16443347930908203,0.06439425051212311
road19_png.rf.05e1657af2361aab3c4d5deb43b29087.jpg,8,0.4092181324958801,0.7619036436080933,0.08063708990812302,0.1284729242324829,0.02037297934293747
road19_png.rf.05e1657af2361aab3c4d5deb43b29087.jpg,1,0.46832773089408875,0.34614652395248413,0.04107820242643356,0.10300970822572708,0.013840777799487114
road19_png.rf.05e1657af2361aab3c4d5deb43b29087.jpg,0,0.7013183236122131,0.49837711453437805,0.013802675530314445,0.014923096634447575,0.0032338923774659634
road19_png.rf.05e1657af2361aab3c4d5deb43b29087.jpg,0,0.45539718866348267,0.3310560882091522,0.08654125034809113,0.13049650192260742,0.0032023906242102385
road19_png.rf.05e1657af2361aab3c4d5deb43b29087.jpg,8,0.5697487592697144,0.849290132522583,0.08194457739591599,0.07123646885156631,0.0023719121236354113
road19_png.rf.05e1657af2361aab3c4d5deb43b29087.jpg,8,0.3105252683162689,0.6927261352539062,0.26615598797798157,0.6047855615615845,0.00236212695017457
road19_png.rf.05e1657af2361aab3c4d5deb43b29087.jpg,1,0.4514988958835602,0.4794389605522156,0.04815461114048958,0.039758868515491486,0.0015690268483012915
road19_png.rf.05e1657af2361aab3c4d5deb43b29087.jpg,0,0.45508649945259094,0.3440132141113281,0.02551405318081379,0.10141996294260025,0.0013972024898976088
road19_png.rf.05e1657af2361aab3c4d5deb43b29087.jpg,1,0.9898088574409485,0.4115407168865204,0.019895995035767555,0.1002211645245552,0.0012417536927387118
road19_png.rf.05e1657af2361aab3c4d5deb43b29087.jpg,0,0.1856631189584732,0.2393023520708084,0.06531515717506409,0.0345911979675293,0.0011628263164311647
road19_png.rf.05e1657af2361aab3c4d5deb43b29087.jpg,0,0.9897693395614624,0.4105454981327057,0.020204324275255203,0.09979325532913208,0.0010702137369662523
road19_png.rf.05e1657af2361aab3c4d5deb43b29087.jpg,0,0.991364598274231,0.0541561134159565,0.016699571162462234,0.108312226831913,0.000821030989754945
road19_png.rf.05e1657af2361aab3c4d5deb43b29087.jpg,0,0.9867333769798279,0.4404201805591583,0.02651691623032093,0.25831615924835205,0.0006624679081141949
road19_png.rf.05e1657af2361aab3c4d5deb43b29087.jpg,1,0.3411400318145752,0.5315616726875305,0.02179795131087303,0.026812920346856117,0.000627370725851506
road19_png.rf.05e1657af2361aab3c4d5deb43b29087.jpg,11,0.03980262577533722,0.12692388892173767,0.07960525155067444,0.11949986964464188,0.0006020823493599892
road19_png.rf.05e1657af2361aab3c4d5deb43b29087.jpg,1,0.6218967437744141,0.44651809334754944,0.022376354783773422,0.015095600858330727,0.00056690868223086
road19_png.rf.05e1657af2361aab3c4d5deb43b29087.jpg,1,0.05827169865369797,0.07084410637617111,0.1121421754360199,0.14168821275234222,0.0005360602517612278
road19_png.rf.05e1657af2361aab3c4d5deb43b29087.jpg,1,0.34307393431663513,0.5247028470039368,0.02863440290093422,0.020392417907714844,0.0005309701664373279
road243_png.rf.555053220adbac3849def1e4105008fd.jpg,12,0.482389897108078,0.6103742718696594,0.03894369676709175,0.03294350579380989,0.8013023138046265
road243_png.rf.555053220adbac3849def1e4105008fd.jpg,12,0.5266477465629578,0.6095699667930603,0.03961486369371414,0.032451704144477844,0.6342796683311462
road243_png.rf.555053220adbac3849def1e4105008fd.jpg,3,0.48322418332099915,0.6100670695304871,0.04202461242675781,0.03314208984375,0.5304552912712097
road243_png.rf.555053220adbac3849def1e4105008fd.jpg,3,0.5264892578125,0.6097229719161987,0.04110391438007355,0.03189017251133919,0.43000686168670654
road243_png.rf.555053220adbac3849def1e4105008fd.jpg,3,0.5045398473739624,0.609477162361145,0.06211339682340622,0.03176186606287956,0.0005546646425500512
road254_png.rf.5ed92d428851755882973a8e28944076.jpg,8,0.4427993595600128,0.24139508605003357,0.1585037261247635,0.11755695939064026,0.9653024673461914
road254_png.rf.5ed92d428851755882973a8e28944076.jpg,1,0.0396578274667263,0.7853845953941345,0.01548051182180643,0.035030514001846313,0.0012182536302134395
road254_png.rf.5ed92d428851755882973a8e28944076.jpg,1,0.04579922556877136,0.7879829406738281,0.027384886518120766,0.043173789978027344,0.0006055696285329759
road254_png.rf.5ed92d428851755882973a8e28944076.jpg,8,0.3307862877845764,0.22694958746433258,0.16482289135456085,0.1077418401837349,0.0005374761531129479
road260_png.rf.47ad1e33078da07b4bf3b0e5712c926d.jpg,8,0.5411655306816101,0.41124865412712097,0.2157614529132843,0.18004833161830902,0.9521647095680237
road260_png.rf.47ad1e33078da07b4bf3b0e5712c926d.jpg,0,0.4139735996723175,0.8328534960746765,0.15506505966186523,0.2112625688314438,0.0013534196186810732
road260_png.rf.47ad1e33078da07b4bf3b0e5712c926d.jpg,1,0.7090843319892883,0.813312828540802,0.1791384071111679,0.22255289554595947,0.0006211645668372512
road277_png.rf.3f53c2534447d823337f731b63c65c75.jpg,8,0.6611701250076294,0.32470235228538513,0.19286809861660004,0.143656924366951,0.9690152406692505
road277_png.rf.3f53c2534447d823337f731b63c65c75.jpg,8,0.9867246150970459,0.12320928275585175,0.026550881564617157,0.07344553619623184,0.010514396242797375
road277_png.rf.3f53c2534447d823337f731b63c65c75.jpg,8,0.9704470038414001,0.02990448661148548,0.058854106813669205,0.0592496432363987,0.006703485269099474
road277_png.rf.3f53c2534447d823337f731b63c65c75.jpg,8,0.987318217754364,0.3385419547557831,0.024613015353679657,0.06596435606479645,0.0017627873457968235
road277_png.rf.3f53c2534447d823337f731b63c65c75.jpg,8,0.9271941781044006,0.3184252977371216,0.04709874838590622,0.07232461124658585,0.0016713285585865378
road277_png.rf.3f53c2534447d823337f731b63c65c75.jpg,8,0.9866266846656799,0.33658432960510254,0.026746751740574837,0.0319928415119648,0.001208464615046978
road277_png.rf.3f53c2534447d823337f731b63c65c75.jpg,0,0.05401735380291939,0.996275007724762,0.02582075633108616,0.007450104225426912,0.001113129430450499
road277_png.rf.3f53c2534447d823337f731b63c65c75.jpg,8,0.8159700632095337,0.4714410603046417,0.03818798065185547,0.03218229115009308,0.0008873897022567689
road277_png.rf.3f53c2534447d823337f731b63c65c75.jpg,8,0.8061875700950623,0.4724157154560089,0.03782118484377861,0.042677879333496094,0.0007282606093212962
road286_png.rf.702db0cc9906e626d838a77a4e79244d.jpg,8,0.47741690278053284,0.4231998026371002,0.22410070896148682,0.17197415232658386,0.964893102645874
road286_png.rf.702db0cc9906e626d838a77a4e79244d.jpg,1,0.038117386400699615,0.5044403076171875,0.05984821543097496,0.03623577579855919,0.002863474888727069
road288_png.rf.db64fffa70c02e58aabcbb10e3a19798.jpg,8,0.3972119688987732,0.47264376282691956,0.11428279429674149,0.089543417096138,0.9319466948509216
road288_png.rf.db64fffa70c02e58aabcbb10e3a19798.jpg,11,0.9042179584503174,0.6384021043777466,0.18776285648345947,0.1539202481508255,0.0019672482740134
road288_png.rf.db64fffa70c02e58aabcbb10e3a19798.jpg,13,0.023576907813549042,0.8530631065368652,0.047153815627098083,0.23841390013694763,0.0009380910196341574
road289_png.rf.ba6012fe8a27d9f53d8d66bb29db5ad8.jpg,14,0.34738513827323914,0.4567624628543854,0.2747259736061096,0.21658211946487427,0.9636919498443604
road289_png.rf.ba6012fe8a27d9f53d8d66bb29db5ad8.jpg,0,0.9119631052017212,0.9004164934158325,0.17607381939888,0.19916704297065735,0.5458449125289917
road289_png.rf.ba6012fe8a27d9f53d8d66bb29db5ad8.jpg,1,0.9065543413162231,0.9002248644828796,0.18689142167568207,0.19955027103424072,0.22907914221286774
road289_png.rf.ba6012fe8a27d9f53d8d66bb29db5ad8.jpg,0,0.8426819443702698,0.8971408009529114,0.0653621256351471,0.2057184875011444,0.007322833873331547
road289_png.rf.ba6012fe8a27d9f53d8d66bb29db5ad8.jpg,0,0.6321625709533691,0.9379327893257141,0.02781677432358265,0.01736406236886978,0.00108905544038862
road289_png.rf.ba6012fe8a27d9f53d8d66bb29db5ad8.jpg,14,0.4032294452190399,0.3785160779953003,0.38324546813964844,0.3638119399547577,0.0005872289184480906
road28_png.rf.d0de3563c76ae8b60ecdaf41757d472b.jpg,1,0.4496937096118927,0.07483291625976562,0.03723907470703125,0.12275221198797226,0.77446448802948
road28_png.rf.d0de3563c76ae8b60ecdaf41757d472b.jpg,1,0.7041297554969788,0.3241974413394928,0.03870399296283722,0.1306241750717163,0.10982184112071991
road28_png.rf.d0de3563c76ae8b60ecdaf41757d472b.jpg,1,0.4500032067298889,0.03955898806452751,0.03569214418530464,0.05431986227631569,0.008674435317516327
road28_png.rf.d0de3563c76ae8b60ecdaf41757d472b.jpg,9,0.7322888970375061,0.14480791985988617,0.03301195055246353,0.060843221843242645,0.006232458166778088
road28_png.rf.d0de3563c76ae8b60ecdaf41757d472b.jpg,0,0.6691502332687378,0.33022770285606384,0.02861521951854229,0.1113806888461113,0.002607538364827633
road28_png.rf.d0de3563c76ae8b60ecdaf41757d472b.jpg,0,0.7050105333328247,0.33174553513526917,0.040645819157361984,0.11949668079614639,0.002383628161624074
road28_png.rf.d0de3563c76ae8b60ecdaf41757d472b.jpg,0,0.7539421319961548,0.4865879714488983,0.035888671875,0.05445902422070503,0.0017739005852490664
road28_png.rf.d0de3563c76ae8b60ecdaf41757d472b.jpg,0,0.365823894739151,0.40627819299697876,0.03138545900583267,0.08847464621067047,0.0015682440716773272
road28_png.rf.d0de3563c76ae8b60ecdaf41757d472b.jpg,1,0.41432836651802063,0.08246728032827377,0.10868758708238602,0.14884436130523682,0.0006673650350421667
road28_png.rf.d0de3563c76ae8b60ecdaf41757d472b.jpg,1,0.6371467709541321,0.013580936007201672,0.022543834522366524,0.027072088792920113,0.000602107320446521
road28_png.rf.d0de3563c76ae8b60ecdaf41757d472b.jpg,1,0.7313656806945801,0.14607107639312744,0.031302087008953094,0.061370328068733215,0.0005759487976320088
road28_png.rf.d0de3563c76ae8b60ecdaf41757d472b.jpg,1,0.48871028423309326,0.08364707976579666,0.1138148382306099,0.14933180809020996,0.0005396482883952558
road305_png.rf.f807df671677244a7387d2ffbe200f58.jpg,8,0.5416500568389893,0.42095574736595154,0.4775717854499817,0.5389411449432373,0.9762259721755981
road312_png.rf.ad2229fb2f7e136d7747b9568f121af4.jpg,8,0.291454553604126,0.37384986877441406,0.506982147693634,0.5571991801261902,0.9844349026679993
road312_png.rf.ad2229fb2f7e136d7747b9568f121af4.jpg,1,0.6455013751983643,0.8154798746109009,0.5614888072013855,0.3553602695465088,0.007628581486642361
road312_png.rf.ad2229fb2f7e136d7747b9568f121af4.jpg,0,0.9920516014099121,0.5949334502220154,0.015650968998670578,0.1305418461561203,0.0026764709036797285
road312_png.rf.ad2229fb2f7e136d7747b9568f121af4.jpg,8,0.9921733736991882,0.6949284076690674,0.01563527062535286,0.0615314356982708,0.0020664602052420378
road312_png.rf.ad2229fb2f7e136d7747b9568f121af4.jpg,8,0.9918129444122314,0.5954000949859619,0.016353826969861984,0.13564282655715942,0.0017635361291468143
road312_png.rf.ad2229fb2f7e136d7747b9568f121af4.jpg,14,0.6391010284423828,0.8084296584129333,0.5459553003311157,0.33870112895965576,0.0017042022664099932
road312_png.rf.ad2229fb2f7e136d7747b9568f121af4.jpg,8,0.989743173122406,0.7087355852127075,0.020005812868475914,0.10562516003847122,0.0007732489611953497
road314_png.rf.697a2d138347ee6ee2da288b2ffe8e9d.jpg,8,0.47489193081855774,0.49199920892715454,0.18111346662044525,0.14069491624832153,0.9699499011039734
road314_png.rf.697a2d138347ee6ee2da288b2ffe8e9d.jpg,8,0.17530536651611328,0.7123679518699646,0.08212055265903473,0.06585341691970825,0.8985481858253479
road314_png.rf.697a2d138347ee6ee2da288b2ffe8e9d.jpg,0,0.8050223588943481,0.7587603330612183,0.03585008531808853,0.020183930173516273,0.011388992890715599
road314_png.rf.697a2d138347ee6ee2da288b2ffe8e9d.jpg,1,0.5657315254211426,0.8432688117027283,0.020935315638780594,0.0719282478094101,0.0011229641968384385
road314_png.rf.697a2d138347ee6ee2da288b2ffe8e9d.jpg,0,0.7926949858665466,0.7567790150642395,0.04406276345252991,0.021216392517089844,0.0009402753203175962
road314_png.rf.697a2d138347ee6ee2da288b2ffe8e9d.jpg,8,0.1717490255832672,0.7422181963920593,0.0917985737323761,0.1324155628681183,0.0008336492464877665
road314_png.rf.697a2d138347ee6ee2da288b2ffe8e9d.jpg,3,0.9633495807647705,0.7483806610107422,0.07330095022916794,0.3165226876735687,0.0007238986436277628
road314_png.rf.697a2d138347ee6ee2da288b2ffe8e9d.jpg,1,0.011396191082894802,0.3070830702781677,0.022643305361270905,0.02361002378165722,0.00070387520827353
road314_png.rf.697a2d138347ee6ee2da288b2ffe8e9d.jpg,8,0.24942801892757416,0.3358787000179291,0.022811615839600563,0.033811718225479126,0.0006327502196654677
road314_png.rf.697a2d138347ee6ee2da288b2ffe8e9d.jpg,8,0.2485644668340683,0.34095579385757446,0.03265448659658432,0.05487830936908722,0.0005606490885838866
road314_png.rf.697a2d138347ee6ee2da288b2ffe8e9d.jpg,8,0.9700238704681396,0.8438933491706848,0.045317649841308594,0.09502696990966797,0.0005271979607641697
road314_png.rf.697a2d138347ee6ee2da288b2ffe8e9d.jpg,1,0.012575123459100723,0.3056935966014862,0.024262243881821632,0.04463256523013115,0.0005230024107731879
road320_png.rf.65f55afb9e0eb549cb01be72786c8b42.jpg,8,0.6121394038200378,0.5982017517089844,0.16390438377857208,0.12268125265836716,0.963043749332428
road321_png.rf.f9c13308da074b8ee78f43f6c7ea54f3.jpg,8,0.5173934102058411,0.48077070713043213,0.13623249530792236,0.10153073817491531,0.9595376253128052
road321_png.rf.f9c13308da074b8ee78f43f6c7ea54f3.jpg,8,0.34111493825912476,0.6085078120231628,0.046441078186035156,0.052313439548015594,0.19240401685237885
road321_png.rf.f9c13308da074b8ee78f43f6c7ea54f3.jpg,7,0.34117451310157776,0.6073628067970276,0.04942340403795242,0.05242414027452469,0.088429294526577
road321_png.rf.f9c13308da074b8ee78f43f6c7ea54f3.jpg,0,0.15981155633926392,0.007253445219248533,0.1451975405216217,0.014304223470389843,0.021465346217155457
road321_png.rf.f9c13308da074b8ee78f43f6c7ea54f3.jpg,8,0.15333156287670135,0.743481457233429,0.06439696997404099,0.054070841521024704,0.011903766542673111
road321_png.rf.f9c13308da074b8ee78f43f6c7ea54f3.jpg,1,0.1706654578447342,0.007922256365418434,0.12546224892139435,0.01566386967897415,0.008965675719082355
road321_png.rf.f9c13308da074b8ee78f43f6c7ea54f3.jpg,8,0.3385903537273407,0.6644029021263123,0.04734523594379425,0.055181652307510376,0.005047918297350407
road321_png.rf.f9c13308da074b8ee78f43f6c7ea54f3.jpg,10,0.33913251757621765,0.6658112406730652,0.0500745065510273,0.054182346910238266,0.004558921791613102
road321_png.rf.f9c13308da074b8ee78f43f6c7ea54f3.jpg,1,0.030665749683976173,0.003705011447891593,0.057042017579078674,0.007410022895783186,0.0013028961839154363
road321_png.rf.f9c13308da074b8ee78f43f6c7ea54f3.jpg,7,0.3375221788883209,0.66547691822052,0.050012148916721344,0.04935925081372261,0.0009783407440409064
road321_png.rf.f9c13308da074b8ee78f43f6c7ea54f3.jpg,8,0.15129108726978302,0.007745363283902407,0.16266469657421112,0.015407499857246876,0.000705552811268717
road321_png.rf.f9c13308da074b8ee78f43f6c7ea54f3.jpg,1,0.1950288861989975,0.009864391759037971,0.25239992141723633,0.019728783518075943,0.0006371462950482965
road322_png.rf.6028574359019d435c66689704d0418f.jpg,8,0.4248519539833069,0.4516802430152893,0.15105867385864258,0.16004350781440735,0.975408673286438
road322_png.rf.6028574359019d435c66689704d0418f.jpg,0,0.007571781054139137,0.22468863427639008,0.015143562108278275,0.03320341929793358,0.002016901271417737
road322_png.rf.6028574359019d435c66689704d0418f.jpg,0,0.9909486174583435,0.5416824221611023,0.01767459325492382,0.32427453994750977,0.0007327005732804537
road322_png.rf.6028574359019d435c66689704d0418f.jpg,6,0.4702325463294983,0.6822292804718018,0.2400815784931183,0.6355414986610413,0.0007324712350964546
road323_png.rf.b843dd95b3d22917710ac75cca4a57b0.jpg,14,0.5661764144897461,0.4167281687259674,0.2489880472421646,0.18700295686721802,0.9721365571022034
road323_png.rf.b843dd95b3d22917710ac75cca4a57b0.jpg,9,0.6027884483337402,0.6143906116485596,0.27224254608154297,0.20600290596485138,0.9162642359733582
road323_png.rf.b843dd95b3d22917710ac75cca4a57b0.jpg,14,0.6377590298652649,0.3931189477443695,0.3986700177192688,0.2569621205329895,0.0006688479916192591
road339_png.rf.a176f5700f7182473dd4c3a268ebcbbd.jpg,14,0.4984819293022156,0.26181381940841675,0.37283650040626526,0.28525087237358093,0.944942831993103
road351_png.rf.917ea4e951348855c275b66bb4d890ad.jpg,8,0.5065637826919556,0.3792172074317932,0.2600749433040619,0.20077961683273315,0.9690032601356506
road351_png.rf.917ea4e951348855c275b66bb4d890ad.jpg,8,0.5992249846458435,0.010896960273385048,0.1539895087480545,0.02135149948298931,0.003341569332405925
road351_png.rf.917ea4e951348855c275b66bb4d890ad.jpg,0,0.5923663973808289,0.007877521216869354,0.1430690586566925,0.015684589743614197,0.002728440798819065
road351_png.rf.917ea4e951348855c275b66bb4d890ad.jpg,1,0.7799798846244812,0.39654314517974854,0.09804278612136841,0.2365664392709732,0.002318120328709483
road351_png.rf.917ea4e951348855c275b66bb4d890ad.jpg,8,0.3298315703868866,0.017332974821329117,0.0700342133641243,0.034665949642658234,0.0011875637574121356
road351_png.rf.917ea4e951348855c275b66bb4d890ad.jpg,1,0.6051475405693054,0.008112169802188873,0.15079832077026367,0.016036173328757286,0.0011087693274021149
road351_png.rf.917ea4e951348855c275b66bb4d890ad.jpg,0,0.913750171661377,0.4717930853366852,0.021096451207995415,0.08435594290494919,0.001104253577068448
road351_png.rf.917ea4e951348855c275b66bb4d890ad.jpg,1,0.9896663427352905,0.052313778549432755,0.0205282811075449,0.09205451607704163,0.0008349359268322587
road351_png.rf.917ea4e951348855c275b66bb4d890ad.jpg,0,0.7943687438964844,0.373924195766449,0.0784054547548294,0.20886316895484924,0.0005070093902759254
road353_png.rf.deb497f4908212e3409c887fbb0544df.jpg,8,0.4447852671146393,0.4960818886756897,0.20161497592926025,0.14606761932373047,0.9674117565155029
road353_png.rf.deb497f4908212e3409c887fbb0544df.jpg,0,0.6826732754707336,0.008816683664917946,0.058764971792697906,0.017603402957320213,0.022423548623919487
road353_png.rf.deb497f4908212e3409c887fbb0544df.jpg,0,0.6514807939529419,0.007030837703496218,0.12523841857910156,0.014006474055349827,0.006603695452213287
road353_png.rf.deb497f4908212e3409c887fbb0544df.jpg,0,0.3873765766620636,0.020107129588723183,0.1678595095872879,0.040214259177446365,0.004198300652205944
road353_png.rf.deb497f4908212e3409c887fbb0544df.jpg,8,0.5987274050712585,0.010942972265183926,0.28601372241973877,0.02188594453036785,0.0029802832286804914
road353_png.rf.deb497f4908212e3409c887fbb0544df.jpg,8,0.6726388335227966,0.10860947519540787,0.05975004658102989,0.04009990766644478,0.0028216883074492216
road353_png.rf.deb497f4908212e3409c887fbb0544df.jpg,8,0.6814312934875488,0.01096796803176403,0.05847344174981117,0.02193593606352806,0.0020061065442860126
road353_png.rf.deb497f4908212e3409c887fbb0544df.jpg,8,0.35666424036026,0.033222608268260956,0.20163993537425995,0.06644521653652191,0.0016781737795099616
road353_png.rf.deb497f4908212e3409c887fbb0544df.jpg,0,0.5950862765312195,0.027968354523181915,0.014403344132006168,0.04543106257915497,0.0010414881398901343
road353_png.rf.deb497f4908212e3409c887fbb0544df.jpg,8,0.7008568048477173,0.10680773109197617,0.034443341195583344,0.044966984540224075,0.0009028108324855566
road353_png.rf.deb497f4908212e3409c887fbb0544df.jpg,8,0.366979718208313,0.02019805647432804,0.15997152030467987,0.040361132472753525,0.000739891198463738
road353_png.rf.deb497f4908212e3409c887fbb0544df.jpg,12,0.3464137613773346,0.028592366725206375,0.263563334941864,0.057005930691957474,0.0007140014786273241
road353_png.rf.deb497f4908212e3409c887fbb0544df.jpg,8,0.8525074124336243,0.1684872806072235,0.04392492026090622,0.044005148112773895,0.0006906790076754987
road353_png.rf.deb497f4908212e3409c887fbb0544df.jpg,11,0.3611302077770233,0.029430748894810677,0.2472943216562271,0.05844659358263016,0.0006401852006092668
road353_png.rf.deb497f4908212e3409c887fbb0544df.jpg,8,0.6084561347961426,0.06103766709566116,0.3387361466884613,0.121808722615242,0.0005738547770306468
road353_png.rf.deb497f4908212e3409c887fbb0544df.jpg,0,0.6064425706863403,0.02736329473555088,0.06389926373958588,0.053575579077005386,0.0005710500408895314
road353_png.rf.deb497f4908212e3409c887fbb0544df.jpg,0,0.6737068891525269,0.014115327037870884,0.07627677917480469,0.026462161913514137,0.0005378374480642378
road353_png.rf.deb497f4908212e3409c887fbb0544df.jpg,1,0.09153875708580017,0.004003231413662434,0.08085348457098007,0.007940425537526608,0.0005339864292182028
road355_png.rf.c43f3ac674a10af91051d8cb228747ad.jpg,8,0.4160023033618927,0.37323522567749023,0.18237371742725372,0.1344023495912552,0.9673229455947876
road355_png.rf.c43f3ac674a10af91051d8cb228747ad.jpg,8,0.762689471244812,0.009616443887352943,0.09422793984413147,0.0189210157841444,0.0006660160725004971
road362_png.rf.765355e68b8097399c60024a6f28840c.jpg,8,0.39230629801750183,0.4935917258262634,0.22148926556110382,0.17222082614898682,0.9536476731300354
road367_png.rf.68facda4326805592fce6d2bfb2dba6c.jpg,7,0.43705233931541443,0.4293619394302368,0.1285652071237564,0.1001865342259407,0.9776366353034973
road367_png.rf.68facda4326805592fce6d2bfb2dba6c.jpg,0,0.6765361428260803,0.015377066098153591,0.08048057556152344,0.030533162876963615,0.0009953362168744206
road388_png.rf.cc49d1d1343172eaa95da35bf070a7d3.jpg,13,0.5364476442337036,0.3838358521461487,0.11020983755588531,0.08247566223144531,0.9460819959640503
road388_png.rf.cc49d1d1343172eaa95da35bf070a7d3.jpg,3,0.010317188687622547,0.5463849306106567,0.02027072384953499,0.015206631273031235,0.0028935058508068323
road388_png.rf.cc49d1d1343172eaa95da35bf070a7d3.jpg,5,0.015884781256318092,0.5525854825973511,0.01980103738605976,0.02422916144132614,0.0021268425043672323
road388_png.rf.cc49d1d1343172eaa95da35bf070a7d3.jpg,5,0.04064683988690376,0.5081673264503479,0.01966315321624279,0.01282244548201561,0.0013929097913205624
road388_png.rf.cc49d1d1343172eaa95da35bf070a7d3.jpg,0,0.733309268951416,0.43210551142692566,0.016935275867581367,0.016377266496419907,0.0010620250832289457
road388_png.rf.cc49d1d1343172eaa95da35bf070a7d3.jpg,5,0.005546091590076685,0.5365396738052368,0.01109218318015337,0.019904358312487602,0.0009064603364095092
road38_png.rf.8b6e15b041aab397eb10b38728fa1e15.jpg,1,0.1354815512895584,0.1916089504957199,0.09517903625965118,0.3832179009914398,0.8720054626464844
road38_png.rf.8b6e15b041aab397eb10b38728fa1e15.jpg,1,0.7284038662910461,0.7179930806159973,0.18534983694553375,0.4137882888317108,0.6385080218315125
road38_png.rf.8b6e15b041aab397eb10b38728fa1e15.jpg,0,0.5726208090782166,0.012749542482197285,0.06522171199321747,0.02540545165538788,0.1153525859117508
road38_png.rf.8b6e15b041aab397eb10b38728fa1e15.jpg,11,0.2492329627275467,0.035035088658332825,0.07575398683547974,0.06998204439878464,0.01980108954012394
road38_png.rf.8b6e15b041aab397eb10b38728fa1e15.jpg,1,0.5647781491279602,0.011535508558154106,0.07777155935764313,0.02253584936261177,0.014925294555723667
road38_png.rf.8b6e15b041aab397eb10b38728fa1e15.jpg,1,0.09441423416137695,0.4142405688762665,0.17601823806762695,0.828481137752533,0.008508655242621899
road38_png.rf.8b6e15b041aab397eb10b38728fa1e15.jpg,1,0.7689189314842224,0.6117469668388367,0.10135489702224731,0.19497926533222198,0.007386546116322279
road38_png.rf.8b6e15b041aab397eb10b38728fa1e15.jpg,0,0.5534409284591675,0.008998388424515724,0.10483980923891068,0.017693281173706055,0.006387322675436735
road38_png.rf.8b6e15b041aab397eb10b38728fa1e15.jpg,0,0.7978749871253967,0.006606967654079199,0.046487223356962204,0.013213935308158398,0.005672403145581484
road38_png.rf.8b6e15b041aab397eb10b38728fa1e15.jpg,1,0.8001952767372131,0.6478844881057739,0.3414699137210846,0.5780877470970154,0.003108205972239375
road38_png.rf.8b6e15b041aab397eb10b38728fa1e15.jpg,1,0.7507688403129578,0.5588273406028748,0.12236529588699341,0.08834868669509888,0.002013799734413624
road38_png.rf.8b6e15b041aab397eb10b38728fa1e15.jpg,1,0.9909263253211975,0.12363824993371964,0.01775323413312435,0.023106245324015617,0.0017504800343886018
road38_png.rf.8b6e15b041aab397eb10b38728fa1e15.jpg,1,0.11630440503358841,0.2353801429271698,0.04603695124387741,0.10056281834840775,0.0012773831840604544
road38_png.rf.8b6e15b041aab397eb10b38728fa1e15.jpg,0,0.8928425312042236,0.1659567952156067,0.036497484892606735,0.04154789447784424,0.0012287015561014414
road38_png.rf.8b6e15b041aab397eb10b38728fa1e15.jpg,1,0.03449603542685509,0.34358569979667664,0.06899207085371017,0.6825981140136719,0.0012232547160238028
road38_png.rf.8b6e15b041aab397eb10b38728fa1e15.jpg,1,0.1517726480960846,0.14263133704662323,0.06591211259365082,0.2849607467651367,0.0010085107060149312
road38_png.rf.8b6e15b041aab397eb10b38728fa1e15.jpg,1,0.02057706005871296,0.36979103088378906,0.04115412011742592,0.7350730895996094,0.0008416633354499936
road38_png.rf.8b6e15b041aab397eb10b38728fa1e15.jpg,1,0.12620124220848083,0.16539160907268524,0.06761442124843597,0.14584413170814514,0.0008399487705901265
road38_png.rf.8b6e15b041aab397eb10b38728fa1e15.jpg,12,0.821077287197113,0.07648684084415436,0.3578454554080963,0.15297368168830872,0.0006796838715672493
road38_png.rf.8b6e15b041aab397eb10b38728fa1e15.jpg,1,0.21694006025791168,0.2888934314250946,0.2752954363822937,0.5744327902793884,0.0006046780035831034
road38_png.rf.8b6e15b041aab397eb10b38728fa1e15.jpg,1,0.051716022193431854,0.21159271895885468,0.10343204438686371,0.4212016463279724,0.0005828886060044169
road38_png.rf.8b6e15b041aab397eb10b38728fa1e15.jpg,1,0.2888057827949524,0.460703045129776,0.39539316296577454,0.9189918637275696,0.0005262066842988133
road393_png.rf.4fe43a89433923b9841d1435d98c4aae.jpg,3,0.5456215143203735,0.6785903573036194,0.1126062348484993,0.08632051199674606,0.9632203578948975
road393_png.rf.4fe43a89433923b9841d1435d98c4aae.jpg,0,0.3093911409378052,0.4720880389213562,0.6175753474235535,0.9251338243484497,0.0017875724006444216
road393_png.rf.4fe43a89433923b9841d1435d98c4aae.jpg,1,0.8446700572967529,0.9611636996269226,0.022535912692546844,0.0764521136879921,0.0014032163890078664
road397_png.rf.64b46468e2e241a3cb5dbce555894da3.jpg,3,0.5844138860702515,0.25294777750968933,0.30480098724365234,0.2271961122751236,0.9500276446342468
road400_png.rf.03186a0125d7e8f9ccbad9322201c91a.jpg,3,0.6309084892272949,0.5601019263267517,0.15554498136043549,0.11836463212966919,0.9685202836990356
road402_png.rf.8b57601c39d08578c3fba71d26f6dd1a.jpg,13,0.42252087593078613,0.6589174270629883,0.11223103851079941,0.08558787405490875,0.9629600644111633
road402_png.rf.8b57601c39d08578c3fba71d26f6dd1a.jpg,1,0.5792660713195801,0.7479641437530518,0.024948377162218094,0.017477696761488914,0.0008884286507964134
road402_png.rf.8b57601c39d08578c3fba71d26f6dd1a.jpg,3,0.7789906859397888,0.7151605486869812,0.011902956292033195,0.006697067990899086,0.0008335630409419537
road412_png.rf.f3dc3c3dcb2d0a679c190b33c3a3178b.jpg,3,0.5805290937423706,0.5111730098724365,0.08576859533786774,0.06727218627929688,0.9525343179702759
road412_png.rf.f3dc3c3dcb2d0a679c190b33c3a3178b.jpg,0,0.21888938546180725,0.9956382513046265,0.0636187195777893,0.008723552338778973,0.0018207757966592908
road420_png.rf.4db7dbd13a7b9c37ddddb7df9adf0834.jpg,13,0.5330470204353333,0.6150287985801697,0.2029610425233841,0.15909232199192047,0.9789766073226929
road420_png.rf.4db7dbd13a7b9c37ddddb7df9adf0834.jpg,8,0.20510484278202057,0.7858779430389404,0.03752107173204422,0.027855947613716125,0.0038997610099613667
road420_png.rf.4db7dbd13a7b9c37ddddb7df9adf0834.jpg,0,0.004770124796777964,0.9459560513496399,0.009540249593555927,0.07853654772043228,0.0008741290657781065
road421_png.rf.cd6d5f5724ac207f49f64d2ecc32f9f6.jpg,13,0.5198376774787903,0.49915221333503723,0.25841349363327026,0.2000221610069275,0.9863322973251343
road421_png.rf.cd6d5f5724ac207f49f64d2ecc32f9f6.jpg,13,0.40367957949638367,0.54168301820755,0.49647921323776245,0.42575469613075256,0.0007461398490704596
road421_png.rf.cd6d5f5724ac207f49f64d2ecc32f9f6.jpg,14,0.995735764503479,0.6983342170715332,0.008517852053046227,0.09754269570112228,0.000662401900626719
road422_png.rf.9b9d58bbb154a5b030ff2addac608ef8.jpg,13,0.357696533203125,0.5352857708930969,0.0583062544465065,0.045520197600126266,0.570397675037384
road422_png.rf.9b9d58bbb154a5b030ff2addac608ef8.jpg,10,0.35813799500465393,0.5350472927093506,0.05624903365969658,0.04447196424007416,0.1654391884803772
road422_png.rf.9b9d58bbb154a5b030ff2addac608ef8.jpg,5,0.3572149872779846,0.5339247584342957,0.05616437643766403,0.04487686976790428,0.0055748475715518
road422_png.rf.9b9d58bbb154a5b030ff2addac608ef8.jpg,12,0.3568326532840729,0.5360056161880493,0.05481995269656181,0.04452037811279297,0.005372962914407253
road422_png.rf.9b9d58bbb154a5b030ff2addac608ef8.jpg,10,0.3579712510108948,0.5774866342544556,0.054083533585071564,0.07320653647184372,0.004886676091700792
road422_png.rf.9b9d58bbb154a5b030ff2addac608ef8.jpg,0,0.2563543915748596,0.17332661151885986,0.03732657432556152,0.023880647495388985,0.003414224134758115
road422_png.rf.9b9d58bbb154a5b030ff2addac608ef8.jpg,3,0.19678926467895508,0.6233005523681641,0.01889537088572979,0.016895880922675133,0.001664625364355743
road422_png.rf.9b9d58bbb154a5b030ff2addac608ef8.jpg,5,0.19800443947315216,0.6226527094841003,0.022570261731743813,0.02111952193081379,0.0009586941450834274
road422_png.rf.9b9d58bbb154a5b030ff2addac608ef8.jpg,12,0.17375534772872925,0.624537467956543,0.3475106954574585,0.32033872604370117,0.0008976617245934904
road422_png.rf.9b9d58bbb154a5b030ff2addac608ef8.jpg,3,0.0454871729016304,0.6602400541305542,0.04259655252099037,0.01883969083428383,0.0008230914827436209
road422_png.rf.9b9d58bbb154a5b030ff2addac608ef8.jpg,0,0.40305447578430176,0.3791476786136627,0.025983041152358055,0.013531722128391266,0.0005036797374486923
road431_png.rf.4cf451707a1af9d139094513881b7654.jpg,13,0.1815476417541504,0.6024942398071289,0.18727879226207733,0.14556019008159637,0.973025918006897
road439_png.rf.3a8f1ca30bf60d80f05733e8d83212d9.jpg,13,0.2603333592414856,0.7922549843788147,0.1695055067539215,0.12877589464187622,0.9798163175582886
road439_png.rf.3a8f1ca30bf60d80f05733e8d83212d9.jpg,0,0.6188527345657349,0.6159440279006958,0.7588157653808594,0.7308706641197205,0.019878646358847618
road43_png.rf.c576096fc5f0b00379321f94ddffcbc6.jpg,0,0.4600101709365845,0.36164310574531555,0.037541575729846954,0.11473426967859268,0.6592869162559509
road43_png.rf.c576096fc5f0b00379321f94ddffcbc6.jpg,0,0.24226245284080505,0.3830658197402954,0.0339149534702301,0.11244389414787292,0.6370347738265991
road43_png.rf.c576096fc5f0b00379321f94ddffcbc6.jpg,0,0.6755699515342712,0.5276939272880554,0.02927662804722786,0.07983153313398361,0.5842164754867554
road43_png.rf.c576096fc5f0b00379321f94ddffcbc6.jpg,1,0.6508281826972961,0.7259817123413086,0.022643310949206352,0.02045690082013607,0.30899399518966675
road43_png.rf.c576096fc5f0b00379321f94ddffcbc6.jpg,1,0.1446012556552887,0.7802872657775879,0.02917451225221157,0.027198426425457,0.11410744488239288
road43_png.rf.c576096fc5f0b00379321f94ddffcbc6.jpg,1,0.6062799692153931,0.7250946760177612,0.011864735744893551,0.01890593394637108,0.06873784959316254
road43_png.rf.c576096fc5f0b00379321f94ddffcbc6.jpg,1,0.15657229721546173,0.7840306758880615,0.06342066824436188,0.031589217483997345,0.042656563222408295
road43_png.rf.c576096fc5f0b00379321f94ddffcbc6.jpg,0,0.04109972342848778,0.408551424741745,0.042167916893959045,0.11457692831754684,0.040310077369213104
road43_png.rf.c576096fc5f0b00379321f94ddffcbc6.jpg,1,0.10086632519960403,0.8734009265899658,0.01724529266357422,0.03737105056643486,0.03937235847115517
road43_png.rf.c576096fc5f0b00379321f94ddffcbc6.jpg,0,0.8375697135925293,0.5264004468917847,0.03133333846926689,0.08157213032245636,0.030817918479442596
road43_png.rf.c576096fc5f0b00379321f94ddffcbc6.jpg,1,0.14474688470363617,0.7742012143135071,0.019366081804037094,0.017905382439494133,0.028781305998563766
road43_png.rf.c576096fc5f0b00379321f94ddffcbc6.jpg,1,0.04048633575439453,0.4068582355976105,0.044369928538799286,0.10782348364591599,0.014647947624325752
road43_png.rf.c576096fc5f0b00379321f94ddffcbc6.jpg,1,0.535592257976532,0.7326991558074951,0.03296357020735741,0.03136415034532547,0.01419142447412014
road43_png.rf.c576096fc5f0b00379321f94ddffcbc6.jpg,1,0.6493597030639648,0.7370290160179138,0.028217023238539696,0.035391297191381454,0.011877591721713543
road43_png.rf.c576096fc5f0b00379321f94ddffcbc6.jpg,0,0.5371804237365723,0.7357000708580017,0.03207111358642578,0.030340049415826797,0.010956517420709133
road43_png.rf.c576096fc5f0b00379321f94ddffcbc6.jpg,0,0.13354404270648956,0.7065002918243408,0.01899866946041584,0.03603032976388931,0.01077425479888916
road43_png.rf.c576096fc5f0b00379321f94ddffcbc6.jpg,1,0.5314539670944214,0.7255724668502808,0.02500636875629425,0.02622729167342186,0.009736918844282627
road43_png.rf.c576096fc5f0b00379321f94ddffcbc6.jpg,1,0.5644469261169434,0.7244920134544373,0.010818885639309883,0.01666531339287758,0.008981302380561829
road43_png.rf.c576096fc5f0b00379321f94ddffcbc6.jpg,1,0.5930701494216919,0.7350301146507263,0.015544158406555653,0.011722051538527012,0.008657083846628666
road43_png.rf.c576096fc5f0b00379321f94ddffcbc6.jpg,1,0.6418372392654419,0.723007082939148,0.03373777121305466,0.01732364110648632,0.008269215933978558
road43_png.rf.c576096fc5f0b00379321f94ddffcbc6.jpg,1,0.5593600273132324,0.721659779548645,0.026462372392416,0.018398506566882133,0.00637857336550951
road43_png.rf.c576096fc5f0b00379321f94ddffcbc6.jpg,1,0.07911825180053711,0.812390148639679,0.012978998944163322,0.02243027463555336,0.005381850991398096
road43_png.rf.c576096fc5f0b00379321f94ddffcbc6.jpg,1,0.68952476978302,0.7075880765914917,0.01572953723371029,0.01733625866472721,0.0042096953839063644
road43_png.rf.c576096fc5f0b00379321f94ddffcbc6.jpg,1,0.6055008769035339,0.7332361936569214,0.016452020034193993,0.0285037849098444,0.004096813499927521
road43_png.rf.c576096fc5f0b00379321f94ddffcbc6.jpg,0,0.5908347964286804,0.7388339042663574,0.016344474628567696,0.014677194878458977,0.0037254460621625185
road43_png.rf.c576096fc5f0b00379321f94ddffcbc6.jpg,1,0.5602065324783325,0.7299232482910156,0.014013657346367836,0.026805512607097626,0.0031272233463823795
road43_png.rf.c576096fc5f0b00379321f94ddffcbc6.jpg,1,0.34345903992652893,0.7518221139907837,0.03295634314417839,0.014672573655843735,0.002165265381336212
road43_png.rf.c576096fc5f0b00379321f94ddffcbc6.jpg,0,0.6459905505180359,0.744496762752533,0.03362780436873436,0.024378923699259758,0.0020614296663552523
road43_png.rf.c576096fc5f0b00379321f94ddffcbc6.jpg,0,0.19842520356178284,0.698370099067688,0.014468559995293617,0.035190582275390625,0.0017984281294047832
road43_png.rf.c576096fc5f0b00379321f94ddffcbc6.jpg,1,0.13355588912963867,0.7810973525047302,0.043462175875902176,0.021187562495470047,0.0017622344894334674
road43_png.rf.c576096fc5f0b00379321f94ddffcbc6.jpg,0,0.6473647356033325,0.7331987619400024,0.030848504975438118,0.02609267644584179,0.0017558274557814002
road43_png.rf.c576096fc5f0b00379321f94ddffcbc6.jpg,0,0.2199181467294693,0.38729044795036316,0.07965528219938278,0.12030209600925446,0.0014999433187767863
road43_png.rf.c576096fc5f0b00379321f94ddffcbc6.jpg,1,0.5695908665657043,0.7336329221725464,0.02442169189453125,0.02955598197877407,0.0014538232935592532
road43_png.rf.c576096fc5f0b00379321f94ddffcbc6.jpg,1,0.5791409015655518,0.8225992321968079,0.07142331451177597,0.045861758291721344,0.001238094875589013
road43_png.rf.c576096fc5f0b00379321f94ddffcbc6.jpg,1,0.6387568712234497,0.7449801564216614,0.02562750317156315,0.017604460939764977,0.001197884208522737
road43_png.rf.c576096fc5f0b00379321f94ddffcbc6.jpg,1,0.993782639503479,0.7257577776908875,0.01193728856742382,0.014056793414056301,0.0010982815874740481
road43_png.rf.c576096fc5f0b00379321f94ddffcbc6.jpg,1,0.4018442630767822,0.8370516896247864,0.02214270457625389,0.046889305114746094,0.0009774761274456978
road43_png.rf.c576096fc5f0b00379321f94ddffcbc6.jpg,1,0.09392455220222473,0.8750818371772766,0.03336099535226822,0.03854868933558464,0.0008850792655721307
road43_png.rf.c576096fc5f0b00379321f94ddffcbc6.jpg,1,0.7749162912368774,0.8341932892799377,0.04934406280517578,0.03454399108886719,0.0008467702427878976
road43_png.rf.c576096fc5f0b00379321f94ddffcbc6.jpg,1,0.981317937374115,0.7693015933036804,0.015236634761095047,0.020450592041015625,0.0008063590503297746
road43_png.rf.c576096fc5f0b00379321f94ddffcbc6.jpg,1,0.7477927803993225,0.8531705737113953,0.06772144138813019,0.032461754977703094,0.0007374025881290436
road43_png.rf.c576096fc5f0b00379321f94ddffcbc6.jpg,1,0.21078641712665558,0.770828366279602,0.039980798959732056,0.01737198606133461,0.0006441796431317925
road43_png.rf.c576096fc5f0b00379321f94ddffcbc6.jpg,0,0.8378018736839294,0.5471698641777039,0.030557412654161453,0.04716319590806961,0.0006433473899960518
road43_png.rf.c576096fc5f0b00379321f94ddffcbc6.jpg,1,0.577496349811554,0.7246565818786621,0.024667153134942055,0.01824202947318554,0.0006185725214891136
road43_png.rf.c576096fc5f0b00379321f94ddffcbc6.jpg,1,0.5860023498535156,0.7341145277023315,0.023078516125679016,0.016124138608574867,0.0005993367522023618
road43_png.rf.c576096fc5f0b00379321f94ddffcbc6.jpg,0,0.3151153028011322,0.6902375221252441,0.013792552053928375,0.03956802189350128,0.0005752471042796969
road43_png.rf.c576096fc5f0b00379321f94ddffcbc6.jpg,1,0.5457705855369568,0.7348489165306091,0.036027029156684875,0.031365614384412766,0.000570247764699161
road43_png.rf.c576096fc5f0b00379321f94ddffcbc6.jpg,1,0.5878424644470215,0.7220402956008911,0.028775693848729134,0.01781199686229229,0.0005658336449414492
road43_png.rf.c576096fc5f0b00379321f94ddffcbc6.jpg,0,0.25651341676712036,0.6951219439506531,0.013761007227003574,0.038224220275878906,0.0005420873058028519
road43_png.rf.c576096fc5f0b00379321f94ddffcbc6.jpg,1,0.09286270290613174,0.8932331204414368,0.03874790295958519,0.07102467864751816,0.0005351287545636296
road43_png.rf.c576096fc5f0b00379321f94ddffcbc6.jpg,1,0.7193334698677063,0.7069029211997986,0.015761008486151695,0.013778027147054672,0.0005053968052379787
road446_png.rf.f38afaa2d572c8426b05a88bdb4a5d3d.jpg,13,0.5272078514099121,0.361600399017334,0.21547359228134155,0.17335890233516693,0.9834620952606201
road446_png.rf.f38afaa2d572c8426b05a88bdb4a5d3d.jpg,0,0.3258924186229706,0.7763011455535889,0.46130549907684326,0.14388979971408844,0.0007680001435801387
road446_png.rf.f38afaa2d572c8426b05a88bdb4a5d3d.jpg,8,0.32953256368637085,0.7768153548240662,0.47461646795272827,0.14275462925434113,0.0006429225904867053
road450_png.rf.4066ba8e8ac659692b69cbcf144c575f.jpg,10,0.47852981090545654,0.4448503255844116,0.14756420254707336,0.11772031337022781,0.9900172352790833
road450_png.rf.4066ba8e8ac659692b69cbcf144c575f.jpg,11,0.4781724810600281,0.317883163690567,0.144720196723938,0.11403533816337585,0.0056493449956178665
road450_png.rf.4066ba8e8ac659692b69cbcf144c575f.jpg,8,0.47832149267196655,0.3171052932739258,0.144780233502388,0.11387091875076294,0.004324667621403933
road450_png.rf.4066ba8e8ac659692b69cbcf144c575f.jpg,1,0.116930291056633,0.5077767968177795,0.026004912331700325,0.010606106370687485,0.002615260658785701
road450_png.rf.4066ba8e8ac659692b69cbcf144c575f.jpg,10,0.24310407042503357,0.7956008911132812,0.017234858125448227,0.019211256876587868,0.0013202972477301955
road450_png.rf.4066ba8e8ac659692b69cbcf144c575f.jpg,13,0.24134813249111176,0.7965943813323975,0.025130070745944977,0.02319328673183918,0.000956578238401562
road450_png.rf.4066ba8e8ac659692b69cbcf144c575f.jpg,7,0.4849954843521118,0.3510938882827759,0.12951795756816864,0.04137600585818291,0.0006307394942268729
road450_png.rf.4066ba8e8ac659692b69cbcf144c575f.jpg,9,0.7327605485916138,0.6264791488647461,0.5338868498802185,0.6183040738105774,0.0005079380935057998
road453_png.rf.2ac6332c02e34b01f38bd0daf2dee199.jpg,10,0.4445544183254242,0.4759730100631714,0.2777393162250519,0.2186499834060669,0.9345224499702454
road459_png.rf.90e8843192d53e6f83e48ef5a09736a3.jpg,12,0.4821604788303375,0.44106853008270264,0.21148565411567688,0.16878704726696014,0.9864972233772278
road459_png.rf.90e8843192d53e6f83e48ef5a09736a3.jpg,1,0.41491904854774475,0.8767591714859009,0.1291651725769043,0.24648161232471466,0.9624762535095215
road459_png.rf.90e8843192d53e6f83e48ef5a09736a3.jpg,0,0.4928601384162903,0.9078660011291504,0.035016246140003204,0.18426799774169922,0.000728459854144603
road45_png.rf.de2883de8bdeb35347f7dfbd23b1916c.jpg,1,0.6324629783630371,0.3180080056190491,0.16007405519485474,0.22475001215934753,0.7570310831069946
road45_png.rf.de2883de8bdeb35347f7dfbd23b1916c.jpg,0,0.6583985686302185,0.1497839242219925,0.04166889190673828,0.12179188430309296,0.5176616311073303
road45_png.rf.de2883de8bdeb35347f7dfbd23b1916c.jpg,1,0.660293698310852,0.28953465819358826,0.10950719565153122,0.17393933236598969,0.05212841555476189
road45_png.rf.de2883de8bdeb35347f7dfbd23b1916c.jpg,1,0.5788078308105469,0.3231887221336365,0.13032418489456177,0.2523684799671173,0.018087446689605713
road45_png.rf.de2883de8bdeb35347f7dfbd23b1916c.jpg,1,0.42553195357322693,0.033305536955595016,0.041973043233156204,0.01787203550338745,0.015533036552369595
road45_png.rf.de2883de8bdeb35347f7dfbd23b1916c.jpg,1,0.5580652952194214,0.3162636458873749,0.3180806338787079,0.22642602026462555,0.014419512823224068
road45_png.rf.de2883de8bdeb35347f7dfbd23b1916c.jpg,1,0.41289809346199036,0.02647007815539837,0.06837298721075058,0.029647989198565483,0.0067284805700182915
road45_png.rf.de2883de8bdeb35347f7dfbd23b1916c.jpg,0,0.09493398666381836,0.5203644633293152,0.047563910484313965,0.03869801387190819,0.006371070630848408
road45_png.rf.de2883de8bdeb35347f7dfbd23b1916c.jpg,1,0.6040549278259277,0.2897007167339325,0.11521152406930923,0.16079774498939514,0.002826940268278122
road45_png.rf.de2883de8bdeb35347f7dfbd23b1916c.jpg,0,0.45401060581207275,0.6270526051521301,0.17819908261299133,0.09699183702468872,0.0024605959188193083
road45_png.rf.de2883de8bdeb35347f7dfbd23b1916c.jpg,1,0.5947505235671997,0.25521713495254517,0.08070645481348038,0.08648872375488281,0.001820501871407032
road45_png.rf.de2883de8bdeb35347f7dfbd23b1916c.jpg,0,0.47397929430007935,0.5541316270828247,0.14622429013252258,0.061646465212106705,0.0013421650510281324
road45_png.rf.de2883de8bdeb35347f7dfbd23b1916c.jpg,1,0.5729213953018188,0.2413642853498459,0.049138475209474564,0.05633736029267311,0.0013314918614923954
road45_png.rf.de2883de8bdeb35347f7dfbd23b1916c.jpg,1,0.3981936573982239,0.017457030713558197,0.07917731255292892,0.034914061427116394,0.0013092790031805634
road45_png.rf.de2883de8bdeb35347f7dfbd23b1916c.jpg,0,0.7201759815216064,0.40860867500305176,0.10841318964958191,0.0736047700047493,0.001287252176553011
road45_png.rf.de2883de8bdeb35347f7dfbd23b1916c.jpg,0,0.6689636707305908,0.1702616959810257,0.034272048622369766,0.07391049712896347,0.0010206613223999739
road45_png.rf.de2883de8bdeb35347f7dfbd23b1916c.jpg,1,0.6282281279563904,0.2581526041030884,0.14374828338623047,0.09835782647132874,0.0009099299204535782
road45_png.rf.de2883de8bdeb35347f7dfbd23b1916c.jpg,1,0.49866408109664917,0.3617132008075714,0.05263442546129227,0.03243310749530792,0.000902089464943856
road45_png.rf.de2883de8bdeb35347f7dfbd23b1916c.jpg,1,0.6124628186225891,0.3280927836894989,0.10251881927251816,0.08102558553218842,0.0008668152149766684
road45_png.rf.de2883de8bdeb35347f7dfbd23b1916c.jpg,0,0.6644187569618225,0.23319567739963531,0.06212520971894264,0.06438016891479492,0.0008365059038624167
road45_png.rf.de2883de8bdeb35347f7dfbd23b1916c.jpg,1,0.6251139044761658,0.5604668855667114,0.2641253173351288,0.7385762333869934,0.0007887460524216294
road45_png.rf.de2883de8bdeb35347f7dfbd23b1916c.jpg,10,0.0938543975353241,0.5186163187026978,0.04734271764755249,0.038782671093940735,0.0007574362098239362
road45_png.rf.de2883de8bdeb35347f7dfbd23b1916c.jpg,1,0.015144807286560535,0.19973020255565643,0.029933344572782516,0.10397670418024063,0.0007016961462795734
road45_png.rf.de2883de8bdeb35347f7dfbd23b1916c.jpg,1,0.5655843615531921,0.36143869161605835,0.1605449914932251,0.08143344521522522,0.0006807138561271131
road45_png.rf.de2883de8bdeb35347f7dfbd23b1916c.jpg,0,0.7465324401855469,0.40569716691970825,0.05395222082734108,0.07529878616333008,0.0005991491489112377
road45_png.rf.de2883de8bdeb35347f7dfbd23b1916c.jpg,0,0.6266010999679565,0.41257885098457336,0.3018849194049835,0.07828962057828903,0.0005906501901336014
road466_png.rf.d57ae6325b53f1b11ebb16fbfefd48e0.jpg,12,0.3629205524921417,0.250832736492157,0.2712063491344452,0.20380355417728424,0.967387318611145
road466_png.rf.d57ae6325b53f1b11ebb16fbfefd48e0.jpg,0,0.3232983946800232,0.8015289902687073,0.16598765552043915,0.3638066053390503,0.9390859603881836
road466_png.rf.d57ae6325b53f1b11ebb16fbfefd48e0.jpg,0,0.9691503047943115,0.9956215023994446,0.06169950217008591,0.00875707808881998,0.0007740927394479513
road466_png.rf.d57ae6325b53f1b11ebb16fbfefd48e0.jpg,0,0.6645336151123047,0.7640188336372375,0.12066115438938141,0.19912338256835938,0.0005046124570071697
road470_png.rf.7670afafae0b681bed4d7bd1ce2f1775.jpg,12,0.325019508600235,0.5427234768867493,0.1873023957014084,0.14602544903755188,0.969082772731781
road470_png.rf.7670afafae0b681bed4d7bd1ce2f1775.jpg,0,0.5209959149360657,0.9384382367134094,0.026149751618504524,0.11518052965402603,0.13743939995765686
road470_png.rf.7670afafae0b681bed4d7bd1ce2f1775.jpg,0,0.006420557387173176,0.6096135377883911,0.012623869813978672,0.07445277273654938,0.0036777749191969633
road470_png.rf.7670afafae0b681bed4d7bd1ce2f1775.jpg,1,0.9481354355812073,0.44957396388053894,0.0715266764163971,0.022015461698174477,0.0030176222790032625
road470_png.rf.7670afafae0b681bed4d7bd1ce2f1775.jpg,0,0.30925437808036804,0.9635162949562073,0.03607148677110672,0.072967529296875,0.002931199036538601
road470_png.rf.7670afafae0b681bed4d7bd1ce2f1775.jpg,0,0.04353613778948784,0.6138415932655334,0.04354607313871384,0.11071202158927917,0.002225566888228059
road470_png.rf.7670afafae0b681bed4d7bd1ce2f1775.jpg,0,0.8122120499610901,0.6927387714385986,0.05324459448456764,0.021814420819282532,0.0018711986485868692
road470_png.rf.7670afafae0b681bed4d7bd1ce2f1775.jpg,0,0.7856524586677551,0.15646229684352875,0.0813332349061966,0.052163273096084595,0.0015763163100928068
road470_png.rf.7670afafae0b681bed4d7bd1ce2f1775.jpg,0,0.7955198287963867,0.7047999501228333,0.07385063171386719,0.018306219950318336,0.0015104697085916996
road470_png.rf.7670afafae0b681bed4d7bd1ce2f1775.jpg,0,0.9938458204269409,0.9278114438056946,0.012074250727891922,0.14291441440582275,0.0012466860935091972
road470_png.rf.7670afafae0b681bed4d7bd1ce2f1775.jpg,0,0.6105504631996155,0.6252598762512207,0.06135265901684761,0.026035455986857414,0.001173740136437118
road470_png.rf.7670afafae0b681bed4d7bd1ce2f1775.jpg,0,0.49581435322761536,0.9392543435096741,0.021100008860230446,0.11379433423280716,0.001129260053858161
road470_png.rf.7670afafae0b681bed4d7bd1ce2f1775.jpg,0,0.026445770636200905,0.608073890209198,0.02354610525071621,0.08754437416791916,0.0010952167212963104
road470_png.rf.7670afafae0b681bed4d7bd1ce2f1775.jpg,0,0.777082085609436,0.7064388990402222,0.040371090173721313,0.020953545346856117,0.0010291595244780183
road470_png.rf.7670afafae0b681bed4d7bd1ce2f1775.jpg,0,0.5093288421630859,0.9423395395278931,0.02323264442384243,0.11523342877626419,0.0008853407925926149
road470_png.rf.7670afafae0b681bed4d7bd1ce2f1775.jpg,0,0.8272227048873901,0.15451261401176453,0.16527476906776428,0.05329044163227081,0.0006788182654418051
road470_png.rf.7670afafae0b681bed4d7bd1ce2f1775.jpg,0,0.524613082408905,0.9602359533309937,0.022602375596761703,0.07945170998573303,0.0006010583019815385
road485_png.rf.27b8f614cd9acbfc022c4c40b8707cbf.jpg,12,0.3848170340061188,0.4727233648300171,0.4254385232925415,0.3238036334514618,0.966715931892395
road487_png.rf.dc7045b0bb497d4a44959dc9f8466232.jpg,12,0.5743220448493958,0.42560893297195435,0.10905284434556961,0.08282643556594849,0.9194135665893555
road487_png.rf.dc7045b0bb497d4a44959dc9f8466232.jpg,0,0.3592069447040558,0.0037241855170577765,0.05782967433333397,0.007333892397582531,0.016233082860708237
road487_png.rf.dc7045b0bb497d4a44959dc9f8466232.jpg,1,0.27458563446998596,0.011919847689568996,0.018481072038412094,0.02375699020922184,0.004143020138144493
road487_png.rf.dc7045b0bb497d4a44959dc9f8466232.jpg,1,0.3009239733219147,0.020091045647859573,0.01753825508058071,0.04018209129571915,0.0015657033072784543
road488_png.rf.d96ab5854f2c6a2137b4005752cadeec.jpg,12,0.6734563708305359,0.36108413338661194,0.12407948821783066,0.09510403871536255,0.9788181781768799
road488_png.rf.d96ab5854f2c6a2137b4005752cadeec.jpg,1,0.09837675094604492,0.005844786763191223,0.05879385024309158,0.011582016944885254,0.021438920870423317
road488_png.rf.d96ab5854f2c6a2137b4005752cadeec.jpg,1,0.6651046872138977,0.01165794301778078,0.02235368639230728,0.023135367780923843,0.003914352972060442
road488_png.rf.d96ab5854f2c6a2137b4005752cadeec.jpg,0,0.010996847413480282,0.017640236765146255,0.018294934183359146,0.03528047353029251,0.0035043908283114433
road488_png.rf.d96ab5854f2c6a2137b4005752cadeec.jpg,1,0.31590330600738525,0.007315733935683966,0.024470146745443344,0.014630145393311977,0.001743114786222577
road488_png.rf.d96ab5854f2c6a2137b4005752cadeec.jpg,1,0.5425583124160767,0.011166764423251152,0.017140096053481102,0.022068040445446968,0.001453229459002614
road488_png.rf.d96ab5854f2c6a2137b4005752cadeec.jpg,7,0.6742284893989563,0.36129072308540344,0.1232265755534172,0.09472047537565231,0.0013654823414981365
road488_png.rf.d96ab5854f2c6a2137b4005752cadeec.jpg,1,0.55839604139328,0.010661490261554718,0.07713468372821808,0.021108536049723625,0.0013506589457392693
road488_png.rf.d96ab5854f2c6a2137b4005752cadeec.jpg,1,0.3445957899093628,0.01616055518388748,0.013246280141174793,0.03226504102349281,0.0009293912444263697
road488_png.rf.d96ab5854f2c6a2137b4005752cadeec.jpg,1,0.7713822722434998,0.0120542012155056,0.022963304072618484,0.0241084024310112,0.0008565023308619857
road488_png.rf.d96ab5854f2c6a2137b4005752cadeec.jpg,1,0.5291706323623657,0.012098204344511032,0.021846406161785126,0.024196408689022064,0.0008404387044720352
road488_png.rf.d96ab5854f2c6a2137b4005752cadeec.jpg,8,0.6754595041275024,0.5764151811599731,0.05748903006315231,0.10590054839849472,0.0008221070747822523
road488_png.rf.d96ab5854f2c6a2137b4005752cadeec.jpg,0,0.5483217239379883,0.011842465959489346,0.08156251907348633,0.023615509271621704,0.0007643236895091832
road488_png.rf.d96ab5854f2c6a2137b4005752cadeec.jpg,1,0.5488130450248718,0.011500269174575806,0.033156946301460266,0.02300053834915161,0.0006696733180433512
road488_png.rf.d96ab5854f2c6a2137b4005752cadeec.jpg,1,0.10384625941514969,0.008791972883045673,0.08494091033935547,0.017289185896515846,0.0006500218878500164
road488_png.rf.d96ab5854f2c6a2137b4005752cadeec.jpg,0,0.30265581607818604,0.008849041536450386,0.05225387215614319,0.01748839020729065,0.000509973440784961
road490_png.rf.464f4426af72921b633d86c047b4eb7a.jpg,12,0.5295764207839966,0.3704499900341034,0.1583808809518814,0.1235334724187851,0.9621552228927612
road490_png.rf.464f4426af72921b633d86c047b4eb7a.jpg,3,0.9560989141464233,0.9936591386795044,0.08780238032341003,0.012511474080383778,0.003262168960645795
road490_png.rf.464f4426af72921b633d86c047b4eb7a.jpg,9,0.48069247603416443,0.8668615221977234,0.02796393260359764,0.0237041637301445,0.0014682833570986986
road490_png.rf.464f4426af72921b633d86c047b4eb7a.jpg,1,0.5276757478713989,0.011018489487469196,0.015079205855727196,0.022036978974938393,0.0013609345769509673
road490_png.rf.464f4426af72921b633d86c047b4eb7a.jpg,1,0.5165709257125854,0.011079743504524231,0.017589202150702477,0.02159210667014122,0.0007911703432910144
road490_png.rf.464f4426af72921b633d86c047b4eb7a.jpg,1,0.24499817192554474,0.013973345048725605,0.01638636365532875,0.027884753420948982,0.0006475663976743817
road490_png.rf.464f4426af72921b633d86c047b4eb7a.jpg,8,0.32156282663345337,0.9706735014915466,0.35324010252952576,0.058653101325035095,0.0006169289699755609
road490_png.rf.464f4426af72921b633d86c047b4eb7a.jpg,1,0.256761372089386,0.013345593586564064,0.020665738731622696,0.026627585291862488,0.0005911153857596219
road490_png.rf.464f4426af72921b633d86c047b4eb7a.jpg,1,0.048973750323057175,0.011914698407053947,0.030308401212096214,0.023829396814107895,0.0005217131110839546
road491_png.rf.878b3a369b2f57b3edeb679ff3e03c23.jpg,12,0.5735636949539185,0.40250641107559204,0.19627803564071655,0.1523548662662506,0.9792302250862122
road491_png.rf.878b3a369b2f57b3edeb679ff3e03c23.jpg,8,0.922127902507782,0.954181432723999,0.15520742535591125,0.09163717180490494,0.0011114923981949687
road491_png.rf.878b3a369b2f57b3edeb679ff3e03c23.jpg,8,0.9569264054298401,0.9779201149940491,0.0859157145023346,0.043166015297174454,0.001091692829504609
road491_png.rf.878b3a369b2f57b3edeb679ff3e03c23.jpg,12,0.574060320854187,0.49885275959968567,0.20732209086418152,0.3555987477302551,0.0008687993395142257
road506_png.rf.7a13ac3369dd9c4a13997267c82b32a6.jpg,12,0.3107399642467499,0.6733636260032654,0.23217710852622986,0.17945440113544464,0.9718422293663025
road506_png.rf.7a13ac3369dd9c4a13997267c82b32a6.jpg,0,0.9903013110160828,0.5567342042922974,0.01935078576207161,0.02207220532000065,0.0017996210372075438
road519_png.rf.aa9e93bebe13bca1fd49aa4b08f47354.jpg,12,0.5812045335769653,0.4705471098423004,0.09085776656866074,0.07007606327533722,0.97153240442276
road519_png.rf.aa9e93bebe13bca1fd49aa4b08f47354.jpg,7,0.5786356925964355,0.47138354182243347,0.0886731892824173,0.0686320886015892,0.004429996944963932
road519_png.rf.aa9e93bebe13bca1fd49aa4b08f47354.jpg,1,0.5466890931129456,0.8238359093666077,0.016499152407050133,0.019842147827148438,0.003932553809136152
road519_png.rf.aa9e93bebe13bca1fd49aa4b08f47354.jpg,1,0.5461582541465759,0.8391132950782776,0.01575726829469204,0.04881059378385544,0.0026691891252994537
road519_png.rf.aa9e93bebe13bca1fd49aa4b08f47354.jpg,9,0.5467994809150696,0.8234108090400696,0.015750115737318993,0.02012399584054947,0.001469332491979003
road519_png.rf.aa9e93bebe13bca1fd49aa4b08f47354.jpg,0,0.3066328465938568,0.36396846175193787,0.6132656931877136,0.7276374697685242,0.0010833446867763996
road519_png.rf.aa9e93bebe13bca1fd49aa4b08f47354.jpg,7,0.5893359780311584,0.39130696654319763,0.12131739407777786,0.246702179312706,0.0006903542671352625
road51_png.rf.049d6ceefd959818a9f59c81f8d1387a.jpg,1,0.5532277822494507,0.4990708529949188,0.1327187567949295,0.3280406892299652,0.8389924168586731
road51_png.rf.049d6ceefd959818a9f59c81f8d1387a.jpg,0,0.5523285865783691,0.4942668080329895,0.13760732114315033,0.33481845259666443,0.24878932535648346
road51_png.rf.049d6ceefd959818a9f59c81f8d1387a.jpg,0,0.6656093597412109,0.9743412137031555,0.11572453379631042,0.05112171545624733,0.003351468127220869
road51_png.rf.049d6ceefd959818a9f59c81f8d1387a.jpg,0,0.5508356690406799,0.39995276927948,0.13456043601036072,0.10949432104825974,0.002006388269364834
road51_png.rf.049d6ceefd959818a9f59c81f8d1387a.jpg,0,0.12436399608850479,0.33630266785621643,0.051429182291030884,0.1619528830051422,0.0010032352292910218
road51_png.rf.049d6ceefd959818a9f59c81f8d1387a.jpg,7,0.28283795714378357,0.6879264712333679,0.48321494460105896,0.5806477665901184,0.0006472862442024052
road51_png.rf.049d6ceefd959818a9f59c81f8d1387a.jpg,7,0.5824390053749084,0.647993266582489,0.6948869228363037,0.6312081217765808,0.0005645767669193447
road51_png.rf.049d6ceefd959818a9f59c81f8d1387a.jpg,1,0.5506939888000488,0.40824323892593384,0.1346740424633026,0.12119777500629425,0.0005394151085056365
road520_png.rf.937374420bcb13bddc7b27ad6128d860.jpg,12,0.6360129714012146,0.40936046838760376,0.1573457419872284,0.11951740086078644,0.9724631309509277
road520_png.rf.937374420bcb13bddc7b27ad6128d860.jpg,0,0.4199467599391937,0.8991217017173767,0.02088165283203125,0.1251247227191925,0.004854246508330107
road520_png.rf.937374420bcb13bddc7b27ad6128d860.jpg,14,0.39563480019569397,0.9359482526779175,0.033414363861083984,0.03386424109339714,0.0008703043567948043
road520_png.rf.937374420bcb13bddc7b27ad6128d860.jpg,0,0.4020026922225952,0.9011021256446838,0.041383083909749985,0.11864090710878372,0.0006896746344864368
road520_png.rf.937374420bcb13bddc7b27ad6128d860.jpg,1,0.3930831551551819,0.9349254369735718,0.03035842627286911,0.03974878042936325,0.0005432467442005873
road554_png.rf.534262cf45c8f7f6ad9e709bfa74bd81.jpg,8,0.3819138705730438,0.7093771696090698,0.1763252317905426,0.13517460227012634,0.9737574458122253
road554_png.rf.534262cf45c8f7f6ad9e709bfa74bd81.jpg,0,0.27960190176963806,0.0057859281077980995,0.08056782186031342,0.011559180915355682,0.002946022432297468
road554_png.rf.534262cf45c8f7f6ad9e709bfa74bd81.jpg,0,0.6794494986534119,0.3001946210861206,0.6357818245887756,0.5943816900253296,0.0009280187077820301
road554_png.rf.534262cf45c8f7f6ad9e709bfa74bd81.jpg,0,0.27759599685668945,0.9952699542045593,0.08527469635009766,0.009460083208978176,0.0006006353651173413
road573_png.rf.692497fab5c04bfffa1d5f4b2b285213.jpg,8,0.37906399369239807,0.6565903425216675,0.298586368560791,0.23140354454517365,0.9798213243484497
road574_png.rf.e9300ee48cadd50aff3821e5d303d293.jpg,8,0.4895452857017517,0.6637744903564453,0.39031359553337097,0.29770874977111816,0.9745203852653503
road574_png.rf.e9300ee48cadd50aff3821e5d303d293.jpg,8,0.6118190884590149,0.42909806966781616,0.644369900226593,0.7730437517166138,0.0007984571275301278
road576_png.rf.f46db39f9f64118df1377c6196897c25.jpg,8,0.25546693801879883,0.33337321877479553,0.12589699029922485,0.09373018145561218,0.947046160697937
road576_png.rf.f46db39f9f64118df1377c6196897c25.jpg,0,0.872850239276886,0.5335004925727844,0.041690241545438766,0.03389395400881767,0.002029828494414687
road576_png.rf.f46db39f9f64118df1377c6196897c25.jpg,0,0.7711670994758606,0.5360575914382935,0.04741859436035156,0.03201235458254814,0.0005603423924185336
road582_png.rf.930fbae49546d10b46e1f533c4e0a291.jpg,1,0.644720733165741,0.6249613761901855,0.05016268417239189,0.10674003511667252,0.8829373717308044
road582_png.rf.930fbae49546d10b46e1f533c4e0a291.jpg,0,0.3540695905685425,0.3677271604537964,0.05119382590055466,0.11029130220413208,0.6198879480361938
road582_png.rf.930fbae49546d10b46e1f533c4e0a291.jpg,1,0.3542243540287018,0.36581897735595703,0.052266012877225876,0.10832225531339645,0.218600794672966
road582_png.rf.930fbae49546d10b46e1f533c4e0a291.jpg,14,0.6454195380210876,0.5897787809371948,0.043966956436634064,0.03741906210780144,0.0089945113286376
road582_png.rf.930fbae49546d10b46e1f533c4e0a291.jpg,1,0.6423078775405884,0.6881265640258789,0.05883950740098953,0.24261237680912018,0.0036138819996267557
road582_png.rf.930fbae49546d10b46e1f533c4e0a291.jpg,1,0.7146467566490173,0.7755690813064575,0.028753647580742836,0.020588068291544914,0.0034290726762264967
road582_png.rf.930fbae49546d10b46e1f533c4e0a291.jpg,1,0.6466143727302551,0.5909585356712341,0.046011485159397125,0.041530683636665344,0.0013647394953295588
road582_png.rf.930fbae49546d10b46e1f533c4e0a291.jpg,10,0.30870047211647034,0.5025572180747986,0.6174009442329407,0.9474868178367615,0.0009908914798870683
road582_png.rf.930fbae49546d10b46e1f533c4e0a291.jpg,1,0.6412478685379028,0.7341694831848145,0.07957583665847778,0.4971625506877899,0.0006946086068637669
road582_png.rf.930fbae49546d10b46e1f533c4e0a291.jpg,0,0.9867178201675415,0.404535174369812,0.026536135002970695,0.38559046387672424,0.0006450142245739698
road582_png.rf.930fbae49546d10b46e1f533c4e0a291.jpg,0,0.9274903535842896,0.3817923069000244,0.141733318567276,0.34977987408638,0.0006236174376681447
road582_png.rf.930fbae49546d10b46e1f533c4e0a291.jpg,1,0.748096764087677,0.709662675857544,0.30288395285606384,0.5455741286277771,0.0005313658039085567
road582_png.rf.930fbae49546d10b46e1f533c4e0a291.jpg,0,0.8164201974868774,0.8003141283988953,0.014468340203166008,0.016745200380682945,0.0005082206916995347
road585_png.rf.9f55a59547b49a85d4b9012e0f24859c.jpg,12,0.5018006563186646,0.31989333033561707,0.13675184547901154,0.10320091992616653,0.9587253332138062
road587_png.rf.a53ec0d32057731c117123acb2f3b4e1.jpg,12,0.4544854760169983,0.5169401168823242,0.06931859254837036,0.05395115539431572,0.8971372246742249
road587_png.rf.a53ec0d32057731c117123acb2f3b4e1.jpg,1,0.0340106375515461,0.6447469592094421,0.013232478871941566,0.01353183202445507,0.1833072006702423
road587_png.rf.a53ec0d32057731c117123acb2f3b4e1.jpg,1,0.12234320491552353,0.67621910572052,0.01371040754020214,0.014994108118116856,0.03741565719246864
road587_png.rf.a53ec0d32057731c117123acb2f3b4e1.jpg,1,0.025815743952989578,0.6438615918159485,0.030578063800930977,0.018100298941135406,0.009911803528666496
road587_png.rf.a53ec0d32057731c117123acb2f3b4e1.jpg,14,0.12405738979578018,0.6762750744819641,0.013467495329678059,0.0157623291015625,0.009142722934484482
road587_png.rf.a53ec0d32057731c117123acb2f3b4e1.jpg,1,0.12255904078483582,0.6849460601806641,0.012175368145108223,0.026956338435411453,0.002967792795971036
road587_png.rf.a53ec0d32057731c117123acb2f3b4e1.jpg,1,0.004137266427278519,0.6317614316940308,0.008274532854557037,0.023828141391277313,0.002228866796940565
road587_png.rf.a53ec0d32057731c117123acb2f3b4e1.jpg,1,0.11376016587018967,0.6782450079917908,0.017659280449151993,0.014979950152337551,0.0014268264640122652
road587_png.rf.a53ec0d32057731c117123acb2f3b4e1.jpg,1,0.033803850412368774,0.6390103697776794,0.017506226897239685,0.02150711789727211,0.0013995930785313249
road587_png.rf.a53ec0d32057731c117123acb2f3b4e1.jpg,0,0.450815886259079,0.6280487179756165,0.016998291015625,0.04454957693815231,0.001104154740460217
road587_png.rf.a53ec0d32057731c117123acb2f3b4e1.jpg,1,0.015761185437440872,0.6422867774963379,0.03053135797381401,0.022914227098226547,0.0011004243278875947
road587_png.rf.a53ec0d32057731c117123acb2f3b4e1.jpg,1,0.036806680262088776,0.6464064717292786,0.01410185918211937,0.023120367899537086,0.0008786512771621346
road587_png.rf.a53ec0d32057731c117123acb2f3b4e1.jpg,3,0.9741827249526978,0.7469286322593689,0.051634643226861954,0.506142795085907,0.000845000147819519
road587_png.rf.a53ec0d32057731c117123acb2f3b4e1.jpg,1,0.4501210153102875,0.6277374625205994,0.015588577836751938,0.04448029026389122,0.0008263233467005193
road587_png.rf.a53ec0d32057731c117123acb2f3b4e1.jpg,1,0.05190122872591019,0.6423684358596802,0.01636282354593277,0.01954636350274086,0.0007522864616475999
road587_png.rf.a53ec0d32057731c117123acb2f3b4e1.jpg,7,0.36816927790641785,0.427240252494812,0.3297363519668579,0.3417094051837921,0.0005415295599959791
road596_png.rf.11f43967e3d8f54a7c94b5810f527f23.jpg,12,0.5056554079055786,0.38707250356674194,0.10933568328619003,0.08691626787185669,0.9252814650535583
road59_png.rf.f43173a745a9712aebbbc8f919e0fff6.jpg,14,0.6935169696807861,0.49988242983818054,0.47947943210601807,0.6256217956542969,0.9586135745048523
road59_png.rf.f43173a745a9712aebbbc8f919e0fff6.jpg,0,0.17738093435764313,0.007932902313768864,0.06319022178649902,0.015464690513908863,0.016084006056189537
road59_png.rf.f43173a745a9712aebbbc8f919e0fff6.jpg,0,0.2163609117269516,0.01282820850610733,0.13396510481834412,0.025478102266788483,0.00711290305480361
road59_png.rf.f43173a745a9712aebbbc8f919e0fff6.jpg,0,0.17171800136566162,0.013170642778277397,0.0888151079416275,0.026341285556554794,0.005968371406197548
road59_png.rf.f43173a745a9712aebbbc8f919e0fff6.jpg,0,0.15745258331298828,0.006416150834411383,0.08275433629751205,0.012545443139970303,0.0007855806034058332
road604_png.rf.78092f95d0c775d7e2b266dee85e6c5d.jpg,12,0.3321084976196289,0.29482120275497437,0.15170226991176605,0.11499278992414474,0.9823198914527893
road604_png.rf.78092f95d0c775d7e2b266dee85e6c5d.jpg,3,0.09641474485397339,0.5799967050552368,0.013404058292508125,0.022902855649590492,0.0010680919513106346
road604_png.rf.78092f95d0c775d7e2b266dee85e6c5d.jpg,12,0.5690038800239563,0.22764363884925842,0.7989944815635681,0.4532924294471741,0.0006076529971323907
road604_png.rf.78092f95d0c775d7e2b266dee85e6c5d.jpg,0,0.8774955868721008,0.2485944777727127,0.016720404848456383,0.022422607988119125,0.0005642467294819653
road604_png.rf.78092f95d0c775d7e2b266dee85e6c5d.jpg,12,0.756257176399231,0.08489622175693512,0.48748570680618286,0.16979244351387024,0.0005587121122516692
road604_png.rf.78092f95d0c775d7e2b266dee85e6c5d.jpg,12,0.4800449013710022,0.12631657719612122,0.8685213327407837,0.25263315439224243,0.0005243676132522523
road613_png.rf.560c13a685d02ca31a65b6b2b172772a.jpg,9,0.5617064833641052,0.5162547826766968,0.09032022207975388,0.06804048269987106,0.9684475064277649
road613_png.rf.560c13a685d02ca31a65b6b2b172772a.jpg,0,0.8763605356216431,0.009583215229213238,0.1100994274020195,0.018997827544808388,0.004849773366004229
road619_png.rf.afe775af026ad763791eed33be445f64.jpg,8,0.528408944606781,0.4344464838504791,0.17243129014968872,0.13336193561553955,0.9825974106788635
road619_png.rf.afe775af026ad763791eed33be445f64.jpg,8,0.5132861137390137,0.31984591484069824,0.03759395331144333,0.04160798713564873,0.0006420724093914032
road619_png.rf.afe775af026ad763791eed33be445f64.jpg,8,0.02090158499777317,0.7237048745155334,0.03915223851799965,0.06561404466629028,0.0005658034351654351
road629_png.rf.79a049eae4f765c580544c533220d5f5.jpg,9,0.6616812944412231,0.37523186206817627,0.33802616596221924,0.26594802737236023,0.9491585493087769
road629_png.rf.79a049eae4f765c580544c533220d5f5.jpg,0,0.10433167219161987,0.4001883566379547,0.07473926991224289,0.037230491638183594,0.004067774396389723
road629_png.rf.79a049eae4f765c580544c533220d5f5.jpg,0,0.18630126118659973,0.9898660778999329,0.051508136093616486,0.020267928019165993,0.0028841400053352118
road629_png.rf.79a049eae4f765c580544c533220d5f5.jpg,1,0.331580251455307,0.632175862789154,0.6548978686332703,0.6906078457832336,0.0014211282832548022
road629_png.rf.79a049eae4f765c580544c533220d5f5.jpg,0,0.05213220790028572,0.4333864152431488,0.06489874422550201,0.026694664731621742,0.0009354503708891571
road629_png.rf.79a049eae4f765c580544c533220d5f5.jpg,0,0.03949541971087456,0.44295480847358704,0.07671763747930527,0.04089278727769852,0.0005509982584044337
road62_png.rf.b3288434b3cf3e2b6d2f057c1f5a0502.jpg,14,0.6377162933349609,0.3978453576564789,0.32273241877555847,0.22412081062793732,0.9570634961128235
road62_png.rf.b3288434b3cf3e2b6d2f057c1f5a0502.jpg,14,0.6385822296142578,0.5366078615188599,0.3317013680934906,0.5081674456596375,0.0028994346503168344
road633_png.rf.282d128c502ba602126742a5064cd054.jpg,14,0.39314842224121094,0.31779003143310547,0.13067837059497833,0.10263652354478836,0.9617188572883606
road633_png.rf.282d128c502ba602126742a5064cd054.jpg,3,0.996282160282135,0.757810115814209,0.0074357991106808186,0.04420940950512886,0.0021193467546254396
road633_png.rf.282d128c502ba602126742a5064cd054.jpg,8,0.6355158090591431,0.018426258116960526,0.023985350504517555,0.03685251623392105,0.0016147025162354112
road633_png.rf.282d128c502ba602126742a5064cd054.jpg,1,0.7856345772743225,0.00956709124147892,0.059884145855903625,0.019085237756371498,0.0011600218713283539
road633_png.rf.282d128c502ba602126742a5064cd054.jpg,0,0.3266962468624115,0.198810875415802,0.010049233213067055,0.029164260253310204,0.0008104730513878167
road633_png.rf.282d128c502ba602126742a5064cd054.jpg,14,0.5957526564598083,0.4145583212375641,0.7440387606620789,0.6897582411766052,0.0007737937266938388
road639_png.rf.74306332af06fee257b44f5dd9ae02fb.jpg,11,0.5383611917495728,0.6269280314445496,0.1416441947221756,0.10972602665424347,0.981278657913208
road639_png.rf.74306332af06fee257b44f5dd9ae02fb.jpg,8,0.07551202923059464,0.77409827709198,0.06543590128421783,0.05337495356798172,0.5807942152023315
road639_png.rf.74306332af06fee257b44f5dd9ae02fb.jpg,7,0.07570534199476242,0.774246335029602,0.06543619930744171,0.055240046232938766,0.3619970977306366
road639_png.rf.74306332af06fee257b44f5dd9ae02fb.jpg,9,0.07360829412937164,0.7726185321807861,0.06426618993282318,0.05414222180843353,0.26085320115089417
road639_png.rf.74306332af06fee257b44f5dd9ae02fb.jpg,1,0.5604608654975891,0.10274229198694229,0.0200039055198431,0.06314150243997574,0.004339242819696665
road639_png.rf.74306332af06fee257b44f5dd9ae02fb.jpg,1,0.46804744005203247,0.016177305951714516,0.05717134848237038,0.03235461190342903,0.001099374028854072
road639_png.rf.74306332af06fee257b44f5dd9ae02fb.jpg,11,0.31943759322166443,0.6744142770767212,0.6137042045593262,0.5486423373222351,0.0009555607102811337
road639_png.rf.74306332af06fee257b44f5dd9ae02fb.jpg,11,0.3728357255458832,0.3905310034751892,0.6885892152786255,0.7354395389556885,0.0006320263491943479
road639_png.rf.74306332af06fee257b44f5dd9ae02fb.jpg,1,0.5562148690223694,0.01100830640643835,0.024402253329753876,0.021994471549987793,0.0005617501446977258
road639_png.rf.74306332af06fee257b44f5dd9ae02fb.jpg,11,0.6483538746833801,0.7420809864997864,0.3612484931945801,0.46412938833236694,0.0005605480982922018
road640_png.rf.d095777d03f03f86a0b6b1f5b32dfdd5.jpg,11,0.7839798927307129,0.3229595720767975,0.15710817277431488,0.12250972539186478,0.983705997467041
road640_png.rf.d095777d03f03f86a0b6b1f5b32dfdd5.jpg,9,0.24163642525672913,0.48459121584892273,0.07056818157434464,0.05709952861070633,0.8852599263191223
road640_png.rf.d095777d03f03f86a0b6b1f5b32dfdd5.jpg,8,0.24310339987277985,0.48584505915641785,0.06877336651086807,0.05373268947005272,0.2660379707813263
road640_png.rf.d095777d03f03f86a0b6b1f5b32dfdd5.jpg,7,0.24281273782253265,0.485541433095932,0.06850976496934891,0.05543041601777077,0.035055894404649734
road640_png.rf.d095777d03f03f86a0b6b1f5b32dfdd5.jpg,0,0.4620032012462616,0.0070512555539608,0.07544602453708649,0.013813687488436699,0.004464323632419109
road640_png.rf.d095777d03f03f86a0b6b1f5b32dfdd5.jpg,11,0.8485884070396423,0.42056456208229065,0.30282336473464966,0.48616066575050354,0.001455440535210073
road640_png.rf.d095777d03f03f86a0b6b1f5b32dfdd5.jpg,11,0.811345636844635,0.1985461264848709,0.37730884552001953,0.39616724848747253,0.0008606541668996215
road640_png.rf.d095777d03f03f86a0b6b1f5b32dfdd5.jpg,11,0.6845882534980774,0.513811469078064,0.4151037335395813,0.5106647610664368,0.0006187193212099373
road640_png.rf.d095777d03f03f86a0b6b1f5b32dfdd5.jpg,11,0.8550170063972473,0.05909444019198418,0.28996607661247253,0.11812465637922287,0.0006126107182353735
road640_png.rf.d095777d03f03f86a0b6b1f5b32dfdd5.jpg,11,0.9500141739845276,0.17052710056304932,0.09997177124023438,0.34105420112609863,0.0005987255717627704
road640_png.rf.d095777d03f03f86a0b6b1f5b32dfdd5.jpg,10,0.23850739002227783,0.5285475850105286,0.07119010388851166,0.13724316656589508,0.0005002765101380646
road64_png.rf.bf315b45291d211d2e01926d50ddfddf.jpg,14,0.5468645095825195,0.47361093759536743,0.7781980037689209,0.8920020461082458,0.967283308506012
road650_png.rf.b4086d2eec2b5bfe4465ae484a3b762f.jpg,9,0.4849080443382263,0.31741538643836975,0.11955195665359497,0.09188951551914215,0.9922136664390564
road650_png.rf.b4086d2eec2b5bfe4465ae484a3b762f.jpg,9,0.5115717053413391,0.14794667065143585,0.030703142285346985,0.041530217975378036,0.005574519746005535
road650_png.rf.b4086d2eec2b5bfe4465ae484a3b762f.jpg,9,0.05820852145552635,0.5009859800338745,0.015276143327355385,0.017625993117690086,0.0037038112059235573
road650_png.rf.b4086d2eec2b5bfe4465ae484a3b762f.jpg,9,0.6251540780067444,0.5441921949386597,0.5053205490112305,0.6812120676040649,0.0021830436307936907
road650_png.rf.b4086d2eec2b5bfe4465ae484a3b762f.jpg,14,0.9077320694923401,0.47295328974723816,0.022241227328777313,0.04875297099351883,0.0013758746208623052
road650_png.rf.b4086d2eec2b5bfe4465ae484a3b762f.jpg,1,0.8734864592552185,0.0078597292304039,0.05814310535788536,0.01544434018433094,0.0012043443275615573
road650_png.rf.b4086d2eec2b5bfe4465ae484a3b762f.jpg,8,0.897144615650177,0.4821834862232208,0.025699837133288383,0.034892488270998,0.0011179475113749504
road650_png.rf.b4086d2eec2b5bfe4465ae484a3b762f.jpg,9,0.5074151754379272,0.1492319107055664,0.033759117126464844,0.0780290737748146,0.0009657181799411774
road650_png.rf.b4086d2eec2b5bfe4465ae484a3b762f.jpg,1,0.4505140483379364,0.010847396217286587,0.034976594150066376,0.021685341373085976,0.000957063224632293
road650_png.rf.b4086d2eec2b5bfe4465ae484a3b762f.jpg,1,0.8345274329185486,0.006308594718575478,0.05599499121308327,0.012617189437150955,0.0008478419622406363
road650_png.rf.b4086d2eec2b5bfe4465ae484a3b762f.jpg,9,0.48293429613113403,0.44747215509414673,0.12623967230319977,0.36519095301628113,0.0007322838646359742
road652_png.rf.e82e3cfaed8d2378962fd6c1380f5d02.jpg,8,0.4802701771259308,0.4576355218887329,0.06222332641482353,0.04755097255110741,0.9435393214225769
road652_png.rf.e82e3cfaed8d2378962fd6c1380f5d02.jpg,10,0.28822609782218933,0.4732474684715271,0.04742961749434471,0.036771006882190704,0.5110927224159241
road652_png.rf.e82e3cfaed8d2378962fd6c1380f5d02.jpg,8,0.28756269812583923,0.4733199179172516,0.04770611226558685,0.03509462997317314,0.18260154128074646
road652_png.rf.e82e3cfaed8d2378962fd6c1380f5d02.jpg,7,0.288363516330719,0.47363942861557007,0.048050131648778915,0.03675765544176102,0.07007269561290741
road652_png.rf.e82e3cfaed8d2378962fd6c1380f5d02.jpg,0,0.5333789587020874,0.00777678657323122,0.0977025032043457,0.015361222438514233,0.009211528114974499
road652_png.rf.e82e3cfaed8d2378962fd6c1380f5d02.jpg,5,0.28775641322135925,0.4314156472682953,0.04806911200284958,0.03424512594938278,0.004825820215046406
road652_png.rf.e82e3cfaed8d2378962fd6c1380f5d02.jpg,9,0.2857910096645355,0.4356975853443146,0.043451402336359024,0.046345897018909454,0.004223592113703489
road652_png.rf.e82e3cfaed8d2378962fd6c1380f5d02.jpg,0,0.1465989649295807,0.012020258232951164,0.12585924565792084,0.02404051646590233,0.003959151450544596
road652_png.rf.e82e3cfaed8d2378962fd6c1380f5d02.jpg,1,0.1451861411333084,0.01157746184617281,0.13073302805423737,0.022904668003320694,0.0017595599638298154
road652_png.rf.e82e3cfaed8d2378962fd6c1380f5d02.jpg,0,0.5353900790214539,0.016084197908639908,0.10483378916978836,0.032168395817279816,0.001349334605038166
road652_png.rf.e82e3cfaed8d2378962fd6c1380f5d02.jpg,0,0.39760318398475647,0.005935987923294306,0.12405171990394592,0.011657286435365677,0.0009367186576128006
road652_png.rf.e82e3cfaed8d2378962fd6c1380f5d02.jpg,1,0.6831390857696533,0.02390880323946476,0.03065762296319008,0.04686650261282921,0.0009113255073316395
road652_png.rf.e82e3cfaed8d2378962fd6c1380f5d02.jpg,0,0.3493236303329468,0.006505466531962156,0.14382977783679962,0.012815984897315502,0.0007592877373099327
road652_png.rf.e82e3cfaed8d2378962fd6c1380f5d02.jpg,11,0.2878621518611908,0.43355780839920044,0.04958851635456085,0.03836899623274803,0.0007374851265922189
road652_png.rf.e82e3cfaed8d2378962fd6c1380f5d02.jpg,12,0.22408592700958252,0.3063783347606659,0.44817185401916504,0.6063406467437744,0.0006223942036740482
road653_png.rf.a69e562a3dab509d536c1f6d7689c4de.jpg,8,0.5725446939468384,0.5728768110275269,0.07067786902189255,0.0544268935918808,0.9002305865287781
road653_png.rf.a69e562a3dab509d536c1f6d7689c4de.jpg,8,0.3351533114910126,0.5933331847190857,0.05235452204942703,0.0412067286670208,0.7865216135978699
road653_png.rf.a69e562a3dab509d536c1f6d7689c4de.jpg,10,0.33457762002944946,0.593997597694397,0.05256308242678642,0.04068052023649216,0.664560079574585
road653_png.rf.a69e562a3dab509d536c1f6d7689c4de.jpg,10,0.3353583514690399,0.5529606342315674,0.052162207663059235,0.06002103537321091,0.14731939136981964
road653_png.rf.a69e562a3dab509d536c1f6d7689c4de.jpg,9,0.3358306288719177,0.5578995943069458,0.05380014330148697,0.06953173875808716,0.0054545048624277115
road653_png.rf.a69e562a3dab509d536c1f6d7689c4de.jpg,0,0.3960241973400116,0.006020145025104284,0.1272803544998169,0.011892318725585938,0.0028683149721473455
road653_png.rf.a69e562a3dab509d536c1f6d7689c4de.jpg,1,0.9627986550331116,0.004611084703356028,0.04147566482424736,0.009170114062726498,0.0024322175886482
road653_png.rf.a69e562a3dab509d536c1f6d7689c4de.jpg,1,0.9510028958320618,0.004111165646463633,0.02614857628941536,0.008128534071147442,0.0018190275877714157
road653_png.rf.a69e562a3dab509d536c1f6d7689c4de.jpg,0,0.8563025593757629,0.01907912828028202,0.09677718579769135,0.03815825656056404,0.0014329070691019297
road653_png.rf.a69e562a3dab509d536c1f6d7689c4de.jpg,8,0.33529898524284363,0.5482924580574036,0.055350784212350845,0.04538070410490036,0.001425248570740223
road653_png.rf.a69e562a3dab509d536c1f6d7689c4de.jpg,7,0.3361797332763672,0.5481601357460022,0.05492221564054489,0.04127788543701172,0.0012937234714627266
road653_png.rf.a69e562a3dab509d536c1f6d7689c4de.jpg,0,0.4262548089027405,0.007753961253911257,0.19774580001831055,0.01520887203514576,0.0009041692828759551
road653_png.rf.a69e562a3dab509d536c1f6d7689c4de.jpg,0,0.726960301399231,0.030705396085977554,0.03850841522216797,0.02845722623169422,0.0008856157655827701
road653_png.rf.a69e562a3dab509d536c1f6d7689c4de.jpg,0,0.352096289396286,0.007477880455553532,0.11793689429759979,0.014684825204312801,0.0006337744416669011
road653_png.rf.a69e562a3dab509d536c1f6d7689c4de.jpg,11,0.33298376202583313,0.5463502407073975,0.049709174782037735,0.040993984788656235,0.0006118544843047857
road653_png.rf.a69e562a3dab509d536c1f6d7689c4de.jpg,0,0.22141095995903015,0.006850613746792078,0.10398627072572708,0.01355255488306284,0.0005870761233381927
road653_png.rf.a69e562a3dab509d536c1f6d7689c4de.jpg,0,0.9714604616165161,0.011526643298566341,0.057079169899225235,0.022767020389437675,0.0005514977383427322
road654_png.rf.dccac1ff09c216df1ecd3c90e1d3923b.jpg,8,0.4259442985057831,0.4992991089820862,0.08357936143875122,0.06253470480442047,0.9519411325454712
road654_png.rf.dccac1ff09c216df1ecd3c90e1d3923b.jpg,8,0.1362004280090332,0.521410346031189,0.05897411331534386,0.045889854431152344,0.6832250952720642
road654_png.rf.dccac1ff09c216df1ecd3c90e1d3923b.jpg,10,0.13710249960422516,0.5223400592803955,0.060290880501270294,0.044330671429634094,0.4185643792152405
road654_png.rf.dccac1ff09c216df1ecd3c90e1d3923b.jpg,8,0.13877733051776886,0.46910360455513,0.05886416509747505,0.04990214854478836,0.050800859928131104
road654_png.rf.dccac1ff09c216df1ecd3c90e1d3923b.jpg,9,0.13929148018360138,0.47047021985054016,0.060784921050071716,0.05059051886200905,0.004624748136848211
road654_png.rf.dccac1ff09c216df1ecd3c90e1d3923b.jpg,7,0.1390034705400467,0.46945998072624207,0.05761656537652016,0.04973297938704491,0.0036486657336354256
road654_png.rf.dccac1ff09c216df1ecd3c90e1d3923b.jpg,0,0.8384637236595154,0.009273441508412361,0.07281956821680069,0.018543852493166924,0.0023132720962166786
road654_png.rf.dccac1ff09c216df1ecd3c90e1d3923b.jpg,0,0.8207058310508728,0.01243249885737896,0.11068990081548691,0.02486499771475792,0.0016555105103179812
road654_png.rf.dccac1ff09c216df1ecd3c90e1d3923b.jpg,11,0.1387186497449875,0.5203431844711304,0.06176081299781799,0.045515794306993484,0.0015167132951319218
road654_png.rf.dccac1ff09c216df1ecd3c90e1d3923b.jpg,0,0.370479553937912,0.00585751049220562,0.0631328746676445,0.011318027973175049,0.001418447121977806
road654_png.rf.dccac1ff09c216df1ecd3c90e1d3923b.jpg,1,0.5719610452651978,0.00938453059643507,0.020308861508965492,0.018630251288414,0.001266053644940257
road654_png.rf.dccac1ff09c216df1ecd3c90e1d3923b.jpg,1,0.5886220335960388,0.009296824224293232,0.047657012939453125,0.018498379737138748,0.0012508799554780126
road654_png.rf.dccac1ff09c216df1ecd3c90e1d3923b.jpg,0,0.37880703806877136,0.007860064506530762,0.09287570416927338,0.015555418096482754,0.0007621893309988081
road654_png.rf.dccac1ff09c216df1ecd3c90e1d3923b.jpg,1,0.3545784652233124,0.005915608257055283,0.04939567297697067,0.011669689789414406,0.0006273324252106249
road654_png.rf.dccac1ff09c216df1ecd3c90e1d3923b.jpg,0,0.4126759469509125,0.00911111943423748,0.1506349891424179,0.018161455169320107,0.0005141900037415326
road655_png.rf.ff15054285f0f0f70cd01a48ab24b450.jpg,8,0.6456922888755798,0.5275179147720337,0.09380502253770828,0.07156045734882355,0.9583572149276733
road655_png.rf.ff15054285f0f0f70cd01a48ab24b450.jpg,10,0.29739075899124146,0.5631725192070007,0.0660475417971611,0.050620924681425095,0.930530309677124
road655_png.rf.ff15054285f0f0f70cd01a48ab24b450.jpg,9,0.29595088958740234,0.5613020658493042,0.06706894934177399,0.052739329636096954,0.49493780732154846
road655_png.rf.ff15054285f0f0f70cd01a48ab24b450.jpg,9,0.29827308654785156,0.5041620135307312,0.06507934629917145,0.05079566687345505,0.027729017660021782
road655_png.rf.ff15054285f0f0f70cd01a48ab24b450.jpg,1,0.5312960743904114,0.004828345030546188,0.07694072276353836,0.009533161297440529,0.026605935767292976
road655_png.rf.ff15054285f0f0f70cd01a48ab24b450.jpg,9,0.29760193824768066,0.535818338394165,0.066631980240345,0.09823417663574219,0.022247618064284325
road655_png.rf.ff15054285f0f0f70cd01a48ab24b450.jpg,0,0.5243074297904968,0.007112111430615187,0.08180369436740875,0.013883841224014759,0.0119395786896348
road655_png.rf.ff15054285f0f0f70cd01a48ab24b450.jpg,1,0.5360621213912964,0.010612662881612778,0.05688047781586647,0.020259596407413483,0.004682168830186129
road655_png.rf.ff15054285f0f0f70cd01a48ab24b450.jpg,0,0.8409466743469238,0.05460077151656151,0.07184205204248428,0.03293462097644806,0.003344583325088024
road655_png.rf.ff15054285f0f0f70cd01a48ab24b450.jpg,0,0.5938305258750916,0.007966853678226471,0.2565505802631378,0.015933707356452942,0.0011816712794825435
road655_png.rf.ff15054285f0f0f70cd01a48ab24b450.jpg,12,0.16679108142852783,0.4953136742115021,0.33358216285705566,0.5138231515884399,0.0005539994454011321
road65_png.rf.35a17912d8a5df128c238eff97db75eb.jpg,14,0.5152684450149536,0.4563961327075958,0.4596256911754608,0.3037587106227875,0.9706798791885376
road65_png.rf.35a17912d8a5df128c238eff97db75eb.jpg,1,0.7973578572273254,0.13093048334121704,0.10277154296636581,0.08154080808162689,0.0006499224109575152
road65_png.rf.35a17912d8a5df128c238eff97db75eb.jpg,1,0.4591308832168579,0.0037897173315286636,0.06476251780986786,0.007329964078962803,0.0005813855677843094
road661_png.rf.9b3a953ded6512ace828850f97be4472.jpg,8,0.5148633718490601,0.6401371955871582,0.24903279542922974,0.1978302001953125,0.9556457996368408
road661_png.rf.9b3a953ded6512ace828850f97be4472.jpg,14,0.9857955574989319,0.5035719871520996,0.02840885892510414,0.10129639506340027,0.001512138987891376
road661_png.rf.9b3a953ded6512ace828850f97be4472.jpg,3,0.9856099486351013,0.504430890083313,0.02878020517528057,0.09453942626714706,0.0006424708408303559
road661_png.rf.9b3a953ded6512ace828850f97be4472.jpg,0,0.9861717820167542,0.49859458208084106,0.02765648253262043,0.09548932313919067,0.0006064533954486251
road661_png.rf.9b3a953ded6512ace828850f97be4472.jpg,14,0.9923458695411682,0.6419890522956848,0.015308307483792305,0.07379668205976486,0.0005304033402353525
road666_png.rf.7d914d9d62e7d0fcc23d5bce18bb5d3c.jpg,10,0.5568086504936218,0.6919944286346436,0.3555503785610199,0.28715842962265015,0.9445316195487976
road666_png.rf.7d914d9d62e7d0fcc23d5bce18bb5d3c.jpg,8,0.5451096892356873,0.2713245451450348,0.3594672977924347,0.11860985308885574,0.0008938900427892804
road673_png.rf.4180f0a6afa7416d52c729d8b9305d75.jpg,14,0.33227893710136414,0.44935351610183716,0.061999451369047165,0.05166776478290558,0.9412626624107361
road673_png.rf.4180f0a6afa7416d52c729d8b9305d75.jpg,8,0.677112340927124,0.44116804003715515,0.04691600799560547,0.033111572265625,0.009071610867977142
road673_png.rf.4180f0a6afa7416d52c729d8b9305d75.jpg,14,0.4337216019630432,0.541519820690155,0.02422839030623436,0.017934029921889305,0.004079917911440134
road673_png.rf.4180f0a6afa7416d52c729d8b9305d75.jpg,0,0.34564700722694397,0.009206256829202175,0.045053593814373016,0.01841251365840435,0.0015418290859088302
road673_png.rf.4180f0a6afa7416d52c729d8b9305d75.jpg,8,0.6897845268249512,0.43420037627220154,0.03598037362098694,0.01772792637348175,0.0014577117981389165
road673_png.rf.4180f0a6afa7416d52c729d8b9305d75.jpg,1,0.3505573272705078,0.010517830960452557,0.048290546983480453,0.021035661920905113,0.001093876315280795
road673_png.rf.4180f0a6afa7416d52c729d8b9305d75.jpg,5,0.5504052639007568,0.45930761098861694,0.846612274646759,0.889376163482666,0.0009747861186042428
road673_png.rf.4180f0a6afa7416d52c729d8b9305d75.jpg,14,0.42377129197120667,0.5408358573913574,0.024860162287950516,0.020293420180678368,0.0007756371051073074
road673_png.rf.4180f0a6afa7416d52c729d8b9305d75.jpg,8,0.649465024471283,0.43013736605644226,0.04472556710243225,0.028187386691570282,0.0006871900404803455
road673_png.rf.4180f0a6afa7416d52c729d8b9305d75.jpg,14,0.08358874171972275,0.5053788423538208,0.029819155111908913,0.025701303035020828,0.0005777378100901842
road673_png.rf.4180f0a6afa7416d52c729d8b9305d75.jpg,9,0.08440627157688141,0.5056295394897461,0.02893701009452343,0.02560318447649479,0.0005558764096349478
road673_png.rf.4180f0a6afa7416d52c729d8b9305d75.jpg,8,0.6679986119270325,0.41029587388038635,0.07723016291856766,0.03847547993063927,0.0005332316504791379
road691_png.rf.3ca3931933e5623e51596577124c3447.jpg,5,0.502971351146698,0.3529261648654938,0.15764828026294708,0.12120819836854935,0.9919237494468689
road691_png.rf.3ca3931933e5623e51596577124c3447.jpg,3,0.49918168783187866,0.5447916984558105,0.15661592781543732,0.11386376619338989,0.9838612079620361
road691_png.rf.3ca3931933e5623e51596577124c3447.jpg,5,0.4932548403739929,0.4659373164176941,0.1769200563430786,0.3492702543735504,0.0005493954522535205
road691_png.rf.3ca3931933e5623e51596577124c3447.jpg,5,0.5435937643051147,0.44437146186828613,0.08494700491428375,0.05887582153081894,0.0005068368627689779
road692_png.rf.428a4cfb2f374f0acb60ffc5c57e0750.jpg,3,0.43981510400772095,0.6043344140052795,0.22643445432186127,0.17136621475219727,0.9789381623268127
road692_png.rf.428a4cfb2f374f0acb60ffc5c57e0750.jpg,5,0.4457099735736847,0.33181536197662354,0.22596760094165802,0.17223413288593292,0.9737949967384338
road692_png.rf.428a4cfb2f374f0acb60ffc5c57e0750.jpg,0,0.8806293606758118,0.5920684933662415,0.23659127950668335,0.06831532716751099,0.0013923911610618234
road692_png.rf.428a4cfb2f374f0acb60ffc5c57e0750.jpg,3,0.32114025950431824,0.7418876886367798,0.491853266954422,0.4951085150241852,0.0008332235738635063
road701_png.rf.cdb390be5b29eb46e8125d30c802cde0.jpg,3,0.8932322263717651,0.6738050580024719,0.21233096718788147,0.1816454380750656,0.9742410182952881
road701_png.rf.cdb390be5b29eb46e8125d30c802cde0.jpg,5,0.8921300172805786,0.3819824457168579,0.21268919110298157,0.18348191678524017,0.973414421081543
road701_png.rf.cdb390be5b29eb46e8125d30c802cde0.jpg,5,0.9432420134544373,0.5311594009399414,0.1124555915594101,0.06081944331526756,0.0076040951535105705
road701_png.rf.cdb390be5b29eb46e8125d30c802cde0.jpg,5,0.8639702200889587,0.5514262318611145,0.03705406188964844,0.035447489470243454,0.003415671642869711
road701_png.rf.cdb390be5b29eb46e8125d30c802cde0.jpg,5,0.9664596915245056,0.5615070462226868,0.03513409569859505,0.03162193298339844,0.002237658016383648
road701_png.rf.cdb390be5b29eb46e8125d30c802cde0.jpg,5,0.8681444525718689,0.5387412905693054,0.052912935614585876,0.05925901234149933,0.0015231973957270384
road701_png.rf.cdb390be5b29eb46e8125d30c802cde0.jpg,5,0.028110696002840996,0.6336043477058411,0.042535200715065,0.0512891560792923,0.0014247639337554574
road701_png.rf.cdb390be5b29eb46e8125d30c802cde0.jpg,5,0.8916029930114746,0.2559466063976288,0.21269609034061432,0.4357181787490845,0.0011575419921427965
road701_png.rf.cdb390be5b29eb46e8125d30c802cde0.jpg,7,0.026076026260852814,0.6338341236114502,0.045388009399175644,0.05131245031952858,0.0009765252470970154
road701_png.rf.cdb390be5b29eb46e8125d30c802cde0.jpg,11,0.027582453563809395,0.6349857449531555,0.05323450639843941,0.054077260196208954,0.0005748601397499442
road701_png.rf.cdb390be5b29eb46e8125d30c802cde0.jpg,5,0.8892791867256165,0.6173246502876282,0.22144179046154022,0.47348088026046753,0.0005530579946935177
road708_png.rf.d9bf7da6e0e73af3295909a18a2cabee.jpg,3,0.5248180627822876,0.7309011816978455,0.2280321568250656,0.17709417641162872,0.980154275894165
road708_png.rf.d9bf7da6e0e73af3295909a18a2cabee.jpg,5,0.5216129422187805,0.4420602023601532,0.23549094796180725,0.18668116629123688,0.9797034859657288
road708_png.rf.d9bf7da6e0e73af3295909a18a2cabee.jpg,5,0.46813833713531494,0.6089231371879578,0.03648805618286133,0.03439866751432419,0.028533246368169785
road708_png.rf.d9bf7da6e0e73af3295909a18a2cabee.jpg,3,0.5261855125427246,0.8143607378005981,0.237870991230011,0.34684300422668457,0.0008992034709081054
road709_png.rf.4247ab0b03caf6c144ac9d5203850b81.jpg,5,0.4893229603767395,0.5027776956558228,0.07516219466924667,0.05837536230683327,0.981732189655304
road709_png.rf.4247ab0b03caf6c144ac9d5203850b81.jpg,3,0.4853064715862274,0.5943655967712402,0.0759025365114212,0.05632063373923302,0.7867401242256165
road709_png.rf.4247ab0b03caf6c144ac9d5203850b81.jpg,11,0.7931708097457886,0.5960893630981445,0.12521803379058838,0.0820060521364212,0.0027960524894297123
road709_png.rf.4247ab0b03caf6c144ac9d5203850b81.jpg,1,0.9909132122993469,0.21033324301242828,0.017363328486680984,0.017368648201227188,0.0018602170748636127
road709_png.rf.4247ab0b03caf6c144ac9d5203850b81.jpg,0,0.9913402199745178,0.21051125228405,0.016783861443400383,0.01961260661482811,0.0007224486907944083
road709_png.rf.4247ab0b03caf6c144ac9d5203850b81.jpg,0,0.37471309304237366,0.11944502592086792,0.03190528601408005,0.017632870003581047,0.0007181570981629193
road709_png.rf.4247ab0b03caf6c144ac9d5203850b81.jpg,5,0.48927801847457886,0.4652400314807892,0.07792909443378448,0.1387193500995636,0.0006227366393432021
road716_png.rf.b9085b6c292ddd763a6e1481465dd3cd.jpg,5,0.6213675737380981,0.5529206395149231,0.06569110602140427,0.05267840251326561,0.8568755984306335
road716_png.rf.b9085b6c292ddd763a6e1481465dd3cd.jpg,3,0.5330731272697449,0.5478268265724182,0.06243915110826492,0.043758392333984375,0.7077454924583435
road716_png.rf.b9085b6c292ddd763a6e1481465dd3cd.jpg,5,0.5337157249450684,0.5483015775680542,0.06063098460435867,0.04386825114488602,0.39822614192962646
road716_png.rf.b9085b6c292ddd763a6e1481465dd3cd.jpg,11,0.7287734150886536,0.40726491808891296,0.14433817565441132,0.10910093039274216,0.01012748945504427
road716_png.rf.b9085b6c292ddd763a6e1481465dd3cd.jpg,0,0.28678104281425476,0.39603322744369507,0.5735620856285095,0.4286021590232849,0.0009008981287479401
road720_png.rf.bdc71460f5121259128f84a720780e9e.jpg,8,0.379370778799057,0.5208227038383484,0.09046044945716858,0.07188441604375839,0.9674429893493652
road720_png.rf.bdc71460f5121259128f84a720780e9e.jpg,7,0.5463942289352417,0.612945556640625,0.03929835185408592,0.02758246287703514,0.001759326201863587
road720_png.rf.bdc71460f5121259128f84a720780e9e.jpg,8,0.38413262367248535,0.4411483705043793,0.09095144271850586,0.0713452622294426,0.0009214085293933749
road743_png.rf.09b77e4a47a21b7c3482c28b37c86ecb.jpg,5,0.2715527415275574,0.3783920109272003,0.08952757716178894,0.07008681446313858,0.9753747582435608
road743_png.rf.09b77e4a47a21b7c3482c28b37c86ecb.jpg,3,0.2587246894836426,0.484840989112854,0.09131035953760147,0.06901223957538605,0.9600826501846313
road743_png.rf.09b77e4a47a21b7c3482c28b37c86ecb.jpg,5,0.2571309506893158,0.3348068296909332,0.061966512352228165,0.15470479428768158,0.0013007958186790347
road743_png.rf.09b77e4a47a21b7c3482c28b37c86ecb.jpg,7,0.19189442694187164,0.42033496499061584,0.26546698808670044,0.24280749261379242,0.0005412694881670177
road747_png.rf.66031af78137deac5c6878292d9ce7db.jpg,5,0.8926694989204407,0.34266915917396545,0.20918406546115875,0.1857282817363739,0.9701927900314331
road747_png.rf.66031af78137deac5c6878292d9ce7db.jpg,3,0.8803368210792542,0.6271421909332275,0.23517045378684998,0.1871013641357422,0.9508036971092224
road747_png.rf.66031af78137deac5c6878292d9ce7db.jpg,0,0.26251715421676636,0.010338765569031239,0.109025739133358,0.020520366728305817,0.08875378221273422
road747_png.rf.66031af78137deac5c6878292d9ce7db.jpg,0,0.21907392144203186,0.009806348010897636,0.22262194752693176,0.019612696021795273,0.0033861638512462378
road747_png.rf.66031af78137deac5c6878292d9ce7db.jpg,1,0.5015807151794434,0.9656966924667358,0.025913642719388008,0.0686066746711731,0.0020822472870349884
road747_png.rf.66031af78137deac5c6878292d9ce7db.jpg,5,0.889991819858551,0.2227877676486969,0.21853484213352203,0.4194454550743103,0.0017117878887802362
road747_png.rf.66031af78137deac5c6878292d9ce7db.jpg,1,0.006054266355931759,0.9278265237808228,0.012108532711863518,0.08456692844629288,0.0009954666020348668
road747_png.rf.66031af78137deac5c6878292d9ce7db.jpg,5,0.9555764198303223,0.49269503355026245,0.08713649213314056,0.10191334784030914,0.0009815304074436426
road747_png.rf.66031af78137deac5c6878292d9ce7db.jpg,1,0.30856603384017944,0.960698664188385,0.028430627658963203,0.07860279083251953,0.0009023241582326591
road747_png.rf.66031af78137deac5c6878292d9ce7db.jpg,0,0.49570152163505554,0.9729959964752197,0.03049355372786522,0.05400804430246353,0.0007656796369701624
road747_png.rf.66031af78137deac5c6878292d9ce7db.jpg,0,0.3323979377746582,0.48328089714050293,0.043802410364151,0.027372140437364578,0.0007359721348620951
road747_png.rf.66031af78137deac5c6878292d9ce7db.jpg,0,0.3095918297767639,0.9584694504737854,0.027875535190105438,0.08306115120649338,0.000695614202413708
road747_png.rf.66031af78137deac5c6878292d9ce7db.jpg,5,0.8293631672859192,0.4749068319797516,0.12260664999485016,0.09764766693115234,0.0006819177651777864
road747_png.rf.66031af78137deac5c6878292d9ce7db.jpg,0,0.2786538600921631,0.4878407120704651,0.03257008641958237,0.023820877075195312,0.0006541786715388298
road747_png.rf.66031af78137deac5c6878292d9ce7db.jpg,0,0.20323339104652405,0.005959981121122837,0.14960888028144836,0.01158182043582201,0.0006211770232766867
road747_png.rf.66031af78137deac5c6878292d9ce7db.jpg,0,0.4178554117679596,0.944353461265564,0.18589551746845245,0.07345236837863922,0.000597070436924696
road747_png.rf.66031af78137deac5c6878292d9ce7db.jpg,0,0.3326534926891327,0.30031371116638184,0.05208386108279228,0.02582188881933689,0.0005452547920867801
road747_png.rf.66031af78137deac5c6878292d9ce7db.jpg,3,0.8145092129707336,0.6553382277488708,0.36546802520751953,0.2378617525100708,0.0005231467657722533
road747_png.rf.66031af78137deac5c6878292d9ce7db.jpg,0,0.23649458587169647,0.9473773241043091,0.17916129529476166,0.08231067657470703,0.0005164393805898726
road760_png.rf.cb25cb1c5c71e6bbf07a9dc3b11915d2.jpg,3,0.48674747347831726,0.355750173330307,0.2040041834115982,0.15670287609100342,0.9599148035049438
road760_png.rf.cb25cb1c5c71e6bbf07a9dc3b11915d2.jpg,3,0.49697306752204895,0.5232383012771606,0.2369663268327713,0.4880988299846649,0.0022811400704085827
road760_png.rf.cb25cb1c5c71e6bbf07a9dc3b11915d2.jpg,1,0.012423801235854626,0.4126422703266144,0.02118237130343914,0.03992960974574089,0.001265137456357479
road760_png.rf.cb25cb1c5c71e6bbf07a9dc3b11915d2.jpg,4,0.012172413058578968,0.4133445918560028,0.019527001306414604,0.04007875174283981,0.0007941743824630976
road760_png.rf.cb25cb1c5c71e6bbf07a9dc3b11915d2.jpg,3,0.5503770112991333,0.37339088320732117,0.33665838837623596,0.24135670065879822,0.0005690234247595072
road760_png.rf.cb25cb1c5c71e6bbf07a9dc3b11915d2.jpg,14,0.013887024484574795,0.4131750464439392,0.022503269836306572,0.04309529811143875,0.0005607086350210011
road770_png.rf.192c2e4a2994c3c1bdfa14f69586392c.jpg,7,0.516517162322998,0.44809916615486145,0.1003408133983612,0.0770273208618164,0.838624894618988
road770_png.rf.192c2e4a2994c3c1bdfa14f69586392c.jpg,12,0.516371488571167,0.4480820596218109,0.10062027722597122,0.07675915956497192,0.6285766363143921
road770_png.rf.192c2e4a2994c3c1bdfa14f69586392c.jpg,1,0.7003451585769653,0.4568506181240082,0.01761084422469139,0.024480747058987617,0.4709911048412323
road770_png.rf.192c2e4a2994c3c1bdfa14f69586392c.jpg,13,0.5170289874076843,0.4481717646121979,0.09984053671360016,0.07697028666734695,0.2234254628419876
road770_png.rf.192c2e4a2994c3c1bdfa14f69586392c.jpg,14,0.9661428332328796,0.28318387269973755,0.06445195525884628,0.033015914261341095,0.16248564422130585
road770_png.rf.192c2e4a2994c3c1bdfa14f69586392c.jpg,1,0.9669172167778015,0.2865985035896301,0.06411325186491013,0.03923339396715164,0.09625355154275894
road770_png.rf.192c2e4a2994c3c1bdfa14f69586392c.jpg,1,0.9754507541656494,0.30900105834007263,0.049098528921604156,0.08381444215774536,0.0014314374420791864
road770_png.rf.192c2e4a2994c3c1bdfa14f69586392c.jpg,1,0.6996524930000305,0.46825262904167175,0.020765965804457664,0.05259848013520241,0.0013932727742940187
road770_png.rf.192c2e4a2994c3c1bdfa14f69586392c.jpg,1,0.9824841022491455,0.29339390993118286,0.034384142607450485,0.05212816968560219,0.0011387732811272144
road770_png.rf.192c2e4a2994c3c1bdfa14f69586392c.jpg,1,0.6314863562583923,0.5339628458023071,0.06597478687763214,0.026732739061117172,0.0010197616647928953
road770_png.rf.192c2e4a2994c3c1bdfa14f69586392c.jpg,1,0.9709203839302063,0.2727557122707367,0.05758858099579811,0.05285147577524185,0.0010022999485954642
road770_png.rf.192c2e4a2994c3c1bdfa14f69586392c.jpg,1,0.9771260619163513,0.39166539907455444,0.04412570595741272,0.24784685671329498,0.0007853942224755883
road770_png.rf.192c2e4a2994c3c1bdfa14f69586392c.jpg,0,0.08956756442785263,0.5702911615371704,0.03060191124677658,0.024498537182807922,0.0005198843427933753
road773_png.rf.b467561d9bc1abfaa69c770187f44c38.jpg,12,0.6476242542266846,0.49486243724823,0.0617547407746315,0.05038302019238472,0.6165185570716858
road773_png.rf.b467561d9bc1abfaa69c770187f44c38.jpg,10,0.6463114023208618,0.495329350233078,0.06089570373296738,0.04892081767320633,0.4846189618110657
road773_png.rf.b467561d9bc1abfaa69c770187f44c38.jpg,9,0.6473067402839661,0.4954458475112915,0.060011133551597595,0.04869120195508003,0.05725051090121269
road773_png.rf.b467561d9bc1abfaa69c770187f44c38.jpg,0,0.1754831224679947,0.5105553865432739,0.020245002582669258,0.013626172207295895,0.01257709413766861
road773_png.rf.b467561d9bc1abfaa69c770187f44c38.jpg,7,0.6475502848625183,0.4957069456577301,0.06198113039135933,0.05042171850800514,0.012470153160393238
road773_png.rf.b467561d9bc1abfaa69c770187f44c38.jpg,0,0.05595605447888374,0.6270748972892761,0.03135402500629425,0.01694224402308464,0.005913776345551014
road773_png.rf.b467561d9bc1abfaa69c770187f44c38.jpg,8,0.6473767161369324,0.49572184681892395,0.06243420019745827,0.04895162582397461,0.0012498254654929042
road773_png.rf.b467561d9bc1abfaa69c770187f44c38.jpg,1,0.9163500070571899,0.6209006905555725,0.020636413246393204,0.009324220940470695,0.0012326367432251573
road773_png.rf.b467561d9bc1abfaa69c770187f44c38.jpg,8,0.5469578504562378,0.007936982437968254,0.07252579927444458,0.015873964875936508,0.0011026621796190739
road773_png.rf.b467561d9bc1abfaa69c770187f44c38.jpg,0,0.916359007358551,0.6201235055923462,0.025658462196588516,0.011620632372796535,0.000778950285166502
road774_png.rf.01952886ddecdd8280c5df688e7f3f0e.jpg,12,0.6583240628242493,0.4350016713142395,0.06391290575265884,0.0561528243124485,0.5833625793457031
road774_png.rf.01952886ddecdd8280c5df688e7f3f0e.jpg,9,0.6591162085533142,0.43532854318618774,0.06367316842079163,0.05803167074918747,0.4369681179523468
road774_png.rf.01952886ddecdd8280c5df688e7f3f0e.jpg,10,0.6585034728050232,0.4350810647010803,0.06276387721300125,0.05609684810042381,0.31742119789123535
road774_png.rf.01952886ddecdd8280c5df688e7f3f0e.jpg,7,0.659011721611023,0.43611419200897217,0.06558455526828766,0.058947160840034485,0.16409441828727722
road774_png.rf.01952886ddecdd8280c5df688e7f3f0e.jpg,11,0.6591714024543762,0.43567201495170593,0.06493759155273438,0.058951012790203094,0.07658139616250992
road774_png.rf.01952886ddecdd8280c5df688e7f3f0e.jpg,1,0.9226009249687195,0.0034748150501400232,0.03208233788609505,0.0069496301002800465,0.004304314032196999
road774_png.rf.01952886ddecdd8280c5df688e7f3f0e.jpg,1,0.5346194505691528,0.5595366954803467,0.04723578318953514,0.02225472405552864,0.0016275924863293767
road774_png.rf.01952886ddecdd8280c5df688e7f3f0e.jpg,1,0.9110885262489319,0.003553217276930809,0.03460121154785156,0.007106434553861618,0.0012769360328093171
road774_png.rf.01952886ddecdd8280c5df688e7f3f0e.jpg,0,0.1708948165178299,0.5611497759819031,0.027459658682346344,0.013747986406087875,0.0006576059968210757
road774_png.rf.01952886ddecdd8280c5df688e7f3f0e.jpg,0,0.17919118702411652,0.5648336410522461,0.0244138240814209,0.012225627899169922,0.0005774763412773609
road794_png.rf.3569e6160a38765029861dd0a34ebfdd.jpg,13,0.44433528184890747,0.6081539392471313,0.2001403421163559,0.15164048969745636,0.9865070581436157
road794_png.rf.3569e6160a38765029861dd0a34ebfdd.jpg,3,0.08466452360153198,0.944873571395874,0.0434044674038887,0.03993701934814453,0.6335634589195251
road794_png.rf.3569e6160a38765029861dd0a34ebfdd.jpg,13,0.08463430404663086,0.9442692399024963,0.04538324102759361,0.03808821365237236,0.0812796875834465
road794_png.rf.3569e6160a38765029861dd0a34ebfdd.jpg,5,0.08489818871021271,0.944185733795166,0.042959585785865784,0.03967344015836716,0.018184669315814972
road794_png.rf.3569e6160a38765029861dd0a34ebfdd.jpg,8,0.5272353887557983,0.8071151375770569,0.1671222597360611,0.1306995302438736,0.0011606650659814477
road803_png.rf.ec1de6db189d7a63e98b91529236a7d1.jpg,3,0.5292285084724426,0.5874121785163879,0.09754544496536255,0.07627630233764648,0.9685075283050537
road804_png.rf.c07a9b7b679e771fad740f296ee3a8f7.jpg,3,0.6549490690231323,0.492679625749588,0.12407772988080978,0.09570228308439255,0.9679667353630066
road804_png.rf.c07a9b7b679e771fad740f296ee3a8f7.jpg,0,0.2048976570367813,0.5968447923660278,0.4097953140735626,0.7551335096359253,0.01695077493786812
road811_png.rf.e8ae9aefbf35658164ee88a52ed39bd8.jpg,13,0.4539228677749634,0.5142582058906555,0.17788106203079224,0.1344369798898697,0.9752258658409119
road811_png.rf.e8ae9aefbf35658164ee88a52ed39bd8.jpg,0,0.7095001339912415,0.3541550636291504,0.5809997916221619,0.7054792046546936,0.0006436457624658942
road822_png.rf.b3ba7f5457042a083bad8aac3fe5f819.jpg,14,0.4551878273487091,0.2711188793182373,0.2030826359987259,0.15944738686084747,0.9849764108657837
road822_png.rf.b3ba7f5457042a083bad8aac3fe5f819.jpg,1,0.47873425483703613,0.5571047067642212,0.1278214156627655,0.2757077217102051,0.9786534309387207
road822_png.rf.b3ba7f5457042a083bad8aac3fe5f819.jpg,1,0.3708763122558594,0.6091951727867126,0.08591267466545105,0.18223059177398682,0.18938730657100677
road822_png.rf.b3ba7f5457042a083bad8aac3fe5f819.jpg,0,0.3710170388221741,0.6097507476806641,0.08426468819379807,0.18075430393218994,0.07790925353765488
road822_png.rf.b3ba7f5457042a083bad8aac3fe5f819.jpg,0,0.15072646737098694,0.8628837466239929,0.06952591240406036,0.04273223876953125,0.014370107091963291
road822_png.rf.b3ba7f5457042a083bad8aac3fe5f819.jpg,0,0.7119405269622803,0.869789183139801,0.027051633223891258,0.01530552003532648,0.013633430004119873
road822_png.rf.b3ba7f5457042a083bad8aac3fe5f819.jpg,0,0.8710529804229736,0.9615898728370667,0.0602496974170208,0.030852172523736954,0.012566309422254562
road822_png.rf.b3ba7f5457042a083bad8aac3fe5f819.jpg,0,0.6892796754837036,0.8695433735847473,0.0306729543954134,0.013565284200012684,0.004593578167259693
road822_png.rf.b3ba7f5457042a083bad8aac3fe5f819.jpg,0,0.9891014695167542,0.8568199276924133,0.021299583837389946,0.019015826284885406,0.0029075907077640295
road822_png.rf.b3ba7f5457042a083bad8aac3fe5f819.jpg,0,0.6796857118606567,0.8702444434165955,0.02905801683664322,0.012085548602044582,0.0027482088189572096
road822_png.rf.b3ba7f5457042a083bad8aac3fe5f819.jpg,0,0.9922088384628296,0.8622483611106873,0.015582378953695297,0.020745718851685524,0.0027358816005289555
road822_png.rf.b3ba7f5457042a083bad8aac3fe5f819.jpg,1,0.5977147221565247,0.8567512631416321,0.026523225009441376,0.01491810753941536,0.002530753845348954
road822_png.rf.b3ba7f5457042a083bad8aac3fe5f819.jpg,8,0.7680470943450928,0.9873006343841553,0.14840911328792572,0.024808663874864578,0.0015378849348053336
road822_png.rf.b3ba7f5457042a083bad8aac3fe5f819.jpg,0,0.6791867613792419,0.8577794432640076,0.03555011749267578,0.015187704004347324,0.0013314575189724565
road822_png.rf.b3ba7f5457042a083bad8aac3fe5f819.jpg,0,0.19001947343349457,0.989491879940033,0.039658840745687485,0.018546104431152344,0.00114252301864326
road822_png.rf.b3ba7f5457042a083bad8aac3fe5f819.jpg,0,0.6951274871826172,0.992782473564148,0.036286722868680954,0.014435035176575184,0.0009849725756794214
road822_png.rf.b3ba7f5457042a083bad8aac3fe5f819.jpg,0,0.7128587961196899,0.8766427040100098,0.022307103499770164,0.02004718780517578,0.0009596975287422538
road822_png.rf.b3ba7f5457042a083bad8aac3fe5f819.jpg,0,0.9289597868919373,0.8040772676467896,0.14208045601844788,0.07212506979703903,0.0009201137581840158
road822_png.rf.b3ba7f5457042a083bad8aac3fe5f819.jpg,0,0.16388873755931854,0.8317888975143433,0.08296965807676315,0.12128140777349472,0.0008161849109455943
road822_png.rf.b3ba7f5457042a083bad8aac3fe5f819.jpg,0,0.8683860898017883,0.8095170855522156,0.041240252554416656,0.019664397463202477,0.0007791410898789763
road822_png.rf.b3ba7f5457042a083bad8aac3fe5f819.jpg,0,0.681678295135498,0.8503794074058533,0.03380584716796875,0.016727227717638016,0.0007583082769997418
road822_png.rf.b3ba7f5457042a083bad8aac3fe5f819.jpg,0,0.7203460335731506,0.8721840381622314,0.04026171192526817,0.018337616696953773,0.00061701366212219
road822_png.rf.b3ba7f5457042a083bad8aac3fe5f819.jpg,0,0.6771464347839355,0.8766462206840515,0.03185081481933594,0.012548447586596012,0.0005279449396766722
road836_png.rf.05522d5697471753f15583e9c74d9908.jpg,12,0.585072934627533,0.38624516129493713,0.19729824364185333,0.1516406387090683,0.9820258021354675
road836_png.rf.05522d5697471753f15583e9c74d9908.jpg,0,0.8755984306335449,0.9943205118179321,0.010118484497070312,0.011359068565070629,0.002234708983451128
road836_png.rf.05522d5697471753f15583e9c74d9908.jpg,0,0.7730350494384766,0.9631590843200684,0.01677733287215233,0.07349000126123428,0.0020519655663520098
road836_png.rf.05522d5697471753f15583e9c74d9908.jpg,0,0.8775511980056763,0.9943445324897766,0.018907180055975914,0.010622465051710606,0.000934498617425561
road836_png.rf.05522d5697471753f15583e9c74d9908.jpg,0,0.034504927694797516,0.9577606320381165,0.039019498974084854,0.06136058270931244,0.0007622760604135692
road836_png.rf.05522d5697471753f15583e9c74d9908.jpg,1,0.6547320485115051,0.9879724979400635,0.02037077769637108,0.02405504137277603,0.0007166154100559652
road836_png.rf.05522d5697471753f15583e9c74d9908.jpg,12,0.5882526636123657,0.6322086453437805,0.20792847871780396,0.6406869292259216,0.0006843709270469844
road841_png.rf.7ddce1ff42545b101a28f63e6a1e5af7.jpg,12,0.4292817711830139,0.40849873423576355,0.13200636208057404,0.10065900534391403,0.9691604375839233
road841_png.rf.7ddce1ff42545b101a28f63e6a1e5af7.jpg,0,0.9136914610862732,0.2891950309276581,0.172617107629776,0.4044378995895386,0.02975960448384285
road841_png.rf.7ddce1ff42545b101a28f63e6a1e5af7.jpg,1,0.9135738015174866,0.28726598620414734,0.1728525161743164,0.4040880501270294,0.021959716454148293
road841_png.rf.7ddce1ff42545b101a28f63e6a1e5af7.jpg,10,0.9132691621780396,0.2874673008918762,0.172920823097229,0.40312424302101135,0.014675660990178585
road841_png.rf.7ddce1ff42545b101a28f63e6a1e5af7.jpg,0,0.4224037230014801,0.2834113836288452,0.09476607292890549,0.34183183312416077,0.012053937651216984
road841_png.rf.7ddce1ff42545b101a28f63e6a1e5af7.jpg,0,0.44681742787361145,0.7923774719238281,0.025705521926283836,0.07504844665527344,0.010943323373794556
road841_png.rf.7ddce1ff42545b101a28f63e6a1e5af7.jpg,12,0.9113328456878662,0.28707408905029297,0.16942046582698822,0.40559712052345276,0.003130419412627816
road841_png.rf.7ddce1ff42545b101a28f63e6a1e5af7.jpg,0,0.005609441082924604,0.9358782172203064,0.011178632266819477,0.04891659691929817,0.0009863723535090685
road841_png.rf.7ddce1ff42545b101a28f63e6a1e5af7.jpg,0,0.4565185308456421,0.9828228950500488,0.019562721252441406,0.034354209899902344,0.0005543652223423123
road842_png.rf.eaef28c5ea8a82fe3cfba78634bebf18.jpg,12,0.33400052785873413,0.4451417326927185,0.16643844544887543,0.12609273195266724,0.9758085012435913
road842_png.rf.eaef28c5ea8a82fe3cfba78634bebf18.jpg,1,0.8942005634307861,0.32340675592422485,0.21159884333610535,0.48478925228118896,0.024498064070940018
road842_png.rf.eaef28c5ea8a82fe3cfba78634bebf18.jpg,0,0.8933727741241455,0.3230910301208496,0.2128942310810089,0.48349565267562866,0.01295818854123354
road842_png.rf.eaef28c5ea8a82fe3cfba78634bebf18.jpg,1,0.3238438069820404,0.5990298390388489,0.14999721944332123,0.16288340091705322,0.0009935189737007022
road842_png.rf.eaef28c5ea8a82fe3cfba78634bebf18.jpg,0,0.8179311156272888,0.26692426204681396,0.042000919580459595,0.46870744228363037,0.0007019499316811562
road84_png.rf.3c4a24183c70e3af08fc01ae65761c88.jpg,14,0.49729686975479126,0.2960721254348755,0.2531123161315918,0.17570540308952332,0.9840749502182007
road84_png.rf.3c4a24183c70e3af08fc01ae65761c88.jpg,14,0.46608906984329224,0.5779336094856262,0.8792910575866699,0.7217212319374084,0.0006657152553088963
road84_png.rf.3c4a24183c70e3af08fc01ae65761c88.jpg,7,0.47684919834136963,0.7375465035438538,0.95203697681427,0.524907112121582,0.0005138063570484519
road850_png.rf.74fa86d3aaa9d85f0c87bf9bb5ce433e.jpg,12,0.2967974841594696,0.3315257430076599,0.06001056358218193,0.045379310846328735,0.9201699495315552
road850_png.rf.74fa86d3aaa9d85f0c87bf9bb5ce433e.jpg,10,0.8787912726402283,0.430556058883667,0.013441306538879871,0.016581609845161438,0.002657656092196703
road850_png.rf.74fa86d3aaa9d85f0c87bf9bb5ce433e.jpg,12,0.6159507632255554,0.2582353949546814,0.6950511932373047,0.514352023601532,0.0008746373350732028
road850_png.rf.74fa86d3aaa9d85f0c87bf9bb5ce433e.jpg,12,0.16012488305568695,0.24430754780769348,0.3202497661113739,0.47505104541778564,0.0008094661752693355
road850_png.rf.74fa86d3aaa9d85f0c87bf9bb5ce433e.jpg,12,0.5709168314933777,0.41883188486099243,0.6005832552909851,0.5878615379333496,0.0005956818349659443
road851_png.rf.30b2392d540fed2bdafd783c8defefb9.jpg,12,0.41473615169525146,0.32094109058380127,0.07178343832492828,0.05483436957001686,0.8608625531196594
road851_png.rf.30b2392d540fed2bdafd783c8defefb9.jpg,9,0.9962791204452515,0.39775776863098145,0.007441961206495762,0.026745907962322235,0.002286073286086321
road851_png.rf.30b2392d540fed2bdafd783c8defefb9.jpg,12,0.22303320467472076,0.27232232689857483,0.44606640934944153,0.5407471656799316,0.0011486569419503212
road856_png.rf.c56e130a9afef0aa81d3359ce467f4b1.jpg,12,0.5070147514343262,0.23184320330619812,0.14496763050556183,0.11245618015527725,0.9648367166519165
road856_png.rf.c56e130a9afef0aa81d3359ce467f4b1.jpg,10,0.08394701778888702,0.6561822295188904,0.1670437604188919,0.40962082147598267,0.0007940918439999223
road856_png.rf.c56e130a9afef0aa81d3359ce467f4b1.jpg,10,0.21889697015285492,0.663820743560791,0.42855164408683777,0.4375782907009125,0.0006834978121332824
road859_png.rf.f0e4bbd39d237c79817d4ade35676364.jpg,12,0.47047099471092224,0.40629711747169495,0.08118277788162231,0.06315062940120697,0.8991348147392273
road859_png.rf.f0e4bbd39d237c79817d4ade35676364.jpg,0,0.24617773294448853,0.26171571016311646,0.4902344346046448,0.5234314203262329,0.001480613136664033
road859_png.rf.f0e4bbd39d237c79817d4ade35676364.jpg,0,0.46346795558929443,0.27792152762413025,0.03121948428452015,0.3929295241832733,0.0006186803802847862
road859_png.rf.f0e4bbd39d237c79817d4ade35676364.jpg,12,0.4467867612838745,0.40807631611824036,0.13232022523880005,0.07992763072252274,0.0005888581508770585
road859_png.rf.f0e4bbd39d237c79817d4ade35676364.jpg,1,0.260219007730484,0.5499193072319031,0.013090280815958977,0.021389411762356758,0.0005287186941131949
road85_png.rf.86fab2367257fba23a95cad102a7dd82.jpg,14,0.5196800231933594,0.5424423217773438,0.4830566346645355,0.35917559266090393,0.9666769504547119
road865_png.rf.d20a4a3f4030905929c2739f03eba9b8.jpg,10,0.5811060070991516,0.2565707564353943,0.11243802309036255,0.08527030050754547,0.9842049479484558
road865_png.rf.d20a4a3f4030905929c2739f03eba9b8.jpg,1,0.2618125081062317,0.5931649208068848,0.0144233712926507,0.02334737777709961,0.007359002251178026
road865_png.rf.d20a4a3f4030905929c2739f03eba9b8.jpg,14,0.2613924443721771,0.5923765897750854,0.016494035720825195,0.025405187159776688,0.007260690908879042
road865_png.rf.d20a4a3f4030905929c2739f03eba9b8.jpg,1,0.259101003408432,0.5972845554351807,0.012907505966722965,0.03358753025531769,0.001338684931397438
road865_png.rf.d20a4a3f4030905929c2739f03eba9b8.jpg,1,0.26190608739852905,0.6057901382446289,0.01677733287215233,0.05171995982527733,0.0006134253926575184
road86_png.rf.618acea5b57f584ad3cf0c2ddd8be8b3.jpg,14,0.4978262782096863,0.5105317831039429,0.275516152381897,0.4063257575035095,0.9555374383926392
road86_png.rf.618acea5b57f584ad3cf0c2ddd8be8b3.jpg,1,0.09944453090429306,0.818062424659729,0.19888906180858612,0.34056511521339417,0.09340617805719376
road86_png.rf.618acea5b57f584ad3cf0c2ddd8be8b3.jpg,1,0.9167614579200745,0.5094043612480164,0.016618361696600914,0.04051028937101364,0.05238090455532074
road86_png.rf.618acea5b57f584ad3cf0c2ddd8be8b3.jpg,1,0.9004225134849548,0.5101498365402222,0.05244673416018486,0.050372857600450516,0.017779357731342316
road86_png.rf.618acea5b57f584ad3cf0c2ddd8be8b3.jpg,1,0.882188081741333,0.5064576268196106,0.04784965515136719,0.04965316504240036,0.007890241220593452
road86_png.rf.618acea5b57f584ad3cf0c2ddd8be8b3.jpg,0,0.9868606328964233,0.08804533630609512,0.026278937235474586,0.04069080576300621,0.001969505799934268
road86_png.rf.618acea5b57f584ad3cf0c2ddd8be8b3.jpg,0,0.9503801465034485,0.3564510941505432,0.02916482836008072,0.0389726348221302,0.0019600274972617626
road86_png.rf.618acea5b57f584ad3cf0c2ddd8be8b3.jpg,1,0.8415766954421997,0.005303220823407173,0.10402386635541916,0.010578661225736141,0.001403097645379603
road86_png.rf.618acea5b57f584ad3cf0c2ddd8be8b3.jpg,0,0.8363563418388367,0.004696032498031855,0.10007403790950775,0.009286478161811829,0.0013910147827118635
road86_png.rf.618acea5b57f584ad3cf0c2ddd8be8b3.jpg,1,0.4104173481464386,0.8301507234573364,0.19001415371894836,0.22350268065929413,0.0011278538731858134
road86_png.rf.618acea5b57f584ad3cf0c2ddd8be8b3.jpg,0,0.8636390566825867,0.007641326170414686,0.08617650717496872,0.015282652340829372,0.0010185707360506058
road86_png.rf.618acea5b57f584ad3cf0c2ddd8be8b3.jpg,1,0.22241054475307465,0.8233810067176819,0.4448210895061493,0.32191547751426697,0.0008307337993755937
road872_png.rf.d95002240567bc0114365d0ba181071f.jpg,8,0.33637481927871704,0.5505421161651611,0.10576023161411285,0.08377647399902344,0.9720544219017029
road872_png.rf.d95002240567bc0114365d0ba181071f.jpg,14,0.7614900469779968,0.6724950075149536,0.043590545654296875,0.0337163507938385,0.5134004354476929
road872_png.rf.d95002240567bc0114365d0ba181071f.jpg,1,0.7602741718292236,0.6729378700256348,0.041576020419597626,0.034671638160943985,0.027843208983540535
road872_png.rf.d95002240567bc0114365d0ba181071f.jpg,1,0.762222409248352,0.6899842619895935,0.03607441857457161,0.07670190185308456,0.0019589029252529144
road872_png.rf.d95002240567bc0114365d0ba181071f.jpg,8,0.9909981489181519,0.4530864357948303,0.01780964806675911,0.018009003251791,0.0009055065456777811
road872_png.rf.d95002240567bc0114365d0ba181071f.jpg,1,0.797825038433075,0.675717294216156,0.027256378903985023,0.029613642022013664,0.0006231967709027231
road876_png.rf.723330bcac2a5e357c0a325590dbff3c.jpg,8,0.4792383015155792,0.366127073764801,0.22460384666919708,0.17444752156734467,0.9603221416473389
road876_png.rf.723330bcac2a5e357c0a325590dbff3c.jpg,14,0.3009350001811981,0.7650390267372131,0.048518843948841095,0.0461345836520195,0.24299626052379608
road876_png.rf.723330bcac2a5e357c0a325590dbff3c.jpg,1,0.4007146954536438,0.7804974913597107,0.021495746448636055,0.03824124112725258,0.0024692697916179895
road876_png.rf.723330bcac2a5e357c0a325590dbff3c.jpg,14,0.30898234248161316,0.7762675881385803,0.03745222091674805,0.07110265642404556,0.0016747340559959412
road876_png.rf.723330bcac2a5e357c0a325590dbff3c.jpg,14,0.40011635422706604,0.7783105373382568,0.022327790036797523,0.03391082584857941,0.0008632228127680719
road94_png.rf.77920ec51ee4fe99a6fb6f8d99f67954.jpg,14,0.5159314870834351,0.5155943036079407,0.5176209211349487,0.5733782052993774,0.9503270387649536
